Region,Crime,Year,Quarter,Number
Belconnen,Assault,2014,Q1,63
Belconnen,Assault,2014,Q2,59
Belconnen,Assault,2014,Q3,55
Belconnen,Assault,2014,Q4,37
Belconnen,Assault,2015,Q1,68
Belconnen,Assault,2015,Q2,38
Belconnen,Assault,2015,Q3,43
Belconnen,Assault,2015,Q4,56
Belconnen,Assault,2016,Q1,52
Belconnen,Assault,2016,Q2,57
Belconnen,Assault,2016,Q3,64
Belconnen,Assault,2016,Q4,70
Belconnen,Assault,2017,Q1,78
Belconnen,Assault,2017,Q2,61
Belconnen,Assault,2017,Q3,78
Belconnen,Assault,2017,Q4,81
Belconnen,Assault,2018,Q1,73
Belconnen,Assault,2018,Q2,70
Belconnen,Assault,2018,Q3,84
Belconnen,Assault,2018,Q4,103
Belconnen,Assault,2019,Q1,88
Belconnen,Assault,2019,Q2,62
Belconnen,Assault,2019,Q3,88
Belconnen,Assault,2019,Q4,63
Belconnen,Assault,2020,Q1,79
Belconnen,Assault,2020,Q2,98
Belconnen,Assault,2020,Q3,76
Belconnen,Assault,2020,Q4,90
Belconnen,Assault,2021,Q1,84
Belconnen,Assault,2021,Q2,96
Belconnen,Assault,2021,Q3,63
Belconnen,Assault,2021,Q4,81
Belconnen,Assault,2022,Q1,76
Belconnen,Assault,2022,Q2,74
Belconnen,Assault,2022,Q3,122
Belconnen,Assault,2022,Q4,100
Belconnen,Assault,2023,Q1,95
Belconnen,Assault,2023,Q2,87
Belconnen,Assault,2023,Q3,95
Belconnen,Assault,2023,Q4,87
Belconnen,Assault,2024,Q1,87
Belconnen,Assault,2024,Q2,87
Belconnen,Assault,2024,Q3,105
Belconnen,Assault,2024,Q4,88
Belconnen,Assault,2025,Q1,79
Belconnen,Assault,2025,Q2,82
Belconnen,Burglary,2014,Q1,121
Belconnen,Burglary,2014,Q2,102
Belconnen,Burglary,2014,Q3,124
Belconnen,Burglary,2014,Q4,174
Belconnen,Burglary,2015,Q1,113
Belconnen,Burglary,2015,Q2,136
Belconnen,Burglary,2015,Q3,120
Belconnen,Burglary,2015,Q4,142
Belconnen,Burglary,2016,Q1,99
Belconnen,Burglary,2016,Q2,95
Belconnen,Burglary,2016,Q3,101
Belconnen,Burglary,2016,Q4,82
Belconnen,Burglary,2017,Q1,178
Belconnen,Burglary,2017,Q2,135
Belconnen,Burglary,2017,Q3,125
Belconnen,Burglary,2017,Q4,135
Belconnen,Burglary,2018,Q1,129
Belconnen,Burglary,2018,Q2,108
Belconnen,Burglary,2018,Q3,148
Belconnen,Burglary,2018,Q4,137
Belconnen,Burglary,2019,Q1,181
Belconnen,Burglary,2019,Q2,161
Belconnen,Burglary,2019,Q3,125
Belconnen,Burglary,2019,Q4,129
Belconnen,Burglary,2020,Q1,112
Belconnen,Burglary,2020,Q2,83
Belconnen,Burglary,2020,Q3,102
Belconnen,Burglary,2020,Q4,100
Belconnen,Burglary,2021,Q1,111
Belconnen,Burglary,2021,Q2,115
Belconnen,Burglary,2021,Q3,86
Belconnen,Burglary,2021,Q4,95
Belconnen,Burglary,2022,Q1,105
Belconnen,Burglary,2022,Q2,116
Belconnen,Burglary,2022,Q3,86
Belconnen,Burglary,2022,Q4,107
Belconnen,Burglary,2023,Q1,127
Belconnen,Burglary,2023,Q2,105
Belconnen,Burglary,2023,Q3,102
Belconnen,Burglary,2023,Q4,86
Belconnen,Burglary,2024,Q1,90
Belconnen,Burglary,2024,Q2,64
Belconnen,Burglary,2024,Q3,60
Belconnen,Burglary,2024,Q4,84
Belconnen,Burglary,2025,Q1,99
Belconnen,Burglary,2025,Q2,96
Belconnen,CINs,2014,Q1,7
Belconnen,CINs,2014,Q2,5
Belconnen,CINs,2014,Q3,3
Belconnen,CINs,2014,Q4,4
Belconnen,CINs,2015,Q1,5
Belconnen,CINs,2015,Q2,6
Belconnen,CINs,2015,Q3,2
Belconnen,CINs,2015,Q4,3
Belconnen,CINs,2016,Q1,7
Belconnen,CINs,2016,Q2,4
Belconnen,CINs,2016,Q3,4
Belconnen,CINs,2016,Q4,6
Belconnen,CINs,2017,Q1,2
Belconnen,CINs,2017,Q2,0
Belconnen,CINs,2017,Q3,0
Belconnen,CINs,2017,Q4,1
Belconnen,CINs,2018,Q1,1
Belconnen,CINs,2018,Q2,1
Belconnen,CINs,2018,Q3,2
Belconnen,CINs,2018,Q4,0
Belconnen,CINs,2019,Q1,0
Belconnen,CINs,2019,Q2,0
Belconnen,CINs,2019,Q3,0
Belconnen,CINs,2019,Q4,2
Belconnen,CINs,2020,Q1,0
Belconnen,CINs,2020,Q2,0
Belconnen,CINs,2020,Q3,0
Belconnen,CINs,2020,Q4,0
Belconnen,CINs,2021,Q1,0
Belconnen,CINs,2021,Q2,0
Belconnen,CINs,2021,Q3,17
Belconnen,CINs,2021,Q4,4
Belconnen,CINs,2022,Q1,1
Belconnen,CINs,2022,Q2,0
Belconnen,CINs,2022,Q3,0
Belconnen,CINs,2022,Q4,2
Belconnen,CINs,2023,Q1,0
Belconnen,CINs,2023,Q2,0
Belconnen,CINs,2023,Q3,0
Belconnen,CINs,2023,Q4,0
Belconnen,CINs,2024,Q1,0
Belconnen,CINs,2024,Q2,0
Belconnen,CINs,2024,Q3,0
Belconnen,CINs,2024,Q4,0
Belconnen,CINs,2025,Q1,1
Belconnen,CINs,2025,Q2,1
Belconnen,Family Violence,2014,Q1,40
Belconnen,Family Violence,2014,Q2,32
Belconnen,Family Violence,2014,Q3,49
Belconnen,Family Violence,2014,Q4,54
Belconnen,Family Violence,2015,Q1,56
Belconnen,Family Violence,2015,Q2,48
Belconnen,Family Violence,2015,Q3,42
Belconnen,Family Violence,2015,Q4,55
Belconnen,Family Violence,2016,Q1,96
Belconnen,Family Violence,2016,Q2,92
Belconnen,Family Violence,2016,Q3,59
Belconnen,Family Violence,2016,Q4,89
Belconnen,Family Violence,2017,Q1,99
Belconnen,Family Violence,2017,Q2,58
Belconnen,Family Violence,2017,Q3,80
Belconnen,Family Violence,2017,Q4,76
Belconnen,Family Violence,2018,Q1,68
Belconnen,Family Violence,2018,Q2,74
Belconnen,Family Violence,2018,Q3,56
Belconnen,Family Violence,2018,Q4,68
Belconnen,Family Violence,2019,Q1,80
Belconnen,Family Violence,2019,Q2,54
Belconnen,Family Violence,2019,Q3,78
Belconnen,Family Violence,2019,Q4,84
Belconnen,Family Violence,2020,Q1,73
Belconnen,Family Violence,2020,Q2,46
Belconnen,Family Violence,2020,Q3,60
Belconnen,Family Violence,2020,Q4,41
Belconnen,Family Violence,2021,Q1,72
Belconnen,Family Violence,2021,Q2,101
Belconnen,Family Violence,2021,Q3,59
Belconnen,Family Violence,2021,Q4,74
Belconnen,Family Violence,2022,Q1,65
Belconnen,Family Violence,2022,Q2,73
Belconnen,Family Violence,2022,Q3,62
Belconnen,Family Violence,2022,Q4,78
Belconnen,Family Violence,2023,Q1,69
Belconnen,Family Violence,2023,Q2,106
Belconnen,Family Violence,2023,Q3,95
Belconnen,Family Violence,2023,Q4,99
Belconnen,Family Violence,2024,Q1,79
Belconnen,Family Violence,2024,Q2,67
Belconnen,Family Violence,2024,Q3,81
Belconnen,Family Violence,2024,Q4,84
Belconnen,Family Violence,2025,Q1,73
Belconnen,Family Violence,2025,Q2,63
Belconnen,Homicide,2014,Q1,1
Belconnen,Homicide,2014,Q2,0
Belconnen,Homicide,2014,Q3,0
Belconnen,Homicide,2014,Q4,1
Belconnen,Homicide,2015,Q1,0
Belconnen,Homicide,2015,Q2,2
Belconnen,Homicide,2015,Q3,1
Belconnen,Homicide,2015,Q4,1
Belconnen,Homicide,2016,Q1,0
Belconnen,Homicide,2016,Q2,0
Belconnen,Homicide,2016,Q3,0
Belconnen,Homicide,2016,Q4,0
Belconnen,Homicide,2017,Q1,0
Belconnen,Homicide,2017,Q2,0
Belconnen,Homicide,2017,Q3,0
Belconnen,Homicide,2017,Q4,0
Belconnen,Homicide,2018,Q1,0
Belconnen,Homicide,2018,Q2,1
Belconnen,Homicide,2018,Q3,0
Belconnen,Homicide,2018,Q4,0
Belconnen,Homicide,2019,Q1,0
Belconnen,Homicide,2019,Q2,0
Belconnen,Homicide,2019,Q3,0
Belconnen,Homicide,2019,Q4,0
Belconnen,Homicide,2020,Q1,1
Belconnen,Homicide,2020,Q2,1
Belconnen,Homicide,2020,Q3,0
Belconnen,Homicide,2020,Q4,0
Belconnen,Homicide,2021,Q1,4
Belconnen,Homicide,2021,Q2,1
Belconnen,Homicide,2021,Q3,2
Belconnen,Homicide,2021,Q4,1
Belconnen,Homicide,2022,Q1,0
Belconnen,Homicide,2022,Q2,2
Belconnen,Homicide,2022,Q3,1
Belconnen,Homicide,2022,Q4,0
Belconnen,Homicide,2023,Q1,0
Belconnen,Homicide,2023,Q2,0
Belconnen,Homicide,2023,Q3,0
Belconnen,Homicide,2023,Q4,1
Belconnen,Homicide,2024,Q1,1
Belconnen,Homicide,2024,Q2,2
Belconnen,Homicide,2024,Q3,0
Belconnen,Homicide,2024,Q4,0
Belconnen,Homicide,2025,Q1,0
Belconnen,Homicide,2025,Q2,0
Belconnen,Other,2014,Q1,632
Belconnen,Other,2014,Q2,541
Belconnen,Other,2014,Q3,554
Belconnen,Other,2014,Q4,562
Belconnen,Other,2015,Q1,550
Belconnen,Other,2015,Q2,620
Belconnen,Other,2015,Q3,607
Belconnen,Other,2015,Q4,537
Belconnen,Other,2016,Q1,537
Belconnen,Other,2016,Q2,700
Belconnen,Other,2016,Q3,628
Belconnen,Other,2016,Q4,706
Belconnen,Other,2017,Q1,681
Belconnen,Other,2017,Q2,720
Belconnen,Other,2017,Q3,725
Belconnen,Other,2017,Q4,704
Belconnen,Other,2018,Q1,722
Belconnen,Other,2018,Q2,777
Belconnen,Other,2018,Q3,809
Belconnen,Other,2018,Q4,781
Belconnen,Other,2019,Q1,989
Belconnen,Other,2019,Q2,882
Belconnen,Other,2019,Q3,742
Belconnen,Other,2019,Q4,811
Belconnen,Other,2020,Q1,829
Belconnen,Other,2020,Q2,1086
Belconnen,Other,2020,Q3,762
Belconnen,Other,2020,Q4,695
Belconnen,Other,2021,Q1,615
Belconnen,Other,2021,Q2,625
Belconnen,Other,2021,Q3,555
Belconnen,Other,2021,Q4,529
Belconnen,Other,2022,Q1,448
Belconnen,Other,2022,Q2,1156
Belconnen,Other,2022,Q3,532
Belconnen,Other,2022,Q4,508
Belconnen,Other,2023,Q1,403
Belconnen,Other,2023,Q2,478
Belconnen,Other,2023,Q3,505
Belconnen,Other,2023,Q4,524
Belconnen,Other,2024,Q1,404
Belconnen,Other,2024,Q2,405
Belconnen,Other,2024,Q3,445
Belconnen,Other,2024,Q4,438
Belconnen,Other,2025,Q1,400
Belconnen,Other,2025,Q2,433
Belconnen,Property Damage,2014,Q1,216
Belconnen,Property Damage,2014,Q2,186
Belconnen,Property Damage,2014,Q3,175
Belconnen,Property Damage,2014,Q4,196
Belconnen,Property Damage,2015,Q1,288
Belconnen,Property Damage,2015,Q2,291
Belconnen,Property Damage,2015,Q3,201
Belconnen,Property Damage,2015,Q4,322
Belconnen,Property Damage,2016,Q1,216
Belconnen,Property Damage,2016,Q2,269
Belconnen,Property Damage,2016,Q3,229
Belconnen,Property Damage,2016,Q4,286
Belconnen,Property Damage,2017,Q1,338
Belconnen,Property Damage,2017,Q2,314
Belconnen,Property Damage,2017,Q3,301
Belconnen,Property Damage,2017,Q4,299
Belconnen,Property Damage,2018,Q1,236
Belconnen,Property Damage,2018,Q2,272
Belconnen,Property Damage,2018,Q3,272
Belconnen,Property Damage,2018,Q4,288
Belconnen,Property Damage,2019,Q1,295
Belconnen,Property Damage,2019,Q2,410
Belconnen,Property Damage,2019,Q3,232
Belconnen,Property Damage,2019,Q4,243
Belconnen,Property Damage,2020,Q1,194
Belconnen,Property Damage,2020,Q2,197
Belconnen,Property Damage,2020,Q3,181
Belconnen,Property Damage,2020,Q4,245
Belconnen,Property Damage,2021,Q1,231
Belconnen,Property Damage,2021,Q2,238
Belconnen,Property Damage,2021,Q3,156
Belconnen,Property Damage,2021,Q4,209
Belconnen,Property Damage,2022,Q1,162
Belconnen,Property Damage,2022,Q2,217
Belconnen,Property Damage,2022,Q3,173
Belconnen,Property Damage,2022,Q4,204
Belconnen,Property Damage,2023,Q1,185
Belconnen,Property Damage,2023,Q2,221
Belconnen,Property Damage,2023,Q3,199
Belconnen,Property Damage,2023,Q4,216
Belconnen,Property Damage,2024,Q1,192
Belconnen,Property Damage,2024,Q2,165
Belconnen,Property Damage,2024,Q3,149
Belconnen,Property Damage,2024,Q4,170
Belconnen,Property Damage,2025,Q1,193
Belconnen,Property Damage,2025,Q2,161
Belconnen,Robbery,2014,Q1,7
Belconnen,Robbery,2014,Q2,6
Belconnen,Robbery,2014,Q3,8
Belconnen,Robbery,2014,Q4,10
Belconnen,Robbery,2015,Q1,9
Belconnen,Robbery,2015,Q2,8
Belconnen,Robbery,2015,Q3,9
Belconnen,Robbery,2015,Q4,11
Belconnen,Robbery,2016,Q1,6
Belconnen,Robbery,2016,Q2,9
Belconnen,Robbery,2016,Q3,12
Belconnen,Robbery,2016,Q4,15
Belconnen,Robbery,2017,Q1,16
Belconnen,Robbery,2017,Q2,16
Belconnen,Robbery,2017,Q3,12
Belconnen,Robbery,2017,Q4,13
Belconnen,Robbery,2018,Q1,13
Belconnen,Robbery,2018,Q2,8
Belconnen,Robbery,2018,Q3,8
Belconnen,Robbery,2018,Q4,20
Belconnen,Robbery,2019,Q1,10
Belconnen,Robbery,2019,Q2,10
Belconnen,Robbery,2019,Q3,16
Belconnen,Robbery,2019,Q4,12
Belconnen,Robbery,2020,Q1,18
Belconnen,Robbery,2020,Q2,9
Belconnen,Robbery,2020,Q3,6
Belconnen,Robbery,2020,Q4,10
Belconnen,Robbery,2021,Q1,10
Belconnen,Robbery,2021,Q2,16
Belconnen,Robbery,2021,Q3,9
Belconnen,Robbery,2021,Q4,7
Belconnen,Robbery,2022,Q1,5
Belconnen,Robbery,2022,Q2,10
Belconnen,Robbery,2022,Q3,22
Belconnen,Robbery,2022,Q4,10
Belconnen,Robbery,2023,Q1,14
Belconnen,Robbery,2023,Q2,9
Belconnen,Robbery,2023,Q3,11
Belconnen,Robbery,2023,Q4,16
Belconnen,Robbery,2024,Q1,7
Belconnen,Robbery,2024,Q2,4
Belconnen,Robbery,2024,Q3,7
Belconnen,Robbery,2024,Q4,10
Belconnen,Robbery,2025,Q1,6
Belconnen,Robbery,2025,Q2,4
Belconnen,Sexual Assault,2014,Q1,22
Belconnen,Sexual Assault,2014,Q2,32
Belconnen,Sexual Assault,2014,Q3,23
Belconnen,Sexual Assault,2014,Q4,24
Belconnen,Sexual Assault,2015,Q1,17
Belconnen,Sexual Assault,2015,Q2,37
Belconnen,Sexual Assault,2015,Q3,19
Belconnen,Sexual Assault,2015,Q4,30
Belconnen,Sexual Assault,2016,Q1,37
Belconnen,Sexual Assault,2016,Q2,18
Belconnen,Sexual Assault,2016,Q3,39
Belconnen,Sexual Assault,2016,Q4,35
Belconnen,Sexual Assault,2017,Q1,32
Belconnen,Sexual Assault,2017,Q2,48
Belconnen,Sexual Assault,2017,Q3,26
Belconnen,Sexual Assault,2017,Q4,36
Belconnen,Sexual Assault,2018,Q1,49
Belconnen,Sexual Assault,2018,Q2,30
Belconnen,Sexual Assault,2018,Q3,41
Belconnen,Sexual Assault,2018,Q4,31
Belconnen,Sexual Assault,2019,Q1,43
Belconnen,Sexual Assault,2019,Q2,21
Belconnen,Sexual Assault,2019,Q3,42
Belconnen,Sexual Assault,2019,Q4,18
Belconnen,Sexual Assault,2020,Q1,28
Belconnen,Sexual Assault,2020,Q2,23
Belconnen,Sexual Assault,2020,Q3,39
Belconnen,Sexual Assault,2020,Q4,17
Belconnen,Sexual Assault,2021,Q1,39
Belconnen,Sexual Assault,2021,Q2,37
Belconnen,Sexual Assault,2021,Q3,30
Belconnen,Sexual Assault,2021,Q4,26
Belconnen,Sexual Assault,2022,Q1,39
Belconnen,Sexual Assault,2022,Q2,29
Belconnen,Sexual Assault,2022,Q3,42
Belconnen,Sexual Assault,2022,Q4,47
Belconnen,Sexual Assault,2023,Q1,47
Belconnen,Sexual Assault,2023,Q2,47
Belconnen,Sexual Assault,2023,Q3,36
Belconnen,Sexual Assault,2023,Q4,34
Belconnen,Sexual Assault,2024,Q1,59
Belconnen,Sexual Assault,2024,Q2,47
Belconnen,Sexual Assault,2024,Q3,38
Belconnen,Sexual Assault,2024,Q4,50
Belconnen,Sexual Assault,2025,Q1,23
Belconnen,Sexual Assault,2025,Q2,34
Belconnen,TINs,2014,Q1,847
Belconnen,TINs,2014,Q2,931
Belconnen,TINs,2014,Q3,1100
Belconnen,TINs,2014,Q4,813
Belconnen,TINs,2015,Q1,645
Belconnen,TINs,2015,Q2,466
Belconnen,TINs,2015,Q3,876
Belconnen,TINs,2015,Q4,572
Belconnen,TINs,2016,Q1,679
Belconnen,TINs,2016,Q2,704
Belconnen,TINs,2016,Q3,1132
Belconnen,TINs,2016,Q4,893
Belconnen,TINs,2017,Q1,775
Belconnen,TINs,2017,Q2,1020
Belconnen,TINs,2017,Q3,965
Belconnen,TINs,2017,Q4,794
Belconnen,TINs,2018,Q1,972
Belconnen,TINs,2018,Q2,684
Belconnen,TINs,2018,Q3,1048
Belconnen,TINs,2018,Q4,897
Belconnen,TINs,2019,Q1,657
Belconnen,TINs,2019,Q2,738
Belconnen,TINs,2019,Q3,773
Belconnen,TINs,2019,Q4,789
Belconnen,TINs,2020,Q1,1070
Belconnen,TINs,2020,Q2,1000
Belconnen,TINs,2020,Q3,967
Belconnen,TINs,2020,Q4,1189
Belconnen,TINs,2021,Q1,626
Belconnen,TINs,2021,Q2,844
Belconnen,TINs,2021,Q3,362
Belconnen,TINs,2021,Q4,475
Belconnen,TINs,2022,Q1,276
Belconnen,TINs,2022,Q2,332
Belconnen,TINs,2022,Q3,379
Belconnen,TINs,2022,Q4,451
Belconnen,TINs,2023,Q1,382
Belconnen,TINs,2023,Q2,455
Belconnen,TINs,2023,Q3,243
Belconnen,TINs,2023,Q4,202
Belconnen,TINs,2024,Q1,140
Belconnen,TINs,2024,Q2,233
Belconnen,TINs,2024,Q3,266
Belconnen,TINs,2024,Q4,313
Belconnen,TINs,2025,Q1,511
Belconnen,TINs,2025,Q2,506
Belconnen,Theft,2014,Q1,587
Belconnen,Theft,2014,Q2,514
Belconnen,Theft,2014,Q3,436
Belconnen,Theft,2014,Q4,537
Belconnen,Theft,2015,Q1,602
Belconnen,Theft,2015,Q2,681
Belconnen,Theft,2015,Q3,547
Belconnen,Theft,2015,Q4,734
Belconnen,Theft,2016,Q1,448
Belconnen,Theft,2016,Q2,622
Belconnen,Theft,2016,Q3,502
Belconnen,Theft,2016,Q4,475
Belconnen,Theft,2017,Q1,650
Belconnen,Theft,2017,Q2,523
Belconnen,Theft,2017,Q3,522
Belconnen,Theft,2017,Q4,589
Belconnen,Theft,2018,Q1,449
Belconnen,Theft,2018,Q2,466
Belconnen,Theft,2018,Q3,455
Belconnen,Theft,2018,Q4,611
Belconnen,Theft,2019,Q1,575
Belconnen,Theft,2019,Q2,555
Belconnen,Theft,2019,Q3,501
Belconnen,Theft,2019,Q4,559
Belconnen,Theft,2020,Q1,501
Belconnen,Theft,2020,Q2,362
Belconnen,Theft,2020,Q3,435
Belconnen,Theft,2020,Q4,393
Belconnen,Theft,2021,Q1,426
Belconnen,Theft,2021,Q2,505
Belconnen,Theft,2021,Q3,412
Belconnen,Theft,2021,Q4,434
Belconnen,Theft,2022,Q1,443
Belconnen,Theft,2022,Q2,523
Belconnen,Theft,2022,Q3,427
Belconnen,Theft,2022,Q4,416
Belconnen,Theft,2023,Q1,419
Belconnen,Theft,2023,Q2,551
Belconnen,Theft,2023,Q3,542
Belconnen,Theft,2023,Q4,408
Belconnen,Theft,2024,Q1,436
Belconnen,Theft,2024,Q2,364
Belconnen,Theft,2024,Q3,360
Belconnen,Theft,2024,Q4,401
Belconnen,Theft,2025,Q1,393
Belconnen,Theft,2025,Q2,347
Gungahlin,Assault,2014,Q1,22
Gungahlin,Assault,2014,Q2,25
Gungahlin,Assault,2014,Q3,13
Gungahlin,Assault,2014,Q4,19
Gungahlin,Assault,2015,Q1,8
Gungahlin,Assault,2015,Q2,23
Gungahlin,Assault,2015,Q3,10
Gungahlin,Assault,2015,Q4,28
Gungahlin,Assault,2016,Q1,34
Gungahlin,Assault,2016,Q2,37
Gungahlin,Assault,2016,Q3,32
Gungahlin,Assault,2016,Q4,26
Gungahlin,Assault,2017,Q1,34
Gungahlin,Assault,2017,Q2,34
Gungahlin,Assault,2017,Q3,42
Gungahlin,Assault,2017,Q4,44
Gungahlin,Assault,2018,Q1,28
Gungahlin,Assault,2018,Q2,33
Gungahlin,Assault,2018,Q3,22
Gungahlin,Assault,2018,Q4,36
Gungahlin,Assault,2019,Q1,36
Gungahlin,Assault,2019,Q2,41
Gungahlin,Assault,2019,Q3,45
Gungahlin,Assault,2019,Q4,46
Gungahlin,Assault,2020,Q1,39
Gungahlin,Assault,2020,Q2,35
Gungahlin,Assault,2020,Q3,48
Gungahlin,Assault,2020,Q4,44
Gungahlin,Assault,2021,Q1,37
Gungahlin,Assault,2021,Q2,45
Gungahlin,Assault,2021,Q3,31
Gungahlin,Assault,2021,Q4,25
Gungahlin,Assault,2022,Q1,47
Gungahlin,Assault,2022,Q2,31
Gungahlin,Assault,2022,Q3,57
Gungahlin,Assault,2022,Q4,58
Gungahlin,Assault,2023,Q1,42
Gungahlin,Assault,2023,Q2,47
Gungahlin,Assault,2023,Q3,60
Gungahlin,Assault,2023,Q4,50
Gungahlin,Assault,2024,Q1,61
Gungahlin,Assault,2024,Q2,35
Gungahlin,Assault,2024,Q3,62
Gungahlin,Assault,2024,Q4,50
Gungahlin,Assault,2025,Q1,43
Gungahlin,Assault,2025,Q2,33
Gungahlin,Burglary,2014,Q1,43
Gungahlin,Burglary,2014,Q2,47
Gungahlin,Burglary,2014,Q3,51
Gungahlin,Burglary,2014,Q4,63
Gungahlin,Burglary,2015,Q1,56
Gungahlin,Burglary,2015,Q2,60
Gungahlin,Burglary,2015,Q3,59
Gungahlin,Burglary,2015,Q4,85
Gungahlin,Burglary,2016,Q1,61
Gungahlin,Burglary,2016,Q2,86
Gungahlin,Burglary,2016,Q3,100
Gungahlin,Burglary,2016,Q4,80
Gungahlin,Burglary,2017,Q1,82
Gungahlin,Burglary,2017,Q2,80
Gungahlin,Burglary,2017,Q3,96
Gungahlin,Burglary,2017,Q4,89
Gungahlin,Burglary,2018,Q1,53
Gungahlin,Burglary,2018,Q2,57
Gungahlin,Burglary,2018,Q3,44
Gungahlin,Burglary,2018,Q4,76
Gungahlin,Burglary,2019,Q1,124
Gungahlin,Burglary,2019,Q2,81
Gungahlin,Burglary,2019,Q3,59
Gungahlin,Burglary,2019,Q4,79
Gungahlin,Burglary,2020,Q1,62
Gungahlin,Burglary,2020,Q2,30
Gungahlin,Burglary,2020,Q3,37
Gungahlin,Burglary,2020,Q4,56
Gungahlin,Burglary,2021,Q1,53
Gungahlin,Burglary,2021,Q2,53
Gungahlin,Burglary,2021,Q3,45
Gungahlin,Burglary,2021,Q4,45
Gungahlin,Burglary,2022,Q1,50
Gungahlin,Burglary,2022,Q2,39
Gungahlin,Burglary,2022,Q3,54
Gungahlin,Burglary,2022,Q4,40
Gungahlin,Burglary,2023,Q1,95
Gungahlin,Burglary,2023,Q2,38
Gungahlin,Burglary,2023,Q3,57
Gungahlin,Burglary,2023,Q4,43
Gungahlin,Burglary,2024,Q1,38
Gungahlin,Burglary,2024,Q2,82
Gungahlin,Burglary,2024,Q3,32
Gungahlin,Burglary,2024,Q4,61
Gungahlin,Burglary,2025,Q1,78
Gungahlin,Burglary,2025,Q2,70
Gungahlin,CINs,2014,Q1,1
Gungahlin,CINs,2014,Q2,3
Gungahlin,CINs,2014,Q3,1
Gungahlin,CINs,2014,Q4,4
Gungahlin,CINs,2015,Q1,1
Gungahlin,CINs,2015,Q2,2
Gungahlin,CINs,2015,Q3,3
Gungahlin,CINs,2015,Q4,3
Gungahlin,CINs,2016,Q1,3
Gungahlin,CINs,2016,Q2,4
Gungahlin,CINs,2016,Q3,1
Gungahlin,CINs,2016,Q4,5
Gungahlin,CINs,2017,Q1,1
Gungahlin,CINs,2017,Q2,0
Gungahlin,CINs,2017,Q3,6
Gungahlin,CINs,2017,Q4,0
Gungahlin,CINs,2018,Q1,5
Gungahlin,CINs,2018,Q2,0
Gungahlin,CINs,2018,Q3,0
Gungahlin,CINs,2018,Q4,2
Gungahlin,CINs,2019,Q1,0
Gungahlin,CINs,2019,Q2,3
Gungahlin,CINs,2019,Q3,2
Gungahlin,CINs,2019,Q4,0
Gungahlin,CINs,2020,Q1,0
Gungahlin,CINs,2020,Q2,0
Gungahlin,CINs,2020,Q3,4
Gungahlin,CINs,2020,Q4,2
Gungahlin,CINs,2021,Q1,0
Gungahlin,CINs,2021,Q2,0
Gungahlin,CINs,2021,Q3,4
Gungahlin,CINs,2021,Q4,0
Gungahlin,CINs,2022,Q1,0
Gungahlin,CINs,2022,Q2,0
Gungahlin,CINs,2022,Q3,0
Gungahlin,CINs,2022,Q4,1
Gungahlin,CINs,2023,Q1,0
Gungahlin,CINs,2023,Q2,1
Gungahlin,CINs,2023,Q3,1
Gungahlin,CINs,2023,Q4,0
Gungahlin,CINs,2024,Q1,0
Gungahlin,CINs,2024,Q2,0
Gungahlin,CINs,2024,Q3,0
Gungahlin,CINs,2024,Q4,1
Gungahlin,CINs,2025,Q1,0
Gungahlin,CINs,2025,Q2,0
Gungahlin,Family Violence,2014,Q1,13
Gungahlin,Family Violence,2014,Q2,27
Gungahlin,Family Violence,2014,Q3,21
Gungahlin,Family Violence,2014,Q4,19
Gungahlin,Family Violence,2015,Q1,21
Gungahlin,Family Violence,2015,Q2,18
Gungahlin,Family Violence,2015,Q3,24
Gungahlin,Family Violence,2015,Q4,52
Gungahlin,Family Violence,2016,Q1,40
Gungahlin,Family Violence,2016,Q2,45
Gungahlin,Family Violence,2016,Q3,52
Gungahlin,Family Violence,2016,Q4,52
Gungahlin,Family Violence,2017,Q1,71
Gungahlin,Family Violence,2017,Q2,24
Gungahlin,Family Violence,2017,Q3,39
Gungahlin,Family Violence,2017,Q4,52
Gungahlin,Family Violence,2018,Q1,31
Gungahlin,Family Violence,2018,Q2,53
Gungahlin,Family Violence,2018,Q3,69
Gungahlin,Family Violence,2018,Q4,55
Gungahlin,Family Violence,2019,Q1,39
Gungahlin,Family Violence,2019,Q2,52
Gungahlin,Family Violence,2019,Q3,53
Gungahlin,Family Violence,2019,Q4,48
Gungahlin,Family Violence,2020,Q1,50
Gungahlin,Family Violence,2020,Q2,38
Gungahlin,Family Violence,2020,Q3,42
Gungahlin,Family Violence,2020,Q4,51
Gungahlin,Family Violence,2021,Q1,53
Gungahlin,Family Violence,2021,Q2,56
Gungahlin,Family Violence,2021,Q3,60
Gungahlin,Family Violence,2021,Q4,79
Gungahlin,Family Violence,2022,Q1,60
Gungahlin,Family Violence,2022,Q2,32
Gungahlin,Family Violence,2022,Q3,55
Gungahlin,Family Violence,2022,Q4,65
Gungahlin,Family Violence,2023,Q1,75
Gungahlin,Family Violence,2023,Q2,69
Gungahlin,Family Violence,2023,Q3,69
Gungahlin,Family Violence,2023,Q4,57
Gungahlin,Family Violence,2024,Q1,69
Gungahlin,Family Violence,2024,Q2,37
Gungahlin,Family Violence,2024,Q3,63
Gungahlin,Family Violence,2024,Q4,51
Gungahlin,Family Violence,2025,Q1,58
Gungahlin,Family Violence,2025,Q2,58
Gungahlin,Homicide,2014,Q1,0
Gungahlin,Homicide,2014,Q2,0
Gungahlin,Homicide,2014,Q3,0
Gungahlin,Homicide,2014,Q4,0
Gungahlin,Homicide,2015,Q1,0
Gungahlin,Homicide,2015,Q2,0
Gungahlin,Homicide,2015,Q3,0
Gungahlin,Homicide,2015,Q4,0
Gungahlin,Homicide,2016,Q1,0
Gungahlin,Homicide,2016,Q2,0
Gungahlin,Homicide,2016,Q3,0
Gungahlin,Homicide,2016,Q4,0
Gungahlin,Homicide,2017,Q1,0
Gungahlin,Homicide,2017,Q2,0
Gungahlin,Homicide,2017,Q3,0
Gungahlin,Homicide,2017,Q4,0
Gungahlin,Homicide,2018,Q1,1
Gungahlin,Homicide,2018,Q2,0
Gungahlin,Homicide,2018,Q3,0
Gungahlin,Homicide,2018,Q4,0
Gungahlin,Homicide,2019,Q1,2
Gungahlin,Homicide,2019,Q2,0
Gungahlin,Homicide,2019,Q3,0
Gungahlin,Homicide,2019,Q4,1
Gungahlin,Homicide,2020,Q1,0
Gungahlin,Homicide,2020,Q2,0
Gungahlin,Homicide,2020,Q3,0
Gungahlin,Homicide,2020,Q4,0
Gungahlin,Homicide,2021,Q1,0
Gungahlin,Homicide,2021,Q2,0
Gungahlin,Homicide,2021,Q3,0
Gungahlin,Homicide,2021,Q4,1
Gungahlin,Homicide,2022,Q1,0
Gungahlin,Homicide,2022,Q2,0
Gungahlin,Homicide,2022,Q3,0
Gungahlin,Homicide,2022,Q4,2
Gungahlin,Homicide,2023,Q1,0
Gungahlin,Homicide,2023,Q2,0
Gungahlin,Homicide,2023,Q3,0
Gungahlin,Homicide,2023,Q4,0
Gungahlin,Homicide,2024,Q1,0
Gungahlin,Homicide,2024,Q2,0
Gungahlin,Homicide,2024,Q3,1
Gungahlin,Homicide,2024,Q4,0
Gungahlin,Homicide,2025,Q1,1
Gungahlin,Homicide,2025,Q2,0
Gungahlin,Other,2014,Q1,207
Gungahlin,Other,2014,Q2,226
Gungahlin,Other,2014,Q3,239
Gungahlin,Other,2014,Q4,225
Gungahlin,Other,2015,Q1,203
Gungahlin,Other,2015,Q2,240
Gungahlin,Other,2015,Q3,214
Gungahlin,Other,2015,Q4,230
Gungahlin,Other,2016,Q1,294
Gungahlin,Other,2016,Q2,291
Gungahlin,Other,2016,Q3,299
Gungahlin,Other,2016,Q4,274
Gungahlin,Other,2017,Q1,239
Gungahlin,Other,2017,Q2,319
Gungahlin,Other,2017,Q3,351
Gungahlin,Other,2017,Q4,362
Gungahlin,Other,2018,Q1,268
Gungahlin,Other,2018,Q2,294
Gungahlin,Other,2018,Q3,488
Gungahlin,Other,2018,Q4,270
Gungahlin,Other,2019,Q1,328
Gungahlin,Other,2019,Q2,369
Gungahlin,Other,2019,Q3,276
Gungahlin,Other,2019,Q4,290
Gungahlin,Other,2020,Q1,354
Gungahlin,Other,2020,Q2,406
Gungahlin,Other,2020,Q3,381
Gungahlin,Other,2020,Q4,282
Gungahlin,Other,2021,Q1,302
Gungahlin,Other,2021,Q2,334
Gungahlin,Other,2021,Q3,241
Gungahlin,Other,2021,Q4,237
Gungahlin,Other,2022,Q1,329
Gungahlin,Other,2022,Q2,281
Gungahlin,Other,2022,Q3,248
Gungahlin,Other,2022,Q4,284
Gungahlin,Other,2023,Q1,296
Gungahlin,Other,2023,Q2,307
Gungahlin,Other,2023,Q3,289
Gungahlin,Other,2023,Q4,242
Gungahlin,Other,2024,Q1,222
Gungahlin,Other,2024,Q2,185
Gungahlin,Other,2024,Q3,199
Gungahlin,Other,2024,Q4,260
Gungahlin,Other,2025,Q1,290
Gungahlin,Other,2025,Q2,212
Gungahlin,Property Damage,2014,Q1,129
Gungahlin,Property Damage,2014,Q2,112
Gungahlin,Property Damage,2014,Q3,69
Gungahlin,Property Damage,2014,Q4,69
Gungahlin,Property Damage,2015,Q1,79
Gungahlin,Property Damage,2015,Q2,132
Gungahlin,Property Damage,2015,Q3,88
Gungahlin,Property Damage,2015,Q4,153
Gungahlin,Property Damage,2016,Q1,104
Gungahlin,Property Damage,2016,Q2,120
Gungahlin,Property Damage,2016,Q3,123
Gungahlin,Property Damage,2016,Q4,128
Gungahlin,Property Damage,2017,Q1,187
Gungahlin,Property Damage,2017,Q2,152
Gungahlin,Property Damage,2017,Q3,131
Gungahlin,Property Damage,2017,Q4,146
Gungahlin,Property Damage,2018,Q1,88
Gungahlin,Property Damage,2018,Q2,108
Gungahlin,Property Damage,2018,Q3,117
Gungahlin,Property Damage,2018,Q4,93
Gungahlin,Property Damage,2019,Q1,130
Gungahlin,Property Damage,2019,Q2,146
Gungahlin,Property Damage,2019,Q3,161
Gungahlin,Property Damage,2019,Q4,208
Gungahlin,Property Damage,2020,Q1,128
Gungahlin,Property Damage,2020,Q2,93
Gungahlin,Property Damage,2020,Q3,104
Gungahlin,Property Damage,2020,Q4,135
Gungahlin,Property Damage,2021,Q1,107
Gungahlin,Property Damage,2021,Q2,140
Gungahlin,Property Damage,2021,Q3,100
Gungahlin,Property Damage,2021,Q4,92
Gungahlin,Property Damage,2022,Q1,107
Gungahlin,Property Damage,2022,Q2,88
Gungahlin,Property Damage,2022,Q3,113
Gungahlin,Property Damage,2022,Q4,74
Gungahlin,Property Damage,2023,Q1,67
Gungahlin,Property Damage,2023,Q2,67
Gungahlin,Property Damage,2023,Q3,95
Gungahlin,Property Damage,2023,Q4,78
Gungahlin,Property Damage,2024,Q1,102
Gungahlin,Property Damage,2024,Q2,101
Gungahlin,Property Damage,2024,Q3,74
Gungahlin,Property Damage,2024,Q4,98
Gungahlin,Property Damage,2025,Q1,80
Gungahlin,Property Damage,2025,Q2,80
Gungahlin,Robbery,2014,Q1,3
Gungahlin,Robbery,2014,Q2,2
Gungahlin,Robbery,2014,Q3,1
Gungahlin,Robbery,2014,Q4,3
Gungahlin,Robbery,2015,Q1,3
Gungahlin,Robbery,2015,Q2,1
Gungahlin,Robbery,2015,Q3,5
Gungahlin,Robbery,2015,Q4,1
Gungahlin,Robbery,2016,Q1,2
Gungahlin,Robbery,2016,Q2,3
Gungahlin,Robbery,2016,Q3,2
Gungahlin,Robbery,2016,Q4,1
Gungahlin,Robbery,2017,Q1,6
Gungahlin,Robbery,2017,Q2,2
Gungahlin,Robbery,2017,Q3,6
Gungahlin,Robbery,2017,Q4,1
Gungahlin,Robbery,2018,Q1,4
Gungahlin,Robbery,2018,Q2,0
Gungahlin,Robbery,2018,Q3,2
Gungahlin,Robbery,2018,Q4,4
Gungahlin,Robbery,2019,Q1,3
Gungahlin,Robbery,2019,Q2,6
Gungahlin,Robbery,2019,Q3,5
Gungahlin,Robbery,2019,Q4,2
Gungahlin,Robbery,2020,Q1,4
Gungahlin,Robbery,2020,Q2,4
Gungahlin,Robbery,2020,Q3,4
Gungahlin,Robbery,2020,Q4,1
Gungahlin,Robbery,2021,Q1,2
Gungahlin,Robbery,2021,Q2,4
Gungahlin,Robbery,2021,Q3,12
Gungahlin,Robbery,2021,Q4,0
Gungahlin,Robbery,2022,Q1,4
Gungahlin,Robbery,2022,Q2,1
Gungahlin,Robbery,2022,Q3,13
Gungahlin,Robbery,2022,Q4,2
Gungahlin,Robbery,2023,Q1,8
Gungahlin,Robbery,2023,Q2,1
Gungahlin,Robbery,2023,Q3,8
Gungahlin,Robbery,2023,Q4,4
Gungahlin,Robbery,2024,Q1,9
Gungahlin,Robbery,2024,Q2,0
Gungahlin,Robbery,2024,Q3,5
Gungahlin,Robbery,2024,Q4,9
Gungahlin,Robbery,2025,Q1,10
Gungahlin,Robbery,2025,Q2,8
Gungahlin,Sexual Assault,2014,Q1,5
Gungahlin,Sexual Assault,2014,Q2,6
Gungahlin,Sexual Assault,2014,Q3,6
Gungahlin,Sexual Assault,2014,Q4,7
Gungahlin,Sexual Assault,2015,Q1,3
Gungahlin,Sexual Assault,2015,Q2,5
Gungahlin,Sexual Assault,2015,Q3,5
Gungahlin,Sexual Assault,2015,Q4,5
Gungahlin,Sexual Assault,2016,Q1,6
Gungahlin,Sexual Assault,2016,Q2,20
Gungahlin,Sexual Assault,2016,Q3,14
Gungahlin,Sexual Assault,2016,Q4,10
Gungahlin,Sexual Assault,2017,Q1,17
Gungahlin,Sexual Assault,2017,Q2,12
Gungahlin,Sexual Assault,2017,Q3,9
Gungahlin,Sexual Assault,2017,Q4,8
Gungahlin,Sexual Assault,2018,Q1,14
Gungahlin,Sexual Assault,2018,Q2,5
Gungahlin,Sexual Assault,2018,Q3,24
Gungahlin,Sexual Assault,2018,Q4,11
Gungahlin,Sexual Assault,2019,Q1,36
Gungahlin,Sexual Assault,2019,Q2,39
Gungahlin,Sexual Assault,2019,Q3,16
Gungahlin,Sexual Assault,2019,Q4,24
Gungahlin,Sexual Assault,2020,Q1,18
Gungahlin,Sexual Assault,2020,Q2,23
Gungahlin,Sexual Assault,2020,Q3,26
Gungahlin,Sexual Assault,2020,Q4,16
Gungahlin,Sexual Assault,2021,Q1,18
Gungahlin,Sexual Assault,2021,Q2,13
Gungahlin,Sexual Assault,2021,Q3,10
Gungahlin,Sexual Assault,2021,Q4,35
Gungahlin,Sexual Assault,2022,Q1,36
Gungahlin,Sexual Assault,2022,Q2,30
Gungahlin,Sexual Assault,2022,Q3,17
Gungahlin,Sexual Assault,2022,Q4,32
Gungahlin,Sexual Assault,2023,Q1,27
Gungahlin,Sexual Assault,2023,Q2,20
Gungahlin,Sexual Assault,2023,Q3,20
Gungahlin,Sexual Assault,2023,Q4,20
Gungahlin,Sexual Assault,2024,Q1,21
Gungahlin,Sexual Assault,2024,Q2,12
Gungahlin,Sexual Assault,2024,Q3,14
Gungahlin,Sexual Assault,2024,Q4,13
Gungahlin,Sexual Assault,2025,Q1,23
Gungahlin,Sexual Assault,2025,Q2,18
Gungahlin,TINs,2014,Q1,388
Gungahlin,TINs,2014,Q2,405
Gungahlin,TINs,2014,Q3,393
Gungahlin,TINs,2014,Q4,408
Gungahlin,TINs,2015,Q1,354
Gungahlin,TINs,2015,Q2,361
Gungahlin,TINs,2015,Q3,345
Gungahlin,TINs,2015,Q4,389
Gungahlin,TINs,2016,Q1,405
Gungahlin,TINs,2016,Q2,352
Gungahlin,TINs,2016,Q3,431
Gungahlin,TINs,2016,Q4,356
Gungahlin,TINs,2017,Q1,272
Gungahlin,TINs,2017,Q2,386
Gungahlin,TINs,2017,Q3,455
Gungahlin,TINs,2017,Q4,303
Gungahlin,TINs,2018,Q1,322
Gungahlin,TINs,2018,Q2,240
Gungahlin,TINs,2018,Q3,224
Gungahlin,TINs,2018,Q4,151
Gungahlin,TINs,2019,Q1,171
Gungahlin,TINs,2019,Q2,217
Gungahlin,TINs,2019,Q3,246
Gungahlin,TINs,2019,Q4,296
Gungahlin,TINs,2020,Q1,277
Gungahlin,TINs,2020,Q2,352
Gungahlin,TINs,2020,Q3,236
Gungahlin,TINs,2020,Q4,352
Gungahlin,TINs,2021,Q1,182
Gungahlin,TINs,2021,Q2,285
Gungahlin,TINs,2021,Q3,144
Gungahlin,TINs,2021,Q4,261
Gungahlin,TINs,2022,Q1,137
Gungahlin,TINs,2022,Q2,221
Gungahlin,TINs,2022,Q3,153
Gungahlin,TINs,2022,Q4,256
Gungahlin,TINs,2023,Q1,209
Gungahlin,TINs,2023,Q2,239
Gungahlin,TINs,2023,Q3,161
Gungahlin,TINs,2023,Q4,147
Gungahlin,TINs,2024,Q1,176
Gungahlin,TINs,2024,Q2,145
Gungahlin,TINs,2024,Q3,201
Gungahlin,TINs,2024,Q4,319
Gungahlin,TINs,2025,Q1,316
Gungahlin,TINs,2025,Q2,325
Gungahlin,Theft,2014,Q1,253
Gungahlin,Theft,2014,Q2,206
Gungahlin,Theft,2014,Q3,160
Gungahlin,Theft,2014,Q4,205
Gungahlin,Theft,2015,Q1,208
Gungahlin,Theft,2015,Q2,277
Gungahlin,Theft,2015,Q3,211
Gungahlin,Theft,2015,Q4,355
Gungahlin,Theft,2016,Q1,254
Gungahlin,Theft,2016,Q2,297
Gungahlin,Theft,2016,Q3,348
Gungahlin,Theft,2016,Q4,238
Gungahlin,Theft,2017,Q1,321
Gungahlin,Theft,2017,Q2,244
Gungahlin,Theft,2017,Q3,300
Gungahlin,Theft,2017,Q4,438
Gungahlin,Theft,2018,Q1,259
Gungahlin,Theft,2018,Q2,326
Gungahlin,Theft,2018,Q3,241
Gungahlin,Theft,2018,Q4,264
Gungahlin,Theft,2019,Q1,352
Gungahlin,Theft,2019,Q2,254
Gungahlin,Theft,2019,Q3,269
Gungahlin,Theft,2019,Q4,404
Gungahlin,Theft,2020,Q1,350
Gungahlin,Theft,2020,Q2,184
Gungahlin,Theft,2020,Q3,238
Gungahlin,Theft,2020,Q4,252
Gungahlin,Theft,2021,Q1,246
Gungahlin,Theft,2021,Q2,316
Gungahlin,Theft,2021,Q3,215
Gungahlin,Theft,2021,Q4,194
Gungahlin,Theft,2022,Q1,239
Gungahlin,Theft,2022,Q2,259
Gungahlin,Theft,2022,Q3,202
Gungahlin,Theft,2022,Q4,204
Gungahlin,Theft,2023,Q1,252
Gungahlin,Theft,2023,Q2,161
Gungahlin,Theft,2023,Q3,248
Gungahlin,Theft,2023,Q4,216
Gungahlin,Theft,2024,Q1,227
Gungahlin,Theft,2024,Q2,232
Gungahlin,Theft,2024,Q3,219
Gungahlin,Theft,2024,Q4,220
Gungahlin,Theft,2025,Q1,202
Gungahlin,Theft,2025,Q2,219
Inner North,Assault,2014,Q1,111
Inner North,Assault,2014,Q2,91
Inner North,Assault,2014,Q3,105
Inner North,Assault,2014,Q4,112
Inner North,Assault,2015,Q1,130
Inner North,Assault,2015,Q2,157
Inner North,Assault,2015,Q3,125
Inner North,Assault,2015,Q4,148
Inner North,Assault,2016,Q1,137
Inner North,Assault,2016,Q2,143
Inner North,Assault,2016,Q3,134
Inner North,Assault,2016,Q4,182
Inner North,Assault,2017,Q1,167
Inner North,Assault,2017,Q2,132
Inner North,Assault,2017,Q3,137
Inner North,Assault,2017,Q4,134
Inner North,Assault,2018,Q1,171
Inner North,Assault,2018,Q2,139
Inner North,Assault,2018,Q3,129
Inner North,Assault,2018,Q4,145
Inner North,Assault,2019,Q1,171
Inner North,Assault,2019,Q2,138
Inner North,Assault,2019,Q3,127
Inner North,Assault,2019,Q4,134
Inner North,Assault,2020,Q1,135
Inner North,Assault,2020,Q2,65
Inner North,Assault,2020,Q3,108
Inner North,Assault,2020,Q4,115
Inner North,Assault,2021,Q1,158
Inner North,Assault,2021,Q2,139
Inner North,Assault,2021,Q3,112
Inner North,Assault,2021,Q4,109
Inner North,Assault,2022,Q1,144
Inner North,Assault,2022,Q2,144
Inner North,Assault,2022,Q3,154
Inner North,Assault,2022,Q4,170
Inner North,Assault,2023,Q1,137
Inner North,Assault,2023,Q2,140
Inner North,Assault,2023,Q3,143
Inner North,Assault,2023,Q4,170
Inner North,Assault,2024,Q1,137
Inner North,Assault,2024,Q2,115
Inner North,Assault,2024,Q3,130
Inner North,Assault,2024,Q4,136
Inner North,Assault,2025,Q1,118
Inner North,Assault,2025,Q2,127
Inner North,Burglary,2014,Q1,105
Inner North,Burglary,2014,Q2,143
Inner North,Burglary,2014,Q3,123
Inner North,Burglary,2014,Q4,126
Inner North,Burglary,2015,Q1,101
Inner North,Burglary,2015,Q2,136
Inner North,Burglary,2015,Q3,116
Inner North,Burglary,2015,Q4,146
Inner North,Burglary,2016,Q1,88
Inner North,Burglary,2016,Q2,111
Inner North,Burglary,2016,Q3,107
Inner North,Burglary,2016,Q4,105
Inner North,Burglary,2017,Q1,155
Inner North,Burglary,2017,Q2,114
Inner North,Burglary,2017,Q3,95
Inner North,Burglary,2017,Q4,126
Inner North,Burglary,2018,Q1,113
Inner North,Burglary,2018,Q2,127
Inner North,Burglary,2018,Q3,111
Inner North,Burglary,2018,Q4,139
Inner North,Burglary,2019,Q1,208
Inner North,Burglary,2019,Q2,148
Inner North,Burglary,2019,Q3,157
Inner North,Burglary,2019,Q4,151
Inner North,Burglary,2020,Q1,136
Inner North,Burglary,2020,Q2,82
Inner North,Burglary,2020,Q3,100
Inner North,Burglary,2020,Q4,129
Inner North,Burglary,2021,Q1,112
Inner North,Burglary,2021,Q2,114
Inner North,Burglary,2021,Q3,165
Inner North,Burglary,2021,Q4,127
Inner North,Burglary,2022,Q1,117
Inner North,Burglary,2022,Q2,141
Inner North,Burglary,2022,Q3,101
Inner North,Burglary,2022,Q4,123
Inner North,Burglary,2023,Q1,133
Inner North,Burglary,2023,Q2,100
Inner North,Burglary,2023,Q3,123
Inner North,Burglary,2023,Q4,88
Inner North,Burglary,2024,Q1,137
Inner North,Burglary,2024,Q2,96
Inner North,Burglary,2024,Q3,91
Inner North,Burglary,2024,Q4,143
Inner North,Burglary,2025,Q1,165
Inner North,Burglary,2025,Q2,102
Inner North,CINs,2014,Q1,64
Inner North,CINs,2014,Q2,84
Inner North,CINs,2014,Q3,79
Inner North,CINs,2014,Q4,88
Inner North,CINs,2015,Q1,39
Inner North,CINs,2015,Q2,73
Inner North,CINs,2015,Q3,61
Inner North,CINs,2015,Q4,72
Inner North,CINs,2016,Q1,132
Inner North,CINs,2016,Q2,63
Inner North,CINs,2016,Q3,69
Inner North,CINs,2016,Q4,36
Inner North,CINs,2017,Q1,49
Inner North,CINs,2017,Q2,40
Inner North,CINs,2017,Q3,59
Inner North,CINs,2017,Q4,40
Inner North,CINs,2018,Q1,30
Inner North,CINs,2018,Q2,0
Inner North,CINs,2018,Q3,13
Inner North,CINs,2018,Q4,10
Inner North,CINs,2019,Q1,18
Inner North,CINs,2019,Q2,18
Inner North,CINs,2019,Q3,13
Inner North,CINs,2019,Q4,14
Inner North,CINs,2020,Q1,7
Inner North,CINs,2020,Q2,2
Inner North,CINs,2020,Q3,6
Inner North,CINs,2020,Q4,5
Inner North,CINs,2021,Q1,5
Inner North,CINs,2021,Q2,4
Inner North,CINs,2021,Q3,28
Inner North,CINs,2021,Q4,1
Inner North,CINs,2022,Q1,1
Inner North,CINs,2022,Q2,4
Inner North,CINs,2022,Q3,9
Inner North,CINs,2022,Q4,9
Inner North,CINs,2023,Q1,2
Inner North,CINs,2023,Q2,22
Inner North,CINs,2023,Q3,8
Inner North,CINs,2023,Q4,6
Inner North,CINs,2024,Q1,8
Inner North,CINs,2024,Q2,1
Inner North,CINs,2024,Q3,0
Inner North,CINs,2024,Q4,4
Inner North,CINs,2025,Q1,2
Inner North,CINs,2025,Q2,3
Inner North,Family Violence,2014,Q1,34
Inner North,Family Violence,2014,Q2,35
Inner North,Family Violence,2014,Q3,25
Inner North,Family Violence,2014,Q4,37
Inner North,Family Violence,2015,Q1,25
Inner North,Family Violence,2015,Q2,17
Inner North,Family Violence,2015,Q3,33
Inner North,Family Violence,2015,Q4,38
Inner North,Family Violence,2016,Q1,31
Inner North,Family Violence,2016,Q2,38
Inner North,Family Violence,2016,Q3,22
Inner North,Family Violence,2016,Q4,42
Inner North,Family Violence,2017,Q1,38
Inner North,Family Violence,2017,Q2,28
Inner North,Family Violence,2017,Q3,40
Inner North,Family Violence,2017,Q4,34
Inner North,Family Violence,2018,Q1,38
Inner North,Family Violence,2018,Q2,22
Inner North,Family Violence,2018,Q3,32
Inner North,Family Violence,2018,Q4,43
Inner North,Family Violence,2019,Q1,44
Inner North,Family Violence,2019,Q2,29
Inner North,Family Violence,2019,Q3,40
Inner North,Family Violence,2019,Q4,31
Inner North,Family Violence,2020,Q1,42
Inner North,Family Violence,2020,Q2,31
Inner North,Family Violence,2020,Q3,22
Inner North,Family Violence,2020,Q4,43
Inner North,Family Violence,2021,Q1,18
Inner North,Family Violence,2021,Q2,30
Inner North,Family Violence,2021,Q3,38
Inner North,Family Violence,2021,Q4,30
Inner North,Family Violence,2022,Q1,55
Inner North,Family Violence,2022,Q2,53
Inner North,Family Violence,2022,Q3,33
Inner North,Family Violence,2022,Q4,68
Inner North,Family Violence,2023,Q1,34
Inner North,Family Violence,2023,Q2,40
Inner North,Family Violence,2023,Q3,44
Inner North,Family Violence,2023,Q4,34
Inner North,Family Violence,2024,Q1,41
Inner North,Family Violence,2024,Q2,46
Inner North,Family Violence,2024,Q3,38
Inner North,Family Violence,2024,Q4,53
Inner North,Family Violence,2025,Q1,43
Inner North,Family Violence,2025,Q2,46
Inner North,Homicide,2014,Q1,0
Inner North,Homicide,2014,Q2,0
Inner North,Homicide,2014,Q3,0
Inner North,Homicide,2014,Q4,0
Inner North,Homicide,2015,Q1,0
Inner North,Homicide,2015,Q2,0
Inner North,Homicide,2015,Q3,0
Inner North,Homicide,2015,Q4,0
Inner North,Homicide,2016,Q1,0
Inner North,Homicide,2016,Q2,0
Inner North,Homicide,2016,Q3,0
Inner North,Homicide,2016,Q4,1
Inner North,Homicide,2017,Q1,0
Inner North,Homicide,2017,Q2,0
Inner North,Homicide,2017,Q3,4
Inner North,Homicide,2017,Q4,0
Inner North,Homicide,2018,Q1,0
Inner North,Homicide,2018,Q2,0
Inner North,Homicide,2018,Q3,0
Inner North,Homicide,2018,Q4,0
Inner North,Homicide,2019,Q1,0
Inner North,Homicide,2019,Q2,0
Inner North,Homicide,2019,Q3,0
Inner North,Homicide,2019,Q4,0
Inner North,Homicide,2020,Q1,0
Inner North,Homicide,2020,Q2,0
Inner North,Homicide,2020,Q3,2
Inner North,Homicide,2020,Q4,0
Inner North,Homicide,2021,Q1,0
Inner North,Homicide,2021,Q2,0
Inner North,Homicide,2021,Q3,0
Inner North,Homicide,2021,Q4,1
Inner North,Homicide,2022,Q1,0
Inner North,Homicide,2022,Q2,0
Inner North,Homicide,2022,Q3,1
Inner North,Homicide,2022,Q4,0
Inner North,Homicide,2023,Q1,0
Inner North,Homicide,2023,Q2,0
Inner North,Homicide,2023,Q3,2
Inner North,Homicide,2023,Q4,0
Inner North,Homicide,2024,Q1,1
Inner North,Homicide,2024,Q2,0
Inner North,Homicide,2024,Q3,0
Inner North,Homicide,2024,Q4,0
Inner North,Homicide,2025,Q1,2
Inner North,Homicide,2025,Q2,0
Inner North,Other,2014,Q1,917
Inner North,Other,2014,Q2,537
Inner North,Other,2014,Q3,659
Inner North,Other,2014,Q4,625
Inner North,Other,2015,Q1,687
Inner North,Other,2015,Q2,600
Inner North,Other,2015,Q3,535
Inner North,Other,2015,Q4,537
Inner North,Other,2016,Q1,640
Inner North,Other,2016,Q2,592
Inner North,Other,2016,Q3,641
Inner North,Other,2016,Q4,646
Inner North,Other,2017,Q1,681
Inner North,Other,2017,Q2,677
Inner North,Other,2017,Q3,767
Inner North,Other,2017,Q4,730
Inner North,Other,2018,Q1,614
Inner North,Other,2018,Q2,703
Inner North,Other,2018,Q3,634
Inner North,Other,2018,Q4,710
Inner North,Other,2019,Q1,676
Inner North,Other,2019,Q2,659
Inner North,Other,2019,Q3,630
Inner North,Other,2019,Q4,684
Inner North,Other,2020,Q1,678
Inner North,Other,2020,Q2,594
Inner North,Other,2020,Q3,638
Inner North,Other,2020,Q4,689
Inner North,Other,2021,Q1,610
Inner North,Other,2021,Q2,557
Inner North,Other,2021,Q3,534
Inner North,Other,2021,Q4,466
Inner North,Other,2022,Q1,497
Inner North,Other,2022,Q2,529
Inner North,Other,2022,Q3,528
Inner North,Other,2022,Q4,520
Inner North,Other,2023,Q1,613
Inner North,Other,2023,Q2,598
Inner North,Other,2023,Q3,524
Inner North,Other,2023,Q4,566
Inner North,Other,2024,Q1,521
Inner North,Other,2024,Q2,384
Inner North,Other,2024,Q3,478
Inner North,Other,2024,Q4,503
Inner North,Other,2025,Q1,529
Inner North,Other,2025,Q2,471
Inner North,Property Damage,2014,Q1,168
Inner North,Property Damage,2014,Q2,203
Inner North,Property Damage,2014,Q3,231
Inner North,Property Damage,2014,Q4,195
Inner North,Property Damage,2015,Q1,233
Inner North,Property Damage,2015,Q2,268
Inner North,Property Damage,2015,Q3,209
Inner North,Property Damage,2015,Q4,338
Inner North,Property Damage,2016,Q1,181
Inner North,Property Damage,2016,Q2,222
Inner North,Property Damage,2016,Q3,197
Inner North,Property Damage,2016,Q4,209
Inner North,Property Damage,2017,Q1,302
Inner North,Property Damage,2017,Q2,258
Inner North,Property Damage,2017,Q3,206
Inner North,Property Damage,2017,Q4,189
Inner North,Property Damage,2018,Q1,215
Inner North,Property Damage,2018,Q2,195
Inner North,Property Damage,2018,Q3,229
Inner North,Property Damage,2018,Q4,226
Inner North,Property Damage,2019,Q1,259
Inner North,Property Damage,2019,Q2,256
Inner North,Property Damage,2019,Q3,199
Inner North,Property Damage,2019,Q4,204
Inner North,Property Damage,2020,Q1,199
Inner North,Property Damage,2020,Q2,139
Inner North,Property Damage,2020,Q3,202
Inner North,Property Damage,2020,Q4,234
Inner North,Property Damage,2021,Q1,162
Inner North,Property Damage,2021,Q2,229
Inner North,Property Damage,2021,Q3,209
Inner North,Property Damage,2021,Q4,174
Inner North,Property Damage,2022,Q1,172
Inner North,Property Damage,2022,Q2,203
Inner North,Property Damage,2022,Q3,194
Inner North,Property Damage,2022,Q4,173
Inner North,Property Damage,2023,Q1,188
Inner North,Property Damage,2023,Q2,196
Inner North,Property Damage,2023,Q3,143
Inner North,Property Damage,2023,Q4,192
Inner North,Property Damage,2024,Q1,176
Inner North,Property Damage,2024,Q2,154
Inner North,Property Damage,2024,Q3,184
Inner North,Property Damage,2024,Q4,226
Inner North,Property Damage,2025,Q1,229
Inner North,Property Damage,2025,Q2,141
Inner North,Robbery,2014,Q1,14
Inner North,Robbery,2014,Q2,9
Inner North,Robbery,2014,Q3,9
Inner North,Robbery,2014,Q4,12
Inner North,Robbery,2015,Q1,12
Inner North,Robbery,2015,Q2,17
Inner North,Robbery,2015,Q3,10
Inner North,Robbery,2015,Q4,17
Inner North,Robbery,2016,Q1,9
Inner North,Robbery,2016,Q2,16
Inner North,Robbery,2016,Q3,17
Inner North,Robbery,2016,Q4,26
Inner North,Robbery,2017,Q1,9
Inner North,Robbery,2017,Q2,9
Inner North,Robbery,2017,Q3,9
Inner North,Robbery,2017,Q4,10
Inner North,Robbery,2018,Q1,13
Inner North,Robbery,2018,Q2,11
Inner North,Robbery,2018,Q3,13
Inner North,Robbery,2018,Q4,12
Inner North,Robbery,2019,Q1,20
Inner North,Robbery,2019,Q2,10
Inner North,Robbery,2019,Q3,22
Inner North,Robbery,2019,Q4,14
Inner North,Robbery,2020,Q1,24
Inner North,Robbery,2020,Q2,7
Inner North,Robbery,2020,Q3,10
Inner North,Robbery,2020,Q4,16
Inner North,Robbery,2021,Q1,6
Inner North,Robbery,2021,Q2,5
Inner North,Robbery,2021,Q3,19
Inner North,Robbery,2021,Q4,10
Inner North,Robbery,2022,Q1,12
Inner North,Robbery,2022,Q2,11
Inner North,Robbery,2022,Q3,24
Inner North,Robbery,2022,Q4,12
Inner North,Robbery,2023,Q1,19
Inner North,Robbery,2023,Q2,11
Inner North,Robbery,2023,Q3,13
Inner North,Robbery,2023,Q4,12
Inner North,Robbery,2024,Q1,10
Inner North,Robbery,2024,Q2,16
Inner North,Robbery,2024,Q3,10
Inner North,Robbery,2024,Q4,17
Inner North,Robbery,2025,Q1,9
Inner North,Robbery,2025,Q2,10
Inner North,Sexual Assault,2014,Q1,20
Inner North,Sexual Assault,2014,Q2,17
Inner North,Sexual Assault,2014,Q3,16
Inner North,Sexual Assault,2014,Q4,17
Inner North,Sexual Assault,2015,Q1,19
Inner North,Sexual Assault,2015,Q2,15
Inner North,Sexual Assault,2015,Q3,16
Inner North,Sexual Assault,2015,Q4,12
Inner North,Sexual Assault,2016,Q1,34
Inner North,Sexual Assault,2016,Q2,24
Inner North,Sexual Assault,2016,Q3,22
Inner North,Sexual Assault,2016,Q4,22
Inner North,Sexual Assault,2017,Q1,39
Inner North,Sexual Assault,2017,Q2,41
Inner North,Sexual Assault,2017,Q3,44
Inner North,Sexual Assault,2017,Q4,22
Inner North,Sexual Assault,2018,Q1,25
Inner North,Sexual Assault,2018,Q2,28
Inner North,Sexual Assault,2018,Q3,29
Inner North,Sexual Assault,2018,Q4,23
Inner North,Sexual Assault,2019,Q1,65
Inner North,Sexual Assault,2019,Q2,16
Inner North,Sexual Assault,2019,Q3,26
Inner North,Sexual Assault,2019,Q4,27
Inner North,Sexual Assault,2020,Q1,28
Inner North,Sexual Assault,2020,Q2,23
Inner North,Sexual Assault,2020,Q3,21
Inner North,Sexual Assault,2020,Q4,20
Inner North,Sexual Assault,2021,Q1,33
Inner North,Sexual Assault,2021,Q2,28
Inner North,Sexual Assault,2021,Q3,34
Inner North,Sexual Assault,2021,Q4,43
Inner North,Sexual Assault,2022,Q1,20
Inner North,Sexual Assault,2022,Q2,34
Inner North,Sexual Assault,2022,Q3,39
Inner North,Sexual Assault,2022,Q4,56
Inner North,Sexual Assault,2023,Q1,40
Inner North,Sexual Assault,2023,Q2,36
Inner North,Sexual Assault,2023,Q3,34
Inner North,Sexual Assault,2023,Q4,39
Inner North,Sexual Assault,2024,Q1,37
Inner North,Sexual Assault,2024,Q2,32
Inner North,Sexual Assault,2024,Q3,39
Inner North,Sexual Assault,2024,Q4,42
Inner North,Sexual Assault,2025,Q1,59
Inner North,Sexual Assault,2025,Q2,24
Inner North,TINs,2014,Q1,882
Inner North,TINs,2014,Q2,902
Inner North,TINs,2014,Q3,1000
Inner North,TINs,2014,Q4,746
Inner North,TINs,2015,Q1,607
Inner North,TINs,2015,Q2,675
Inner North,TINs,2015,Q3,819
Inner North,TINs,2015,Q4,551
Inner North,TINs,2016,Q1,669
Inner North,TINs,2016,Q2,595
Inner North,TINs,2016,Q3,827
Inner North,TINs,2016,Q4,729
Inner North,TINs,2017,Q1,799
Inner North,TINs,2017,Q2,807
Inner North,TINs,2017,Q3,744
Inner North,TINs,2017,Q4,720
Inner North,TINs,2018,Q1,889
Inner North,TINs,2018,Q2,530
Inner North,TINs,2018,Q3,751
Inner North,TINs,2018,Q4,602
Inner North,TINs,2019,Q1,612
Inner North,TINs,2019,Q2,522
Inner North,TINs,2019,Q3,355
Inner North,TINs,2019,Q4,673
Inner North,TINs,2020,Q1,690
Inner North,TINs,2020,Q2,517
Inner North,TINs,2020,Q3,379
Inner North,TINs,2020,Q4,421
Inner North,TINs,2021,Q1,274
Inner North,TINs,2021,Q2,470
Inner North,TINs,2021,Q3,291
Inner North,TINs,2021,Q4,291
Inner North,TINs,2022,Q1,268
Inner North,TINs,2022,Q2,257
Inner North,TINs,2022,Q3,270
Inner North,TINs,2022,Q4,309
Inner North,TINs,2023,Q1,324
Inner North,TINs,2023,Q2,484
Inner North,TINs,2023,Q3,356
Inner North,TINs,2023,Q4,277
Inner North,TINs,2024,Q1,403
Inner North,TINs,2024,Q2,303
Inner North,TINs,2024,Q3,334
Inner North,TINs,2024,Q4,345
Inner North,TINs,2025,Q1,494
Inner North,TINs,2025,Q2,400
Inner North,Theft,2014,Q1,726
Inner North,Theft,2014,Q2,546
Inner North,Theft,2014,Q3,520
Inner North,Theft,2014,Q4,514
Inner North,Theft,2015,Q1,540
Inner North,Theft,2015,Q2,606
Inner North,Theft,2015,Q3,554
Inner North,Theft,2015,Q4,624
Inner North,Theft,2016,Q1,501
Inner North,Theft,2016,Q2,599
Inner North,Theft,2016,Q3,441
Inner North,Theft,2016,Q4,407
Inner North,Theft,2017,Q1,585
Inner North,Theft,2017,Q2,482
Inner North,Theft,2017,Q3,444
Inner North,Theft,2017,Q4,543
Inner North,Theft,2018,Q1,451
Inner North,Theft,2018,Q2,499
Inner North,Theft,2018,Q3,489
Inner North,Theft,2018,Q4,529
Inner North,Theft,2019,Q1,581
Inner North,Theft,2019,Q2,646
Inner North,Theft,2019,Q3,522
Inner North,Theft,2019,Q4,478
Inner North,Theft,2020,Q1,523
Inner North,Theft,2020,Q2,309
Inner North,Theft,2020,Q3,379
Inner North,Theft,2020,Q4,551
Inner North,Theft,2021,Q1,566
Inner North,Theft,2021,Q2,685
Inner North,Theft,2021,Q3,569
Inner North,Theft,2021,Q4,601
Inner North,Theft,2022,Q1,657
Inner North,Theft,2022,Q2,611
Inner North,Theft,2022,Q3,497
Inner North,Theft,2022,Q4,508
Inner North,Theft,2023,Q1,614
Inner North,Theft,2023,Q2,519
Inner North,Theft,2023,Q3,546
Inner North,Theft,2023,Q4,538
Inner North,Theft,2024,Q1,555
Inner North,Theft,2024,Q2,440
Inner North,Theft,2024,Q3,589
Inner North,Theft,2024,Q4,634
Inner North,Theft,2025,Q1,593
Inner North,Theft,2025,Q2,514
Inner South,Assault,2014,Q1,36
Inner South,Assault,2014,Q2,30
Inner South,Assault,2014,Q3,34
Inner South,Assault,2014,Q4,26
Inner South,Assault,2015,Q1,28
Inner South,Assault,2015,Q2,30
Inner South,Assault,2015,Q3,29
Inner South,Assault,2015,Q4,34
Inner South,Assault,2016,Q1,30
Inner South,Assault,2016,Q2,29
Inner South,Assault,2016,Q3,28
Inner South,Assault,2016,Q4,31
Inner South,Assault,2017,Q1,35
Inner South,Assault,2017,Q2,42
Inner South,Assault,2017,Q3,27
Inner South,Assault,2017,Q4,48
Inner South,Assault,2018,Q1,38
Inner South,Assault,2018,Q2,33
Inner South,Assault,2018,Q3,31
Inner South,Assault,2018,Q4,40
Inner South,Assault,2019,Q1,36
Inner South,Assault,2019,Q2,33
Inner South,Assault,2019,Q3,28
Inner South,Assault,2019,Q4,43
Inner South,Assault,2020,Q1,21
Inner South,Assault,2020,Q2,24
Inner South,Assault,2020,Q3,16
Inner South,Assault,2020,Q4,30
Inner South,Assault,2021,Q1,36
Inner South,Assault,2021,Q2,34
Inner South,Assault,2021,Q3,28
Inner South,Assault,2021,Q4,35
Inner South,Assault,2022,Q1,37
Inner South,Assault,2022,Q2,23
Inner South,Assault,2022,Q3,25
Inner South,Assault,2022,Q4,23
Inner South,Assault,2023,Q1,19
Inner South,Assault,2023,Q2,20
Inner South,Assault,2023,Q3,31
Inner South,Assault,2023,Q4,33
Inner South,Assault,2024,Q1,26
Inner South,Assault,2024,Q2,29
Inner South,Assault,2024,Q3,17
Inner South,Assault,2024,Q4,9
Inner South,Assault,2025,Q1,21
Inner South,Assault,2025,Q2,12
Inner South,Burglary,2014,Q1,84
Inner South,Burglary,2014,Q2,78
Inner South,Burglary,2014,Q3,46
Inner South,Burglary,2014,Q4,69
Inner South,Burglary,2015,Q1,67
Inner South,Burglary,2015,Q2,117
Inner South,Burglary,2015,Q3,84
Inner South,Burglary,2015,Q4,140
Inner South,Burglary,2016,Q1,121
Inner South,Burglary,2016,Q2,111
Inner South,Burglary,2016,Q3,81
Inner South,Burglary,2016,Q4,92
Inner South,Burglary,2017,Q1,93
Inner South,Burglary,2017,Q2,72
Inner South,Burglary,2017,Q3,82
Inner South,Burglary,2017,Q4,97
Inner South,Burglary,2018,Q1,86
Inner South,Burglary,2018,Q2,110
Inner South,Burglary,2018,Q3,95
Inner South,Burglary,2018,Q4,65
Inner South,Burglary,2019,Q1,96
Inner South,Burglary,2019,Q2,57
Inner South,Burglary,2019,Q3,53
Inner South,Burglary,2019,Q4,53
Inner South,Burglary,2020,Q1,84
Inner South,Burglary,2020,Q2,45
Inner South,Burglary,2020,Q3,45
Inner South,Burglary,2020,Q4,85
Inner South,Burglary,2021,Q1,65
Inner South,Burglary,2021,Q2,64
Inner South,Burglary,2021,Q3,67
Inner South,Burglary,2021,Q4,66
Inner South,Burglary,2022,Q1,66
Inner South,Burglary,2022,Q2,54
Inner South,Burglary,2022,Q3,61
Inner South,Burglary,2022,Q4,58
Inner South,Burglary,2023,Q1,41
Inner South,Burglary,2023,Q2,41
Inner South,Burglary,2023,Q3,71
Inner South,Burglary,2023,Q4,67
Inner South,Burglary,2024,Q1,71
Inner South,Burglary,2024,Q2,46
Inner South,Burglary,2024,Q3,57
Inner South,Burglary,2024,Q4,33
Inner South,Burglary,2025,Q1,78
Inner South,Burglary,2025,Q2,45
Inner South,CINs,2014,Q1,2
Inner South,CINs,2014,Q2,0
Inner South,CINs,2014,Q3,2
Inner South,CINs,2014,Q4,10
Inner South,CINs,2015,Q1,5
Inner South,CINs,2015,Q2,0
Inner South,CINs,2015,Q3,2
Inner South,CINs,2015,Q4,4
Inner South,CINs,2016,Q1,5
Inner South,CINs,2016,Q2,2
Inner South,CINs,2016,Q3,1
Inner South,CINs,2016,Q4,1
Inner South,CINs,2017,Q1,0
Inner South,CINs,2017,Q2,1
Inner South,CINs,2017,Q3,0
Inner South,CINs,2017,Q4,2
Inner South,CINs,2018,Q1,4
Inner South,CINs,2018,Q2,0
Inner South,CINs,2018,Q3,0
Inner South,CINs,2018,Q4,4
Inner South,CINs,2019,Q1,1
Inner South,CINs,2019,Q2,0
Inner South,CINs,2019,Q3,0
Inner South,CINs,2019,Q4,1
Inner South,CINs,2020,Q1,0
Inner South,CINs,2020,Q2,0
Inner South,CINs,2020,Q3,1
Inner South,CINs,2020,Q4,1
Inner South,CINs,2021,Q1,1
Inner South,CINs,2021,Q2,0
Inner South,CINs,2021,Q3,6
Inner South,CINs,2021,Q4,2
Inner South,CINs,2022,Q1,0
Inner South,CINs,2022,Q2,0
Inner South,CINs,2022,Q3,1
Inner South,CINs,2022,Q4,0
Inner South,CINs,2023,Q1,0
Inner South,CINs,2023,Q2,0
Inner South,CINs,2023,Q3,0
Inner South,CINs,2023,Q4,0
Inner South,CINs,2024,Q1,0
Inner South,CINs,2024,Q2,0
Inner South,CINs,2024,Q3,0
Inner South,CINs,2024,Q4,0
Inner South,CINs,2025,Q1,0
Inner South,CINs,2025,Q2,0
Inner South,Family Violence,2014,Q1,13
Inner South,Family Violence,2014,Q2,14
Inner South,Family Violence,2014,Q3,9
Inner South,Family Violence,2014,Q4,15
Inner South,Family Violence,2015,Q1,9
Inner South,Family Violence,2015,Q2,16
Inner South,Family Violence,2015,Q3,10
Inner South,Family Violence,2015,Q4,13
Inner South,Family Violence,2016,Q1,19
Inner South,Family Violence,2016,Q2,19
Inner South,Family Violence,2016,Q3,28
Inner South,Family Violence,2016,Q4,23
Inner South,Family Violence,2017,Q1,15
Inner South,Family Violence,2017,Q2,37
Inner South,Family Violence,2017,Q3,13
Inner South,Family Violence,2017,Q4,20
Inner South,Family Violence,2018,Q1,9
Inner South,Family Violence,2018,Q2,5
Inner South,Family Violence,2018,Q3,10
Inner South,Family Violence,2018,Q4,14
Inner South,Family Violence,2019,Q1,19
Inner South,Family Violence,2019,Q2,18
Inner South,Family Violence,2019,Q3,26
Inner South,Family Violence,2019,Q4,18
Inner South,Family Violence,2020,Q1,20
Inner South,Family Violence,2020,Q2,11
Inner South,Family Violence,2020,Q3,25
Inner South,Family Violence,2020,Q4,19
Inner South,Family Violence,2021,Q1,18
Inner South,Family Violence,2021,Q2,19
Inner South,Family Violence,2021,Q3,21
Inner South,Family Violence,2021,Q4,18
Inner South,Family Violence,2022,Q1,14
Inner South,Family Violence,2022,Q2,17
Inner South,Family Violence,2022,Q3,26
Inner South,Family Violence,2022,Q4,13
Inner South,Family Violence,2023,Q1,13
Inner South,Family Violence,2023,Q2,19
Inner South,Family Violence,2023,Q3,16
Inner South,Family Violence,2023,Q4,18
Inner South,Family Violence,2024,Q1,13
Inner South,Family Violence,2024,Q2,16
Inner South,Family Violence,2024,Q3,12
Inner South,Family Violence,2024,Q4,10
Inner South,Family Violence,2025,Q1,23
Inner South,Family Violence,2025,Q2,10
Inner South,Homicide,2014,Q1,0
Inner South,Homicide,2014,Q2,0
Inner South,Homicide,2014,Q3,1
Inner South,Homicide,2014,Q4,0
Inner South,Homicide,2015,Q1,0
Inner South,Homicide,2015,Q2,0
Inner South,Homicide,2015,Q3,0
Inner South,Homicide,2015,Q4,3
Inner South,Homicide,2016,Q1,1
Inner South,Homicide,2016,Q2,0
Inner South,Homicide,2016,Q3,0
Inner South,Homicide,2016,Q4,0
Inner South,Homicide,2017,Q1,0
Inner South,Homicide,2017,Q2,1
Inner South,Homicide,2017,Q3,0
Inner South,Homicide,2017,Q4,0
Inner South,Homicide,2018,Q1,0
Inner South,Homicide,2018,Q2,0
Inner South,Homicide,2018,Q3,0
Inner South,Homicide,2018,Q4,0
Inner South,Homicide,2019,Q1,1
Inner South,Homicide,2019,Q2,0
Inner South,Homicide,2019,Q3,0
Inner South,Homicide,2019,Q4,0
Inner South,Homicide,2020,Q1,0
Inner South,Homicide,2020,Q2,0
Inner South,Homicide,2020,Q3,2
Inner South,Homicide,2020,Q4,0
Inner South,Homicide,2021,Q1,0
Inner South,Homicide,2021,Q2,0
Inner South,Homicide,2021,Q3,0
Inner South,Homicide,2021,Q4,0
Inner South,Homicide,2022,Q1,1
Inner South,Homicide,2022,Q2,0
Inner South,Homicide,2022,Q3,0
Inner South,Homicide,2022,Q4,0
Inner South,Homicide,2023,Q1,0
Inner South,Homicide,2023,Q2,0
Inner South,Homicide,2023,Q3,0
Inner South,Homicide,2023,Q4,1
Inner South,Homicide,2024,Q1,0
Inner South,Homicide,2024,Q2,1
Inner South,Homicide,2024,Q3,0
Inner South,Homicide,2024,Q4,0
Inner South,Homicide,2025,Q1,0
Inner South,Homicide,2025,Q2,0
Inner South,Other,2014,Q1,296
Inner South,Other,2014,Q2,311
Inner South,Other,2014,Q3,227
Inner South,Other,2014,Q4,242
Inner South,Other,2015,Q1,296
Inner South,Other,2015,Q2,227
Inner South,Other,2015,Q3,243
Inner South,Other,2015,Q4,248
Inner South,Other,2016,Q1,256
Inner South,Other,2016,Q2,288
Inner South,Other,2016,Q3,369
Inner South,Other,2016,Q4,331
Inner South,Other,2017,Q1,264
Inner South,Other,2017,Q2,354
Inner South,Other,2017,Q3,355
Inner South,Other,2017,Q4,359
Inner South,Other,2018,Q1,300
Inner South,Other,2018,Q2,311
Inner South,Other,2018,Q3,350
Inner South,Other,2018,Q4,382
Inner South,Other,2019,Q1,216
Inner South,Other,2019,Q2,233
Inner South,Other,2019,Q3,194
Inner South,Other,2019,Q4,224
Inner South,Other,2020,Q1,295
Inner South,Other,2020,Q2,263
Inner South,Other,2020,Q3,324
Inner South,Other,2020,Q4,239
Inner South,Other,2021,Q1,265
Inner South,Other,2021,Q2,334
Inner South,Other,2021,Q3,251
Inner South,Other,2021,Q4,224
Inner South,Other,2022,Q1,200
Inner South,Other,2022,Q2,216
Inner South,Other,2022,Q3,238
Inner South,Other,2022,Q4,151
Inner South,Other,2023,Q1,182
Inner South,Other,2023,Q2,125
Inner South,Other,2023,Q3,121
Inner South,Other,2023,Q4,150
Inner South,Other,2024,Q1,143
Inner South,Other,2024,Q2,159
Inner South,Other,2024,Q3,121
Inner South,Other,2024,Q4,201
Inner South,Other,2025,Q1,168
Inner South,Other,2025,Q2,152
Inner South,Property Damage,2014,Q1,128
Inner South,Property Damage,2014,Q2,109
Inner South,Property Damage,2014,Q3,112
Inner South,Property Damage,2014,Q4,179
Inner South,Property Damage,2015,Q1,111
Inner South,Property Damage,2015,Q2,207
Inner South,Property Damage,2015,Q3,200
Inner South,Property Damage,2015,Q4,194
Inner South,Property Damage,2016,Q1,170
Inner South,Property Damage,2016,Q2,175
Inner South,Property Damage,2016,Q3,142
Inner South,Property Damage,2016,Q4,166
Inner South,Property Damage,2017,Q1,193
Inner South,Property Damage,2017,Q2,210
Inner South,Property Damage,2017,Q3,137
Inner South,Property Damage,2017,Q4,157
Inner South,Property Damage,2018,Q1,160
Inner South,Property Damage,2018,Q2,113
Inner South,Property Damage,2018,Q3,201
Inner South,Property Damage,2018,Q4,133
Inner South,Property Damage,2019,Q1,155
Inner South,Property Damage,2019,Q2,88
Inner South,Property Damage,2019,Q3,116
Inner South,Property Damage,2019,Q4,105
Inner South,Property Damage,2020,Q1,101
Inner South,Property Damage,2020,Q2,97
Inner South,Property Damage,2020,Q3,95
Inner South,Property Damage,2020,Q4,118
Inner South,Property Damage,2021,Q1,132
Inner South,Property Damage,2021,Q2,140
Inner South,Property Damage,2021,Q3,113
Inner South,Property Damage,2021,Q4,136
Inner South,Property Damage,2022,Q1,147
Inner South,Property Damage,2022,Q2,175
Inner South,Property Damage,2022,Q3,135
Inner South,Property Damage,2022,Q4,85
Inner South,Property Damage,2023,Q1,60
Inner South,Property Damage,2023,Q2,77
Inner South,Property Damage,2023,Q3,94
Inner South,Property Damage,2023,Q4,96
Inner South,Property Damage,2024,Q1,82
Inner South,Property Damage,2024,Q2,44
Inner South,Property Damage,2024,Q3,68
Inner South,Property Damage,2024,Q4,63
Inner South,Property Damage,2025,Q1,55
Inner South,Property Damage,2025,Q2,44
Inner South,Robbery,2014,Q1,4
Inner South,Robbery,2014,Q2,5
Inner South,Robbery,2014,Q3,1
Inner South,Robbery,2014,Q4,5
Inner South,Robbery,2015,Q1,2
Inner South,Robbery,2015,Q2,7
Inner South,Robbery,2015,Q3,6
Inner South,Robbery,2015,Q4,2
Inner South,Robbery,2016,Q1,4
Inner South,Robbery,2016,Q2,7
Inner South,Robbery,2016,Q3,3
Inner South,Robbery,2016,Q4,3
Inner South,Robbery,2017,Q1,10
Inner South,Robbery,2017,Q2,8
Inner South,Robbery,2017,Q3,8
Inner South,Robbery,2017,Q4,5
Inner South,Robbery,2018,Q1,5
Inner South,Robbery,2018,Q2,3
Inner South,Robbery,2018,Q3,1
Inner South,Robbery,2018,Q4,3
Inner South,Robbery,2019,Q1,4
Inner South,Robbery,2019,Q2,3
Inner South,Robbery,2019,Q3,4
Inner South,Robbery,2019,Q4,6
Inner South,Robbery,2020,Q1,8
Inner South,Robbery,2020,Q2,3
Inner South,Robbery,2020,Q3,2
Inner South,Robbery,2020,Q4,1
Inner South,Robbery,2021,Q1,2
Inner South,Robbery,2021,Q2,6
Inner South,Robbery,2021,Q3,3
Inner South,Robbery,2021,Q4,6
Inner South,Robbery,2022,Q1,3
Inner South,Robbery,2022,Q2,1
Inner South,Robbery,2022,Q3,2
Inner South,Robbery,2022,Q4,3
Inner South,Robbery,2023,Q1,7
Inner South,Robbery,2023,Q2,3
Inner South,Robbery,2023,Q3,5
Inner South,Robbery,2023,Q4,2
Inner South,Robbery,2024,Q1,4
Inner South,Robbery,2024,Q2,5
Inner South,Robbery,2024,Q3,2
Inner South,Robbery,2024,Q4,1
Inner South,Robbery,2025,Q1,4
Inner South,Robbery,2025,Q2,2
Inner South,Sexual Assault,2014,Q1,3
Inner South,Sexual Assault,2014,Q2,4
Inner South,Sexual Assault,2014,Q3,6
Inner South,Sexual Assault,2014,Q4,7
Inner South,Sexual Assault,2015,Q1,17
Inner South,Sexual Assault,2015,Q2,7
Inner South,Sexual Assault,2015,Q3,3
Inner South,Sexual Assault,2015,Q4,15
Inner South,Sexual Assault,2016,Q1,5
Inner South,Sexual Assault,2016,Q2,3
Inner South,Sexual Assault,2016,Q3,17
Inner South,Sexual Assault,2016,Q4,16
Inner South,Sexual Assault,2017,Q1,7
Inner South,Sexual Assault,2017,Q2,12
Inner South,Sexual Assault,2017,Q3,19
Inner South,Sexual Assault,2017,Q4,18
Inner South,Sexual Assault,2018,Q1,12
Inner South,Sexual Assault,2018,Q2,5
Inner South,Sexual Assault,2018,Q3,7
Inner South,Sexual Assault,2018,Q4,8
Inner South,Sexual Assault,2019,Q1,9
Inner South,Sexual Assault,2019,Q2,13
Inner South,Sexual Assault,2019,Q3,22
Inner South,Sexual Assault,2019,Q4,16
Inner South,Sexual Assault,2020,Q1,18
Inner South,Sexual Assault,2020,Q2,6
Inner South,Sexual Assault,2020,Q3,12
Inner South,Sexual Assault,2020,Q4,13
Inner South,Sexual Assault,2021,Q1,10
Inner South,Sexual Assault,2021,Q2,6
Inner South,Sexual Assault,2021,Q3,4
Inner South,Sexual Assault,2021,Q4,5
Inner South,Sexual Assault,2022,Q1,5
Inner South,Sexual Assault,2022,Q2,18
Inner South,Sexual Assault,2022,Q3,13
Inner South,Sexual Assault,2022,Q4,9
Inner South,Sexual Assault,2023,Q1,12
Inner South,Sexual Assault,2023,Q2,14
Inner South,Sexual Assault,2023,Q3,7
Inner South,Sexual Assault,2023,Q4,10
Inner South,Sexual Assault,2024,Q1,8
Inner South,Sexual Assault,2024,Q2,18
Inner South,Sexual Assault,2024,Q3,10
Inner South,Sexual Assault,2024,Q4,17
Inner South,Sexual Assault,2025,Q1,3
Inner South,Sexual Assault,2025,Q2,9
Inner South,TINs,2014,Q1,293
Inner South,TINs,2014,Q2,342
Inner South,TINs,2014,Q3,464
Inner South,TINs,2014,Q4,294
Inner South,TINs,2015,Q1,224
Inner South,TINs,2015,Q2,280
Inner South,TINs,2015,Q3,402
Inner South,TINs,2015,Q4,217
Inner South,TINs,2016,Q1,228
Inner South,TINs,2016,Q2,207
Inner South,TINs,2016,Q3,321
Inner South,TINs,2016,Q4,225
Inner South,TINs,2017,Q1,199
Inner South,TINs,2017,Q2,330
Inner South,TINs,2017,Q3,272
Inner South,TINs,2017,Q4,215
Inner South,TINs,2018,Q1,246
Inner South,TINs,2018,Q2,169
Inner South,TINs,2018,Q3,256
Inner South,TINs,2018,Q4,196
Inner South,TINs,2019,Q1,392
Inner South,TINs,2019,Q2,216
Inner South,TINs,2019,Q3,173
Inner South,TINs,2019,Q4,237
Inner South,TINs,2020,Q1,299
Inner South,TINs,2020,Q2,213
Inner South,TINs,2020,Q3,235
Inner South,TINs,2020,Q4,184
Inner South,TINs,2021,Q1,117
Inner South,TINs,2021,Q2,165
Inner South,TINs,2021,Q3,68
Inner South,TINs,2021,Q4,95
Inner South,TINs,2022,Q1,118
Inner South,TINs,2022,Q2,76
Inner South,TINs,2022,Q3,117
Inner South,TINs,2022,Q4,99
Inner South,TINs,2023,Q1,107
Inner South,TINs,2023,Q2,183
Inner South,TINs,2023,Q3,149
Inner South,TINs,2023,Q4,113
Inner South,TINs,2024,Q1,131
Inner South,TINs,2024,Q2,140
Inner South,TINs,2024,Q3,131
Inner South,TINs,2024,Q4,201
Inner South,TINs,2025,Q1,242
Inner South,TINs,2025,Q2,227
Inner South,Theft,2014,Q1,311
Inner South,Theft,2014,Q2,332
Inner South,Theft,2014,Q3,297
Inner South,Theft,2014,Q4,336
Inner South,Theft,2015,Q1,299
Inner South,Theft,2015,Q2,478
Inner South,Theft,2015,Q3,460
Inner South,Theft,2015,Q4,521
Inner South,Theft,2016,Q1,365
Inner South,Theft,2016,Q2,469
Inner South,Theft,2016,Q3,381
Inner South,Theft,2016,Q4,391
Inner South,Theft,2017,Q1,417
Inner South,Theft,2017,Q2,422
Inner South,Theft,2017,Q3,360
Inner South,Theft,2017,Q4,449
Inner South,Theft,2018,Q1,391
Inner South,Theft,2018,Q2,436
Inner South,Theft,2018,Q3,462
Inner South,Theft,2018,Q4,345
Inner South,Theft,2019,Q1,358
Inner South,Theft,2019,Q2,241
Inner South,Theft,2019,Q3,277
Inner South,Theft,2019,Q4,308
Inner South,Theft,2020,Q1,329
Inner South,Theft,2020,Q2,188
Inner South,Theft,2020,Q3,244
Inner South,Theft,2020,Q4,273
Inner South,Theft,2021,Q1,298
Inner South,Theft,2021,Q2,405
Inner South,Theft,2021,Q3,272
Inner South,Theft,2021,Q4,304
Inner South,Theft,2022,Q1,273
Inner South,Theft,2022,Q2,353
Inner South,Theft,2022,Q3,304
Inner South,Theft,2022,Q4,180
Inner South,Theft,2023,Q1,168
Inner South,Theft,2023,Q2,167
Inner South,Theft,2023,Q3,226
Inner South,Theft,2023,Q4,209
Inner South,Theft,2024,Q1,231
Inner South,Theft,2024,Q2,150
Inner South,Theft,2024,Q3,166
Inner South,Theft,2024,Q4,155
Inner South,Theft,2025,Q1,206
Inner South,Theft,2025,Q2,169
Molonglo District,Assault,2014,Q1,0
Molonglo District,Assault,2014,Q2,0
Molonglo District,Assault,2014,Q3,6
Molonglo District,Assault,2014,Q4,0
Molonglo District,Assault,2015,Q1,0
Molonglo District,Assault,2015,Q2,0
Molonglo District,Assault,2015,Q3,0
Molonglo District,Assault,2015,Q4,0
Molonglo District,Assault,2016,Q1,0
Molonglo District,Assault,2016,Q2,2
Molonglo District,Assault,2016,Q3,1
Molonglo District,Assault,2016,Q4,0
Molonglo District,Assault,2017,Q1,0
Molonglo District,Assault,2017,Q2,2
Molonglo District,Assault,2017,Q3,1
Molonglo District,Assault,2017,Q4,5
Molonglo District,Assault,2018,Q1,0
Molonglo District,Assault,2018,Q2,1
Molonglo District,Assault,2018,Q3,0
Molonglo District,Assault,2018,Q4,0
Molonglo District,Assault,2019,Q1,2
Molonglo District,Assault,2019,Q2,2
Molonglo District,Assault,2019,Q3,1
Molonglo District,Assault,2019,Q4,2
Molonglo District,Assault,2020,Q1,3
Molonglo District,Assault,2020,Q2,0
Molonglo District,Assault,2020,Q3,6
Molonglo District,Assault,2020,Q4,2
Molonglo District,Assault,2021,Q1,5
Molonglo District,Assault,2021,Q2,2
Molonglo District,Assault,2021,Q3,3
Molonglo District,Assault,2021,Q4,1
Molonglo District,Assault,2022,Q1,0
Molonglo District,Assault,2022,Q2,0
Molonglo District,Assault,2022,Q3,3
Molonglo District,Assault,2022,Q4,2
Molonglo District,Assault,2023,Q1,2
Molonglo District,Assault,2023,Q2,1
Molonglo District,Assault,2023,Q3,4
Molonglo District,Assault,2023,Q4,6
Molonglo District,Assault,2024,Q1,2
Molonglo District,Assault,2024,Q2,2
Molonglo District,Assault,2024,Q3,5
Molonglo District,Assault,2024,Q4,1
Molonglo District,Assault,2025,Q1,1
Molonglo District,Assault,2025,Q2,3
Molonglo District,Burglary,2014,Q1,2
Molonglo District,Burglary,2014,Q2,2
Molonglo District,Burglary,2014,Q3,2
Molonglo District,Burglary,2014,Q4,4
Molonglo District,Burglary,2015,Q1,5
Molonglo District,Burglary,2015,Q2,8
Molonglo District,Burglary,2015,Q3,7
Molonglo District,Burglary,2015,Q4,10
Molonglo District,Burglary,2016,Q1,22
Molonglo District,Burglary,2016,Q2,21
Molonglo District,Burglary,2016,Q3,22
Molonglo District,Burglary,2016,Q4,6
Molonglo District,Burglary,2017,Q1,7
Molonglo District,Burglary,2017,Q2,20
Molonglo District,Burglary,2017,Q3,20
Molonglo District,Burglary,2017,Q4,14
Molonglo District,Burglary,2018,Q1,7
Molonglo District,Burglary,2018,Q2,8
Molonglo District,Burglary,2018,Q3,7
Molonglo District,Burglary,2018,Q4,2
Molonglo District,Burglary,2019,Q1,9
Molonglo District,Burglary,2019,Q2,12
Molonglo District,Burglary,2019,Q3,6
Molonglo District,Burglary,2019,Q4,27
Molonglo District,Burglary,2020,Q1,22
Molonglo District,Burglary,2020,Q2,9
Molonglo District,Burglary,2020,Q3,12
Molonglo District,Burglary,2020,Q4,12
Molonglo District,Burglary,2021,Q1,8
Molonglo District,Burglary,2021,Q2,4
Molonglo District,Burglary,2021,Q3,4
Molonglo District,Burglary,2021,Q4,5
Molonglo District,Burglary,2022,Q1,8
Molonglo District,Burglary,2022,Q2,6
Molonglo District,Burglary,2022,Q3,5
Molonglo District,Burglary,2022,Q4,7
Molonglo District,Burglary,2023,Q1,5
Molonglo District,Burglary,2023,Q2,8
Molonglo District,Burglary,2023,Q3,3
Molonglo District,Burglary,2023,Q4,10
Molonglo District,Burglary,2024,Q1,16
Molonglo District,Burglary,2024,Q2,6
Molonglo District,Burglary,2024,Q3,3
Molonglo District,Burglary,2024,Q4,12
Molonglo District,Burglary,2025,Q1,7
Molonglo District,Burglary,2025,Q2,5
Molonglo District,CINs,2014,Q1,0
Molonglo District,CINs,2014,Q2,0
Molonglo District,CINs,2014,Q3,0
Molonglo District,CINs,2014,Q4,0
Molonglo District,CINs,2015,Q1,0
Molonglo District,CINs,2015,Q2,0
Molonglo District,CINs,2015,Q3,0
Molonglo District,CINs,2015,Q4,0
Molonglo District,CINs,2016,Q1,0
Molonglo District,CINs,2016,Q2,0
Molonglo District,CINs,2016,Q3,0
Molonglo District,CINs,2016,Q4,0
Molonglo District,CINs,2017,Q1,0
Molonglo District,CINs,2017,Q2,0
Molonglo District,CINs,2017,Q3,0
Molonglo District,CINs,2017,Q4,0
Molonglo District,CINs,2018,Q1,0
Molonglo District,CINs,2018,Q2,0
Molonglo District,CINs,2018,Q3,0
Molonglo District,CINs,2018,Q4,0
Molonglo District,CINs,2019,Q1,0
Molonglo District,CINs,2019,Q2,0
Molonglo District,CINs,2019,Q3,0
Molonglo District,CINs,2019,Q4,0
Molonglo District,CINs,2020,Q1,0
Molonglo District,CINs,2020,Q2,0
Molonglo District,CINs,2020,Q3,0
Molonglo District,CINs,2020,Q4,0
Molonglo District,CINs,2021,Q1,0
Molonglo District,CINs,2021,Q2,0
Molonglo District,CINs,2021,Q3,1
Molonglo District,CINs,2021,Q4,0
Molonglo District,CINs,2022,Q1,0
Molonglo District,CINs,2022,Q2,0
Molonglo District,CINs,2022,Q3,0
Molonglo District,CINs,2022,Q4,0
Molonglo District,CINs,2023,Q1,0
Molonglo District,CINs,2023,Q2,0
Molonglo District,CINs,2023,Q3,0
Molonglo District,CINs,2023,Q4,0
Molonglo District,CINs,2024,Q1,0
Molonglo District,CINs,2024,Q2,0
Molonglo District,CINs,2024,Q3,0
Molonglo District,CINs,2024,Q4,0
Molonglo District,CINs,2025,Q1,0
Molonglo District,CINs,2025,Q2,0
Molonglo District,Family Violence,2014,Q1,0
Molonglo District,Family Violence,2014,Q2,0
Molonglo District,Family Violence,2014,Q3,0
Molonglo District,Family Violence,2014,Q4,0
Molonglo District,Family Violence,2015,Q1,0
Molonglo District,Family Violence,2015,Q2,0
Molonglo District,Family Violence,2015,Q3,1
Molonglo District,Family Violence,2015,Q4,0
Molonglo District,Family Violence,2016,Q1,1
Molonglo District,Family Violence,2016,Q2,1
Molonglo District,Family Violence,2016,Q3,6
Molonglo District,Family Violence,2016,Q4,3
Molonglo District,Family Violence,2017,Q1,4
Molonglo District,Family Violence,2017,Q2,6
Molonglo District,Family Violence,2017,Q3,1
Molonglo District,Family Violence,2017,Q4,9
Molonglo District,Family Violence,2018,Q1,1
Molonglo District,Family Violence,2018,Q2,5
Molonglo District,Family Violence,2018,Q3,1
Molonglo District,Family Violence,2018,Q4,0
Molonglo District,Family Violence,2019,Q1,7
Molonglo District,Family Violence,2019,Q2,7
Molonglo District,Family Violence,2019,Q3,8
Molonglo District,Family Violence,2019,Q4,4
Molonglo District,Family Violence,2020,Q1,8
Molonglo District,Family Violence,2020,Q2,2
Molonglo District,Family Violence,2020,Q3,2
Molonglo District,Family Violence,2020,Q4,6
Molonglo District,Family Violence,2021,Q1,13
Molonglo District,Family Violence,2021,Q2,8
Molonglo District,Family Violence,2021,Q3,4
Molonglo District,Family Violence,2021,Q4,5
Molonglo District,Family Violence,2022,Q1,8
Molonglo District,Family Violence,2022,Q2,2
Molonglo District,Family Violence,2022,Q3,4
Molonglo District,Family Violence,2022,Q4,3
Molonglo District,Family Violence,2023,Q1,5
Molonglo District,Family Violence,2023,Q2,7
Molonglo District,Family Violence,2023,Q3,14
Molonglo District,Family Violence,2023,Q4,10
Molonglo District,Family Violence,2024,Q1,9
Molonglo District,Family Violence,2024,Q2,4
Molonglo District,Family Violence,2024,Q3,3
Molonglo District,Family Violence,2024,Q4,7
Molonglo District,Family Violence,2025,Q1,5
Molonglo District,Family Violence,2025,Q2,5
Molonglo District,Homicide,2014,Q1,0
Molonglo District,Homicide,2014,Q2,0
Molonglo District,Homicide,2014,Q3,0
Molonglo District,Homicide,2014,Q4,0
Molonglo District,Homicide,2015,Q1,0
Molonglo District,Homicide,2015,Q2,0
Molonglo District,Homicide,2015,Q3,0
Molonglo District,Homicide,2015,Q4,0
Molonglo District,Homicide,2016,Q1,0
Molonglo District,Homicide,2016,Q2,0
Molonglo District,Homicide,2016,Q3,0
Molonglo District,Homicide,2016,Q4,0
Molonglo District,Homicide,2017,Q1,0
Molonglo District,Homicide,2017,Q2,0
Molonglo District,Homicide,2017,Q3,0
Molonglo District,Homicide,2017,Q4,0
Molonglo District,Homicide,2018,Q1,0
Molonglo District,Homicide,2018,Q2,0
Molonglo District,Homicide,2018,Q3,0
Molonglo District,Homicide,2018,Q4,0
Molonglo District,Homicide,2019,Q1,0
Molonglo District,Homicide,2019,Q2,0
Molonglo District,Homicide,2019,Q3,0
Molonglo District,Homicide,2019,Q4,0
Molonglo District,Homicide,2020,Q1,0
Molonglo District,Homicide,2020,Q2,0
Molonglo District,Homicide,2020,Q3,0
Molonglo District,Homicide,2020,Q4,0
Molonglo District,Homicide,2021,Q1,0
Molonglo District,Homicide,2021,Q2,0
Molonglo District,Homicide,2021,Q3,0
Molonglo District,Homicide,2021,Q4,0
Molonglo District,Homicide,2022,Q1,0
Molonglo District,Homicide,2022,Q2,0
Molonglo District,Homicide,2022,Q3,0
Molonglo District,Homicide,2022,Q4,0
Molonglo District,Homicide,2023,Q1,0
Molonglo District,Homicide,2023,Q2,0
Molonglo District,Homicide,2023,Q3,0
Molonglo District,Homicide,2023,Q4,0
Molonglo District,Homicide,2024,Q1,0
Molonglo District,Homicide,2024,Q2,0
Molonglo District,Homicide,2024,Q3,0
Molonglo District,Homicide,2024,Q4,0
Molonglo District,Homicide,2025,Q1,0
Molonglo District,Homicide,2025,Q2,0
Molonglo District,Other,2014,Q1,1
Molonglo District,Other,2014,Q2,4
Molonglo District,Other,2014,Q3,3
Molonglo District,Other,2014,Q4,2
Molonglo District,Other,2015,Q1,6
Molonglo District,Other,2015,Q2,9
Molonglo District,Other,2015,Q3,4
Molonglo District,Other,2015,Q4,9
Molonglo District,Other,2016,Q1,9
Molonglo District,Other,2016,Q2,20
Molonglo District,Other,2016,Q3,14
Molonglo District,Other,2016,Q4,8
Molonglo District,Other,2017,Q1,29
Molonglo District,Other,2017,Q2,10
Molonglo District,Other,2017,Q3,46
Molonglo District,Other,2017,Q4,37
Molonglo District,Other,2018,Q1,17
Molonglo District,Other,2018,Q2,35
Molonglo District,Other,2018,Q3,25
Molonglo District,Other,2018,Q4,28
Molonglo District,Other,2019,Q1,13
Molonglo District,Other,2019,Q2,17
Molonglo District,Other,2019,Q3,28
Molonglo District,Other,2019,Q4,27
Molonglo District,Other,2020,Q1,20
Molonglo District,Other,2020,Q2,22
Molonglo District,Other,2020,Q3,16
Molonglo District,Other,2020,Q4,24
Molonglo District,Other,2021,Q1,25
Molonglo District,Other,2021,Q2,20
Molonglo District,Other,2021,Q3,22
Molonglo District,Other,2021,Q4,24
Molonglo District,Other,2022,Q1,36
Molonglo District,Other,2022,Q2,20
Molonglo District,Other,2022,Q3,20
Molonglo District,Other,2022,Q4,26
Molonglo District,Other,2023,Q1,20
Molonglo District,Other,2023,Q2,22
Molonglo District,Other,2023,Q3,23
Molonglo District,Other,2023,Q4,28
Molonglo District,Other,2024,Q1,20
Molonglo District,Other,2024,Q2,14
Molonglo District,Other,2024,Q3,25
Molonglo District,Other,2024,Q4,42
Molonglo District,Other,2025,Q1,33
Molonglo District,Other,2025,Q2,23
Molonglo District,Property Damage,2014,Q1,2
Molonglo District,Property Damage,2014,Q2,0
Molonglo District,Property Damage,2014,Q3,3
Molonglo District,Property Damage,2014,Q4,3
Molonglo District,Property Damage,2015,Q1,5
Molonglo District,Property Damage,2015,Q2,5
Molonglo District,Property Damage,2015,Q3,23
Molonglo District,Property Damage,2015,Q4,8
Molonglo District,Property Damage,2016,Q1,11
Molonglo District,Property Damage,2016,Q2,15
Molonglo District,Property Damage,2016,Q3,27
Molonglo District,Property Damage,2016,Q4,10
Molonglo District,Property Damage,2017,Q1,24
Molonglo District,Property Damage,2017,Q2,14
Molonglo District,Property Damage,2017,Q3,32
Molonglo District,Property Damage,2017,Q4,15
Molonglo District,Property Damage,2018,Q1,8
Molonglo District,Property Damage,2018,Q2,10
Molonglo District,Property Damage,2018,Q3,19
Molonglo District,Property Damage,2018,Q4,15
Molonglo District,Property Damage,2019,Q1,13
Molonglo District,Property Damage,2019,Q2,33
Molonglo District,Property Damage,2019,Q3,15
Molonglo District,Property Damage,2019,Q4,23
Molonglo District,Property Damage,2020,Q1,22
Molonglo District,Property Damage,2020,Q2,10
Molonglo District,Property Damage,2020,Q3,18
Molonglo District,Property Damage,2020,Q4,17
Molonglo District,Property Damage,2021,Q1,25
Molonglo District,Property Damage,2021,Q2,25
Molonglo District,Property Damage,2021,Q3,12
Molonglo District,Property Damage,2021,Q4,10
Molonglo District,Property Damage,2022,Q1,12
Molonglo District,Property Damage,2022,Q2,11
Molonglo District,Property Damage,2022,Q3,8
Molonglo District,Property Damage,2022,Q4,6
Molonglo District,Property Damage,2023,Q1,7
Molonglo District,Property Damage,2023,Q2,12
Molonglo District,Property Damage,2023,Q3,14
Molonglo District,Property Damage,2023,Q4,23
Molonglo District,Property Damage,2024,Q1,11
Molonglo District,Property Damage,2024,Q2,15
Molonglo District,Property Damage,2024,Q3,9
Molonglo District,Property Damage,2024,Q4,13
Molonglo District,Property Damage,2025,Q1,10
Molonglo District,Property Damage,2025,Q2,5
Molonglo District,Robbery,2014,Q1,0
Molonglo District,Robbery,2014,Q2,0
Molonglo District,Robbery,2014,Q3,0
Molonglo District,Robbery,2014,Q4,0
Molonglo District,Robbery,2015,Q1,0
Molonglo District,Robbery,2015,Q2,0
Molonglo District,Robbery,2015,Q3,0
Molonglo District,Robbery,2015,Q4,0
Molonglo District,Robbery,2016,Q1,0
Molonglo District,Robbery,2016,Q2,0
Molonglo District,Robbery,2016,Q3,0
Molonglo District,Robbery,2016,Q4,0
Molonglo District,Robbery,2017,Q1,0
Molonglo District,Robbery,2017,Q2,0
Molonglo District,Robbery,2017,Q3,0
Molonglo District,Robbery,2017,Q4,0
Molonglo District,Robbery,2018,Q1,1
Molonglo District,Robbery,2018,Q2,0
Molonglo District,Robbery,2018,Q3,0
Molonglo District,Robbery,2018,Q4,0
Molonglo District,Robbery,2019,Q1,0
Molonglo District,Robbery,2019,Q2,0
Molonglo District,Robbery,2019,Q3,0
Molonglo District,Robbery,2019,Q4,0
Molonglo District,Robbery,2020,Q1,2
Molonglo District,Robbery,2020,Q2,0
Molonglo District,Robbery,2020,Q3,1
Molonglo District,Robbery,2020,Q4,0
Molonglo District,Robbery,2021,Q1,1
Molonglo District,Robbery,2021,Q2,0
Molonglo District,Robbery,2021,Q3,0
Molonglo District,Robbery,2021,Q4,0
Molonglo District,Robbery,2022,Q1,0
Molonglo District,Robbery,2022,Q2,1
Molonglo District,Robbery,2022,Q3,0
Molonglo District,Robbery,2022,Q4,0
Molonglo District,Robbery,2023,Q1,0
Molonglo District,Robbery,2023,Q2,1
Molonglo District,Robbery,2023,Q3,0
Molonglo District,Robbery,2023,Q4,1
Molonglo District,Robbery,2024,Q1,0
Molonglo District,Robbery,2024,Q2,0
Molonglo District,Robbery,2024,Q3,0
Molonglo District,Robbery,2024,Q4,0
Molonglo District,Robbery,2025,Q1,0
Molonglo District,Robbery,2025,Q2,0
Molonglo District,Sexual Assault,2014,Q1,0
Molonglo District,Sexual Assault,2014,Q2,0
Molonglo District,Sexual Assault,2014,Q3,0
Molonglo District,Sexual Assault,2014,Q4,0
Molonglo District,Sexual Assault,2015,Q1,0
Molonglo District,Sexual Assault,2015,Q2,0
Molonglo District,Sexual Assault,2015,Q3,0
Molonglo District,Sexual Assault,2015,Q4,0
Molonglo District,Sexual Assault,2016,Q1,0
Molonglo District,Sexual Assault,2016,Q2,0
Molonglo District,Sexual Assault,2016,Q3,0
Molonglo District,Sexual Assault,2016,Q4,9
Molonglo District,Sexual Assault,2017,Q1,0
Molonglo District,Sexual Assault,2017,Q2,0
Molonglo District,Sexual Assault,2017,Q3,1
Molonglo District,Sexual Assault,2017,Q4,0
Molonglo District,Sexual Assault,2018,Q1,0
Molonglo District,Sexual Assault,2018,Q2,0
Molonglo District,Sexual Assault,2018,Q3,0
Molonglo District,Sexual Assault,2018,Q4,0
Molonglo District,Sexual Assault,2019,Q1,0
Molonglo District,Sexual Assault,2019,Q2,1
Molonglo District,Sexual Assault,2019,Q3,4
Molonglo District,Sexual Assault,2019,Q4,1
Molonglo District,Sexual Assault,2020,Q1,0
Molonglo District,Sexual Assault,2020,Q2,0
Molonglo District,Sexual Assault,2020,Q3,3
Molonglo District,Sexual Assault,2020,Q4,1
Molonglo District,Sexual Assault,2021,Q1,1
Molonglo District,Sexual Assault,2021,Q2,2
Molonglo District,Sexual Assault,2021,Q3,2
Molonglo District,Sexual Assault,2021,Q4,0
Molonglo District,Sexual Assault,2022,Q1,3
Molonglo District,Sexual Assault,2022,Q2,3
Molonglo District,Sexual Assault,2022,Q3,0
Molonglo District,Sexual Assault,2022,Q4,0
Molonglo District,Sexual Assault,2023,Q1,2
Molonglo District,Sexual Assault,2023,Q2,1
Molonglo District,Sexual Assault,2023,Q3,0
Molonglo District,Sexual Assault,2023,Q4,0
Molonglo District,Sexual Assault,2024,Q1,0
Molonglo District,Sexual Assault,2024,Q2,9
Molonglo District,Sexual Assault,2024,Q3,1
Molonglo District,Sexual Assault,2024,Q4,2
Molonglo District,Sexual Assault,2025,Q1,0
Molonglo District,Sexual Assault,2025,Q2,0
Molonglo District,TINs,2014,Q1,3
Molonglo District,TINs,2014,Q2,4
Molonglo District,TINs,2014,Q3,5
Molonglo District,TINs,2014,Q4,3
Molonglo District,TINs,2015,Q1,13
Molonglo District,TINs,2015,Q2,12
Molonglo District,TINs,2015,Q3,47
Molonglo District,TINs,2015,Q4,25
Molonglo District,TINs,2016,Q1,13
Molonglo District,TINs,2016,Q2,15
Molonglo District,TINs,2016,Q3,30
Molonglo District,TINs,2016,Q4,16
Molonglo District,TINs,2017,Q1,25
Molonglo District,TINs,2017,Q2,20
Molonglo District,TINs,2017,Q3,28
Molonglo District,TINs,2017,Q4,23
Molonglo District,TINs,2018,Q1,16
Molonglo District,TINs,2018,Q2,23
Molonglo District,TINs,2018,Q3,23
Molonglo District,TINs,2018,Q4,14
Molonglo District,TINs,2019,Q1,13
Molonglo District,TINs,2019,Q2,18
Molonglo District,TINs,2019,Q3,4
Molonglo District,TINs,2019,Q4,10
Molonglo District,TINs,2020,Q1,12
Molonglo District,TINs,2020,Q2,11
Molonglo District,TINs,2020,Q3,8
Molonglo District,TINs,2020,Q4,9
Molonglo District,TINs,2021,Q1,2
Molonglo District,TINs,2021,Q2,9
Molonglo District,TINs,2021,Q3,4
Molonglo District,TINs,2021,Q4,13
Molonglo District,TINs,2022,Q1,2
Molonglo District,TINs,2022,Q2,3
Molonglo District,TINs,2022,Q3,6
Molonglo District,TINs,2022,Q4,14
Molonglo District,TINs,2023,Q1,14
Molonglo District,TINs,2023,Q2,3
Molonglo District,TINs,2023,Q3,4
Molonglo District,TINs,2023,Q4,3
Molonglo District,TINs,2024,Q1,13
Molonglo District,TINs,2024,Q2,7
Molonglo District,TINs,2024,Q3,16
Molonglo District,TINs,2024,Q4,22
Molonglo District,TINs,2025,Q1,31
Molonglo District,TINs,2025,Q2,20
Molonglo District,Theft,2014,Q1,5
Molonglo District,Theft,2014,Q2,4
Molonglo District,Theft,2014,Q3,9
Molonglo District,Theft,2014,Q4,5
Molonglo District,Theft,2015,Q1,19
Molonglo District,Theft,2015,Q2,13
Molonglo District,Theft,2015,Q3,36
Molonglo District,Theft,2015,Q4,20
Molonglo District,Theft,2016,Q1,23
Molonglo District,Theft,2016,Q2,36
Molonglo District,Theft,2016,Q3,40
Molonglo District,Theft,2016,Q4,17
Molonglo District,Theft,2017,Q1,36
Molonglo District,Theft,2017,Q2,57
Molonglo District,Theft,2017,Q3,81
Molonglo District,Theft,2017,Q4,60
Molonglo District,Theft,2018,Q1,27
Molonglo District,Theft,2018,Q2,48
Molonglo District,Theft,2018,Q3,29
Molonglo District,Theft,2018,Q4,23
Molonglo District,Theft,2019,Q1,26
Molonglo District,Theft,2019,Q2,49
Molonglo District,Theft,2019,Q3,27
Molonglo District,Theft,2019,Q4,61
Molonglo District,Theft,2020,Q1,35
Molonglo District,Theft,2020,Q2,28
Molonglo District,Theft,2020,Q3,41
Molonglo District,Theft,2020,Q4,57
Molonglo District,Theft,2021,Q1,26
Molonglo District,Theft,2021,Q2,51
Molonglo District,Theft,2021,Q3,25
Molonglo District,Theft,2021,Q4,22
Molonglo District,Theft,2022,Q1,39
Molonglo District,Theft,2022,Q2,49
Molonglo District,Theft,2022,Q3,26
Molonglo District,Theft,2022,Q4,24
Molonglo District,Theft,2023,Q1,19
Molonglo District,Theft,2023,Q2,27
Molonglo District,Theft,2023,Q3,25
Molonglo District,Theft,2023,Q4,25
Molonglo District,Theft,2024,Q1,44
Molonglo District,Theft,2024,Q2,23
Molonglo District,Theft,2024,Q3,20
Molonglo District,Theft,2024,Q4,28
Molonglo District,Theft,2025,Q1,46
Molonglo District,Theft,2025,Q2,34
Tuggeranong,Assault,2014,Q1,61
Tuggeranong,Assault,2014,Q2,53
Tuggeranong,Assault,2014,Q3,41
Tuggeranong,Assault,2014,Q4,50
Tuggeranong,Assault,2015,Q1,37
Tuggeranong,Assault,2015,Q2,49
Tuggeranong,Assault,2015,Q3,67
Tuggeranong,Assault,2015,Q4,70
Tuggeranong,Assault,2016,Q1,56
Tuggeranong,Assault,2016,Q2,34
Tuggeranong,Assault,2016,Q3,86
Tuggeranong,Assault,2016,Q4,78
Tuggeranong,Assault,2017,Q1,79
Tuggeranong,Assault,2017,Q2,76
Tuggeranong,Assault,2017,Q3,49
Tuggeranong,Assault,2017,Q4,57
Tuggeranong,Assault,2018,Q1,47
Tuggeranong,Assault,2018,Q2,47
Tuggeranong,Assault,2018,Q3,67
Tuggeranong,Assault,2018,Q4,77
Tuggeranong,Assault,2019,Q1,76
Tuggeranong,Assault,2019,Q2,66
Tuggeranong,Assault,2019,Q3,53
Tuggeranong,Assault,2019,Q4,69
Tuggeranong,Assault,2020,Q1,71
Tuggeranong,Assault,2020,Q2,60
Tuggeranong,Assault,2020,Q3,62
Tuggeranong,Assault,2020,Q4,62
Tuggeranong,Assault,2021,Q1,71
Tuggeranong,Assault,2021,Q2,51
Tuggeranong,Assault,2021,Q3,44
Tuggeranong,Assault,2021,Q4,38
Tuggeranong,Assault,2022,Q1,65
Tuggeranong,Assault,2022,Q2,55
Tuggeranong,Assault,2022,Q3,44
Tuggeranong,Assault,2022,Q4,66
Tuggeranong,Assault,2023,Q1,57
Tuggeranong,Assault,2023,Q2,61
Tuggeranong,Assault,2023,Q3,66
Tuggeranong,Assault,2023,Q4,54
Tuggeranong,Assault,2024,Q1,68
Tuggeranong,Assault,2024,Q2,69
Tuggeranong,Assault,2024,Q3,63
Tuggeranong,Assault,2024,Q4,93
Tuggeranong,Assault,2025,Q1,68
Tuggeranong,Assault,2025,Q2,53
Tuggeranong,Burglary,2014,Q1,117
Tuggeranong,Burglary,2014,Q2,122
Tuggeranong,Burglary,2014,Q3,110
Tuggeranong,Burglary,2014,Q4,97
Tuggeranong,Burglary,2015,Q1,95
Tuggeranong,Burglary,2015,Q2,163
Tuggeranong,Burglary,2015,Q3,138
Tuggeranong,Burglary,2015,Q4,117
Tuggeranong,Burglary,2016,Q1,101
Tuggeranong,Burglary,2016,Q2,104
Tuggeranong,Burglary,2016,Q3,93
Tuggeranong,Burglary,2016,Q4,111
Tuggeranong,Burglary,2017,Q1,140
Tuggeranong,Burglary,2017,Q2,134
Tuggeranong,Burglary,2017,Q3,84
Tuggeranong,Burglary,2017,Q4,94
Tuggeranong,Burglary,2018,Q1,104
Tuggeranong,Burglary,2018,Q2,97
Tuggeranong,Burglary,2018,Q3,67
Tuggeranong,Burglary,2018,Q4,72
Tuggeranong,Burglary,2019,Q1,110
Tuggeranong,Burglary,2019,Q2,116
Tuggeranong,Burglary,2019,Q3,88
Tuggeranong,Burglary,2019,Q4,95
Tuggeranong,Burglary,2020,Q1,100
Tuggeranong,Burglary,2020,Q2,84
Tuggeranong,Burglary,2020,Q3,56
Tuggeranong,Burglary,2020,Q4,96
Tuggeranong,Burglary,2021,Q1,78
Tuggeranong,Burglary,2021,Q2,58
Tuggeranong,Burglary,2021,Q3,41
Tuggeranong,Burglary,2021,Q4,70
Tuggeranong,Burglary,2022,Q1,71
Tuggeranong,Burglary,2022,Q2,57
Tuggeranong,Burglary,2022,Q3,48
Tuggeranong,Burglary,2022,Q4,55
Tuggeranong,Burglary,2023,Q1,83
Tuggeranong,Burglary,2023,Q2,55
Tuggeranong,Burglary,2023,Q3,54
Tuggeranong,Burglary,2023,Q4,62
Tuggeranong,Burglary,2024,Q1,52
Tuggeranong,Burglary,2024,Q2,36
Tuggeranong,Burglary,2024,Q3,37
Tuggeranong,Burglary,2024,Q4,39
Tuggeranong,Burglary,2025,Q1,55
Tuggeranong,Burglary,2025,Q2,36
Tuggeranong,CINs,2014,Q1,3
Tuggeranong,CINs,2014,Q2,5
Tuggeranong,CINs,2014,Q3,2
Tuggeranong,CINs,2014,Q4,6
Tuggeranong,CINs,2015,Q1,4
Tuggeranong,CINs,2015,Q2,1
Tuggeranong,CINs,2015,Q3,0
Tuggeranong,CINs,2015,Q4,1
Tuggeranong,CINs,2016,Q1,7
Tuggeranong,CINs,2016,Q2,1
Tuggeranong,CINs,2016,Q3,3
Tuggeranong,CINs,2016,Q4,4
Tuggeranong,CINs,2017,Q1,4
Tuggeranong,CINs,2017,Q2,1
Tuggeranong,CINs,2017,Q3,1
Tuggeranong,CINs,2017,Q4,0
Tuggeranong,CINs,2018,Q1,2
Tuggeranong,CINs,2018,Q2,3
Tuggeranong,CINs,2018,Q3,0
Tuggeranong,CINs,2018,Q4,0
Tuggeranong,CINs,2019,Q1,0
Tuggeranong,CINs,2019,Q2,1
Tuggeranong,CINs,2019,Q3,1
Tuggeranong,CINs,2019,Q4,1
Tuggeranong,CINs,2020,Q1,0
Tuggeranong,CINs,2020,Q2,1
Tuggeranong,CINs,2020,Q3,0
Tuggeranong,CINs,2020,Q4,2
Tuggeranong,CINs,2021,Q1,0
Tuggeranong,CINs,2021,Q2,0
Tuggeranong,CINs,2021,Q3,7
Tuggeranong,CINs,2021,Q4,1
Tuggeranong,CINs,2022,Q1,2
Tuggeranong,CINs,2022,Q2,0
Tuggeranong,CINs,2022,Q3,0
Tuggeranong,CINs,2022,Q4,0
Tuggeranong,CINs,2023,Q1,0
Tuggeranong,CINs,2023,Q2,0
Tuggeranong,CINs,2023,Q3,1
Tuggeranong,CINs,2023,Q4,0
Tuggeranong,CINs,2024,Q1,0
Tuggeranong,CINs,2024,Q2,1
Tuggeranong,CINs,2024,Q3,0
Tuggeranong,CINs,2024,Q4,0
Tuggeranong,CINs,2025,Q1,1
Tuggeranong,CINs,2025,Q2,1
Tuggeranong,Family Violence,2014,Q1,55
Tuggeranong,Family Violence,2014,Q2,55
Tuggeranong,Family Violence,2014,Q3,50
Tuggeranong,Family Violence,2014,Q4,59
Tuggeranong,Family Violence,2015,Q1,48
Tuggeranong,Family Violence,2015,Q2,53
Tuggeranong,Family Violence,2015,Q3,58
Tuggeranong,Family Violence,2015,Q4,92
Tuggeranong,Family Violence,2016,Q1,85
Tuggeranong,Family Violence,2016,Q2,83
Tuggeranong,Family Violence,2016,Q3,87
Tuggeranong,Family Violence,2016,Q4,124
Tuggeranong,Family Violence,2017,Q1,124
Tuggeranong,Family Violence,2017,Q2,100
Tuggeranong,Family Violence,2017,Q3,72
Tuggeranong,Family Violence,2017,Q4,77
Tuggeranong,Family Violence,2018,Q1,78
Tuggeranong,Family Violence,2018,Q2,78
Tuggeranong,Family Violence,2018,Q3,56
Tuggeranong,Family Violence,2018,Q4,96
Tuggeranong,Family Violence,2019,Q1,74
Tuggeranong,Family Violence,2019,Q2,69
Tuggeranong,Family Violence,2019,Q3,81
Tuggeranong,Family Violence,2019,Q4,83
Tuggeranong,Family Violence,2020,Q1,92
Tuggeranong,Family Violence,2020,Q2,91
Tuggeranong,Family Violence,2020,Q3,66
Tuggeranong,Family Violence,2020,Q4,80
Tuggeranong,Family Violence,2021,Q1,70
Tuggeranong,Family Violence,2021,Q2,68
Tuggeranong,Family Violence,2021,Q3,68
Tuggeranong,Family Violence,2021,Q4,81
Tuggeranong,Family Violence,2022,Q1,70
Tuggeranong,Family Violence,2022,Q2,69
Tuggeranong,Family Violence,2022,Q3,82
Tuggeranong,Family Violence,2022,Q4,102
Tuggeranong,Family Violence,2023,Q1,95
Tuggeranong,Family Violence,2023,Q2,94
Tuggeranong,Family Violence,2023,Q3,71
Tuggeranong,Family Violence,2023,Q4,73
Tuggeranong,Family Violence,2024,Q1,88
Tuggeranong,Family Violence,2024,Q2,66
Tuggeranong,Family Violence,2024,Q3,81
Tuggeranong,Family Violence,2024,Q4,120
Tuggeranong,Family Violence,2025,Q1,81
Tuggeranong,Family Violence,2025,Q2,61
Tuggeranong,Homicide,2014,Q1,0
Tuggeranong,Homicide,2014,Q2,0
Tuggeranong,Homicide,2014,Q3,0
Tuggeranong,Homicide,2014,Q4,0
Tuggeranong,Homicide,2015,Q1,3
Tuggeranong,Homicide,2015,Q2,0
Tuggeranong,Homicide,2015,Q3,0
Tuggeranong,Homicide,2015,Q4,0
Tuggeranong,Homicide,2016,Q1,1
Tuggeranong,Homicide,2016,Q2,0
Tuggeranong,Homicide,2016,Q3,0
Tuggeranong,Homicide,2016,Q4,0
Tuggeranong,Homicide,2017,Q1,0
Tuggeranong,Homicide,2017,Q2,0
Tuggeranong,Homicide,2017,Q3,0
Tuggeranong,Homicide,2017,Q4,0
Tuggeranong,Homicide,2018,Q1,0
Tuggeranong,Homicide,2018,Q2,1
Tuggeranong,Homicide,2018,Q3,0
Tuggeranong,Homicide,2018,Q4,0
Tuggeranong,Homicide,2019,Q1,1
Tuggeranong,Homicide,2019,Q2,0
Tuggeranong,Homicide,2019,Q3,2
Tuggeranong,Homicide,2019,Q4,0
Tuggeranong,Homicide,2020,Q1,0
Tuggeranong,Homicide,2020,Q2,1
Tuggeranong,Homicide,2020,Q3,0
Tuggeranong,Homicide,2020,Q4,2
Tuggeranong,Homicide,2021,Q1,0
Tuggeranong,Homicide,2021,Q2,0
Tuggeranong,Homicide,2021,Q3,0
Tuggeranong,Homicide,2021,Q4,0
Tuggeranong,Homicide,2022,Q1,1
Tuggeranong,Homicide,2022,Q2,1
Tuggeranong,Homicide,2022,Q3,0
Tuggeranong,Homicide,2022,Q4,0
Tuggeranong,Homicide,2023,Q1,0
Tuggeranong,Homicide,2023,Q2,0
Tuggeranong,Homicide,2023,Q3,0
Tuggeranong,Homicide,2023,Q4,0
Tuggeranong,Homicide,2024,Q1,0
Tuggeranong,Homicide,2024,Q2,2
Tuggeranong,Homicide,2024,Q3,1
Tuggeranong,Homicide,2024,Q4,0
Tuggeranong,Homicide,2025,Q1,0
Tuggeranong,Homicide,2025,Q2,0
Tuggeranong,Other,2014,Q1,405
Tuggeranong,Other,2014,Q2,492
Tuggeranong,Other,2014,Q3,646
Tuggeranong,Other,2014,Q4,483
Tuggeranong,Other,2015,Q1,591
Tuggeranong,Other,2015,Q2,452
Tuggeranong,Other,2015,Q3,528
Tuggeranong,Other,2015,Q4,474
Tuggeranong,Other,2016,Q1,458
Tuggeranong,Other,2016,Q2,517
Tuggeranong,Other,2016,Q3,564
Tuggeranong,Other,2016,Q4,545
Tuggeranong,Other,2017,Q1,569
Tuggeranong,Other,2017,Q2,744
Tuggeranong,Other,2017,Q3,686
Tuggeranong,Other,2017,Q4,532
Tuggeranong,Other,2018,Q1,498
Tuggeranong,Other,2018,Q2,660
Tuggeranong,Other,2018,Q3,658
Tuggeranong,Other,2018,Q4,618
Tuggeranong,Other,2019,Q1,607
Tuggeranong,Other,2019,Q2,576
Tuggeranong,Other,2019,Q3,595
Tuggeranong,Other,2019,Q4,697
Tuggeranong,Other,2020,Q1,648
Tuggeranong,Other,2020,Q2,662
Tuggeranong,Other,2020,Q3,559
Tuggeranong,Other,2020,Q4,562
Tuggeranong,Other,2021,Q1,491
Tuggeranong,Other,2021,Q2,455
Tuggeranong,Other,2021,Q3,380
Tuggeranong,Other,2021,Q4,429
Tuggeranong,Other,2022,Q1,341
Tuggeranong,Other,2022,Q2,443
Tuggeranong,Other,2022,Q3,456
Tuggeranong,Other,2022,Q4,411
Tuggeranong,Other,2023,Q1,449
Tuggeranong,Other,2023,Q2,401
Tuggeranong,Other,2023,Q3,415
Tuggeranong,Other,2023,Q4,408
Tuggeranong,Other,2024,Q1,356
Tuggeranong,Other,2024,Q2,358
Tuggeranong,Other,2024,Q3,345
Tuggeranong,Other,2024,Q4,446
Tuggeranong,Other,2025,Q1,392
Tuggeranong,Other,2025,Q2,338
Tuggeranong,Property Damage,2014,Q1,267
Tuggeranong,Property Damage,2014,Q2,211
Tuggeranong,Property Damage,2014,Q3,236
Tuggeranong,Property Damage,2014,Q4,222
Tuggeranong,Property Damage,2015,Q1,256
Tuggeranong,Property Damage,2015,Q2,309
Tuggeranong,Property Damage,2015,Q3,239
Tuggeranong,Property Damage,2015,Q4,284
Tuggeranong,Property Damage,2016,Q1,241
Tuggeranong,Property Damage,2016,Q2,225
Tuggeranong,Property Damage,2016,Q3,266
Tuggeranong,Property Damage,2016,Q4,236
Tuggeranong,Property Damage,2017,Q1,268
Tuggeranong,Property Damage,2017,Q2,253
Tuggeranong,Property Damage,2017,Q3,193
Tuggeranong,Property Damage,2017,Q4,204
Tuggeranong,Property Damage,2018,Q1,183
Tuggeranong,Property Damage,2018,Q2,179
Tuggeranong,Property Damage,2018,Q3,205
Tuggeranong,Property Damage,2018,Q4,193
Tuggeranong,Property Damage,2019,Q1,185
Tuggeranong,Property Damage,2019,Q2,174
Tuggeranong,Property Damage,2019,Q3,226
Tuggeranong,Property Damage,2019,Q4,218
Tuggeranong,Property Damage,2020,Q1,171
Tuggeranong,Property Damage,2020,Q2,137
Tuggeranong,Property Damage,2020,Q3,123
Tuggeranong,Property Damage,2020,Q4,153
Tuggeranong,Property Damage,2021,Q1,176
Tuggeranong,Property Damage,2021,Q2,144
Tuggeranong,Property Damage,2021,Q3,141
Tuggeranong,Property Damage,2021,Q4,144
Tuggeranong,Property Damage,2022,Q1,98
Tuggeranong,Property Damage,2022,Q2,134
Tuggeranong,Property Damage,2022,Q3,142
Tuggeranong,Property Damage,2022,Q4,142
Tuggeranong,Property Damage,2023,Q1,139
Tuggeranong,Property Damage,2023,Q2,171
Tuggeranong,Property Damage,2023,Q3,180
Tuggeranong,Property Damage,2023,Q4,173
Tuggeranong,Property Damage,2024,Q1,127
Tuggeranong,Property Damage,2024,Q2,103
Tuggeranong,Property Damage,2024,Q3,128
Tuggeranong,Property Damage,2024,Q4,129
Tuggeranong,Property Damage,2025,Q1,113
Tuggeranong,Property Damage,2025,Q2,212
Tuggeranong,Robbery,2014,Q1,11
Tuggeranong,Robbery,2014,Q2,6
Tuggeranong,Robbery,2014,Q3,7
Tuggeranong,Robbery,2014,Q4,3
Tuggeranong,Robbery,2015,Q1,12
Tuggeranong,Robbery,2015,Q2,10
Tuggeranong,Robbery,2015,Q3,3
Tuggeranong,Robbery,2015,Q4,3
Tuggeranong,Robbery,2016,Q1,5
Tuggeranong,Robbery,2016,Q2,13
Tuggeranong,Robbery,2016,Q3,7
Tuggeranong,Robbery,2016,Q4,15
Tuggeranong,Robbery,2017,Q1,19
Tuggeranong,Robbery,2017,Q2,17
Tuggeranong,Robbery,2017,Q3,14
Tuggeranong,Robbery,2017,Q4,7
Tuggeranong,Robbery,2018,Q1,21
Tuggeranong,Robbery,2018,Q2,13
Tuggeranong,Robbery,2018,Q3,11
Tuggeranong,Robbery,2018,Q4,11
Tuggeranong,Robbery,2019,Q1,13
Tuggeranong,Robbery,2019,Q2,13
Tuggeranong,Robbery,2019,Q3,16
Tuggeranong,Robbery,2019,Q4,12
Tuggeranong,Robbery,2020,Q1,8
Tuggeranong,Robbery,2020,Q2,6
Tuggeranong,Robbery,2020,Q3,3
Tuggeranong,Robbery,2020,Q4,8
Tuggeranong,Robbery,2021,Q1,9
Tuggeranong,Robbery,2021,Q2,9
Tuggeranong,Robbery,2021,Q3,7
Tuggeranong,Robbery,2021,Q4,4
Tuggeranong,Robbery,2022,Q1,11
Tuggeranong,Robbery,2022,Q2,2
Tuggeranong,Robbery,2022,Q3,7
Tuggeranong,Robbery,2022,Q4,8
Tuggeranong,Robbery,2023,Q1,4
Tuggeranong,Robbery,2023,Q2,9
Tuggeranong,Robbery,2023,Q3,7
Tuggeranong,Robbery,2023,Q4,3
Tuggeranong,Robbery,2024,Q1,11
Tuggeranong,Robbery,2024,Q2,6
Tuggeranong,Robbery,2024,Q3,5
Tuggeranong,Robbery,2024,Q4,7
Tuggeranong,Robbery,2025,Q1,6
Tuggeranong,Robbery,2025,Q2,2
Tuggeranong,Sexual Assault,2014,Q1,20
Tuggeranong,Sexual Assault,2014,Q2,10
Tuggeranong,Sexual Assault,2014,Q3,29
Tuggeranong,Sexual Assault,2014,Q4,40
Tuggeranong,Sexual Assault,2015,Q1,18
Tuggeranong,Sexual Assault,2015,Q2,31
Tuggeranong,Sexual Assault,2015,Q3,53
Tuggeranong,Sexual Assault,2015,Q4,40
Tuggeranong,Sexual Assault,2016,Q1,18
Tuggeranong,Sexual Assault,2016,Q2,22
Tuggeranong,Sexual Assault,2016,Q3,25
Tuggeranong,Sexual Assault,2016,Q4,23
Tuggeranong,Sexual Assault,2017,Q1,23
Tuggeranong,Sexual Assault,2017,Q2,17
Tuggeranong,Sexual Assault,2017,Q3,19
Tuggeranong,Sexual Assault,2017,Q4,19
Tuggeranong,Sexual Assault,2018,Q1,33
Tuggeranong,Sexual Assault,2018,Q2,20
Tuggeranong,Sexual Assault,2018,Q3,29
Tuggeranong,Sexual Assault,2018,Q4,33
Tuggeranong,Sexual Assault,2019,Q1,21
Tuggeranong,Sexual Assault,2019,Q2,21
Tuggeranong,Sexual Assault,2019,Q3,27
Tuggeranong,Sexual Assault,2019,Q4,23
Tuggeranong,Sexual Assault,2020,Q1,40
Tuggeranong,Sexual Assault,2020,Q2,18
Tuggeranong,Sexual Assault,2020,Q3,23
Tuggeranong,Sexual Assault,2020,Q4,36
Tuggeranong,Sexual Assault,2021,Q1,42
Tuggeranong,Sexual Assault,2021,Q2,44
Tuggeranong,Sexual Assault,2021,Q3,45
Tuggeranong,Sexual Assault,2021,Q4,28
Tuggeranong,Sexual Assault,2022,Q1,24
Tuggeranong,Sexual Assault,2022,Q2,35
Tuggeranong,Sexual Assault,2022,Q3,72
Tuggeranong,Sexual Assault,2022,Q4,18
Tuggeranong,Sexual Assault,2023,Q1,45
Tuggeranong,Sexual Assault,2023,Q2,25
Tuggeranong,Sexual Assault,2023,Q3,45
Tuggeranong,Sexual Assault,2023,Q4,32
Tuggeranong,Sexual Assault,2024,Q1,27
Tuggeranong,Sexual Assault,2024,Q2,24
Tuggeranong,Sexual Assault,2024,Q3,37
Tuggeranong,Sexual Assault,2024,Q4,41
Tuggeranong,Sexual Assault,2025,Q1,30
Tuggeranong,Sexual Assault,2025,Q2,30
Tuggeranong,TINs,2014,Q1,424
Tuggeranong,TINs,2014,Q2,423
Tuggeranong,TINs,2014,Q3,612
Tuggeranong,TINs,2014,Q4,339
Tuggeranong,TINs,2015,Q1,285
Tuggeranong,TINs,2015,Q2,346
Tuggeranong,TINs,2015,Q3,478
Tuggeranong,TINs,2015,Q4,354
Tuggeranong,TINs,2016,Q1,299
Tuggeranong,TINs,2016,Q2,301
Tuggeranong,TINs,2016,Q3,307
Tuggeranong,TINs,2016,Q4,248
Tuggeranong,TINs,2017,Q1,239
Tuggeranong,TINs,2017,Q2,385
Tuggeranong,TINs,2017,Q3,418
Tuggeranong,TINs,2017,Q4,238
Tuggeranong,TINs,2018,Q1,269
Tuggeranong,TINs,2018,Q2,191
Tuggeranong,TINs,2018,Q3,263
Tuggeranong,TINs,2018,Q4,208
Tuggeranong,TINs,2019,Q1,186
Tuggeranong,TINs,2019,Q2,170
Tuggeranong,TINs,2019,Q3,131
Tuggeranong,TINs,2019,Q4,151
Tuggeranong,TINs,2020,Q1,155
Tuggeranong,TINs,2020,Q2,229
Tuggeranong,TINs,2020,Q3,129
Tuggeranong,TINs,2020,Q4,114
Tuggeranong,TINs,2021,Q1,89
Tuggeranong,TINs,2021,Q2,114
Tuggeranong,TINs,2021,Q3,89
Tuggeranong,TINs,2021,Q4,94
Tuggeranong,TINs,2022,Q1,41
Tuggeranong,TINs,2022,Q2,91
Tuggeranong,TINs,2022,Q3,78
Tuggeranong,TINs,2022,Q4,104
Tuggeranong,TINs,2023,Q1,137
Tuggeranong,TINs,2023,Q2,301
Tuggeranong,TINs,2023,Q3,295
Tuggeranong,TINs,2023,Q4,199
Tuggeranong,TINs,2024,Q1,218
Tuggeranong,TINs,2024,Q2,220
Tuggeranong,TINs,2024,Q3,240
Tuggeranong,TINs,2024,Q4,338
Tuggeranong,TINs,2025,Q1,510
Tuggeranong,TINs,2025,Q2,505
Tuggeranong,Theft,2014,Q1,481
Tuggeranong,Theft,2014,Q2,467
Tuggeranong,Theft,2014,Q3,510
Tuggeranong,Theft,2014,Q4,615
Tuggeranong,Theft,2015,Q1,598
Tuggeranong,Theft,2015,Q2,730
Tuggeranong,Theft,2015,Q3,533
Tuggeranong,Theft,2015,Q4,549
Tuggeranong,Theft,2016,Q1,466
Tuggeranong,Theft,2016,Q2,584
Tuggeranong,Theft,2016,Q3,635
Tuggeranong,Theft,2016,Q4,458
Tuggeranong,Theft,2017,Q1,562
Tuggeranong,Theft,2017,Q2,480
Tuggeranong,Theft,2017,Q3,492
Tuggeranong,Theft,2017,Q4,463
Tuggeranong,Theft,2018,Q1,478
Tuggeranong,Theft,2018,Q2,460
Tuggeranong,Theft,2018,Q3,317
Tuggeranong,Theft,2018,Q4,282
Tuggeranong,Theft,2019,Q1,388
Tuggeranong,Theft,2019,Q2,343
Tuggeranong,Theft,2019,Q3,435
Tuggeranong,Theft,2019,Q4,448
Tuggeranong,Theft,2020,Q1,395
Tuggeranong,Theft,2020,Q2,347
Tuggeranong,Theft,2020,Q3,287
Tuggeranong,Theft,2020,Q4,306
Tuggeranong,Theft,2021,Q1,343
Tuggeranong,Theft,2021,Q2,357
Tuggeranong,Theft,2021,Q3,336
Tuggeranong,Theft,2021,Q4,300
Tuggeranong,Theft,2022,Q1,267
Tuggeranong,Theft,2022,Q2,299
Tuggeranong,Theft,2022,Q3,292
Tuggeranong,Theft,2022,Q4,244
Tuggeranong,Theft,2023,Q1,346
Tuggeranong,Theft,2023,Q2,292
Tuggeranong,Theft,2023,Q3,219
Tuggeranong,Theft,2023,Q4,308
Tuggeranong,Theft,2024,Q1,238
Tuggeranong,Theft,2024,Q2,232
Tuggeranong,Theft,2024,Q3,220
Tuggeranong,Theft,2024,Q4,252
Tuggeranong,Theft,2025,Q1,258
Tuggeranong,Theft,2025,Q2,296
Weston Creek,Assault,2014,Q1,10
Weston Creek,Assault,2014,Q2,5
Weston Creek,Assault,2014,Q3,9
Weston Creek,Assault,2014,Q4,16
Weston Creek,Assault,2015,Q1,13
Weston Creek,Assault,2015,Q2,14
Weston Creek,Assault,2015,Q3,12
Weston Creek,Assault,2015,Q4,16
Weston Creek,Assault,2016,Q1,8
Weston Creek,Assault,2016,Q2,11
Weston Creek,Assault,2016,Q3,10
Weston Creek,Assault,2016,Q4,12
Weston Creek,Assault,2017,Q1,6
Weston Creek,Assault,2017,Q2,8
Weston Creek,Assault,2017,Q3,10
Weston Creek,Assault,2017,Q4,14
Weston Creek,Assault,2018,Q1,10
Weston Creek,Assault,2018,Q2,16
Weston Creek,Assault,2018,Q3,9
Weston Creek,Assault,2018,Q4,14
Weston Creek,Assault,2019,Q1,14
Weston Creek,Assault,2019,Q2,5
Weston Creek,Assault,2019,Q3,9
Weston Creek,Assault,2019,Q4,21
Weston Creek,Assault,2020,Q1,15
Weston Creek,Assault,2020,Q2,8
Weston Creek,Assault,2020,Q3,23
Weston Creek,Assault,2020,Q4,7
Weston Creek,Assault,2021,Q1,13
Weston Creek,Assault,2021,Q2,12
Weston Creek,Assault,2021,Q3,10
Weston Creek,Assault,2021,Q4,16
Weston Creek,Assault,2022,Q1,10
Weston Creek,Assault,2022,Q2,4
Weston Creek,Assault,2022,Q3,16
Weston Creek,Assault,2022,Q4,12
Weston Creek,Assault,2023,Q1,13
Weston Creek,Assault,2023,Q2,22
Weston Creek,Assault,2023,Q3,13
Weston Creek,Assault,2023,Q4,15
Weston Creek,Assault,2024,Q1,9
Weston Creek,Assault,2024,Q2,11
Weston Creek,Assault,2024,Q3,14
Weston Creek,Assault,2024,Q4,9
Weston Creek,Assault,2025,Q1,18
Weston Creek,Assault,2025,Q2,10
Weston Creek,Burglary,2014,Q1,18
Weston Creek,Burglary,2014,Q2,25
Weston Creek,Burglary,2014,Q3,29
Weston Creek,Burglary,2014,Q4,28
Weston Creek,Burglary,2015,Q1,47
Weston Creek,Burglary,2015,Q2,30
Weston Creek,Burglary,2015,Q3,30
Weston Creek,Burglary,2015,Q4,43
Weston Creek,Burglary,2016,Q1,32
Weston Creek,Burglary,2016,Q2,42
Weston Creek,Burglary,2016,Q3,14
Weston Creek,Burglary,2016,Q4,40
Weston Creek,Burglary,2017,Q1,16
Weston Creek,Burglary,2017,Q2,21
Weston Creek,Burglary,2017,Q3,43
Weston Creek,Burglary,2017,Q4,54
Weston Creek,Burglary,2018,Q1,36
Weston Creek,Burglary,2018,Q2,27
Weston Creek,Burglary,2018,Q3,16
Weston Creek,Burglary,2018,Q4,22
Weston Creek,Burglary,2019,Q1,22
Weston Creek,Burglary,2019,Q2,31
Weston Creek,Burglary,2019,Q3,28
Weston Creek,Burglary,2019,Q4,60
Weston Creek,Burglary,2020,Q1,46
Weston Creek,Burglary,2020,Q2,39
Weston Creek,Burglary,2020,Q3,38
Weston Creek,Burglary,2020,Q4,21
Weston Creek,Burglary,2021,Q1,18
Weston Creek,Burglary,2021,Q2,30
Weston Creek,Burglary,2021,Q3,21
Weston Creek,Burglary,2021,Q4,23
Weston Creek,Burglary,2022,Q1,36
Weston Creek,Burglary,2022,Q2,33
Weston Creek,Burglary,2022,Q3,24
Weston Creek,Burglary,2022,Q4,30
Weston Creek,Burglary,2023,Q1,31
Weston Creek,Burglary,2023,Q2,17
Weston Creek,Burglary,2023,Q3,17
Weston Creek,Burglary,2023,Q4,25
Weston Creek,Burglary,2024,Q1,17
Weston Creek,Burglary,2024,Q2,12
Weston Creek,Burglary,2024,Q3,11
Weston Creek,Burglary,2024,Q4,14
Weston Creek,Burglary,2025,Q1,8
Weston Creek,Burglary,2025,Q2,4
Weston Creek,CINs,2014,Q1,0
Weston Creek,CINs,2014,Q2,1
Weston Creek,CINs,2014,Q3,2
Weston Creek,CINs,2014,Q4,1
Weston Creek,CINs,2015,Q1,0
Weston Creek,CINs,2015,Q2,0
Weston Creek,CINs,2015,Q3,0
Weston Creek,CINs,2015,Q4,0
Weston Creek,CINs,2016,Q1,0
Weston Creek,CINs,2016,Q2,2
Weston Creek,CINs,2016,Q3,0
Weston Creek,CINs,2016,Q4,0
Weston Creek,CINs,2017,Q1,0
Weston Creek,CINs,2017,Q2,0
Weston Creek,CINs,2017,Q3,0
Weston Creek,CINs,2017,Q4,0
Weston Creek,CINs,2018,Q1,1
Weston Creek,CINs,2018,Q2,0
Weston Creek,CINs,2018,Q3,0
Weston Creek,CINs,2018,Q4,0
Weston Creek,CINs,2019,Q1,0
Weston Creek,CINs,2019,Q2,0
Weston Creek,CINs,2019,Q3,0
Weston Creek,CINs,2019,Q4,1
Weston Creek,CINs,2020,Q1,0
Weston Creek,CINs,2020,Q2,0
Weston Creek,CINs,2020,Q3,0
Weston Creek,CINs,2020,Q4,0
Weston Creek,CINs,2021,Q1,0
Weston Creek,CINs,2021,Q2,0
Weston Creek,CINs,2021,Q3,1
Weston Creek,CINs,2021,Q4,4
Weston Creek,CINs,2022,Q1,0
Weston Creek,CINs,2022,Q2,0
Weston Creek,CINs,2022,Q3,1
Weston Creek,CINs,2022,Q4,0
Weston Creek,CINs,2023,Q1,0
Weston Creek,CINs,2023,Q2,0
Weston Creek,CINs,2023,Q3,0
Weston Creek,CINs,2023,Q4,0
Weston Creek,CINs,2024,Q1,0
Weston Creek,CINs,2024,Q2,0
Weston Creek,CINs,2024,Q3,1
Weston Creek,CINs,2024,Q4,0
Weston Creek,CINs,2025,Q1,0
Weston Creek,CINs,2025,Q2,0
Weston Creek,Family Violence,2014,Q1,6
Weston Creek,Family Violence,2014,Q2,7
Weston Creek,Family Violence,2014,Q3,7
Weston Creek,Family Violence,2014,Q4,10
Weston Creek,Family Violence,2015,Q1,10
Weston Creek,Family Violence,2015,Q2,13
Weston Creek,Family Violence,2015,Q3,31
Weston Creek,Family Violence,2015,Q4,20
Weston Creek,Family Violence,2016,Q1,17
Weston Creek,Family Violence,2016,Q2,10
Weston Creek,Family Violence,2016,Q3,15
Weston Creek,Family Violence,2016,Q4,12
Weston Creek,Family Violence,2017,Q1,11
Weston Creek,Family Violence,2017,Q2,22
Weston Creek,Family Violence,2017,Q3,12
Weston Creek,Family Violence,2017,Q4,20
Weston Creek,Family Violence,2018,Q1,21
Weston Creek,Family Violence,2018,Q2,8
Weston Creek,Family Violence,2018,Q3,3
Weston Creek,Family Violence,2018,Q4,14
Weston Creek,Family Violence,2019,Q1,8
Weston Creek,Family Violence,2019,Q2,5
Weston Creek,Family Violence,2019,Q3,20
Weston Creek,Family Violence,2019,Q4,5
Weston Creek,Family Violence,2020,Q1,8
Weston Creek,Family Violence,2020,Q2,6
Weston Creek,Family Violence,2020,Q3,12
Weston Creek,Family Violence,2020,Q4,12
Weston Creek,Family Violence,2021,Q1,5
Weston Creek,Family Violence,2021,Q2,15
Weston Creek,Family Violence,2021,Q3,14
Weston Creek,Family Violence,2021,Q4,7
Weston Creek,Family Violence,2022,Q1,20
Weston Creek,Family Violence,2022,Q2,11
Weston Creek,Family Violence,2022,Q3,18
Weston Creek,Family Violence,2022,Q4,19
Weston Creek,Family Violence,2023,Q1,15
Weston Creek,Family Violence,2023,Q2,24
Weston Creek,Family Violence,2023,Q3,20
Weston Creek,Family Violence,2023,Q4,16
Weston Creek,Family Violence,2024,Q1,24
Weston Creek,Family Violence,2024,Q2,15
Weston Creek,Family Violence,2024,Q3,13
Weston Creek,Family Violence,2024,Q4,29
Weston Creek,Family Violence,2025,Q1,20
Weston Creek,Family Violence,2025,Q2,7
Weston Creek,Homicide,2014,Q1,0
Weston Creek,Homicide,2014,Q2,0
Weston Creek,Homicide,2014,Q3,0
Weston Creek,Homicide,2014,Q4,0
Weston Creek,Homicide,2015,Q1,0
Weston Creek,Homicide,2015,Q2,0
Weston Creek,Homicide,2015,Q3,0
Weston Creek,Homicide,2015,Q4,0
Weston Creek,Homicide,2016,Q1,0
Weston Creek,Homicide,2016,Q2,0
Weston Creek,Homicide,2016,Q3,0
Weston Creek,Homicide,2016,Q4,0
Weston Creek,Homicide,2017,Q1,0
Weston Creek,Homicide,2017,Q2,0
Weston Creek,Homicide,2017,Q3,0
Weston Creek,Homicide,2017,Q4,1
Weston Creek,Homicide,2018,Q1,0
Weston Creek,Homicide,2018,Q2,0
Weston Creek,Homicide,2018,Q3,0
Weston Creek,Homicide,2018,Q4,0
Weston Creek,Homicide,2019,Q1,0
Weston Creek,Homicide,2019,Q2,0
Weston Creek,Homicide,2019,Q3,0
Weston Creek,Homicide,2019,Q4,0
Weston Creek,Homicide,2020,Q1,0
Weston Creek,Homicide,2020,Q2,0
Weston Creek,Homicide,2020,Q3,1
Weston Creek,Homicide,2020,Q4,0
Weston Creek,Homicide,2021,Q1,0
Weston Creek,Homicide,2021,Q2,0
Weston Creek,Homicide,2021,Q3,0
Weston Creek,Homicide,2021,Q4,0
Weston Creek,Homicide,2022,Q1,0
Weston Creek,Homicide,2022,Q2,0
Weston Creek,Homicide,2022,Q3,0
Weston Creek,Homicide,2022,Q4,0
Weston Creek,Homicide,2023,Q1,0
Weston Creek,Homicide,2023,Q2,0
Weston Creek,Homicide,2023,Q3,1
Weston Creek,Homicide,2023,Q4,0
Weston Creek,Homicide,2024,Q1,0
Weston Creek,Homicide,2024,Q2,0
Weston Creek,Homicide,2024,Q3,0
Weston Creek,Homicide,2024,Q4,0
Weston Creek,Homicide,2025,Q1,1
Weston Creek,Homicide,2025,Q2,0
Weston Creek,Other,2014,Q1,101
Weston Creek,Other,2014,Q2,77
Weston Creek,Other,2014,Q3,94
Weston Creek,Other,2014,Q4,87
Weston Creek,Other,2015,Q1,88
Weston Creek,Other,2015,Q2,109
Weston Creek,Other,2015,Q3,105
Weston Creek,Other,2015,Q4,86
Weston Creek,Other,2016,Q1,228
Weston Creek,Other,2016,Q2,70
Weston Creek,Other,2016,Q3,100
Weston Creek,Other,2016,Q4,97
Weston Creek,Other,2017,Q1,98
Weston Creek,Other,2017,Q2,80
Weston Creek,Other,2017,Q3,115
Weston Creek,Other,2017,Q4,124
Weston Creek,Other,2018,Q1,103
Weston Creek,Other,2018,Q2,81
Weston Creek,Other,2018,Q3,91
Weston Creek,Other,2018,Q4,80
Weston Creek,Other,2019,Q1,81
Weston Creek,Other,2019,Q2,80
Weston Creek,Other,2019,Q3,75
Weston Creek,Other,2019,Q4,113
Weston Creek,Other,2020,Q1,99
Weston Creek,Other,2020,Q2,148
Weston Creek,Other,2020,Q3,112
Weston Creek,Other,2020,Q4,101
Weston Creek,Other,2021,Q1,247
Weston Creek,Other,2021,Q2,116
Weston Creek,Other,2021,Q3,90
Weston Creek,Other,2021,Q4,91
Weston Creek,Other,2022,Q1,62
Weston Creek,Other,2022,Q2,86
Weston Creek,Other,2022,Q3,85
Weston Creek,Other,2022,Q4,101
Weston Creek,Other,2023,Q1,117
Weston Creek,Other,2023,Q2,85
Weston Creek,Other,2023,Q3,115
Weston Creek,Other,2023,Q4,60
Weston Creek,Other,2024,Q1,44
Weston Creek,Other,2024,Q2,61
Weston Creek,Other,2024,Q3,72
Weston Creek,Other,2024,Q4,66
Weston Creek,Other,2025,Q1,109
Weston Creek,Other,2025,Q2,125
Weston Creek,Property Damage,2014,Q1,40
Weston Creek,Property Damage,2014,Q2,45
Weston Creek,Property Damage,2014,Q3,45
Weston Creek,Property Damage,2014,Q4,74
Weston Creek,Property Damage,2015,Q1,68
Weston Creek,Property Damage,2015,Q2,57
Weston Creek,Property Damage,2015,Q3,49
Weston Creek,Property Damage,2015,Q4,64
Weston Creek,Property Damage,2016,Q1,53
Weston Creek,Property Damage,2016,Q2,75
Weston Creek,Property Damage,2016,Q3,48
Weston Creek,Property Damage,2016,Q4,39
Weston Creek,Property Damage,2017,Q1,53
Weston Creek,Property Damage,2017,Q2,43
Weston Creek,Property Damage,2017,Q3,54
Weston Creek,Property Damage,2017,Q4,41
Weston Creek,Property Damage,2018,Q1,41
Weston Creek,Property Damage,2018,Q2,40
Weston Creek,Property Damage,2018,Q3,34
Weston Creek,Property Damage,2018,Q4,54
Weston Creek,Property Damage,2019,Q1,44
Weston Creek,Property Damage,2019,Q2,58
Weston Creek,Property Damage,2019,Q3,66
Weston Creek,Property Damage,2019,Q4,83
Weston Creek,Property Damage,2020,Q1,48
Weston Creek,Property Damage,2020,Q2,42
Weston Creek,Property Damage,2020,Q3,40
Weston Creek,Property Damage,2020,Q4,34
Weston Creek,Property Damage,2021,Q1,34
Weston Creek,Property Damage,2021,Q2,42
Weston Creek,Property Damage,2021,Q3,44
Weston Creek,Property Damage,2021,Q4,42
Weston Creek,Property Damage,2022,Q1,36
Weston Creek,Property Damage,2022,Q2,28
Weston Creek,Property Damage,2022,Q3,47
Weston Creek,Property Damage,2022,Q4,29
Weston Creek,Property Damage,2023,Q1,44
Weston Creek,Property Damage,2023,Q2,32
Weston Creek,Property Damage,2023,Q3,60
Weston Creek,Property Damage,2023,Q4,38
Weston Creek,Property Damage,2024,Q1,25
Weston Creek,Property Damage,2024,Q2,17
Weston Creek,Property Damage,2024,Q3,26
Weston Creek,Property Damage,2024,Q4,32
Weston Creek,Property Damage,2025,Q1,13
Weston Creek,Property Damage,2025,Q2,18
Weston Creek,Robbery,2014,Q1,2
Weston Creek,Robbery,2014,Q2,3
Weston Creek,Robbery,2014,Q3,9
Weston Creek,Robbery,2014,Q4,4
Weston Creek,Robbery,2015,Q1,2
Weston Creek,Robbery,2015,Q2,0
Weston Creek,Robbery,2015,Q3,0
Weston Creek,Robbery,2015,Q4,0
Weston Creek,Robbery,2016,Q1,0
Weston Creek,Robbery,2016,Q2,1
Weston Creek,Robbery,2016,Q3,3
Weston Creek,Robbery,2016,Q4,3
Weston Creek,Robbery,2017,Q1,3
Weston Creek,Robbery,2017,Q2,2
Weston Creek,Robbery,2017,Q3,3
Weston Creek,Robbery,2017,Q4,3
Weston Creek,Robbery,2018,Q1,6
Weston Creek,Robbery,2018,Q2,2
Weston Creek,Robbery,2018,Q3,1
Weston Creek,Robbery,2018,Q4,0
Weston Creek,Robbery,2019,Q1,2
Weston Creek,Robbery,2019,Q2,0
Weston Creek,Robbery,2019,Q3,7
Weston Creek,Robbery,2019,Q4,2
Weston Creek,Robbery,2020,Q1,1
Weston Creek,Robbery,2020,Q2,1
Weston Creek,Robbery,2020,Q3,3
Weston Creek,Robbery,2020,Q4,1
Weston Creek,Robbery,2021,Q1,2
Weston Creek,Robbery,2021,Q2,3
Weston Creek,Robbery,2021,Q3,1
Weston Creek,Robbery,2021,Q4,2
Weston Creek,Robbery,2022,Q1,2
Weston Creek,Robbery,2022,Q2,6
Weston Creek,Robbery,2022,Q3,1
Weston Creek,Robbery,2022,Q4,1
Weston Creek,Robbery,2023,Q1,3
Weston Creek,Robbery,2023,Q2,2
Weston Creek,Robbery,2023,Q3,0
Weston Creek,Robbery,2023,Q4,1
Weston Creek,Robbery,2024,Q1,1
Weston Creek,Robbery,2024,Q2,0
Weston Creek,Robbery,2024,Q3,0
Weston Creek,Robbery,2024,Q4,1
Weston Creek,Robbery,2025,Q1,1
Weston Creek,Robbery,2025,Q2,1
Weston Creek,Sexual Assault,2014,Q1,11
Weston Creek,Sexual Assault,2014,Q2,1
Weston Creek,Sexual Assault,2014,Q3,2
Weston Creek,Sexual Assault,2014,Q4,6
Weston Creek,Sexual Assault,2015,Q1,3
Weston Creek,Sexual Assault,2015,Q2,5
Weston Creek,Sexual Assault,2015,Q3,23
Weston Creek,Sexual Assault,2015,Q4,8
Weston Creek,Sexual Assault,2016,Q1,3
Weston Creek,Sexual Assault,2016,Q2,9
Weston Creek,Sexual Assault,2016,Q3,5
Weston Creek,Sexual Assault,2016,Q4,9
Weston Creek,Sexual Assault,2017,Q1,4
Weston Creek,Sexual Assault,2017,Q2,4
Weston Creek,Sexual Assault,2017,Q3,5
Weston Creek,Sexual Assault,2017,Q4,5
Weston Creek,Sexual Assault,2018,Q1,1
Weston Creek,Sexual Assault,2018,Q2,2
Weston Creek,Sexual Assault,2018,Q3,4
Weston Creek,Sexual Assault,2018,Q4,7
Weston Creek,Sexual Assault,2019,Q1,20
Weston Creek,Sexual Assault,2019,Q2,1
Weston Creek,Sexual Assault,2019,Q3,5
Weston Creek,Sexual Assault,2019,Q4,5
Weston Creek,Sexual Assault,2020,Q1,2
Weston Creek,Sexual Assault,2020,Q2,15
Weston Creek,Sexual Assault,2020,Q3,4
Weston Creek,Sexual Assault,2020,Q4,8
Weston Creek,Sexual Assault,2021,Q1,8
Weston Creek,Sexual Assault,2021,Q2,3
Weston Creek,Sexual Assault,2021,Q3,1
Weston Creek,Sexual Assault,2021,Q4,5
Weston Creek,Sexual Assault,2022,Q1,6
Weston Creek,Sexual Assault,2022,Q2,2
Weston Creek,Sexual Assault,2022,Q3,8
Weston Creek,Sexual Assault,2022,Q4,2
Weston Creek,Sexual Assault,2023,Q1,13
Weston Creek,Sexual Assault,2023,Q2,15
Weston Creek,Sexual Assault,2023,Q3,3
Weston Creek,Sexual Assault,2023,Q4,8
Weston Creek,Sexual Assault,2024,Q1,5
Weston Creek,Sexual Assault,2024,Q2,2
Weston Creek,Sexual Assault,2024,Q3,0
Weston Creek,Sexual Assault,2024,Q4,7
Weston Creek,Sexual Assault,2025,Q1,2
Weston Creek,Sexual Assault,2025,Q2,3
Weston Creek,TINs,2014,Q1,125
Weston Creek,TINs,2014,Q2,87
Weston Creek,TINs,2014,Q3,113
Weston Creek,TINs,2014,Q4,75
Weston Creek,TINs,2015,Q1,63
Weston Creek,TINs,2015,Q2,75
Weston Creek,TINs,2015,Q3,75
Weston Creek,TINs,2015,Q4,83
Weston Creek,TINs,2016,Q1,35
Weston Creek,TINs,2016,Q2,51
Weston Creek,TINs,2016,Q3,67
Weston Creek,TINs,2016,Q4,52
Weston Creek,TINs,2017,Q1,47
Weston Creek,TINs,2017,Q2,51
Weston Creek,TINs,2017,Q3,62
Weston Creek,TINs,2017,Q4,41
Weston Creek,TINs,2018,Q1,52
Weston Creek,TINs,2018,Q2,33
Weston Creek,TINs,2018,Q3,53
Weston Creek,TINs,2018,Q4,33
Weston Creek,TINs,2019,Q1,24
Weston Creek,TINs,2019,Q2,41
Weston Creek,TINs,2019,Q3,20
Weston Creek,TINs,2019,Q4,19
Weston Creek,TINs,2020,Q1,36
Weston Creek,TINs,2020,Q2,61
Weston Creek,TINs,2020,Q3,44
Weston Creek,TINs,2020,Q4,27
Weston Creek,TINs,2021,Q1,31
Weston Creek,TINs,2021,Q2,23
Weston Creek,TINs,2021,Q3,20
Weston Creek,TINs,2021,Q4,15
Weston Creek,TINs,2022,Q1,14
Weston Creek,TINs,2022,Q2,11
Weston Creek,TINs,2022,Q3,18
Weston Creek,TINs,2022,Q4,13
Weston Creek,TINs,2023,Q1,21
Weston Creek,TINs,2023,Q2,36
Weston Creek,TINs,2023,Q3,26
Weston Creek,TINs,2023,Q4,14
Weston Creek,TINs,2024,Q1,30
Weston Creek,TINs,2024,Q2,26
Weston Creek,TINs,2024,Q3,32
Weston Creek,TINs,2024,Q4,31
Weston Creek,TINs,2025,Q1,64
Weston Creek,TINs,2025,Q2,58
Weston Creek,Theft,2014,Q1,67
Weston Creek,Theft,2014,Q2,73
Weston Creek,Theft,2014,Q3,96
Weston Creek,Theft,2014,Q4,113
Weston Creek,Theft,2015,Q1,151
Weston Creek,Theft,2015,Q2,143
Weston Creek,Theft,2015,Q3,141
Weston Creek,Theft,2015,Q4,198
Weston Creek,Theft,2016,Q1,127
Weston Creek,Theft,2016,Q2,170
Weston Creek,Theft,2016,Q3,100
Weston Creek,Theft,2016,Q4,90
Weston Creek,Theft,2017,Q1,94
Weston Creek,Theft,2017,Q2,91
Weston Creek,Theft,2017,Q3,108
Weston Creek,Theft,2017,Q4,124
Weston Creek,Theft,2018,Q1,119
Weston Creek,Theft,2018,Q2,87
Weston Creek,Theft,2018,Q3,61
Weston Creek,Theft,2018,Q4,92
Weston Creek,Theft,2019,Q1,61
Weston Creek,Theft,2019,Q2,109
Weston Creek,Theft,2019,Q3,131
Weston Creek,Theft,2019,Q4,155
Weston Creek,Theft,2020,Q1,138
Weston Creek,Theft,2020,Q2,98
Weston Creek,Theft,2020,Q3,80
Weston Creek,Theft,2020,Q4,100
Weston Creek,Theft,2021,Q1,102
Weston Creek,Theft,2021,Q2,76
Weston Creek,Theft,2021,Q3,86
Weston Creek,Theft,2021,Q4,79
Weston Creek,Theft,2022,Q1,89
Weston Creek,Theft,2022,Q2,91
Weston Creek,Theft,2022,Q3,68
Weston Creek,Theft,2022,Q4,71
Weston Creek,Theft,2023,Q1,101
Weston Creek,Theft,2023,Q2,73
Weston Creek,Theft,2023,Q3,45
Weston Creek,Theft,2023,Q4,54
Weston Creek,Theft,2024,Q1,41
Weston Creek,Theft,2024,Q2,44
Weston Creek,Theft,2024,Q3,47
Weston Creek,Theft,2024,Q4,66
Weston Creek,Theft,2025,Q1,51
Weston Creek,Theft,2025,Q2,42
Woden,Assault,2014,Q1,24
Woden,Assault,2014,Q2,30
Woden,Assault,2014,Q3,32
Woden,Assault,2014,Q4,26
Woden,Assault,2015,Q1,34
Woden,Assault,2015,Q2,30
Woden,Assault,2015,Q3,22
Woden,Assault,2015,Q4,32
Woden,Assault,2016,Q1,28
Woden,Assault,2016,Q2,30
Woden,Assault,2016,Q3,32
Woden,Assault,2016,Q4,37
Woden,Assault,2017,Q1,33
Woden,Assault,2017,Q2,35
Woden,Assault,2017,Q3,37
Woden,Assault,2017,Q4,45
Woden,Assault,2018,Q1,50
Woden,Assault,2018,Q2,28
Woden,Assault,2018,Q3,45
Woden,Assault,2018,Q4,48
Woden,Assault,2019,Q1,34
Woden,Assault,2019,Q2,47
Woden,Assault,2019,Q3,41
Woden,Assault,2019,Q4,34
Woden,Assault,2020,Q1,34
Woden,Assault,2020,Q2,26
Woden,Assault,2020,Q3,36
Woden,Assault,2020,Q4,27
Woden,Assault,2021,Q1,44
Woden,Assault,2021,Q2,32
Woden,Assault,2021,Q3,38
Woden,Assault,2021,Q4,34
Woden,Assault,2022,Q1,24
Woden,Assault,2022,Q2,24
Woden,Assault,2022,Q3,55
Woden,Assault,2022,Q4,50
Woden,Assault,2023,Q1,46
Woden,Assault,2023,Q2,39
Woden,Assault,2023,Q3,44
Woden,Assault,2023,Q4,46
Woden,Assault,2024,Q1,34
Woden,Assault,2024,Q2,31
Woden,Assault,2024,Q3,52
Woden,Assault,2024,Q4,34
Woden,Assault,2025,Q1,27
Woden,Assault,2025,Q2,36
Woden,Burglary,2014,Q1,39
Woden,Burglary,2014,Q2,64
Woden,Burglary,2014,Q3,53
Woden,Burglary,2014,Q4,30
Woden,Burglary,2015,Q1,24
Woden,Burglary,2015,Q2,67
Woden,Burglary,2015,Q3,42
Woden,Burglary,2015,Q4,84
Woden,Burglary,2016,Q1,63
Woden,Burglary,2016,Q2,61
Woden,Burglary,2016,Q3,38
Woden,Burglary,2016,Q4,40
Woden,Burglary,2017,Q1,45
Woden,Burglary,2017,Q2,51
Woden,Burglary,2017,Q3,66
Woden,Burglary,2017,Q4,66
Woden,Burglary,2018,Q1,43
Woden,Burglary,2018,Q2,72
Woden,Burglary,2018,Q3,46
Woden,Burglary,2018,Q4,37
Woden,Burglary,2019,Q1,38
Woden,Burglary,2019,Q2,54
Woden,Burglary,2019,Q3,40
Woden,Burglary,2019,Q4,46
Woden,Burglary,2020,Q1,43
Woden,Burglary,2020,Q2,39
Woden,Burglary,2020,Q3,30
Woden,Burglary,2020,Q4,44
Woden,Burglary,2021,Q1,37
Woden,Burglary,2021,Q2,29
Woden,Burglary,2021,Q3,45
Woden,Burglary,2021,Q4,51
Woden,Burglary,2022,Q1,47
Woden,Burglary,2022,Q2,52
Woden,Burglary,2022,Q3,44
Woden,Burglary,2022,Q4,52
Woden,Burglary,2023,Q1,44
Woden,Burglary,2023,Q2,53
Woden,Burglary,2023,Q3,63
Woden,Burglary,2023,Q4,51
Woden,Burglary,2024,Q1,33
Woden,Burglary,2024,Q2,27
Woden,Burglary,2024,Q3,32
Woden,Burglary,2024,Q4,29
Woden,Burglary,2025,Q1,24
Woden,Burglary,2025,Q2,21
Woden,CINs,2014,Q1,1
Woden,CINs,2014,Q2,1
Woden,CINs,2014,Q3,3
Woden,CINs,2014,Q4,0
Woden,CINs,2015,Q1,1
Woden,CINs,2015,Q2,1
Woden,CINs,2015,Q3,0
Woden,CINs,2015,Q4,0
Woden,CINs,2016,Q1,1
Woden,CINs,2016,Q2,2
Woden,CINs,2016,Q3,0
Woden,CINs,2016,Q4,2
Woden,CINs,2017,Q1,1
Woden,CINs,2017,Q2,0
Woden,CINs,2017,Q3,3
Woden,CINs,2017,Q4,0
Woden,CINs,2018,Q1,0
Woden,CINs,2018,Q2,0
Woden,CINs,2018,Q3,0
Woden,CINs,2018,Q4,0
Woden,CINs,2019,Q1,0
Woden,CINs,2019,Q2,1
Woden,CINs,2019,Q3,0
Woden,CINs,2019,Q4,0
Woden,CINs,2020,Q1,1
Woden,CINs,2020,Q2,1
Woden,CINs,2020,Q3,1
Woden,CINs,2020,Q4,0
Woden,CINs,2021,Q1,0
Woden,CINs,2021,Q2,1
Woden,CINs,2021,Q3,3
Woden,CINs,2021,Q4,1
Woden,CINs,2022,Q1,0
Woden,CINs,2022,Q2,0
Woden,CINs,2022,Q3,0
Woden,CINs,2022,Q4,0
Woden,CINs,2023,Q1,0
Woden,CINs,2023,Q2,0
Woden,CINs,2023,Q3,0
Woden,CINs,2023,Q4,0
Woden,CINs,2024,Q1,0
Woden,CINs,2024,Q2,0
Woden,CINs,2024,Q3,0
Woden,CINs,2024,Q4,0
Woden,CINs,2025,Q1,0
Woden,CINs,2025,Q2,0
Woden,Family Violence,2014,Q1,12
Woden,Family Violence,2014,Q2,15
Woden,Family Violence,2014,Q3,9
Woden,Family Violence,2014,Q4,8
Woden,Family Violence,2015,Q1,15
Woden,Family Violence,2015,Q2,12
Woden,Family Violence,2015,Q3,13
Woden,Family Violence,2015,Q4,28
Woden,Family Violence,2016,Q1,22
Woden,Family Violence,2016,Q2,20
Woden,Family Violence,2016,Q3,35
Woden,Family Violence,2016,Q4,23
Woden,Family Violence,2017,Q1,17
Woden,Family Violence,2017,Q2,17
Woden,Family Violence,2017,Q3,22
Woden,Family Violence,2017,Q4,30
Woden,Family Violence,2018,Q1,22
Woden,Family Violence,2018,Q2,24
Woden,Family Violence,2018,Q3,22
Woden,Family Violence,2018,Q4,25
Woden,Family Violence,2019,Q1,16
Woden,Family Violence,2019,Q2,21
Woden,Family Violence,2019,Q3,15
Woden,Family Violence,2019,Q4,26
Woden,Family Violence,2020,Q1,26
Woden,Family Violence,2020,Q2,20
Woden,Family Violence,2020,Q3,27
Woden,Family Violence,2020,Q4,12
Woden,Family Violence,2021,Q1,15
Woden,Family Violence,2021,Q2,19
Woden,Family Violence,2021,Q3,15
Woden,Family Violence,2021,Q4,16
Woden,Family Violence,2022,Q1,18
Woden,Family Violence,2022,Q2,33
Woden,Family Violence,2022,Q3,16
Woden,Family Violence,2022,Q4,59
Woden,Family Violence,2023,Q1,31
Woden,Family Violence,2023,Q2,40
Woden,Family Violence,2023,Q3,48
Woden,Family Violence,2023,Q4,20
Woden,Family Violence,2024,Q1,28
Woden,Family Violence,2024,Q2,15
Woden,Family Violence,2024,Q3,35
Woden,Family Violence,2024,Q4,25
Woden,Family Violence,2025,Q1,33
Woden,Family Violence,2025,Q2,28
Woden,Homicide,2014,Q1,1
Woden,Homicide,2014,Q2,0
Woden,Homicide,2014,Q3,0
Woden,Homicide,2014,Q4,0
Woden,Homicide,2015,Q1,0
Woden,Homicide,2015,Q2,0
Woden,Homicide,2015,Q3,0
Woden,Homicide,2015,Q4,0
Woden,Homicide,2016,Q1,0
Woden,Homicide,2016,Q2,0
Woden,Homicide,2016,Q3,0
Woden,Homicide,2016,Q4,0
Woden,Homicide,2017,Q1,0
Woden,Homicide,2017,Q2,0
Woden,Homicide,2017,Q3,0
Woden,Homicide,2017,Q4,0
Woden,Homicide,2018,Q1,2
Woden,Homicide,2018,Q2,1
Woden,Homicide,2018,Q3,2
Woden,Homicide,2018,Q4,0
Woden,Homicide,2019,Q1,1
Woden,Homicide,2019,Q2,0
Woden,Homicide,2019,Q3,0
Woden,Homicide,2019,Q4,1
Woden,Homicide,2020,Q1,0
Woden,Homicide,2020,Q2,0
Woden,Homicide,2020,Q3,0
Woden,Homicide,2020,Q4,2
Woden,Homicide,2021,Q1,0
Woden,Homicide,2021,Q2,1
Woden,Homicide,2021,Q3,0
Woden,Homicide,2021,Q4,0
Woden,Homicide,2022,Q1,0
Woden,Homicide,2022,Q2,2
Woden,Homicide,2022,Q3,0
Woden,Homicide,2022,Q4,1
Woden,Homicide,2023,Q1,0
Woden,Homicide,2023,Q2,0
Woden,Homicide,2023,Q3,0
Woden,Homicide,2023,Q4,0
Woden,Homicide,2024,Q1,0
Woden,Homicide,2024,Q2,0
Woden,Homicide,2024,Q3,0
Woden,Homicide,2024,Q4,0
Woden,Homicide,2025,Q1,0
Woden,Homicide,2025,Q2,0
Woden,Other,2014,Q1,186
Woden,Other,2014,Q2,221
Woden,Other,2014,Q3,269
Woden,Other,2014,Q4,307
Woden,Other,2015,Q1,171
Woden,Other,2015,Q2,173
Woden,Other,2015,Q3,186
Woden,Other,2015,Q4,207
Woden,Other,2016,Q1,145
Woden,Other,2016,Q2,174
Woden,Other,2016,Q3,223
Woden,Other,2016,Q4,253
Woden,Other,2017,Q1,241
Woden,Other,2017,Q2,225
Woden,Other,2017,Q3,248
Woden,Other,2017,Q4,219
Woden,Other,2018,Q1,261
Woden,Other,2018,Q2,251
Woden,Other,2018,Q3,234
Woden,Other,2018,Q4,190
Woden,Other,2019,Q1,176
Woden,Other,2019,Q2,188
Woden,Other,2019,Q3,145
Woden,Other,2019,Q4,193
Woden,Other,2020,Q1,228
Woden,Other,2020,Q2,209
Woden,Other,2020,Q3,153
Woden,Other,2020,Q4,149
Woden,Other,2021,Q1,176
Woden,Other,2021,Q2,178
Woden,Other,2021,Q3,148
Woden,Other,2021,Q4,190
Woden,Other,2022,Q1,151
Woden,Other,2022,Q2,179
Woden,Other,2022,Q3,158
Woden,Other,2022,Q4,144
Woden,Other,2023,Q1,160
Woden,Other,2023,Q2,152
Woden,Other,2023,Q3,158
Woden,Other,2023,Q4,127
Woden,Other,2024,Q1,138
Woden,Other,2024,Q2,134
Woden,Other,2024,Q3,116
Woden,Other,2024,Q4,169
Woden,Other,2025,Q1,171
Woden,Other,2025,Q2,181
Woden,Property Damage,2014,Q1,103
Woden,Property Damage,2014,Q2,116
Woden,Property Damage,2014,Q3,119
Woden,Property Damage,2014,Q4,113
Woden,Property Damage,2015,Q1,113
Woden,Property Damage,2015,Q2,148
Woden,Property Damage,2015,Q3,129
Woden,Property Damage,2015,Q4,126
Woden,Property Damage,2016,Q1,88
Woden,Property Damage,2016,Q2,129
Woden,Property Damage,2016,Q3,111
Woden,Property Damage,2016,Q4,94
Woden,Property Damage,2017,Q1,115
Woden,Property Damage,2017,Q2,123
Woden,Property Damage,2017,Q3,140
Woden,Property Damage,2017,Q4,123
Woden,Property Damage,2018,Q1,107
Woden,Property Damage,2018,Q2,113
Woden,Property Damage,2018,Q3,92
Woden,Property Damage,2018,Q4,137
Woden,Property Damage,2019,Q1,120
Woden,Property Damage,2019,Q2,107
Woden,Property Damage,2019,Q3,95
Woden,Property Damage,2019,Q4,89
Woden,Property Damage,2020,Q1,100
Woden,Property Damage,2020,Q2,72
Woden,Property Damage,2020,Q3,65
Woden,Property Damage,2020,Q4,72
Woden,Property Damage,2021,Q1,57
Woden,Property Damage,2021,Q2,62
Woden,Property Damage,2021,Q3,79
Woden,Property Damage,2021,Q4,72
Woden,Property Damage,2022,Q1,60
Woden,Property Damage,2022,Q2,75
Woden,Property Damage,2022,Q3,99
Woden,Property Damage,2022,Q4,57
Woden,Property Damage,2023,Q1,81
Woden,Property Damage,2023,Q2,52
Woden,Property Damage,2023,Q3,80
Woden,Property Damage,2023,Q4,79
Woden,Property Damage,2024,Q1,67
Woden,Property Damage,2024,Q2,58
Woden,Property Damage,2024,Q3,70
Woden,Property Damage,2024,Q4,65
Woden,Property Damage,2025,Q1,74
Woden,Property Damage,2025,Q2,40
Woden,Robbery,2014,Q1,5
Woden,Robbery,2014,Q2,3
Woden,Robbery,2014,Q3,4
Woden,Robbery,2014,Q4,10
Woden,Robbery,2015,Q1,3
Woden,Robbery,2015,Q2,4
Woden,Robbery,2015,Q3,6
Woden,Robbery,2015,Q4,3
Woden,Robbery,2016,Q1,1
Woden,Robbery,2016,Q2,1
Woden,Robbery,2016,Q3,8
Woden,Robbery,2016,Q4,4
Woden,Robbery,2017,Q1,6
Woden,Robbery,2017,Q2,4
Woden,Robbery,2017,Q3,9
Woden,Robbery,2017,Q4,5
Woden,Robbery,2018,Q1,12
Woden,Robbery,2018,Q2,7
Woden,Robbery,2018,Q3,9
Woden,Robbery,2018,Q4,8
Woden,Robbery,2019,Q1,3
Woden,Robbery,2019,Q2,4
Woden,Robbery,2019,Q3,11
Woden,Robbery,2019,Q4,2
Woden,Robbery,2020,Q1,0
Woden,Robbery,2020,Q2,1
Woden,Robbery,2020,Q3,2
Woden,Robbery,2020,Q4,3
Woden,Robbery,2021,Q1,3
Woden,Robbery,2021,Q2,2
Woden,Robbery,2021,Q3,7
Woden,Robbery,2021,Q4,5
Woden,Robbery,2022,Q1,3
Woden,Robbery,2022,Q2,4
Woden,Robbery,2022,Q3,4
Woden,Robbery,2022,Q4,11
Woden,Robbery,2023,Q1,5
Woden,Robbery,2023,Q2,4
Woden,Robbery,2023,Q3,6
Woden,Robbery,2023,Q4,2
Woden,Robbery,2024,Q1,3
Woden,Robbery,2024,Q2,2
Woden,Robbery,2024,Q3,4
Woden,Robbery,2024,Q4,7
Woden,Robbery,2025,Q1,2
Woden,Robbery,2025,Q2,9
Woden,Sexual Assault,2014,Q1,8
Woden,Sexual Assault,2014,Q2,18
Woden,Sexual Assault,2014,Q3,10
Woden,Sexual Assault,2014,Q4,13
Woden,Sexual Assault,2015,Q1,44
Woden,Sexual Assault,2015,Q2,4
Woden,Sexual Assault,2015,Q3,7
Woden,Sexual Assault,2015,Q4,10
Woden,Sexual Assault,2016,Q1,7
Woden,Sexual Assault,2016,Q2,12
Woden,Sexual Assault,2016,Q3,12
Woden,Sexual Assault,2016,Q4,16
Woden,Sexual Assault,2017,Q1,14
Woden,Sexual Assault,2017,Q2,10
Woden,Sexual Assault,2017,Q3,14
Woden,Sexual Assault,2017,Q4,10
Woden,Sexual Assault,2018,Q1,9
Woden,Sexual Assault,2018,Q2,14
Woden,Sexual Assault,2018,Q3,9
Woden,Sexual Assault,2018,Q4,20
Woden,Sexual Assault,2019,Q1,12
Woden,Sexual Assault,2019,Q2,16
Woden,Sexual Assault,2019,Q3,13
Woden,Sexual Assault,2019,Q4,9
Woden,Sexual Assault,2020,Q1,9
Woden,Sexual Assault,2020,Q2,15
Woden,Sexual Assault,2020,Q3,10
Woden,Sexual Assault,2020,Q4,30
Woden,Sexual Assault,2021,Q1,9
Woden,Sexual Assault,2021,Q2,10
Woden,Sexual Assault,2021,Q3,4
Woden,Sexual Assault,2021,Q4,13
Woden,Sexual Assault,2022,Q1,7
Woden,Sexual Assault,2022,Q2,12
Woden,Sexual Assault,2022,Q3,21
Woden,Sexual Assault,2022,Q4,18
Woden,Sexual Assault,2023,Q1,13
Woden,Sexual Assault,2023,Q2,25
Woden,Sexual Assault,2023,Q3,29
Woden,Sexual Assault,2023,Q4,10
Woden,Sexual Assault,2024,Q1,18
Woden,Sexual Assault,2024,Q2,17
Woden,Sexual Assault,2024,Q3,6
Woden,Sexual Assault,2024,Q4,11
Woden,Sexual Assault,2025,Q1,10
Woden,Sexual Assault,2025,Q2,12
Woden,TINs,2014,Q1,186
Woden,TINs,2014,Q2,237
Woden,TINs,2014,Q3,289
Woden,TINs,2014,Q4,200
Woden,TINs,2015,Q1,148
Woden,TINs,2015,Q2,148
Woden,TINs,2015,Q3,214
Woden,TINs,2015,Q4,103
Woden,TINs,2016,Q1,81
Woden,TINs,2016,Q2,120
Woden,TINs,2016,Q3,187
Woden,TINs,2016,Q4,111
Woden,TINs,2017,Q1,202
Woden,TINs,2017,Q2,216
Woden,TINs,2017,Q3,162
Woden,TINs,2017,Q4,171
Woden,TINs,2018,Q1,225
Woden,TINs,2018,Q2,145
Woden,TINs,2018,Q3,152
Woden,TINs,2018,Q4,111
Woden,TINs,2019,Q1,103
Woden,TINs,2019,Q2,110
Woden,TINs,2019,Q3,90
Woden,TINs,2019,Q4,136
Woden,TINs,2020,Q1,79
Woden,TINs,2020,Q2,125
Woden,TINs,2020,Q3,90
Woden,TINs,2020,Q4,75
Woden,TINs,2021,Q1,95
Woden,TINs,2021,Q2,109
Woden,TINs,2021,Q3,38
Woden,TINs,2021,Q4,64
Woden,TINs,2022,Q1,45
Woden,TINs,2022,Q2,49
Woden,TINs,2022,Q3,67
Woden,TINs,2022,Q4,58
Woden,TINs,2023,Q1,55
Woden,TINs,2023,Q2,72
Woden,TINs,2023,Q3,91
Woden,TINs,2023,Q4,56
Woden,TINs,2024,Q1,73
Woden,TINs,2024,Q2,77
Woden,TINs,2024,Q3,99
Woden,TINs,2024,Q4,138
Woden,TINs,2025,Q1,185
Woden,TINs,2025,Q2,176
Woden,Theft,2014,Q1,312
Woden,Theft,2014,Q2,269
Woden,Theft,2014,Q3,255
Woden,Theft,2014,Q4,296
Woden,Theft,2015,Q1,265
Woden,Theft,2015,Q2,352
Woden,Theft,2015,Q3,310
Woden,Theft,2015,Q4,345
Woden,Theft,2016,Q1,229
Woden,Theft,2016,Q2,292
Woden,Theft,2016,Q3,323
Woden,Theft,2016,Q4,261
Woden,Theft,2017,Q1,284
Woden,Theft,2017,Q2,261
Woden,Theft,2017,Q3,374
Woden,Theft,2017,Q4,354
Woden,Theft,2018,Q1,329
Woden,Theft,2018,Q2,399
Woden,Theft,2018,Q3,220
Woden,Theft,2018,Q4,222
Woden,Theft,2019,Q1,196
Woden,Theft,2019,Q2,242
Woden,Theft,2019,Q3,185
Woden,Theft,2019,Q4,204
Woden,Theft,2020,Q1,210
Woden,Theft,2020,Q2,134
Woden,Theft,2020,Q3,122
Woden,Theft,2020,Q4,189
Woden,Theft,2021,Q1,209
Woden,Theft,2021,Q2,185
Woden,Theft,2021,Q3,180
Woden,Theft,2021,Q4,277
Woden,Theft,2022,Q1,196
Woden,Theft,2022,Q2,236
Woden,Theft,2022,Q3,226
Woden,Theft,2022,Q4,154
Woden,Theft,2023,Q1,194
Woden,Theft,2023,Q2,198
Woden,Theft,2023,Q3,241
Woden,Theft,2023,Q4,193
Woden,Theft,2024,Q1,219
Woden,Theft,2024,Q2,178
Woden,Theft,2024,Q3,167
Woden,Theft,2024,Q4,164
Woden,Theft,2025,Q1,142
Woden,Theft,2025,Q2,163
