Region,Crime,Year,Quarter,Number,Population,Rate,Date,COVID
Belconnen,All Crime,2014,Q1,2543,97058,26.20082837066496,2014-01-01,Pre
Belconnen,All Crime,2014,Q2,2408,97058,24.80990747800284,2014-04-01,Pre
Belconnen,All Crime,2014,Q3,2527,97058,26.03597848709019,2014-07-01,Pre
Belconnen,All Crime,2014,Q4,2412,97058,24.851119948896535,2014-10-01,Pre
Belconnen,All Crime,2015,Q1,2353,96906,24.28126225414319,2015-01-01,Pre
Belconnen,All Crime,2015,Q2,2333,96906,24.07487668462221,2015-04-01,Pre
Belconnen,All Crime,2015,Q3,2467,96906,25.45766000041277,2015-07-01,Pre
Belconnen,All Crime,2015,Q4,2463,96906,25.416382886508575,2015-10-01,Pre
Belconnen,All Crime,2016,Q1,2177,97106,22.41880007414578,2016-01-01,Pre
Belconnen,All Crime,2016,Q2,2570,97106,26.465923835808294,2016-04-01,Pre
Belconnen,All Crime,2016,Q3,2770,97106,28.525528803575476,2016-07-01,Pre
Belconnen,All Crime,2016,Q4,2657,97106,27.361851996787017,2016-10-01,Pre
Belconnen,All Crime,2017,Q1,2849,98630,28.885734563520227,2017-01-01,Pre
Belconnen,All Crime,2017,Q2,2895,98630,29.35212410017236,2017-04-01,Pre
Belconnen,All Crime,2017,Q3,2834,98630,28.73365101895975,2017-07-01,Pre
Belconnen,All Crime,2017,Q4,2728,98630,27.658927304065703,2017-10-01,Pre
Belconnen,All Crime,2018,Q1,2712,99762,27.18469958501233,2018-01-01,Pre
Belconnen,All Crime,2018,Q2,2491,99762,24.96942723682364,2018-04-01,Pre
Belconnen,All Crime,2018,Q3,2923,99762,29.299733365409676,2018-07-01,Pre
Belconnen,All Crime,2018,Q4,2936,99762,29.43004350353842,2018-10-01,Pre
Belconnen,All Crime,2019,Q1,2918,100966,28.90081809718123,2019-01-01,Pre
Belconnen,All Crime,2019,Q2,2893,100966,28.65320999148228,2019-04-01,Pre
Belconnen,All Crime,2019,Q3,2597,100966,25.721530020006735,2019-07-01,Pre
Belconnen,All Crime,2019,Q4,2710,100966,26.840718657765983,2019-10-01,Pre
Belconnen,All Crime,2020,Q1,2905,101562,28.6032177389181,2020-01-01,Pre
Belconnen,All Crime,2020,Q2,2905,101562,28.6032177389181,2020-04-01,During
Belconnen,All Crime,2020,Q3,2628,101562,25.87581969634312,2020-07-01,During
Belconnen,All Crime,2020,Q4,2780,101562,27.372442448947442,2020-10-01,During
Belconnen,All Crime,2021,Q1,2218,102131,21.717206333042856,2021-01-01,During
Belconnen,All Crime,2021,Q2,2578,102131,25.242091039938902,2021-04-01,During
Belconnen,All Crime,2021,Q3,1751,102131,17.144647560486042,2021-07-01,During
Belconnen,All Crime,2021,Q4,1935,102131,18.946255299566243,2021-10-01,Post
Belconnen,All Crime,2022,Q1,1620,102929,15.739004556538973,2022-01-01,Post
Belconnen,All Crime,2022,Q2,2532,102929,24.599481195775727,2022-04-01,Post
Belconnen,All Crime,2022,Q3,1846,102929,17.934692846525273,2022-07-01,Post
Belconnen,All Crime,2022,Q4,1923,102929,18.682781334706448,2022-10-01,Post
Belconnen,All Crime,2023,Q1,1741,104235,16.702643066148607,2023-01-01,Post
Belconnen,All Crime,2023,Q2,2059,104235,19.753441742217106,2023-04-01,Post
Belconnen,All Crime,2023,Q3,1828,104235,17.537295534129612,2023-07-01,Post
Belconnen,All Crime,2023,Q4,1673,104235,16.05027102220943,2023-10-01,Post
Belconnen,All Crime,2024,Q1,1495,104459,14.31183526551087,2024-01-01,Post
Belconnen,All Crime,2024,Q2,1438,104459,13.766166629969653,2024-04-01,Post
Belconnen,All Crime,2024,Q3,1511,104459,14.465005408820685,2024-07-01,Post
Belconnen,All Crime,2024,Q4,1638,104459,15.680793421342344,2024-10-01,Post
Belconnen,All Crime,2025,Q1,1778,104929,16.944791239790714,2025-01-01,Post
Belconnen,All Crime,2025,Q2,1727,104929,16.458748296467135,2025-04-01,Post
Belconnen,Assault,2014,Q1,63,97058,0.6490964165756558,2014-01-01,Pre
Belconnen,Assault,2014,Q2,59,97058,0.6078839456819634,2014-04-01,Pre
Belconnen,Assault,2014,Q3,55,97058,0.5666714747882708,2014-07-01,Pre
Belconnen,Assault,2014,Q4,37,97058,0.38121535576665494,2014-10-01,Pre
Belconnen,Assault,2015,Q1,68,96906,0.7017109363713289,2015-01-01,Pre
Belconnen,Assault,2015,Q2,38,96906,0.39213258208986024,2015-04-01,Pre
Belconnen,Assault,2015,Q3,43,96906,0.443728974470105,2015-07-01,Pre
Belconnen,Assault,2015,Q4,56,96906,0.5778795946587414,2015-10-01,Pre
Belconnen,Assault,2016,Q1,52,97106,0.5354972916194675,2016-01-01,Pre
Belconnen,Assault,2016,Q2,57,97106,0.586987415813647,2016-04-01,Pre
Belconnen,Assault,2016,Q3,64,97106,0.6590735896854983,2016-07-01,Pre
Belconnen,Assault,2016,Q4,70,97106,0.7208617387185138,2016-10-01,Pre
Belconnen,Assault,2017,Q1,78,98630,0.7908344317144885,2017-01-01,Pre
Belconnen,Assault,2017,Q2,61,98630,0.6184730812126128,2017-04-01,Pre
Belconnen,Assault,2017,Q3,78,98630,0.7908344317144885,2017-07-01,Pre
Belconnen,Assault,2017,Q4,81,98630,0.8212511406265842,2017-10-01,Pre
Belconnen,Assault,2018,Q1,73,99762,0.7317415448768068,2018-01-01,Pre
Belconnen,Assault,2018,Q2,70,99762,0.7016699745394038,2018-04-01,Pre
Belconnen,Assault,2018,Q3,84,99762,0.8420039694472845,2018-07-01,Pre
Belconnen,Assault,2018,Q4,103,99762,1.032457248250837,2018-10-01,Pre
Belconnen,Assault,2019,Q1,88,100966,0.8715805320602976,2019-01-01,Pre
Belconnen,Assault,2019,Q2,62,100966,0.6140681021333915,2019-04-01,Pre
Belconnen,Assault,2019,Q3,88,100966,0.8715805320602976,2019-07-01,Pre
Belconnen,Assault,2019,Q4,63,100966,0.6239724263613494,2019-10-01,Pre
Belconnen,Assault,2020,Q1,79,101562,0.777849983261456,2020-01-01,Pre
Belconnen,Assault,2020,Q2,98,101562,0.9649278273369961,2020-04-01,During
Belconnen,Assault,2020,Q3,76,101562,0.7483113763021603,2020-07-01,During
Belconnen,Assault,2020,Q4,90,101562,0.886158208778874,2020-10-01,During
Belconnen,Assault,2021,Q1,84,102131,0.8224730982757439,2021-01-01,During
Belconnen,Assault,2021,Q2,96,102131,0.9399692551722787,2021-04-01,During
Belconnen,Assault,2021,Q3,63,102131,0.6168548237068079,2021-07-01,During
Belconnen,Assault,2021,Q4,81,102131,0.7930990590516102,2021-10-01,Post
Belconnen,Assault,2022,Q1,76,102929,0.7383730532697296,2022-01-01,Post
Belconnen,Assault,2022,Q2,74,102929,0.718942183446842,2022-04-01,Post
Belconnen,Assault,2022,Q3,122,102929,1.185283059196145,2022-07-01,Post
Belconnen,Assault,2022,Q4,100,102929,0.9715434911443811,2022-10-01,Post
Belconnen,Assault,2023,Q1,95,104235,0.9114021202091428,2023-01-01,Post
Belconnen,Assault,2023,Q2,87,104235,0.8346524679810045,2023-04-01,Post
Belconnen,Assault,2023,Q3,95,104235,0.9114021202091428,2023-07-01,Post
Belconnen,Assault,2023,Q4,87,104235,0.8346524679810045,2023-10-01,Post
Belconnen,Assault,2024,Q1,87,104459,0.8328626542471208,2024-01-01,Post
Belconnen,Assault,2024,Q2,87,104459,0.8328626542471208,2024-04-01,Post
Belconnen,Assault,2024,Q3,105,104459,1.0051790654706632,2024-07-01,Post
Belconnen,Assault,2024,Q4,88,104459,0.8424357882039843,2024-10-01,Post
Belconnen,Assault,2025,Q1,79,104929,0.7528900494620172,2025-01-01,Post
Belconnen,Assault,2025,Q2,82,104929,0.7814808108339925,2025-04-01,Post
Belconnen,Burglary,2014,Q1,121,97058,1.246677244534196,2014-01-01,Pre
Belconnen,Burglary,2014,Q2,102,97058,1.050918007789157,2014-04-01,Pre
Belconnen,Burglary,2014,Q3,124,97058,1.2775865977044654,2014-07-01,Pre
Belconnen,Burglary,2014,Q4,174,97058,1.7927424838756207,2014-10-01,Pre
Belconnen,Burglary,2015,Q1,113,96906,1.1660784677935319,2015-01-01,Pre
Belconnen,Burglary,2015,Q2,136,96906,1.4034218727426577,2015-04-01,Pre
Belconnen,Burglary,2015,Q3,120,96906,1.2383134171258745,2015-07-01,Pre
Belconnen,Burglary,2015,Q4,142,96906,1.4653375435989515,2015-10-01,Pre
Belconnen,Burglary,2016,Q1,99,97106,1.0195044590447553,2016-01-01,Pre
Belconnen,Burglary,2016,Q2,95,97106,0.9783123596894117,2016-04-01,Pre
Belconnen,Burglary,2016,Q3,101,97106,1.040100508722427,2016-07-01,Pre
Belconnen,Burglary,2016,Q4,82,97106,0.8444380367845448,2016-10-01,Pre
Belconnen,Burglary,2017,Q1,178,98630,1.8047247287843455,2017-01-01,Pre
Belconnen,Burglary,2017,Q2,135,98630,1.368751901044307,2017-04-01,Pre
Belconnen,Burglary,2017,Q3,125,98630,1.2673628713373213,2017-07-01,Pre
Belconnen,Burglary,2017,Q4,135,98630,1.368751901044307,2017-10-01,Pre
Belconnen,Burglary,2018,Q1,129,99762,1.29307752450833,2018-01-01,Pre
Belconnen,Burglary,2018,Q2,108,99762,1.0825765321465086,2018-04-01,Pre
Belconnen,Burglary,2018,Q3,148,99762,1.4835308033118824,2018-07-01,Pre
Belconnen,Burglary,2018,Q4,137,99762,1.3732683787414046,2018-10-01,Pre
Belconnen,Burglary,2019,Q1,181,100966,1.7926826852603848,2019-01-01,Pre
Belconnen,Burglary,2019,Q2,161,100966,1.5945962007012262,2019-04-01,Pre
Belconnen,Burglary,2019,Q3,125,100966,1.2380405284947409,2019-07-01,Pre
Belconnen,Burglary,2019,Q4,129,100966,1.2776578254065727,2019-10-01,Pre
Belconnen,Burglary,2020,Q1,112,101562,1.1027746598137098,2020-01-01,Pre
Belconnen,Burglary,2020,Q2,83,101562,0.8172347925405171,2020-04-01,During
Belconnen,Burglary,2020,Q3,102,101562,1.0043126366160573,2020-07-01,During
Belconnen,Burglary,2020,Q4,100,101562,0.9846202319765267,2020-10-01,During
Belconnen,Burglary,2021,Q1,111,102131,1.0868394512929473,2021-01-01,During
Belconnen,Burglary,2021,Q2,115,102131,1.1260048369251257,2021-04-01,During
Belconnen,Burglary,2021,Q3,86,102131,0.842055791091833,2021-07-01,During
Belconnen,Burglary,2021,Q4,95,102131,0.9301779087642341,2021-10-01,Post
Belconnen,Burglary,2022,Q1,105,102929,1.0201206657016002,2022-01-01,Post
Belconnen,Burglary,2022,Q2,116,102929,1.126990449727482,2022-04-01,Post
Belconnen,Burglary,2022,Q3,86,102929,0.8355274023841677,2022-07-01,Post
Belconnen,Burglary,2022,Q4,107,102929,1.0395515355244878,2022-10-01,Post
Belconnen,Burglary,2023,Q1,127,104235,1.2184007291216963,2023-01-01,Post
Belconnen,Burglary,2023,Q2,105,104235,1.0073391854943157,2023-04-01,Post
Belconnen,Burglary,2023,Q3,102,104235,0.9785580659087638,2023-07-01,Post
Belconnen,Burglary,2023,Q4,86,104235,0.8250587614524871,2023-10-01,Post
Belconnen,Burglary,2024,Q1,90,104459,0.8615820561177112,2024-01-01,Post
Belconnen,Burglary,2024,Q2,64,104459,0.6126805732392613,2024-04-01,Post
Belconnen,Burglary,2024,Q3,60,104459,0.5743880374118074,2024-07-01,Post
Belconnen,Burglary,2024,Q4,84,104459,0.8041432523765305,2024-10-01,Post
Belconnen,Burglary,2025,Q1,99,104929,0.9434951252751861,2025-01-01,Post
Belconnen,Burglary,2025,Q2,96,104929,0.9149043639032107,2025-04-01,Post
Belconnen,CINs,2014,Q1,7,97058,0.07212182406396175,2014-01-01,Pre
Belconnen,CINs,2014,Q2,5,97058,0.05151558861711553,2014-04-01,Pre
Belconnen,CINs,2014,Q3,3,97058,0.03090935317026932,2014-07-01,Pre
Belconnen,CINs,2014,Q4,4,97058,0.04121247089369243,2014-10-01,Pre
Belconnen,CINs,2015,Q1,5,96906,0.05159639238024477,2015-01-01,Pre
Belconnen,CINs,2015,Q2,6,96906,0.06191567085629372,2015-04-01,Pre
Belconnen,CINs,2015,Q3,2,96906,0.020638556952097906,2015-07-01,Pre
Belconnen,CINs,2015,Q4,3,96906,0.03095783542814686,2015-10-01,Pre
Belconnen,CINs,2016,Q1,7,97106,0.07208617387185139,2016-01-01,Pre
Belconnen,CINs,2016,Q2,4,97106,0.041192099355343646,2016-04-01,Pre
Belconnen,CINs,2016,Q3,4,97106,0.041192099355343646,2016-07-01,Pre
Belconnen,CINs,2016,Q4,6,97106,0.06178814903301547,2016-10-01,Pre
Belconnen,CINs,2017,Q1,2,98630,0.02027780594139714,2017-01-01,Pre
Belconnen,CINs,2017,Q2,0,98630,0.0,2017-04-01,Pre
Belconnen,CINs,2017,Q3,0,98630,0.0,2017-07-01,Pre
Belconnen,CINs,2017,Q4,1,98630,0.01013890297069857,2017-10-01,Pre
Belconnen,CINs,2018,Q1,1,99762,0.01002385677913434,2018-01-01,Pre
Belconnen,CINs,2018,Q2,1,99762,0.01002385677913434,2018-04-01,Pre
Belconnen,CINs,2018,Q3,2,99762,0.02004771355826868,2018-07-01,Pre
Belconnen,CINs,2018,Q4,0,99762,0.0,2018-10-01,Pre
Belconnen,CINs,2019,Q1,0,100966,0.0,2019-01-01,Pre
Belconnen,CINs,2019,Q2,0,100966,0.0,2019-04-01,Pre
Belconnen,CINs,2019,Q3,0,100966,0.0,2019-07-01,Pre
Belconnen,CINs,2019,Q4,2,100966,0.019808648455915855,2019-10-01,Pre
Belconnen,CINs,2020,Q1,0,101562,0.0,2020-01-01,Pre
Belconnen,CINs,2020,Q2,0,101562,0.0,2020-04-01,During
Belconnen,CINs,2020,Q3,0,101562,0.0,2020-07-01,During
Belconnen,CINs,2020,Q4,0,101562,0.0,2020-10-01,During
Belconnen,CINs,2021,Q1,0,102131,0.0,2021-01-01,During
Belconnen,CINs,2021,Q2,0,102131,0.0,2021-04-01,During
Belconnen,CINs,2021,Q3,17,102131,0.1664528889367577,2021-07-01,During
Belconnen,CINs,2021,Q4,4,102131,0.03916538563217828,2021-10-01,Post
Belconnen,CINs,2022,Q1,1,102929,0.009715434911443811,2022-01-01,Post
Belconnen,CINs,2022,Q2,0,102929,0.0,2022-04-01,Post
Belconnen,CINs,2022,Q3,0,102929,0.0,2022-07-01,Post
Belconnen,CINs,2022,Q4,2,102929,0.019430869822887623,2022-10-01,Post
Belconnen,CINs,2023,Q1,0,104235,0.0,2023-01-01,Post
Belconnen,CINs,2023,Q2,0,104235,0.0,2023-04-01,Post
Belconnen,CINs,2023,Q3,0,104235,0.0,2023-07-01,Post
Belconnen,CINs,2023,Q4,0,104235,0.0,2023-10-01,Post
Belconnen,CINs,2024,Q1,0,104459,0.0,2024-01-01,Post
Belconnen,CINs,2024,Q2,0,104459,0.0,2024-04-01,Post
Belconnen,CINs,2024,Q3,0,104459,0.0,2024-07-01,Post
Belconnen,CINs,2024,Q4,0,104459,0.0,2024-10-01,Post
Belconnen,CINs,2025,Q1,1,104929,0.009530253790658446,2025-01-01,Post
Belconnen,CINs,2025,Q2,1,104929,0.009530253790658446,2025-04-01,Post
Belconnen,Family Violence,2014,Q1,40,97058,0.41212470893692427,2014-01-01,Pre
Belconnen,Family Violence,2014,Q2,32,97058,0.3296997671495394,2014-04-01,Pre
Belconnen,Family Violence,2014,Q3,49,97058,0.5048527684477323,2014-07-01,Pre
Belconnen,Family Violence,2014,Q4,54,97058,0.5563683570648478,2014-10-01,Pre
Belconnen,Family Violence,2015,Q1,56,96906,0.5778795946587414,2015-01-01,Pre
Belconnen,Family Violence,2015,Q2,48,96906,0.4953253668503498,2015-04-01,Pre
Belconnen,Family Violence,2015,Q3,42,96906,0.43340969599405604,2015-07-01,Pre
Belconnen,Family Violence,2015,Q4,55,96906,0.5675603161826924,2015-10-01,Pre
Belconnen,Family Violence,2016,Q1,96,97106,0.9886103845282476,2016-01-01,Pre
Belconnen,Family Violence,2016,Q2,92,97106,0.9474182851729039,2016-04-01,Pre
Belconnen,Family Violence,2016,Q3,59,97106,0.6075834654913188,2016-07-01,Pre
Belconnen,Family Violence,2016,Q4,89,97106,0.9165242106563961,2016-10-01,Pre
Belconnen,Family Violence,2017,Q1,99,98630,1.0037513940991585,2017-01-01,Pre
Belconnen,Family Violence,2017,Q2,58,98630,0.5880563723005171,2017-04-01,Pre
Belconnen,Family Violence,2017,Q3,80,98630,0.8111122376558857,2017-07-01,Pre
Belconnen,Family Violence,2017,Q4,76,98630,0.7705566257730914,2017-10-01,Pre
Belconnen,Family Violence,2018,Q1,68,99762,0.6816222609811351,2018-01-01,Pre
Belconnen,Family Violence,2018,Q2,74,99762,0.7417654016559412,2018-04-01,Pre
Belconnen,Family Violence,2018,Q3,56,99762,0.561335979631523,2018-07-01,Pre
Belconnen,Family Violence,2018,Q4,68,99762,0.6816222609811351,2018-10-01,Pre
Belconnen,Family Violence,2019,Q1,80,100966,0.7923459382366341,2019-01-01,Pre
Belconnen,Family Violence,2019,Q2,54,100966,0.5348335083097281,2019-04-01,Pre
Belconnen,Family Violence,2019,Q3,78,100966,0.7725372897807183,2019-07-01,Pre
Belconnen,Family Violence,2019,Q4,84,100966,0.8319632351484658,2019-10-01,Pre
Belconnen,Family Violence,2020,Q1,73,101562,0.7187727693428645,2020-01-01,Pre
Belconnen,Family Violence,2020,Q2,46,101562,0.4529253067092023,2020-04-01,During
Belconnen,Family Violence,2020,Q3,60,101562,0.590772139185916,2020-07-01,During
Belconnen,Family Violence,2020,Q4,41,101562,0.4036942951103759,2020-10-01,During
Belconnen,Family Violence,2021,Q1,72,102131,0.7049769413792091,2021-01-01,During
Belconnen,Family Violence,2021,Q2,101,102131,0.9889259872125016,2021-04-01,During
Belconnen,Family Violence,2021,Q3,59,102131,0.5776894380746297,2021-07-01,During
Belconnen,Family Violence,2021,Q4,74,102131,0.7245596341952982,2021-10-01,Post
Belconnen,Family Violence,2022,Q1,65,102929,0.6315032692438477,2022-01-01,Post
Belconnen,Family Violence,2022,Q2,73,102929,0.7092267485353981,2022-04-01,Post
Belconnen,Family Violence,2022,Q3,62,102929,0.6023569645095163,2022-07-01,Post
Belconnen,Family Violence,2022,Q4,78,102929,0.7578039230926172,2022-10-01,Post
Belconnen,Family Violence,2023,Q1,69,104235,0.6619657504676932,2023-01-01,Post
Belconnen,Family Violence,2023,Q2,106,104235,1.016932892022833,2023-04-01,Post
Belconnen,Family Violence,2023,Q3,95,104235,0.9114021202091428,2023-07-01,Post
Belconnen,Family Violence,2023,Q4,99,104235,0.949776946323212,2023-10-01,Post
Belconnen,Family Violence,2024,Q1,79,104459,0.7562775825922132,2024-01-01,Post
Belconnen,Family Violence,2024,Q2,67,104459,0.6413999751098517,2024-04-01,Post
Belconnen,Family Violence,2024,Q3,81,104459,0.7754238505059401,2024-07-01,Post
Belconnen,Family Violence,2024,Q4,84,104459,0.8041432523765305,2024-10-01,Post
Belconnen,Family Violence,2025,Q1,73,104929,0.6957085267180665,2025-01-01,Post
Belconnen,Family Violence,2025,Q2,63,104929,0.600405988811482,2025-04-01,Post
Belconnen,Homicide,2014,Q1,1,97058,0.010303117723423107,2014-01-01,Pre
Belconnen,Homicide,2014,Q2,0,97058,0.0,2014-04-01,Pre
Belconnen,Homicide,2014,Q3,0,97058,0.0,2014-07-01,Pre
Belconnen,Homicide,2014,Q4,1,97058,0.010303117723423107,2014-10-01,Pre
Belconnen,Homicide,2015,Q1,0,96906,0.0,2015-01-01,Pre
Belconnen,Homicide,2015,Q2,2,96906,0.020638556952097906,2015-04-01,Pre
Belconnen,Homicide,2015,Q3,1,96906,0.010319278476048953,2015-07-01,Pre
Belconnen,Homicide,2015,Q4,1,96906,0.010319278476048953,2015-10-01,Pre
Belconnen,Homicide,2016,Q1,0,97106,0.0,2016-01-01,Pre
Belconnen,Homicide,2016,Q2,0,97106,0.0,2016-04-01,Pre
Belconnen,Homicide,2016,Q3,0,97106,0.0,2016-07-01,Pre
Belconnen,Homicide,2016,Q4,0,97106,0.0,2016-10-01,Pre
Belconnen,Homicide,2017,Q1,0,98630,0.0,2017-01-01,Pre
Belconnen,Homicide,2017,Q2,0,98630,0.0,2017-04-01,Pre
Belconnen,Homicide,2017,Q3,0,98630,0.0,2017-07-01,Pre
Belconnen,Homicide,2017,Q4,0,98630,0.0,2017-10-01,Pre
Belconnen,Homicide,2018,Q1,0,99762,0.0,2018-01-01,Pre
Belconnen,Homicide,2018,Q2,1,99762,0.01002385677913434,2018-04-01,Pre
Belconnen,Homicide,2018,Q3,0,99762,0.0,2018-07-01,Pre
Belconnen,Homicide,2018,Q4,0,99762,0.0,2018-10-01,Pre
Belconnen,Homicide,2019,Q1,0,100966,0.0,2019-01-01,Pre
Belconnen,Homicide,2019,Q2,0,100966,0.0,2019-04-01,Pre
Belconnen,Homicide,2019,Q3,0,100966,0.0,2019-07-01,Pre
Belconnen,Homicide,2019,Q4,0,100966,0.0,2019-10-01,Pre
Belconnen,Homicide,2020,Q1,1,101562,0.009846202319765266,2020-01-01,Pre
Belconnen,Homicide,2020,Q2,1,101562,0.009846202319765266,2020-04-01,During
Belconnen,Homicide,2020,Q3,0,101562,0.0,2020-07-01,During
Belconnen,Homicide,2020,Q4,0,101562,0.0,2020-10-01,During
Belconnen,Homicide,2021,Q1,4,102131,0.03916538563217828,2021-01-01,During
Belconnen,Homicide,2021,Q2,1,102131,0.00979134640804457,2021-04-01,During
Belconnen,Homicide,2021,Q3,2,102131,0.01958269281608914,2021-07-01,During
Belconnen,Homicide,2021,Q4,1,102131,0.00979134640804457,2021-10-01,Post
Belconnen,Homicide,2022,Q1,0,102929,0.0,2022-01-01,Post
Belconnen,Homicide,2022,Q2,2,102929,0.019430869822887623,2022-04-01,Post
Belconnen,Homicide,2022,Q3,1,102929,0.009715434911443811,2022-07-01,Post
Belconnen,Homicide,2022,Q4,0,102929,0.0,2022-10-01,Post
Belconnen,Homicide,2023,Q1,0,104235,0.0,2023-01-01,Post
Belconnen,Homicide,2023,Q2,0,104235,0.0,2023-04-01,Post
Belconnen,Homicide,2023,Q3,0,104235,0.0,2023-07-01,Post
Belconnen,Homicide,2023,Q4,1,104235,0.009593706528517293,2023-10-01,Post
Belconnen,Homicide,2024,Q1,1,104459,0.009573133956863458,2024-01-01,Post
Belconnen,Homicide,2024,Q2,2,104459,0.019146267913726915,2024-04-01,Post
Belconnen,Homicide,2024,Q3,0,104459,0.0,2024-07-01,Post
Belconnen,Homicide,2024,Q4,0,104459,0.0,2024-10-01,Post
Belconnen,Homicide,2025,Q1,0,104929,0.0,2025-01-01,Post
Belconnen,Homicide,2025,Q2,0,104929,0.0,2025-04-01,Post
Belconnen,Other,2014,Q1,632,97058,6.511570401203404,2014-01-01,Pre
Belconnen,Other,2014,Q2,541,97058,5.573986688371901,2014-04-01,Pre
Belconnen,Other,2014,Q3,554,97058,5.707927218776401,2014-07-01,Pre
Belconnen,Other,2014,Q4,562,97058,5.790352160563786,2014-10-01,Pre
Belconnen,Other,2015,Q1,550,96906,5.675603161826925,2015-01-01,Pre
Belconnen,Other,2015,Q2,620,96906,6.397952655150352,2015-04-01,Pre
Belconnen,Other,2015,Q3,607,96906,6.263802034961715,2015-07-01,Pre
Belconnen,Other,2015,Q4,537,96906,5.5414525416382885,2015-10-01,Pre
Belconnen,Other,2016,Q1,537,97106,5.530039338454885,2016-01-01,Pre
Belconnen,Other,2016,Q2,700,97106,7.2086173871851384,2016-04-01,Pre
Belconnen,Other,2016,Q3,628,97106,6.467159598788952,2016-07-01,Pre
Belconnen,Other,2016,Q4,706,97106,7.270405536218154,2016-10-01,Pre
Belconnen,Other,2017,Q1,681,98630,6.904592923045727,2017-01-01,Pre
Belconnen,Other,2017,Q2,720,98630,7.300010138902971,2017-04-01,Pre
Belconnen,Other,2017,Q3,725,98630,7.3507046537564635,2017-07-01,Pre
Belconnen,Other,2017,Q4,704,98630,7.137787691371794,2017-10-01,Pre
Belconnen,Other,2018,Q1,722,99762,7.237224594534993,2018-01-01,Pre
Belconnen,Other,2018,Q2,777,99762,7.788536717387382,2018-04-01,Pre
Belconnen,Other,2018,Q3,809,99762,8.10930013431968,2018-07-01,Pre
Belconnen,Other,2018,Q4,781,99762,7.828632144503919,2018-10-01,Pre
Belconnen,Other,2019,Q1,989,100966,9.79537666145039,2019-01-01,Pre
Belconnen,Other,2019,Q2,882,100966,8.73561396905889,2019-04-01,Pre
Belconnen,Other,2019,Q3,742,100966,7.349008577144782,2019-07-01,Pre
Belconnen,Other,2019,Q4,811,100966,8.032406948873879,2019-10-01,Pre
Belconnen,Other,2020,Q1,829,101562,8.162501723085406,2020-01-01,Pre
Belconnen,Other,2020,Q2,1086,101562,10.69297571926508,2020-04-01,During
Belconnen,Other,2020,Q3,762,101562,7.5028061676611335,2020-07-01,During
Belconnen,Other,2020,Q4,695,101562,6.843110612236861,2020-10-01,During
Belconnen,Other,2021,Q1,615,102131,6.02167804094741,2021-01-01,During
Belconnen,Other,2021,Q2,625,102131,6.119591505027857,2021-04-01,During
Belconnen,Other,2021,Q3,555,102131,5.434197256464737,2021-07-01,During
Belconnen,Other,2021,Q4,529,102131,5.179622249855577,2021-10-01,Post
Belconnen,Other,2022,Q1,448,102929,4.352514840326827,2022-01-01,Post
Belconnen,Other,2022,Q2,1156,102929,11.231042757629044,2022-04-01,Post
Belconnen,Other,2022,Q3,532,102929,5.168611372888107,2022-07-01,Post
Belconnen,Other,2022,Q4,508,102929,4.935440935013456,2022-10-01,Post
Belconnen,Other,2023,Q1,403,104235,3.866263730992469,2023-01-01,Post
Belconnen,Other,2023,Q2,478,104235,4.585791720631266,2023-04-01,Post
Belconnen,Other,2023,Q3,505,104235,4.844821796901233,2023-07-01,Post
Belconnen,Other,2023,Q4,524,104235,5.027102220943061,2023-10-01,Post
Belconnen,Other,2024,Q1,404,104459,3.8675461185728373,2024-01-01,Post
Belconnen,Other,2024,Q2,405,104459,3.8771192525297007,2024-04-01,Post
Belconnen,Other,2024,Q3,445,104459,4.260044610804239,2024-07-01,Post
Belconnen,Other,2024,Q4,438,104459,4.193032673106194,2024-10-01,Post
Belconnen,Other,2025,Q1,400,104929,3.812101516263378,2025-01-01,Post
Belconnen,Other,2025,Q2,433,104929,4.126599891355107,2025-04-01,Post
Belconnen,Property Damage,2014,Q1,216,97058,2.225473428259391,2014-01-01,Pre
Belconnen,Property Damage,2014,Q2,186,97058,1.9163798965566978,2014-04-01,Pre
Belconnen,Property Damage,2014,Q3,175,97058,1.8030456015990437,2014-07-01,Pre
Belconnen,Property Damage,2014,Q4,196,97058,2.019411073790929,2014-10-01,Pre
Belconnen,Property Damage,2015,Q1,288,96906,2.971952201102099,2015-01-01,Pre
Belconnen,Property Damage,2015,Q2,291,96906,3.0029100365302455,2015-04-01,Pre
Belconnen,Property Damage,2015,Q3,201,96906,2.0741749736858397,2015-07-01,Pre
Belconnen,Property Damage,2015,Q4,322,96906,3.322807669287763,2015-10-01,Pre
Belconnen,Property Damage,2016,Q1,216,97106,2.224373365188557,2016-01-01,Pre
Belconnen,Property Damage,2016,Q2,269,97106,2.7701686816468603,2016-04-01,Pre
Belconnen,Property Damage,2016,Q3,229,97106,2.358247688093424,2016-07-01,Pre
Belconnen,Property Damage,2016,Q4,286,97106,2.9452351039070708,2016-10-01,Pre
Belconnen,Property Damage,2017,Q1,338,98630,3.426949204096117,2017-01-01,Pre
Belconnen,Property Damage,2017,Q2,314,98630,3.1836155327993514,2017-04-01,Pre
Belconnen,Property Damage,2017,Q3,301,98630,3.05180979418027,2017-07-01,Pre
Belconnen,Property Damage,2017,Q4,299,98630,3.0315319882388727,2017-10-01,Pre
Belconnen,Property Damage,2018,Q1,236,99762,2.3656301998757043,2018-01-01,Pre
Belconnen,Property Damage,2018,Q2,272,99762,2.7264890439245404,2018-04-01,Pre
Belconnen,Property Damage,2018,Q3,272,99762,2.7264890439245404,2018-07-01,Pre
Belconnen,Property Damage,2018,Q4,288,99762,2.88687075239069,2018-10-01,Pre
Belconnen,Property Damage,2019,Q1,295,100966,2.9217756472475886,2019-01-01,Pre
Belconnen,Property Damage,2019,Q2,410,100966,4.06077293346275,2019-04-01,Pre
Belconnen,Property Damage,2019,Q3,232,100966,2.297803220886239,2019-07-01,Pre
Belconnen,Property Damage,2019,Q4,243,100966,2.406750787393776,2019-10-01,Pre
Belconnen,Property Damage,2020,Q1,194,101562,1.9101632500344619,2020-01-01,Pre
Belconnen,Property Damage,2020,Q2,197,101562,1.9397018569937576,2020-04-01,During
Belconnen,Property Damage,2020,Q3,181,101562,1.7821626198775133,2020-07-01,During
Belconnen,Property Damage,2020,Q4,245,101562,2.4123195683424905,2020-10-01,During
Belconnen,Property Damage,2021,Q1,231,102131,2.2618010202582957,2021-01-01,During
Belconnen,Property Damage,2021,Q2,238,102131,2.330340445114608,2021-04-01,During
Belconnen,Property Damage,2021,Q3,156,102131,1.5274500396549529,2021-07-01,During
Belconnen,Property Damage,2021,Q4,209,102131,2.046391399281315,2021-10-01,Post
Belconnen,Property Damage,2022,Q1,162,102929,1.5739004556538974,2022-01-01,Post
Belconnen,Property Damage,2022,Q2,217,102929,2.108249375783307,2022-04-01,Post
Belconnen,Property Damage,2022,Q3,173,102929,1.6807702396797792,2022-07-01,Post
Belconnen,Property Damage,2022,Q4,204,102929,1.9819487219345373,2022-10-01,Post
Belconnen,Property Damage,2023,Q1,185,104235,1.774835707775699,2023-01-01,Post
Belconnen,Property Damage,2023,Q2,221,104235,2.1202091428023215,2023-04-01,Post
Belconnen,Property Damage,2023,Q3,199,104235,1.9091475991749411,2023-07-01,Post
Belconnen,Property Damage,2023,Q4,216,104235,2.072240610159735,2023-10-01,Post
Belconnen,Property Damage,2024,Q1,192,104459,1.8380417197177839,2024-01-01,Post
Belconnen,Property Damage,2024,Q2,165,104459,1.5795671028824705,2024-04-01,Post
Belconnen,Property Damage,2024,Q3,149,104459,1.4263969595726553,2024-07-01,Post
Belconnen,Property Damage,2024,Q4,170,104459,1.6274327726667879,2024-10-01,Post
Belconnen,Property Damage,2025,Q1,193,104929,1.83933898159708,2025-01-01,Post
Belconnen,Property Damage,2025,Q2,161,104929,1.5343708602960096,2025-04-01,Post
Belconnen,Robbery,2014,Q1,7,97058,0.07212182406396175,2014-01-01,Pre
Belconnen,Robbery,2014,Q2,6,97058,0.06181870634053864,2014-04-01,Pre
Belconnen,Robbery,2014,Q3,8,97058,0.08242494178738485,2014-07-01,Pre
Belconnen,Robbery,2014,Q4,10,97058,0.10303117723423107,2014-10-01,Pre
Belconnen,Robbery,2015,Q1,9,96906,0.09287350628444059,2015-01-01,Pre
Belconnen,Robbery,2015,Q2,8,96906,0.08255422780839163,2015-04-01,Pre
Belconnen,Robbery,2015,Q3,9,96906,0.09287350628444059,2015-07-01,Pre
Belconnen,Robbery,2015,Q4,11,96906,0.1135120632365385,2015-10-01,Pre
Belconnen,Robbery,2016,Q1,6,97106,0.06178814903301547,2016-01-01,Pre
Belconnen,Robbery,2016,Q2,9,97106,0.09268222354952321,2016-04-01,Pre
Belconnen,Robbery,2016,Q3,12,97106,0.12357629806603095,2016-07-01,Pre
Belconnen,Robbery,2016,Q4,15,97106,0.15447037258253868,2016-10-01,Pre
Belconnen,Robbery,2017,Q1,16,98630,0.16222244753117712,2017-01-01,Pre
Belconnen,Robbery,2017,Q2,16,98630,0.16222244753117712,2017-04-01,Pre
Belconnen,Robbery,2017,Q3,12,98630,0.12166683564838285,2017-07-01,Pre
Belconnen,Robbery,2017,Q4,13,98630,0.13180573861908143,2017-10-01,Pre
Belconnen,Robbery,2018,Q1,13,99762,0.13031013812874642,2018-01-01,Pre
Belconnen,Robbery,2018,Q2,8,99762,0.08019085423307472,2018-04-01,Pre
Belconnen,Robbery,2018,Q3,8,99762,0.08019085423307472,2018-07-01,Pre
Belconnen,Robbery,2018,Q4,20,99762,0.2004771355826868,2018-10-01,Pre
Belconnen,Robbery,2019,Q1,10,100966,0.09904324227957927,2019-01-01,Pre
Belconnen,Robbery,2019,Q2,10,100966,0.09904324227957927,2019-04-01,Pre
Belconnen,Robbery,2019,Q3,16,100966,0.15846918764732684,2019-07-01,Pre
Belconnen,Robbery,2019,Q4,12,100966,0.11885189073549512,2019-10-01,Pre
Belconnen,Robbery,2020,Q1,18,101562,0.1772316417557748,2020-01-01,Pre
Belconnen,Robbery,2020,Q2,9,101562,0.0886158208778874,2020-04-01,During
Belconnen,Robbery,2020,Q3,6,101562,0.0590772139185916,2020-07-01,During
Belconnen,Robbery,2020,Q4,10,101562,0.09846202319765267,2020-10-01,During
Belconnen,Robbery,2021,Q1,10,102131,0.0979134640804457,2021-01-01,During
Belconnen,Robbery,2021,Q2,16,102131,0.15666154252871312,2021-04-01,During
Belconnen,Robbery,2021,Q3,9,102131,0.08812211767240113,2021-07-01,During
Belconnen,Robbery,2021,Q4,7,102131,0.068539424856312,2021-10-01,Post
Belconnen,Robbery,2022,Q1,5,102929,0.048577174557219056,2022-01-01,Post
Belconnen,Robbery,2022,Q2,10,102929,0.09715434911443811,2022-04-01,Post
Belconnen,Robbery,2022,Q3,22,102929,0.21373956805176383,2022-07-01,Post
Belconnen,Robbery,2022,Q4,10,102929,0.09715434911443811,2022-10-01,Post
Belconnen,Robbery,2023,Q1,14,104235,0.1343118913992421,2023-01-01,Post
Belconnen,Robbery,2023,Q2,9,104235,0.08634335875665564,2023-04-01,Post
Belconnen,Robbery,2023,Q3,11,104235,0.10553077181369022,2023-07-01,Post
Belconnen,Robbery,2023,Q4,16,104235,0.1534993044562767,2023-10-01,Post
Belconnen,Robbery,2024,Q1,7,104459,0.06701193769804421,2024-01-01,Post
Belconnen,Robbery,2024,Q2,4,104459,0.03829253582745383,2024-04-01,Post
Belconnen,Robbery,2024,Q3,7,104459,0.06701193769804421,2024-07-01,Post
Belconnen,Robbery,2024,Q4,10,104459,0.09573133956863458,2024-10-01,Post
Belconnen,Robbery,2025,Q1,6,104929,0.05718152274395067,2025-01-01,Post
Belconnen,Robbery,2025,Q2,4,104929,0.03812101516263378,2025-04-01,Post
Belconnen,Sexual Assault,2014,Q1,22,97058,0.22666858991530836,2014-01-01,Pre
Belconnen,Sexual Assault,2014,Q2,32,97058,0.3296997671495394,2014-04-01,Pre
Belconnen,Sexual Assault,2014,Q3,23,97058,0.23697170763873146,2014-07-01,Pre
Belconnen,Sexual Assault,2014,Q4,24,97058,0.24727482536215456,2014-10-01,Pre
Belconnen,Sexual Assault,2015,Q1,17,96906,0.17542773409283222,2015-01-01,Pre
Belconnen,Sexual Assault,2015,Q2,37,96906,0.3818133036138113,2015-04-01,Pre
Belconnen,Sexual Assault,2015,Q3,19,96906,0.19606629104493012,2015-07-01,Pre
Belconnen,Sexual Assault,2015,Q4,30,96906,0.3095783542814686,2015-10-01,Pre
Belconnen,Sexual Assault,2016,Q1,37,97106,0.38102691903692876,2016-01-01,Pre
Belconnen,Sexual Assault,2016,Q2,18,97106,0.18536444709904643,2016-04-01,Pre
Belconnen,Sexual Assault,2016,Q3,39,97106,0.40162296871460057,2016-07-01,Pre
Belconnen,Sexual Assault,2016,Q4,35,97106,0.3604308693592569,2016-10-01,Pre
Belconnen,Sexual Assault,2017,Q1,32,98630,0.32444489506235424,2017-01-01,Pre
Belconnen,Sexual Assault,2017,Q2,48,98630,0.4866673425935314,2017-04-01,Pre
Belconnen,Sexual Assault,2017,Q3,26,98630,0.26361147723816286,2017-07-01,Pre
Belconnen,Sexual Assault,2017,Q4,36,98630,0.3650005069451486,2017-10-01,Pre
Belconnen,Sexual Assault,2018,Q1,49,99762,0.49116898217758265,2018-01-01,Pre
Belconnen,Sexual Assault,2018,Q2,30,99762,0.3007157033740302,2018-04-01,Pre
Belconnen,Sexual Assault,2018,Q3,41,99762,0.41097812794450794,2018-07-01,Pre
Belconnen,Sexual Assault,2018,Q4,31,99762,0.3107395601531645,2018-10-01,Pre
Belconnen,Sexual Assault,2019,Q1,43,100966,0.42588594180219086,2019-01-01,Pre
Belconnen,Sexual Assault,2019,Q2,21,100966,0.20799080878711645,2019-04-01,Pre
Belconnen,Sexual Assault,2019,Q3,42,100966,0.4159816175742329,2019-07-01,Pre
Belconnen,Sexual Assault,2019,Q4,18,100966,0.1782778361032427,2019-10-01,Pre
Belconnen,Sexual Assault,2020,Q1,28,101562,0.27569366495342745,2020-01-01,Pre
Belconnen,Sexual Assault,2020,Q2,23,101562,0.22646265335460114,2020-04-01,During
Belconnen,Sexual Assault,2020,Q3,39,101562,0.38400189047084543,2020-07-01,During
Belconnen,Sexual Assault,2020,Q4,17,101562,0.16738543943600953,2020-10-01,During
Belconnen,Sexual Assault,2021,Q1,39,102131,0.3818625099137382,2021-01-01,During
Belconnen,Sexual Assault,2021,Q2,37,102131,0.3622798170976491,2021-04-01,During
Belconnen,Sexual Assault,2021,Q3,30,102131,0.2937403922413371,2021-07-01,During
Belconnen,Sexual Assault,2021,Q4,26,102131,0.2545750066091588,2021-10-01,Post
Belconnen,Sexual Assault,2022,Q1,39,102929,0.3789019615463086,2022-01-01,Post
Belconnen,Sexual Assault,2022,Q2,29,102929,0.2817476124318705,2022-04-01,Post
Belconnen,Sexual Assault,2022,Q3,42,102929,0.40804826628064006,2022-07-01,Post
Belconnen,Sexual Assault,2022,Q4,47,102929,0.4566254408378591,2022-10-01,Post
Belconnen,Sexual Assault,2023,Q1,47,104235,0.45090420684031274,2023-01-01,Post
Belconnen,Sexual Assault,2023,Q2,47,104235,0.45090420684031274,2023-04-01,Post
Belconnen,Sexual Assault,2023,Q3,36,104235,0.34537343502662254,2023-07-01,Post
Belconnen,Sexual Assault,2023,Q4,34,104235,0.32618602196958796,2023-10-01,Post
Belconnen,Sexual Assault,2024,Q1,59,104459,0.564814903454944,2024-01-01,Post
Belconnen,Sexual Assault,2024,Q2,47,104459,0.44993729597258253,2024-04-01,Post
Belconnen,Sexual Assault,2024,Q3,38,104459,0.3637790903608114,2024-07-01,Post
Belconnen,Sexual Assault,2024,Q4,50,104459,0.4786566978431729,2024-10-01,Post
Belconnen,Sexual Assault,2025,Q1,23,104929,0.21919583718514424,2025-01-01,Post
Belconnen,Sexual Assault,2025,Q2,34,104929,0.32402862888238715,2025-04-01,Post
Belconnen,TINs,2014,Q1,847,97058,8.726740711739371,2014-01-01,Pre
Belconnen,TINs,2014,Q2,931,97058,9.592202600506912,2014-04-01,Pre
Belconnen,TINs,2014,Q3,1100,97058,11.333429495765419,2014-07-01,Pre
Belconnen,TINs,2014,Q4,813,97058,8.376434709142986,2014-10-01,Pre
Belconnen,TINs,2015,Q1,645,96906,6.655934617051575,2015-01-01,Pre
Belconnen,TINs,2015,Q2,466,96906,4.808783769838812,2015-04-01,Pre
Belconnen,TINs,2015,Q3,876,96906,9.039687945018883,2015-07-01,Pre
Belconnen,TINs,2015,Q4,572,96906,5.9026272883000015,2015-10-01,Pre
Belconnen,TINs,2016,Q1,679,97106,6.992358865569584,2016-01-01,Pre
Belconnen,TINs,2016,Q2,704,97106,7.249809486540482,2016-04-01,Pre
Belconnen,TINs,2016,Q3,1132,97106,11.657364117562253,2016-07-01,Pre
Belconnen,TINs,2016,Q4,893,97106,9.196136181080469,2016-10-01,Pre
Belconnen,TINs,2017,Q1,775,98630,7.857649802291393,2017-01-01,Pre
Belconnen,TINs,2017,Q2,1020,98630,10.341681030112543,2017-04-01,Pre
Belconnen,TINs,2017,Q3,965,98630,9.784041366724122,2017-07-01,Pre
Belconnen,TINs,2017,Q4,794,98630,8.050288958734665,2017-10-01,Pre
Belconnen,TINs,2018,Q1,972,99762,9.743188789318578,2018-01-01,Pre
Belconnen,TINs,2018,Q2,684,99762,6.856318036927888,2018-04-01,Pre
Belconnen,TINs,2018,Q3,1048,99762,10.505001904532788,2018-07-01,Pre
Belconnen,TINs,2018,Q4,897,99762,8.991399530883502,2018-10-01,Pre
Belconnen,TINs,2019,Q1,657,100966,6.507141017768358,2019-01-01,Pre
Belconnen,TINs,2019,Q2,738,100966,7.30939128023295,2019-04-01,Pre
Belconnen,TINs,2019,Q3,773,100966,7.656042628211478,2019-07-01,Pre
Belconnen,TINs,2019,Q4,789,100966,7.814511815858804,2019-10-01,Pre
Belconnen,TINs,2020,Q1,1070,101562,10.535436482148835,2020-01-01,Pre
Belconnen,TINs,2020,Q2,1000,101562,9.846202319765267,2020-04-01,During
Belconnen,TINs,2020,Q3,967,101562,9.521277643213013,2020-07-01,During
Belconnen,TINs,2020,Q4,1189,101562,11.707134558200902,2020-10-01,During
Belconnen,TINs,2021,Q1,626,102131,6.129382851435901,2021-01-01,During
Belconnen,TINs,2021,Q2,844,102131,8.263896368389616,2021-04-01,During
Belconnen,TINs,2021,Q3,362,102131,3.5444673997121345,2021-07-01,During
Belconnen,TINs,2021,Q4,475,102131,4.650889543821171,2021-10-01,Post
Belconnen,TINs,2022,Q1,276,102929,2.6814600355584917,2022-01-01,Post
Belconnen,TINs,2022,Q2,332,102929,3.225524390599345,2022-04-01,Post
Belconnen,TINs,2022,Q3,379,102929,3.6821498314372043,2022-07-01,Post
Belconnen,TINs,2022,Q4,451,102929,4.381661145061159,2022-10-01,Post
Belconnen,TINs,2023,Q1,382,104235,3.6647958938936056,2023-01-01,Post
Belconnen,TINs,2023,Q2,455,104235,4.365136470475369,2023-04-01,Post
Belconnen,TINs,2023,Q3,243,104235,2.331270686429702,2023-07-01,Post
Belconnen,TINs,2023,Q4,202,104235,1.9379287187604932,2023-10-01,Post
Belconnen,TINs,2024,Q1,140,104459,1.3402387539608842,2024-01-01,Post
Belconnen,TINs,2024,Q2,233,104459,2.2305402119491857,2024-04-01,Post
Belconnen,TINs,2024,Q3,266,104459,2.54645363252568,2024-07-01,Post
Belconnen,TINs,2024,Q4,313,104459,2.9963909284982626,2024-10-01,Post
Belconnen,TINs,2025,Q1,511,104929,4.869959687026466,2025-01-01,Post
Belconnen,TINs,2025,Q2,506,104929,4.822308418073173,2025-04-01,Post
Belconnen,Theft,2014,Q1,587,97058,6.047930103649364,2014-01-01,Pre
Belconnen,Theft,2014,Q2,514,97058,5.295802509839477,2014-04-01,Pre
Belconnen,Theft,2014,Q3,436,97058,4.492159327412475,2014-07-01,Pre
Belconnen,Theft,2014,Q4,537,97058,5.532774217478209,2014-10-01,Pre
Belconnen,Theft,2015,Q1,602,96906,6.212205642581471,2015-01-01,Pre
Belconnen,Theft,2015,Q2,681,96906,7.027428642189338,2015-04-01,Pre
Belconnen,Theft,2015,Q3,547,96906,5.644645326398778,2015-07-01,Pre
Belconnen,Theft,2015,Q4,734,96906,7.574350401419932,2015-10-01,Pre
Belconnen,Theft,2016,Q1,448,97106,4.613515127798489,2016-01-01,Pre
Belconnen,Theft,2016,Q2,622,97106,6.405371449755937,2016-04-01,Pre
Belconnen,Theft,2016,Q3,502,97106,5.169608469095627,2016-07-01,Pre
Belconnen,Theft,2016,Q4,475,97106,4.891561798447058,2016-10-01,Pre
Belconnen,Theft,2017,Q1,650,98630,6.590286930954071,2017-01-01,Pre
Belconnen,Theft,2017,Q2,523,98630,5.302646253675353,2017-04-01,Pre
Belconnen,Theft,2017,Q3,522,98630,5.292507350704654,2017-07-01,Pre
Belconnen,Theft,2017,Q4,589,98630,5.971813849741459,2017-10-01,Pre
Belconnen,Theft,2018,Q1,449,99762,4.5007116938313185,2018-01-01,Pre
Belconnen,Theft,2018,Q2,466,99762,4.671117259076603,2018-04-01,Pre
Belconnen,Theft,2018,Q3,455,99762,4.560854834506125,2018-07-01,Pre
Belconnen,Theft,2018,Q4,611,99762,6.124576492051082,2018-10-01,Pre
Belconnen,Theft,2019,Q1,575,100966,5.694986431075808,2019-01-01,Pre
Belconnen,Theft,2019,Q2,555,100966,5.49689994651665,2019-04-01,Pre
Belconnen,Theft,2019,Q3,501,100966,4.9620664382069215,2019-07-01,Pre
Belconnen,Theft,2019,Q4,559,100966,5.536517243428481,2019-10-01,Pre
Belconnen,Theft,2020,Q1,501,101562,4.932947362202398,2020-01-01,Pre
Belconnen,Theft,2020,Q2,362,101562,3.5643252397550267,2020-04-01,During
Belconnen,Theft,2020,Q3,435,101562,4.283098009097891,2020-07-01,During
Belconnen,Theft,2020,Q4,393,101562,3.86955751166775,2020-10-01,During
Belconnen,Theft,2021,Q1,426,102131,4.1711135698269866,2021-01-01,During
Belconnen,Theft,2021,Q2,505,102131,4.944629936062508,2021-04-01,During
Belconnen,Theft,2021,Q3,412,102131,4.034034720114363,2021-07-01,During
Belconnen,Theft,2021,Q4,434,102131,4.249444341091343,2021-10-01,Post
Belconnen,Theft,2022,Q1,443,102929,4.303937665769608,2022-01-01,Post
Belconnen,Theft,2022,Q2,523,102929,5.081172458685113,2022-04-01,Post
Belconnen,Theft,2022,Q3,427,102929,4.148490707186507,2022-07-01,Post
Belconnen,Theft,2022,Q4,416,102929,4.041620923160625,2022-10-01,Post
Belconnen,Theft,2023,Q1,419,104235,4.0197630354487455,2023-01-01,Post
Belconnen,Theft,2023,Q2,551,104235,5.286132297213029,2023-04-01,Post
Belconnen,Theft,2023,Q3,542,104235,5.199788938456373,2023-07-01,Post
Belconnen,Theft,2023,Q4,408,104235,3.9142322636350553,2023-10-01,Post
Belconnen,Theft,2024,Q1,436,104459,4.173886405192468,2024-01-01,Post
Belconnen,Theft,2024,Q2,364,104459,3.4846207602982986,2024-04-01,Post
Belconnen,Theft,2024,Q3,360,104459,3.446328224470845,2024-07-01,Post
Belconnen,Theft,2024,Q4,401,104459,3.8388267167022465,2024-10-01,Post
Belconnen,Theft,2025,Q1,393,104929,3.7453897397287688,2025-01-01,Post
Belconnen,Theft,2025,Q2,347,104929,3.3069980653584805,2025-04-01,Post
Gungahlin,All Crime,2014,Q1,1064,63410,16.77968774641224,2014-01-01,Pre
Gungahlin,All Crime,2014,Q2,1059,63410,16.700835830310677,2014-04-01,Pre
Gungahlin,All Crime,2014,Q3,954,63410,15.044945592177891,2014-07-01,Pre
Gungahlin,All Crime,2014,Q4,1022,63410,16.117331651159123,2014-10-01,Pre
Gungahlin,All Crime,2015,Q1,936,67959,13.773010197324856,2015-01-01,Pre
Gungahlin,All Crime,2015,Q2,1119,67959,16.46581026795568,2015-04-01,Pre
Gungahlin,All Crime,2015,Q3,964,67959,14.185023322885858,2015-07-01,Pre
Gungahlin,All Crime,2015,Q4,1301,67959,19.14389558410218,2015-10-01,Pre
Gungahlin,All Crime,2016,Q1,1203,71582,16.805900924813503,2016-01-01,Pre
Gungahlin,All Crime,2016,Q2,1255,71582,17.532340532536114,2016-04-01,Pre
Gungahlin,All Crime,2016,Q3,1402,71582,19.585929423598113,2016-07-01,Pre
Gungahlin,All Crime,2016,Q4,1170,71582,16.344891173758768,2016-10-01,Pre
Gungahlin,All Crime,2017,Q1,1230,74291,16.556514248024662,2017-01-01,Pre
Gungahlin,All Crime,2017,Q2,1253,74291,16.866107603882032,2017-04-01,Pre
Gungahlin,All Crime,2017,Q3,1435,74291,19.315933289362103,2017-07-01,Pre
Gungahlin,All Crime,2017,Q4,1443,74291,19.42361793487771,2017-10-01,Pre
Gungahlin,All Crime,2018,Q1,1073,75663,14.181303939838495,2018-01-01,Pre
Gungahlin,All Crime,2018,Q2,1116,75663,14.74961341739027,2018-04-01,Pre
Gungahlin,All Crime,2018,Q3,1231,75663,16.269510857354323,2018-07-01,Pre
Gungahlin,All Crime,2018,Q4,962,75663,12.714272497786236,2018-10-01,Pre
Gungahlin,All Crime,2019,Q1,1221,76492,15.9624535899179,2019-01-01,Pre
Gungahlin,All Crime,2019,Q2,1208,76492,15.79250117659363,2019-04-01,Pre
Gungahlin,All Crime,2019,Q3,1132,76492,14.798933221774826,2019-07-01,Pre
Gungahlin,All Crime,2019,Q4,1398,76492,18.27642106364064,2019-10-01,Pre
Gungahlin,All Crime,2020,Q1,1282,77063,16.63573958968636,2020-01-01,Pre
Gungahlin,All Crime,2020,Q2,1165,77063,15.117501265198603,2020-04-01,During
Gungahlin,All Crime,2020,Q3,1120,77063,14.533563448087927,2020-07-01,During
Gungahlin,All Crime,2020,Q4,1191,77063,15.454887559529215,2020-10-01,During
Gungahlin,All Crime,2021,Q1,1000,77021,12.98347204009296,2021-01-01,During
Gungahlin,All Crime,2021,Q2,1246,77021,16.17740616195583,2021-04-01,During
Gungahlin,All Crime,2021,Q3,862,77021,11.191752898560132,2021-07-01,During
Gungahlin,All Crime,2021,Q4,969,77021,12.58098440685008,2021-10-01,Post
Gungahlin,All Crime,2022,Q1,1009,77403,13.035670452049661,2022-01-01,Post
Gungahlin,All Crime,2022,Q2,982,77403,12.68684676304536,2022-04-01,Post
Gungahlin,All Crime,2022,Q3,912,77403,11.782489050811984,2022-07-01,Post
Gungahlin,All Crime,2022,Q4,1018,77403,13.151945015051096,2022-10-01,Post
Gungahlin,All Crime,2023,Q1,1071,77779,13.769783617686008,2023-01-01,Post
Gungahlin,All Crime,2023,Q2,950,77779,12.214093778526339,2023-04-01,Post
Gungahlin,All Crime,2023,Q3,1008,77779,12.95979634605742,2023-07-01,Post
Gungahlin,All Crime,2023,Q4,857,77779,11.018398282312708,2023-10-01,Post
Gungahlin,All Crime,2024,Q1,925,77823,11.885946314071676,2024-01-01,Post
Gungahlin,All Crime,2024,Q2,829,77823,10.6523778317464,2024-04-01,Post
Gungahlin,All Crime,2024,Q3,870,77823,11.17921437107282,2024-07-01,Post
Gungahlin,All Crime,2024,Q4,1082,77823,13.903344769541139,2024-10-01,Post
Gungahlin,All Crime,2025,Q1,1101,78089,14.099296956037342,2025-01-01,Post
Gungahlin,All Crime,2025,Q2,1023,78089,13.100436681222707,2025-04-01,Post
Gungahlin,Assault,2014,Q1,22,63410,0.3469484308468696,2014-01-01,Pre
Gungahlin,Assault,2014,Q2,25,63410,0.39425958050780635,2014-04-01,Pre
Gungahlin,Assault,2014,Q3,13,63410,0.2050149818640593,2014-07-01,Pre
Gungahlin,Assault,2014,Q4,19,63410,0.29963728118593286,2014-10-01,Pre
Gungahlin,Assault,2015,Q1,8,67959,0.11771803587457143,2015-01-01,Pre
Gungahlin,Assault,2015,Q2,23,67959,0.33843935313939283,2015-04-01,Pre
Gungahlin,Assault,2015,Q3,10,67959,0.1471475448432143,2015-07-01,Pre
Gungahlin,Assault,2015,Q4,28,67959,0.412013125561,2015-10-01,Pre
Gungahlin,Assault,2016,Q1,34,71582,0.4749797435109385,2016-01-01,Pre
Gungahlin,Assault,2016,Q2,37,71582,0.5168897208795508,2016-04-01,Pre
Gungahlin,Assault,2016,Q3,32,71582,0.4470397585985304,2016-07-01,Pre
Gungahlin,Assault,2016,Q4,26,71582,0.3632198038613059,2016-10-01,Pre
Gungahlin,Assault,2017,Q1,34,74291,0.4576597434413321,2017-01-01,Pre
Gungahlin,Assault,2017,Q2,34,74291,0.4576597434413321,2017-04-01,Pre
Gungahlin,Assault,2017,Q3,42,74291,0.5653443889569396,2017-07-01,Pre
Gungahlin,Assault,2017,Q4,44,74291,0.5922655503358415,2017-10-01,Pre
Gungahlin,Assault,2018,Q1,28,75663,0.3700619853825516,2018-01-01,Pre
Gungahlin,Assault,2018,Q2,33,75663,0.43614448277229295,2018-04-01,Pre
Gungahlin,Assault,2018,Q3,22,75663,0.290762988514862,2018-07-01,Pre
Gungahlin,Assault,2018,Q4,36,75663,0.47579398120613775,2018-10-01,Pre
Gungahlin,Assault,2019,Q1,36,76492,0.47063745228259163,2019-01-01,Pre
Gungahlin,Assault,2019,Q2,41,76492,0.5360037650996182,2019-04-01,Pre
Gungahlin,Assault,2019,Q3,45,76492,0.5882968153532395,2019-07-01,Pre
Gungahlin,Assault,2019,Q4,46,76492,0.6013700779166449,2019-10-01,Pre
Gungahlin,Assault,2020,Q1,39,77063,0.5060794414959189,2020-01-01,Pre
Gungahlin,Assault,2020,Q2,35,77063,0.4541738577527477,2020-04-01,During
Gungahlin,Assault,2020,Q3,48,77063,0.622867004918054,2020-07-01,During
Gungahlin,Assault,2020,Q4,44,77063,0.5709614211748829,2020-10-01,During
Gungahlin,Assault,2021,Q1,37,77021,0.48038846548343955,2021-01-01,During
Gungahlin,Assault,2021,Q2,45,77021,0.5842562418041832,2021-04-01,During
Gungahlin,Assault,2021,Q3,31,77021,0.4024876332428818,2021-07-01,During
Gungahlin,Assault,2021,Q4,25,77021,0.32458680100232407,2021-10-01,Post
Gungahlin,Assault,2022,Q1,47,77403,0.6072116067852666,2022-01-01,Post
Gungahlin,Assault,2022,Q2,31,77403,0.40050127256049506,2022-04-01,Post
Gungahlin,Assault,2022,Q3,57,77403,0.736405565675749,2022-07-01,Post
Gungahlin,Assault,2022,Q4,58,77403,0.7493249615647972,2022-10-01,Post
Gungahlin,Assault,2023,Q1,42,77779,0.5399915144190591,2023-01-01,Post
Gungahlin,Assault,2023,Q2,47,77779,0.6042762185165662,2023-04-01,Post
Gungahlin,Assault,2023,Q3,60,77779,0.7714164491700846,2023-07-01,Post
Gungahlin,Assault,2023,Q4,50,77779,0.6428470409750704,2023-10-01,Post
Gungahlin,Assault,2024,Q1,61,77823,0.7838299731441862,2024-01-01,Post
Gungahlin,Assault,2024,Q2,35,77823,0.4497385091810905,2024-04-01,Post
Gungahlin,Assault,2024,Q3,62,77823,0.7966796448350746,2024-07-01,Post
Gungahlin,Assault,2024,Q4,50,77823,0.6424835845444149,2024-10-01,Post
Gungahlin,Assault,2025,Q1,43,78089,0.5506537412439653,2025-01-01,Post
Gungahlin,Assault,2025,Q2,33,78089,0.4225947316523454,2025-04-01,Post
Gungahlin,Burglary,2014,Q1,43,63410,0.6781264784734269,2014-01-01,Pre
Gungahlin,Burglary,2014,Q2,47,63410,0.741208011354676,2014-04-01,Pre
Gungahlin,Burglary,2014,Q3,51,63410,0.804289544235925,2014-07-01,Pre
Gungahlin,Burglary,2014,Q4,63,63410,0.993534142879672,2014-10-01,Pre
Gungahlin,Burglary,2015,Q1,56,67959,0.824026251122,2015-01-01,Pre
Gungahlin,Burglary,2015,Q2,60,67959,0.8828852690592857,2015-04-01,Pre
Gungahlin,Burglary,2015,Q3,59,67959,0.8681705145749643,2015-07-01,Pre
Gungahlin,Burglary,2015,Q4,85,67959,1.2507541311673214,2015-10-01,Pre
Gungahlin,Burglary,2016,Q1,61,71582,0.8521695398284486,2016-01-01,Pre
Gungahlin,Burglary,2016,Q2,86,71582,1.2014193512335505,2016-04-01,Pre
Gungahlin,Burglary,2016,Q3,100,71582,1.3969992456204074,2016-07-01,Pre
Gungahlin,Burglary,2016,Q4,80,71582,1.117599396496326,2016-10-01,Pre
Gungahlin,Burglary,2017,Q1,82,74291,1.1037676165349775,2017-01-01,Pre
Gungahlin,Burglary,2017,Q2,80,74291,1.0768464551560755,2017-04-01,Pre
Gungahlin,Burglary,2017,Q3,96,74291,1.2922157461872905,2017-07-01,Pre
Gungahlin,Burglary,2017,Q4,89,74291,1.197991681361134,2017-10-01,Pre
Gungahlin,Burglary,2018,Q1,53,75663,0.7004744723312584,2018-01-01,Pre
Gungahlin,Burglary,2018,Q2,57,75663,0.7533404702430515,2018-04-01,Pre
Gungahlin,Burglary,2018,Q3,44,75663,0.581525977029724,2018-07-01,Pre
Gungahlin,Burglary,2018,Q4,76,75663,1.0044539603240685,2018-10-01,Pre
Gungahlin,Burglary,2019,Q1,124,76492,1.62108455786226,2019-01-01,Pre
Gungahlin,Burglary,2019,Q2,81,76492,1.058934267635831,2019-04-01,Pre
Gungahlin,Burglary,2019,Q3,59,76492,0.771322491240914,2019-07-01,Pre
Gungahlin,Burglary,2019,Q4,79,76492,1.0327877425090204,2019-10-01,Pre
Gungahlin,Burglary,2020,Q1,62,77063,0.8045365480191531,2020-01-01,Pre
Gungahlin,Burglary,2020,Q2,30,77063,0.3892918780737838,2020-04-01,During
Gungahlin,Burglary,2020,Q3,37,77063,0.4801266496243333,2020-07-01,During
Gungahlin,Burglary,2020,Q4,56,77063,0.7266781724043964,2020-10-01,During
Gungahlin,Burglary,2021,Q1,53,77021,0.688124018124927,2021-01-01,During
Gungahlin,Burglary,2021,Q2,53,77021,0.688124018124927,2021-04-01,During
Gungahlin,Burglary,2021,Q3,45,77021,0.5842562418041832,2021-07-01,During
Gungahlin,Burglary,2021,Q4,45,77021,0.5842562418041832,2021-10-01,Post
Gungahlin,Burglary,2022,Q1,50,77403,0.6459697944524113,2022-01-01,Post
Gungahlin,Burglary,2022,Q2,39,77403,0.5038564396728809,2022-04-01,Post
Gungahlin,Burglary,2022,Q3,54,77403,0.6976473780086042,2022-07-01,Post
Gungahlin,Burglary,2022,Q4,40,77403,0.5167758355619291,2022-10-01,Post
Gungahlin,Burglary,2023,Q1,95,77779,1.2214093778526338,2023-01-01,Post
Gungahlin,Burglary,2023,Q2,38,77779,0.48856375114105355,2023-04-01,Post
Gungahlin,Burglary,2023,Q3,57,77779,0.7328456267115803,2023-07-01,Post
Gungahlin,Burglary,2023,Q4,43,77779,0.5528484552385605,2023-10-01,Post
Gungahlin,Burglary,2024,Q1,38,77823,0.4882875242537554,2024-01-01,Post
Gungahlin,Burglary,2024,Q2,82,77823,1.0536730786528405,2024-04-01,Post
Gungahlin,Burglary,2024,Q3,32,77823,0.4111894941084256,2024-07-01,Post
Gungahlin,Burglary,2024,Q4,61,77823,0.7838299731441862,2024-10-01,Post
Gungahlin,Burglary,2025,Q1,78,78089,0.9988602748146346,2025-01-01,Post
Gungahlin,Burglary,2025,Q2,70,78089,0.8964130671413387,2025-04-01,Post
Gungahlin,CINs,2014,Q1,1,63410,0.015770383220312253,2014-01-01,Pre
Gungahlin,CINs,2014,Q2,3,63410,0.04731114966093676,2014-04-01,Pre
Gungahlin,CINs,2014,Q3,1,63410,0.015770383220312253,2014-07-01,Pre
Gungahlin,CINs,2014,Q4,4,63410,0.06308153288124901,2014-10-01,Pre
Gungahlin,CINs,2015,Q1,1,67959,0.014714754484321428,2015-01-01,Pre
Gungahlin,CINs,2015,Q2,2,67959,0.029429508968642857,2015-04-01,Pre
Gungahlin,CINs,2015,Q3,3,67959,0.04414426345296429,2015-07-01,Pre
Gungahlin,CINs,2015,Q4,3,67959,0.04414426345296429,2015-10-01,Pre
Gungahlin,CINs,2016,Q1,3,71582,0.041909977368612225,2016-01-01,Pre
Gungahlin,CINs,2016,Q2,4,71582,0.0558799698248163,2016-04-01,Pre
Gungahlin,CINs,2016,Q3,1,71582,0.013969992456204075,2016-07-01,Pre
Gungahlin,CINs,2016,Q4,5,71582,0.06984996228102038,2016-10-01,Pre
Gungahlin,CINs,2017,Q1,1,74291,0.013460580689450944,2017-01-01,Pre
Gungahlin,CINs,2017,Q2,0,74291,0.0,2017-04-01,Pre
Gungahlin,CINs,2017,Q3,6,74291,0.08076348413670566,2017-07-01,Pre
Gungahlin,CINs,2017,Q4,0,74291,0.0,2017-10-01,Pre
Gungahlin,CINs,2018,Q1,5,75663,0.06608249738974135,2018-01-01,Pre
Gungahlin,CINs,2018,Q2,0,75663,0.0,2018-04-01,Pre
Gungahlin,CINs,2018,Q3,0,75663,0.0,2018-07-01,Pre
Gungahlin,CINs,2018,Q4,2,75663,0.02643299895589654,2018-10-01,Pre
Gungahlin,CINs,2019,Q1,0,76492,0.0,2019-01-01,Pre
Gungahlin,CINs,2019,Q2,3,76492,0.03921978769021597,2019-04-01,Pre
Gungahlin,CINs,2019,Q3,2,76492,0.026146525126810646,2019-07-01,Pre
Gungahlin,CINs,2019,Q4,0,76492,0.0,2019-10-01,Pre
Gungahlin,CINs,2020,Q1,0,77063,0.0,2020-01-01,Pre
Gungahlin,CINs,2020,Q2,0,77063,0.0,2020-04-01,During
Gungahlin,CINs,2020,Q3,4,77063,0.05190558374317117,2020-07-01,During
Gungahlin,CINs,2020,Q4,2,77063,0.025952791871585584,2020-10-01,During
Gungahlin,CINs,2021,Q1,0,77021,0.0,2021-01-01,During
Gungahlin,CINs,2021,Q2,0,77021,0.0,2021-04-01,During
Gungahlin,CINs,2021,Q3,4,77021,0.051933888160371845,2021-07-01,During
Gungahlin,CINs,2021,Q4,0,77021,0.0,2021-10-01,Post
Gungahlin,CINs,2022,Q1,0,77403,0.0,2022-01-01,Post
Gungahlin,CINs,2022,Q2,0,77403,0.0,2022-04-01,Post
Gungahlin,CINs,2022,Q3,0,77403,0.0,2022-07-01,Post
Gungahlin,CINs,2022,Q4,1,77403,0.012919395889048228,2022-10-01,Post
Gungahlin,CINs,2023,Q1,0,77779,0.0,2023-01-01,Post
Gungahlin,CINs,2023,Q2,1,77779,0.012856940819501408,2023-04-01,Post
Gungahlin,CINs,2023,Q3,1,77779,0.012856940819501408,2023-07-01,Post
Gungahlin,CINs,2023,Q4,0,77779,0.0,2023-10-01,Post
Gungahlin,CINs,2024,Q1,0,77823,0.0,2024-01-01,Post
Gungahlin,CINs,2024,Q2,0,77823,0.0,2024-04-01,Post
Gungahlin,CINs,2024,Q3,0,77823,0.0,2024-07-01,Post
Gungahlin,CINs,2024,Q4,1,77823,0.0128496716908883,2024-10-01,Post
Gungahlin,CINs,2025,Q1,0,78089,0.0,2025-01-01,Post
Gungahlin,CINs,2025,Q2,0,78089,0.0,2025-04-01,Post
Gungahlin,Family Violence,2014,Q1,13,63410,0.2050149818640593,2014-01-01,Pre
Gungahlin,Family Violence,2014,Q2,27,63410,0.4258003469484309,2014-04-01,Pre
Gungahlin,Family Violence,2014,Q3,21,63410,0.33117804762655734,2014-07-01,Pre
Gungahlin,Family Violence,2014,Q4,19,63410,0.29963728118593286,2014-10-01,Pre
Gungahlin,Family Violence,2015,Q1,21,67959,0.30900984417075,2015-01-01,Pre
Gungahlin,Family Violence,2015,Q2,18,67959,0.2648655807177857,2015-04-01,Pre
Gungahlin,Family Violence,2015,Q3,24,67959,0.3531541076237143,2015-07-01,Pre
Gungahlin,Family Violence,2015,Q4,52,67959,0.7651672331847142,2015-10-01,Pre
Gungahlin,Family Violence,2016,Q1,40,71582,0.558799698248163,2016-01-01,Pre
Gungahlin,Family Violence,2016,Q2,45,71582,0.6286496605291834,2016-04-01,Pre
Gungahlin,Family Violence,2016,Q3,52,71582,0.7264396077226118,2016-07-01,Pre
Gungahlin,Family Violence,2016,Q4,52,71582,0.7264396077226118,2016-10-01,Pre
Gungahlin,Family Violence,2017,Q1,71,74291,0.955701228951017,2017-01-01,Pre
Gungahlin,Family Violence,2017,Q2,24,74291,0.32305393654682263,2017-04-01,Pre
Gungahlin,Family Violence,2017,Q3,39,74291,0.5249626468885868,2017-07-01,Pre
Gungahlin,Family Violence,2017,Q4,52,74291,0.699950195851449,2017-10-01,Pre
Gungahlin,Family Violence,2018,Q1,31,75663,0.4097114838163964,2018-01-01,Pre
Gungahlin,Family Violence,2018,Q2,53,75663,0.7004744723312584,2018-04-01,Pre
Gungahlin,Family Violence,2018,Q3,69,75663,0.9119384639784307,2018-07-01,Pre
Gungahlin,Family Violence,2018,Q4,55,75663,0.7269074712871549,2018-10-01,Pre
Gungahlin,Family Violence,2019,Q1,39,76492,0.5098572399728076,2019-01-01,Pre
Gungahlin,Family Violence,2019,Q2,52,76492,0.6798096532970768,2019-04-01,Pre
Gungahlin,Family Violence,2019,Q3,53,76492,0.6928829158604821,2019-07-01,Pre
Gungahlin,Family Violence,2019,Q4,48,76492,0.6275166030434555,2019-10-01,Pre
Gungahlin,Family Violence,2020,Q1,50,77063,0.6488197967896396,2020-01-01,Pre
Gungahlin,Family Violence,2020,Q2,38,77063,0.49310304556012613,2020-04-01,During
Gungahlin,Family Violence,2020,Q3,42,77063,0.5450086293032973,2020-07-01,During
Gungahlin,Family Violence,2020,Q4,51,77063,0.6617961927254324,2020-10-01,During
Gungahlin,Family Violence,2021,Q1,53,77021,0.688124018124927,2021-01-01,During
Gungahlin,Family Violence,2021,Q2,56,77021,0.7270744342452058,2021-04-01,During
Gungahlin,Family Violence,2021,Q3,60,77021,0.7790083224055777,2021-07-01,During
Gungahlin,Family Violence,2021,Q4,79,77021,1.025694291167344,2021-10-01,Post
Gungahlin,Family Violence,2022,Q1,60,77403,0.7751637533428937,2022-01-01,Post
Gungahlin,Family Violence,2022,Q2,32,77403,0.4134206684495433,2022-04-01,Post
Gungahlin,Family Violence,2022,Q3,55,77403,0.7105667738976524,2022-07-01,Post
Gungahlin,Family Violence,2022,Q4,65,77403,0.8397607327881348,2022-10-01,Post
Gungahlin,Family Violence,2023,Q1,75,77779,0.9642705614626056,2023-01-01,Post
Gungahlin,Family Violence,2023,Q2,69,77779,0.8871289165455972,2023-04-01,Post
Gungahlin,Family Violence,2023,Q3,69,77779,0.8871289165455972,2023-07-01,Post
Gungahlin,Family Violence,2023,Q4,57,77779,0.7328456267115803,2023-10-01,Post
Gungahlin,Family Violence,2024,Q1,69,77823,0.8866273466712926,2024-01-01,Post
Gungahlin,Family Violence,2024,Q2,37,77823,0.4754378525628671,2024-04-01,Post
Gungahlin,Family Violence,2024,Q3,63,77823,0.8095293165259628,2024-07-01,Post
Gungahlin,Family Violence,2024,Q4,51,77823,0.6553332562353033,2024-10-01,Post
Gungahlin,Family Violence,2025,Q1,58,78089,0.742742255631395,2025-01-01,Post
Gungahlin,Family Violence,2025,Q2,58,78089,0.742742255631395,2025-04-01,Post
Gungahlin,Homicide,2014,Q1,0,63410,0.0,2014-01-01,Pre
Gungahlin,Homicide,2014,Q2,0,63410,0.0,2014-04-01,Pre
Gungahlin,Homicide,2014,Q3,0,63410,0.0,2014-07-01,Pre
Gungahlin,Homicide,2014,Q4,0,63410,0.0,2014-10-01,Pre
Gungahlin,Homicide,2015,Q1,0,67959,0.0,2015-01-01,Pre
Gungahlin,Homicide,2015,Q2,0,67959,0.0,2015-04-01,Pre
Gungahlin,Homicide,2015,Q3,0,67959,0.0,2015-07-01,Pre
Gungahlin,Homicide,2015,Q4,0,67959,0.0,2015-10-01,Pre
Gungahlin,Homicide,2016,Q1,0,71582,0.0,2016-01-01,Pre
Gungahlin,Homicide,2016,Q2,0,71582,0.0,2016-04-01,Pre
Gungahlin,Homicide,2016,Q3,0,71582,0.0,2016-07-01,Pre
Gungahlin,Homicide,2016,Q4,0,71582,0.0,2016-10-01,Pre
Gungahlin,Homicide,2017,Q1,0,74291,0.0,2017-01-01,Pre
Gungahlin,Homicide,2017,Q2,0,74291,0.0,2017-04-01,Pre
Gungahlin,Homicide,2017,Q3,0,74291,0.0,2017-07-01,Pre
Gungahlin,Homicide,2017,Q4,0,74291,0.0,2017-10-01,Pre
Gungahlin,Homicide,2018,Q1,1,75663,0.01321649947794827,2018-01-01,Pre
Gungahlin,Homicide,2018,Q2,0,75663,0.0,2018-04-01,Pre
Gungahlin,Homicide,2018,Q3,0,75663,0.0,2018-07-01,Pre
Gungahlin,Homicide,2018,Q4,0,75663,0.0,2018-10-01,Pre
Gungahlin,Homicide,2019,Q1,2,76492,0.026146525126810646,2019-01-01,Pre
Gungahlin,Homicide,2019,Q2,0,76492,0.0,2019-04-01,Pre
Gungahlin,Homicide,2019,Q3,0,76492,0.0,2019-07-01,Pre
Gungahlin,Homicide,2019,Q4,1,76492,0.013073262563405323,2019-10-01,Pre
Gungahlin,Homicide,2020,Q1,0,77063,0.0,2020-01-01,Pre
Gungahlin,Homicide,2020,Q2,0,77063,0.0,2020-04-01,During
Gungahlin,Homicide,2020,Q3,0,77063,0.0,2020-07-01,During
Gungahlin,Homicide,2020,Q4,0,77063,0.0,2020-10-01,During
Gungahlin,Homicide,2021,Q1,0,77021,0.0,2021-01-01,During
Gungahlin,Homicide,2021,Q2,0,77021,0.0,2021-04-01,During
Gungahlin,Homicide,2021,Q3,0,77021,0.0,2021-07-01,During
Gungahlin,Homicide,2021,Q4,1,77021,0.012983472040092961,2021-10-01,Post
Gungahlin,Homicide,2022,Q1,0,77403,0.0,2022-01-01,Post
Gungahlin,Homicide,2022,Q2,0,77403,0.0,2022-04-01,Post
Gungahlin,Homicide,2022,Q3,0,77403,0.0,2022-07-01,Post
Gungahlin,Homicide,2022,Q4,2,77403,0.025838791778096455,2022-10-01,Post
Gungahlin,Homicide,2023,Q1,0,77779,0.0,2023-01-01,Post
Gungahlin,Homicide,2023,Q2,0,77779,0.0,2023-04-01,Post
Gungahlin,Homicide,2023,Q3,0,77779,0.0,2023-07-01,Post
Gungahlin,Homicide,2023,Q4,0,77779,0.0,2023-10-01,Post
Gungahlin,Homicide,2024,Q1,0,77823,0.0,2024-01-01,Post
Gungahlin,Homicide,2024,Q2,0,77823,0.0,2024-04-01,Post
Gungahlin,Homicide,2024,Q3,1,77823,0.0128496716908883,2024-07-01,Post
Gungahlin,Homicide,2024,Q4,0,77823,0.0,2024-10-01,Post
Gungahlin,Homicide,2025,Q1,1,78089,0.012805900959161983,2025-01-01,Post
Gungahlin,Homicide,2025,Q2,0,78089,0.0,2025-04-01,Post
Gungahlin,Other,2014,Q1,207,63410,3.2644693266046367,2014-01-01,Pre
Gungahlin,Other,2014,Q2,226,63410,3.5641066077905696,2014-04-01,Pre
Gungahlin,Other,2014,Q3,239,63410,3.769121589654629,2014-07-01,Pre
Gungahlin,Other,2014,Q4,225,63410,3.5483362245702574,2014-10-01,Pre
Gungahlin,Other,2015,Q1,203,67959,2.9870951603172498,2015-01-01,Pre
Gungahlin,Other,2015,Q2,240,67959,3.5315410762371426,2015-04-01,Pre
Gungahlin,Other,2015,Q3,214,67959,3.1489574596447856,2015-07-01,Pre
Gungahlin,Other,2015,Q4,230,67959,3.3843935313939286,2015-10-01,Pre
Gungahlin,Other,2016,Q1,294,71582,4.107177782123998,2016-01-01,Pre
Gungahlin,Other,2016,Q2,291,71582,4.065267804755385,2016-04-01,Pre
Gungahlin,Other,2016,Q3,299,71582,4.177027744405018,2016-07-01,Pre
Gungahlin,Other,2016,Q4,274,71582,3.8277779329999166,2016-10-01,Pre
Gungahlin,Other,2017,Q1,239,74291,3.2170787847787756,2017-01-01,Pre
Gungahlin,Other,2017,Q2,319,74291,4.293925239934851,2017-04-01,Pre
Gungahlin,Other,2017,Q3,351,74291,4.724663821997281,2017-07-01,Pre
Gungahlin,Other,2017,Q4,362,74291,4.872730209581242,2017-10-01,Pre
Gungahlin,Other,2018,Q1,268,75663,3.5420218600901365,2018-01-01,Pre
Gungahlin,Other,2018,Q2,294,75663,3.885650846516792,2018-04-01,Pre
Gungahlin,Other,2018,Q3,488,75663,6.449651745238756,2018-07-01,Pre
Gungahlin,Other,2018,Q4,270,75663,3.5684548590460334,2018-10-01,Pre
Gungahlin,Other,2019,Q1,328,76492,4.288030120796946,2019-01-01,Pre
Gungahlin,Other,2019,Q2,369,76492,4.824033885896564,2019-04-01,Pre
Gungahlin,Other,2019,Q3,276,76492,3.6082204674998692,2019-07-01,Pre
Gungahlin,Other,2019,Q4,290,76492,3.7912461433875437,2019-10-01,Pre
Gungahlin,Other,2020,Q1,354,77063,4.593644161270649,2020-01-01,Pre
Gungahlin,Other,2020,Q2,406,77063,5.268416749931874,2020-04-01,During
Gungahlin,Other,2020,Q3,381,77063,4.944006851537054,2020-07-01,During
Gungahlin,Other,2020,Q4,282,77063,3.6593436538935675,2020-10-01,During
Gungahlin,Other,2021,Q1,302,77021,3.9210085561080743,2021-01-01,During
Gungahlin,Other,2021,Q2,334,77021,4.336479661391049,2021-04-01,During
Gungahlin,Other,2021,Q3,241,77021,3.129016761662404,2021-07-01,During
Gungahlin,Other,2021,Q4,237,77021,3.077082873502032,2021-10-01,Post
Gungahlin,Other,2022,Q1,329,77403,4.250481247496866,2022-01-01,Post
Gungahlin,Other,2022,Q2,281,77403,3.630350244822552,2022-04-01,Post
Gungahlin,Other,2022,Q3,248,77403,3.2040101804839605,2022-07-01,Post
Gungahlin,Other,2022,Q4,284,77403,3.6691084324896965,2022-10-01,Post
Gungahlin,Other,2023,Q1,296,77779,3.805654482572417,2023-01-01,Post
Gungahlin,Other,2023,Q2,307,77779,3.9470808315869323,2023-04-01,Post
Gungahlin,Other,2023,Q3,289,77779,3.7156558968359072,2023-07-01,Post
Gungahlin,Other,2023,Q4,242,77779,3.111379678319341,2023-10-01,Post
Gungahlin,Other,2024,Q1,222,77823,2.8526271153772025,2024-01-01,Post
Gungahlin,Other,2024,Q2,185,77823,2.377189262814335,2024-04-01,Post
Gungahlin,Other,2024,Q3,199,77823,2.5570846664867717,2024-07-01,Post
Gungahlin,Other,2024,Q4,260,77823,3.3409146396309577,2024-10-01,Post
Gungahlin,Other,2025,Q1,290,78089,3.7137112781569748,2025-01-01,Post
Gungahlin,Other,2025,Q2,212,78089,2.71485100334234,2025-04-01,Post
Gungahlin,Property Damage,2014,Q1,129,63410,2.0343794354202807,2014-01-01,Pre
Gungahlin,Property Damage,2014,Q2,112,63410,1.7662829206749724,2014-04-01,Pre
Gungahlin,Property Damage,2014,Q3,69,63410,1.0881564422015455,2014-07-01,Pre
Gungahlin,Property Damage,2014,Q4,69,63410,1.0881564422015455,2014-10-01,Pre
Gungahlin,Property Damage,2015,Q1,79,67959,1.1624656042613928,2015-01-01,Pre
Gungahlin,Property Damage,2015,Q2,132,67959,1.9423475919304285,2015-04-01,Pre
Gungahlin,Property Damage,2015,Q3,88,67959,1.2948983946202857,2015-07-01,Pre
Gungahlin,Property Damage,2015,Q4,153,67959,2.2513574361011783,2015-10-01,Pre
Gungahlin,Property Damage,2016,Q1,104,71582,1.4528792154452237,2016-01-01,Pre
Gungahlin,Property Damage,2016,Q2,120,71582,1.676399094744489,2016-04-01,Pre
Gungahlin,Property Damage,2016,Q3,123,71582,1.7183090721131011,2016-07-01,Pre
Gungahlin,Property Damage,2016,Q4,128,71582,1.7881590343941216,2016-10-01,Pre
Gungahlin,Property Damage,2017,Q1,187,74291,2.5171285889273265,2017-01-01,Pre
Gungahlin,Property Damage,2017,Q2,152,74291,2.0460082647965434,2017-04-01,Pre
Gungahlin,Property Damage,2017,Q3,131,74291,1.7633360703180736,2017-07-01,Pre
Gungahlin,Property Damage,2017,Q4,146,74291,1.9652447806598377,2017-10-01,Pre
Gungahlin,Property Damage,2018,Q1,88,75663,1.163051954059448,2018-01-01,Pre
Gungahlin,Property Damage,2018,Q2,108,75663,1.4273819436184132,2018-04-01,Pre
Gungahlin,Property Damage,2018,Q3,117,75663,1.5463304389199477,2018-07-01,Pre
Gungahlin,Property Damage,2018,Q4,93,75663,1.2291344514491893,2018-10-01,Pre
Gungahlin,Property Damage,2019,Q1,130,76492,1.699524133242692,2019-01-01,Pre
Gungahlin,Property Damage,2019,Q2,146,76492,1.9086963342571772,2019-04-01,Pre
Gungahlin,Property Damage,2019,Q3,161,76492,2.104795272708257,2019-07-01,Pre
Gungahlin,Property Damage,2019,Q4,208,76492,2.719238613188307,2019-10-01,Pre
Gungahlin,Property Damage,2020,Q1,128,77063,1.6609786797814774,2020-01-01,Pre
Gungahlin,Property Damage,2020,Q2,93,77063,1.2068048220287297,2020-04-01,During
Gungahlin,Property Damage,2020,Q3,104,77063,1.3495451773224505,2020-07-01,During
Gungahlin,Property Damage,2020,Q4,135,77063,1.751813451332027,2020-10-01,During
Gungahlin,Property Damage,2021,Q1,107,77021,1.389231508289947,2021-01-01,During
Gungahlin,Property Damage,2021,Q2,140,77021,1.8176860856130146,2021-04-01,During
Gungahlin,Property Damage,2021,Q3,100,77021,1.2983472040092963,2021-07-01,During
Gungahlin,Property Damage,2021,Q4,92,77021,1.1944794276885524,2021-10-01,Post
Gungahlin,Property Damage,2022,Q1,107,77403,1.3823753601281603,2022-01-01,Post
Gungahlin,Property Damage,2022,Q2,88,77403,1.136906838236244,2022-04-01,Post
Gungahlin,Property Damage,2022,Q3,113,77403,1.4598917354624497,2022-07-01,Post
Gungahlin,Property Damage,2022,Q4,74,77403,0.9560352957895688,2022-10-01,Post
Gungahlin,Property Damage,2023,Q1,67,77779,0.8614150349065943,2023-01-01,Post
Gungahlin,Property Damage,2023,Q2,67,77779,0.8614150349065943,2023-04-01,Post
Gungahlin,Property Damage,2023,Q3,95,77779,1.2214093778526338,2023-07-01,Post
Gungahlin,Property Damage,2023,Q4,78,77779,1.0028413839211099,2023-10-01,Post
Gungahlin,Property Damage,2024,Q1,102,77823,1.3106665124706065,2024-01-01,Post
Gungahlin,Property Damage,2024,Q2,101,77823,1.2978168407797182,2024-04-01,Post
Gungahlin,Property Damage,2024,Q3,74,77823,0.9508757051257342,2024-07-01,Post
Gungahlin,Property Damage,2024,Q4,98,77823,1.2592678257070533,2024-10-01,Post
Gungahlin,Property Damage,2025,Q1,80,78089,1.0244720767329585,2025-01-01,Post
Gungahlin,Property Damage,2025,Q2,80,78089,1.0244720767329585,2025-04-01,Post
Gungahlin,Robbery,2014,Q1,3,63410,0.04731114966093676,2014-01-01,Pre
Gungahlin,Robbery,2014,Q2,2,63410,0.03154076644062451,2014-04-01,Pre
Gungahlin,Robbery,2014,Q3,1,63410,0.015770383220312253,2014-07-01,Pre
Gungahlin,Robbery,2014,Q4,3,63410,0.04731114966093676,2014-10-01,Pre
Gungahlin,Robbery,2015,Q1,3,67959,0.04414426345296429,2015-01-01,Pre
Gungahlin,Robbery,2015,Q2,1,67959,0.014714754484321428,2015-04-01,Pre
Gungahlin,Robbery,2015,Q3,5,67959,0.07357377242160715,2015-07-01,Pre
Gungahlin,Robbery,2015,Q4,1,67959,0.014714754484321428,2015-10-01,Pre
Gungahlin,Robbery,2016,Q1,2,71582,0.02793998491240815,2016-01-01,Pre
Gungahlin,Robbery,2016,Q2,3,71582,0.041909977368612225,2016-04-01,Pre
Gungahlin,Robbery,2016,Q3,2,71582,0.02793998491240815,2016-07-01,Pre
Gungahlin,Robbery,2016,Q4,1,71582,0.013969992456204075,2016-10-01,Pre
Gungahlin,Robbery,2017,Q1,6,74291,0.08076348413670566,2017-01-01,Pre
Gungahlin,Robbery,2017,Q2,2,74291,0.026921161378901888,2017-04-01,Pre
Gungahlin,Robbery,2017,Q3,6,74291,0.08076348413670566,2017-07-01,Pre
Gungahlin,Robbery,2017,Q4,1,74291,0.013460580689450944,2017-10-01,Pre
Gungahlin,Robbery,2018,Q1,4,75663,0.05286599791179308,2018-01-01,Pre
Gungahlin,Robbery,2018,Q2,0,75663,0.0,2018-04-01,Pre
Gungahlin,Robbery,2018,Q3,2,75663,0.02643299895589654,2018-07-01,Pre
Gungahlin,Robbery,2018,Q4,4,75663,0.05286599791179308,2018-10-01,Pre
Gungahlin,Robbery,2019,Q1,3,76492,0.03921978769021597,2019-01-01,Pre
Gungahlin,Robbery,2019,Q2,6,76492,0.07843957538043193,2019-04-01,Pre
Gungahlin,Robbery,2019,Q3,5,76492,0.06536631281702661,2019-07-01,Pre
Gungahlin,Robbery,2019,Q4,2,76492,0.026146525126810646,2019-10-01,Pre
Gungahlin,Robbery,2020,Q1,4,77063,0.05190558374317117,2020-01-01,Pre
Gungahlin,Robbery,2020,Q2,4,77063,0.05190558374317117,2020-04-01,During
Gungahlin,Robbery,2020,Q3,4,77063,0.05190558374317117,2020-07-01,During
Gungahlin,Robbery,2020,Q4,1,77063,0.012976395935792792,2020-10-01,During
Gungahlin,Robbery,2021,Q1,2,77021,0.025966944080185923,2021-01-01,During
Gungahlin,Robbery,2021,Q2,4,77021,0.051933888160371845,2021-04-01,During
Gungahlin,Robbery,2021,Q3,12,77021,0.15580166448111554,2021-07-01,During
Gungahlin,Robbery,2021,Q4,0,77021,0.0,2021-10-01,Post
Gungahlin,Robbery,2022,Q1,4,77403,0.05167758355619291,2022-01-01,Post
Gungahlin,Robbery,2022,Q2,1,77403,0.012919395889048228,2022-04-01,Post
Gungahlin,Robbery,2022,Q3,13,77403,0.16795214655762694,2022-07-01,Post
Gungahlin,Robbery,2022,Q4,2,77403,0.025838791778096455,2022-10-01,Post
Gungahlin,Robbery,2023,Q1,8,77779,0.10285552655601127,2023-01-01,Post
Gungahlin,Robbery,2023,Q2,1,77779,0.012856940819501408,2023-04-01,Post
Gungahlin,Robbery,2023,Q3,8,77779,0.10285552655601127,2023-07-01,Post
Gungahlin,Robbery,2023,Q4,4,77779,0.051427763278005634,2023-10-01,Post
Gungahlin,Robbery,2024,Q1,9,77823,0.1156470452179947,2024-01-01,Post
Gungahlin,Robbery,2024,Q2,0,77823,0.0,2024-04-01,Post
Gungahlin,Robbery,2024,Q3,5,77823,0.06424835845444149,2024-07-01,Post
Gungahlin,Robbery,2024,Q4,9,77823,0.1156470452179947,2024-10-01,Post
Gungahlin,Robbery,2025,Q1,10,78089,0.1280590095916198,2025-01-01,Post
Gungahlin,Robbery,2025,Q2,8,78089,0.10244720767329586,2025-04-01,Post
Gungahlin,Sexual Assault,2014,Q1,5,63410,0.07885191610156127,2014-01-01,Pre
Gungahlin,Sexual Assault,2014,Q2,6,63410,0.09462229932187352,2014-04-01,Pre
Gungahlin,Sexual Assault,2014,Q3,6,63410,0.09462229932187352,2014-07-01,Pre
Gungahlin,Sexual Assault,2014,Q4,7,63410,0.11039268254218577,2014-10-01,Pre
Gungahlin,Sexual Assault,2015,Q1,3,67959,0.04414426345296429,2015-01-01,Pre
Gungahlin,Sexual Assault,2015,Q2,5,67959,0.07357377242160715,2015-04-01,Pre
Gungahlin,Sexual Assault,2015,Q3,5,67959,0.07357377242160715,2015-07-01,Pre
Gungahlin,Sexual Assault,2015,Q4,5,67959,0.07357377242160715,2015-10-01,Pre
Gungahlin,Sexual Assault,2016,Q1,6,71582,0.08381995473722445,2016-01-01,Pre
Gungahlin,Sexual Assault,2016,Q2,20,71582,0.2793998491240815,2016-04-01,Pre
Gungahlin,Sexual Assault,2016,Q3,14,71582,0.19557989438685705,2016-07-01,Pre
Gungahlin,Sexual Assault,2016,Q4,10,71582,0.13969992456204075,2016-10-01,Pre
Gungahlin,Sexual Assault,2017,Q1,17,74291,0.22882987172066604,2017-01-01,Pre
Gungahlin,Sexual Assault,2017,Q2,12,74291,0.16152696827341131,2017-04-01,Pre
Gungahlin,Sexual Assault,2017,Q3,9,74291,0.12114522620505849,2017-07-01,Pre
Gungahlin,Sexual Assault,2017,Q4,8,74291,0.10768464551560755,2017-10-01,Pre
Gungahlin,Sexual Assault,2018,Q1,14,75663,0.1850309926912758,2018-01-01,Pre
Gungahlin,Sexual Assault,2018,Q2,5,75663,0.06608249738974135,2018-04-01,Pre
Gungahlin,Sexual Assault,2018,Q3,24,75663,0.3171959874707585,2018-07-01,Pre
Gungahlin,Sexual Assault,2018,Q4,11,75663,0.145381494257431,2018-10-01,Pre
Gungahlin,Sexual Assault,2019,Q1,36,76492,0.47063745228259163,2019-01-01,Pre
Gungahlin,Sexual Assault,2019,Q2,39,76492,0.5098572399728076,2019-04-01,Pre
Gungahlin,Sexual Assault,2019,Q3,16,76492,0.20917220101448517,2019-07-01,Pre
Gungahlin,Sexual Assault,2019,Q4,24,76492,0.31375830152172773,2019-10-01,Pre
Gungahlin,Sexual Assault,2020,Q1,18,77063,0.23357512684427026,2020-01-01,Pre
Gungahlin,Sexual Assault,2020,Q2,23,77063,0.2984571065232342,2020-04-01,During
Gungahlin,Sexual Assault,2020,Q3,26,77063,0.3373862943306126,2020-07-01,During
Gungahlin,Sexual Assault,2020,Q4,16,77063,0.20762233497268467,2020-10-01,During
Gungahlin,Sexual Assault,2021,Q1,18,77021,0.23370249672167331,2021-01-01,During
Gungahlin,Sexual Assault,2021,Q2,13,77021,0.1687851365212085,2021-04-01,During
Gungahlin,Sexual Assault,2021,Q3,10,77021,0.1298347204009296,2021-07-01,During
Gungahlin,Sexual Assault,2021,Q4,35,77021,0.45442152140325365,2021-10-01,Post
Gungahlin,Sexual Assault,2022,Q1,36,77403,0.4650982520057362,2022-01-01,Post
Gungahlin,Sexual Assault,2022,Q2,30,77403,0.38758187667144683,2022-04-01,Post
Gungahlin,Sexual Assault,2022,Q3,17,77403,0.21962973011381987,2022-07-01,Post
Gungahlin,Sexual Assault,2022,Q4,32,77403,0.4134206684495433,2022-10-01,Post
Gungahlin,Sexual Assault,2023,Q1,27,77779,0.34713740212653804,2023-01-01,Post
Gungahlin,Sexual Assault,2023,Q2,20,77779,0.25713881639002817,2023-04-01,Post
Gungahlin,Sexual Assault,2023,Q3,20,77779,0.25713881639002817,2023-07-01,Post
Gungahlin,Sexual Assault,2023,Q4,20,77779,0.25713881639002817,2023-10-01,Post
Gungahlin,Sexual Assault,2024,Q1,21,77823,0.26984310550865426,2024-01-01,Post
Gungahlin,Sexual Assault,2024,Q2,12,77823,0.15419606029065958,2024-04-01,Post
Gungahlin,Sexual Assault,2024,Q3,14,77823,0.17989540367243617,2024-07-01,Post
Gungahlin,Sexual Assault,2024,Q4,13,77823,0.16704573198154787,2024-10-01,Post
Gungahlin,Sexual Assault,2025,Q1,23,78089,0.2945357220607256,2025-01-01,Post
Gungahlin,Sexual Assault,2025,Q2,18,78089,0.23050621726491569,2025-04-01,Post
Gungahlin,TINs,2014,Q1,388,63410,6.118908689481155,2014-01-01,Pre
Gungahlin,TINs,2014,Q2,405,63410,6.387005204226463,2014-04-01,Pre
Gungahlin,TINs,2014,Q3,393,63410,6.197760605582716,2014-07-01,Pre
Gungahlin,TINs,2014,Q4,408,63410,6.4343163538874,2014-10-01,Pre
Gungahlin,TINs,2015,Q1,354,67959,5.209023087449785,2015-01-01,Pre
Gungahlin,TINs,2015,Q2,361,67959,5.312026368840035,2015-04-01,Pre
Gungahlin,TINs,2015,Q3,345,67959,5.076590297090893,2015-07-01,Pre
Gungahlin,TINs,2015,Q4,389,67959,5.724039494401036,2015-10-01,Pre
Gungahlin,TINs,2016,Q1,405,71582,5.6578469447626505,2016-01-01,Pre
Gungahlin,TINs,2016,Q2,352,71582,4.917437344583834,2016-04-01,Pre
Gungahlin,TINs,2016,Q3,431,71582,6.021066748623956,2016-07-01,Pre
Gungahlin,TINs,2016,Q4,356,71582,4.973317314408651,2016-10-01,Pre
Gungahlin,TINs,2017,Q1,272,74291,3.6612779475306567,2017-01-01,Pre
Gungahlin,TINs,2017,Q2,386,74291,5.195784146128064,2017-04-01,Pre
Gungahlin,TINs,2017,Q3,455,74291,6.12456421370018,2017-07-01,Pre
Gungahlin,TINs,2017,Q4,303,74291,4.078555948903636,2017-10-01,Pre
Gungahlin,TINs,2018,Q1,322,75663,4.255712831899343,2018-01-01,Pre
Gungahlin,TINs,2018,Q2,240,75663,3.1719598747075852,2018-04-01,Pre
Gungahlin,TINs,2018,Q3,224,75663,2.9604958830604127,2018-07-01,Pre
Gungahlin,TINs,2018,Q4,151,75663,1.995691421170189,2018-10-01,Pre
Gungahlin,TINs,2019,Q1,171,76492,2.23552789834231,2019-01-01,Pre
Gungahlin,TINs,2019,Q2,217,76492,2.836897976258955,2019-04-01,Pre
Gungahlin,TINs,2019,Q3,246,76492,3.2160225905977096,2019-07-01,Pre
Gungahlin,TINs,2019,Q4,296,76492,3.8696857187679754,2019-10-01,Pre
Gungahlin,TINs,2020,Q1,277,77063,3.5944616742146036,2020-01-01,Pre
Gungahlin,TINs,2020,Q2,352,77063,4.567691369399063,2020-04-01,During
Gungahlin,TINs,2020,Q3,236,77063,3.062429440847099,2020-07-01,During
Gungahlin,TINs,2020,Q4,352,77063,4.567691369399063,2020-10-01,During
Gungahlin,TINs,2021,Q1,182,77021,2.362991911296919,2021-01-01,During
Gungahlin,TINs,2021,Q2,285,77021,3.700289531426494,2021-04-01,During
Gungahlin,TINs,2021,Q3,144,77021,1.8696199737733865,2021-07-01,During
Gungahlin,TINs,2021,Q4,261,77021,3.388686202464263,2021-10-01,Post
Gungahlin,TINs,2022,Q1,137,77403,1.769957236799607,2022-01-01,Post
Gungahlin,TINs,2022,Q2,221,77403,2.855186491479658,2022-04-01,Post
Gungahlin,TINs,2022,Q3,153,77403,1.9766675710243788,2022-07-01,Post
Gungahlin,TINs,2022,Q4,256,77403,3.3073653475963463,2022-10-01,Post
Gungahlin,TINs,2023,Q1,209,77779,2.6871006312757943,2023-01-01,Post
Gungahlin,TINs,2023,Q2,239,77779,3.0728088558608366,2023-04-01,Post
Gungahlin,TINs,2023,Q3,161,77779,2.069967471939727,2023-07-01,Post
Gungahlin,TINs,2023,Q4,147,77779,1.889970300466707,2023-10-01,Post
Gungahlin,TINs,2024,Q1,176,77823,2.2615422175963404,2024-01-01,Post
Gungahlin,TINs,2024,Q2,145,77823,1.8632023951788033,2024-04-01,Post
Gungahlin,TINs,2024,Q3,201,77823,2.582784009868548,2024-07-01,Post
Gungahlin,TINs,2024,Q4,319,77823,4.099045269393367,2024-10-01,Post
Gungahlin,TINs,2025,Q1,316,78089,4.046664703095186,2025-01-01,Post
Gungahlin,TINs,2025,Q2,325,78089,4.161917811727644,2025-04-01,Post
Gungahlin,Theft,2014,Q1,253,63410,3.9899069547390003,2014-01-01,Pre
Gungahlin,Theft,2014,Q2,206,63410,3.2486989433843245,2014-04-01,Pre
Gungahlin,Theft,2014,Q3,160,63410,2.5232613152499606,2014-07-01,Pre
Gungahlin,Theft,2014,Q4,205,63410,3.2329285601640123,2014-10-01,Pre
Gungahlin,Theft,2015,Q1,208,67959,3.060668932738857,2015-01-01,Pre
Gungahlin,Theft,2015,Q2,277,67959,4.075986992157036,2015-04-01,Pre
Gungahlin,Theft,2015,Q3,211,67959,3.1048131961918215,2015-07-01,Pre
Gungahlin,Theft,2015,Q4,355,67959,5.223737841934107,2015-10-01,Pre
Gungahlin,Theft,2016,Q1,254,71582,3.548378083875835,2016-01-01,Pre
Gungahlin,Theft,2016,Q2,297,71582,4.14908775949261,2016-04-01,Pre
Gungahlin,Theft,2016,Q3,348,71582,4.861557374759018,2016-07-01,Pre
Gungahlin,Theft,2016,Q4,238,71582,3.3248582045765698,2016-10-01,Pre
Gungahlin,Theft,2017,Q1,321,74291,4.320846401313753,2017-01-01,Pre
Gungahlin,Theft,2017,Q2,244,74291,3.28438168822603,2017-04-01,Pre
Gungahlin,Theft,2017,Q3,300,74291,4.038174206835283,2017-07-01,Pre
Gungahlin,Theft,2017,Q4,438,74291,5.895734341979513,2017-10-01,Pre
Gungahlin,Theft,2018,Q1,259,75663,3.423073364788602,2018-01-01,Pre
Gungahlin,Theft,2018,Q2,326,75663,4.308578829811136,2018-04-01,Pre
Gungahlin,Theft,2018,Q3,241,75663,3.1851763741855335,2018-07-01,Pre
Gungahlin,Theft,2018,Q4,264,75663,3.4891558621783436,2018-10-01,Pre
Gungahlin,Theft,2019,Q1,352,76492,4.601788422318673,2019-01-01,Pre
Gungahlin,Theft,2019,Q2,254,76492,3.320608691104952,2019-04-01,Pre
Gungahlin,Theft,2019,Q3,269,76492,3.516707629556032,2019-07-01,Pre
Gungahlin,Theft,2019,Q4,404,76492,5.281598075615751,2019-10-01,Pre
Gungahlin,Theft,2020,Q1,350,77063,4.541738577527477,2020-01-01,Pre
Gungahlin,Theft,2020,Q2,184,77063,2.3876568521858736,2020-04-01,During
Gungahlin,Theft,2020,Q3,238,77063,3.0883822327186845,2020-07-01,During
Gungahlin,Theft,2020,Q4,252,77063,3.2700517758197836,2020-10-01,During
Gungahlin,Theft,2021,Q1,246,77021,3.1939341218628687,2021-01-01,During
Gungahlin,Theft,2021,Q2,316,77021,4.102777164669376,2021-04-01,During
Gungahlin,Theft,2021,Q3,215,77021,2.791446488619987,2021-07-01,During
Gungahlin,Theft,2021,Q4,194,77021,2.5187935757780346,2021-10-01,Post
Gungahlin,Theft,2022,Q1,239,77403,3.0877356174825263,2022-01-01,Post
Gungahlin,Theft,2022,Q2,259,77403,3.346123535263491,2022-04-01,Post
Gungahlin,Theft,2022,Q3,202,77403,2.609717969587742,2022-07-01,Post
Gungahlin,Theft,2022,Q4,204,77403,2.635556761365838,2022-10-01,Post
Gungahlin,Theft,2023,Q1,252,77779,3.239949086514355,2023-01-01,Post
Gungahlin,Theft,2023,Q2,161,77779,2.069967471939727,2023-04-01,Post
Gungahlin,Theft,2023,Q3,248,77779,3.1885213232363494,2023-07-01,Post
Gungahlin,Theft,2023,Q4,216,77779,2.7770992170123043,2023-10-01,Post
Gungahlin,Theft,2024,Q1,227,77823,2.916875473831644,2024-01-01,Post
Gungahlin,Theft,2024,Q2,232,77823,2.981123832286085,2024-04-01,Post
Gungahlin,Theft,2024,Q3,219,77823,2.8140781003045374,2024-07-01,Post
Gungahlin,Theft,2024,Q4,220,77823,2.8269277719954258,2024-10-01,Post
Gungahlin,Theft,2025,Q1,202,78089,2.58679199375072,2025-01-01,Post
Gungahlin,Theft,2025,Q2,219,78089,2.804492310056474,2025-04-01,Post
Inner North,All Crime,2014,Q1,3041,52833,57.55872276796699,2014-01-01,Pre
Inner North,All Crime,2014,Q2,2567,52833,48.587057331592,2014-04-01,Pre
Inner North,All Crime,2014,Q3,2767,52833,52.37257017394432,2014-07-01,Pre
Inner North,All Crime,2014,Q4,2472,52833,46.78893873147465,2014-10-01,Pre
Inner North,All Crime,2015,Q1,2393,53534,44.70056412747039,2015-01-01,Pre
Inner North,All Crime,2015,Q2,2564,53534,47.89479583068704,2015-04-01,Pre
Inner North,All Crime,2015,Q3,2478,53534,46.288340120297384,2015-07-01,Pre
Inner North,All Crime,2015,Q4,2483,53534,46.38173870811073,2015-10-01,Pre
Inner North,All Crime,2016,Q1,2422,54528,44.41754694835681,2016-01-01,Pre
Inner North,All Crime,2016,Q2,2403,54528,44.069102112676056,2016-04-01,Pre
Inner North,All Crime,2016,Q3,2477,54528,45.42620305164319,2016-07-01,Pre
Inner North,All Crime,2016,Q4,2405,54528,44.10578051643193,2016-10-01,Pre
Inner North,All Crime,2017,Q1,2824,56374,50.094014971440735,2017-01-01,Pre
Inner North,All Crime,2017,Q2,2588,56374,45.90768794124951,2017-04-01,Pre
Inner North,All Crime,2017,Q3,2549,56374,45.215879660836556,2017-07-01,Pre
Inner North,All Crime,2017,Q4,2548,56374,45.19814098697981,2017-10-01,Pre
Inner North,All Crime,2018,Q1,2559,57892,44.202998687210666,2018-01-01,Pre
Inner North,All Crime,2018,Q2,2254,57892,38.934567815933114,2018-04-01,Pre
Inner North,All Crime,2018,Q3,2430,57892,41.97471153181787,2018-07-01,Pre
Inner North,All Crime,2018,Q4,2439,57892,42.13017342638015,2018-10-01,Pre
Inner North,All Crime,2019,Q1,2654,59464,44.632046280102244,2019-01-01,Pre
Inner North,All Crime,2019,Q2,2442,59464,41.06686398493206,2019-04-01,Pre
Inner North,All Crime,2019,Q3,2091,59464,35.16413292075878,2019-07-01,Pre
Inner North,All Crime,2019,Q4,2410,59464,40.52872326113279,2019-10-01,Pre
Inner North,All Crime,2020,Q1,2462,60845,40.463472758649026,2020-01-01,Pre
Inner North,All Crime,2020,Q2,1769,60845,29.07387624291232,2020-04-01,During
Inner North,All Crime,2020,Q3,1867,60845,30.684526255238723,2020-07-01,During
Inner North,All Crime,2020,Q4,2223,60845,36.535458953077494,2020-10-01,During
Inner North,All Crime,2021,Q1,1944,61455,31.632902123505005,2021-01-01,During
Inner North,All Crime,2021,Q2,2261,61455,36.7911479944675,2021-04-01,During
Inner North,All Crime,2021,Q3,1999,61455,32.52786591815149,2021-07-01,During
Inner North,All Crime,2021,Q4,1853,61455,30.152143845089903,2021-10-01,Post
Inner North,All Crime,2022,Q1,1943,63742,30.48225659690628,2022-01-01,Post
Inner North,All Crime,2022,Q2,1987,63742,31.172539299049294,2022-04-01,Post
Inner North,All Crime,2022,Q3,1850,63742,29.023249976467635,2022-07-01,Post
Inner North,All Crime,2022,Q4,1948,63742,30.560697813058894,2022-10-01,Post
Inner North,All Crime,2023,Q1,2104,65920,31.91747572815534,2023-01-01,Post
Inner North,All Crime,2023,Q2,2146,65920,32.554611650485434,2023-04-01,Post
Inner North,All Crime,2023,Q3,1936,65920,29.368932038834952,2023-07-01,Post
Inner North,All Crime,2023,Q4,1922,65920,29.15655339805825,2023-10-01,Post
Inner North,All Crime,2024,Q1,2026,67309,30.099986628831214,2024-01-01,Post
Inner North,All Crime,2024,Q2,1587,67309,23.57782763077746,2024-04-01,Post
Inner North,All Crime,2024,Q3,1893,67309,28.12402501894249,2024-07-01,Post
Inner North,All Crime,2024,Q4,2103,67309,31.243964402977316,2024-10-01,Post
Inner North,All Crime,2025,Q1,2243,68221,32.87843919027865,2025-01-01,Post
Inner North,All Crime,2025,Q2,1838,68221,26.94185074976913,2025-04-01,Post
Inner North,Assault,2014,Q1,111,52833,2.1009596275055364,2014-01-01,Pre
Inner North,Assault,2014,Q2,91,52833,1.7224083432703046,2014-04-01,Pre
Inner North,Assault,2014,Q3,105,52833,1.9873942422349669,2014-07-01,Pre
Inner North,Assault,2014,Q4,112,52833,2.119887191717298,2014-10-01,Pre
Inner North,Assault,2015,Q1,130,53534,2.4283632831471587,2015-01-01,Pre
Inner North,Assault,2015,Q2,157,53534,2.932715657339261,2015-04-01,Pre
Inner North,Assault,2015,Q3,125,53534,2.334964695333807,2015-07-01,Pre
Inner North,Assault,2015,Q4,148,53534,2.764598199275227,2015-10-01,Pre
Inner North,Assault,2016,Q1,137,54528,2.5124706572769955,2016-01-01,Pre
Inner North,Assault,2016,Q2,143,54528,2.622505868544601,2016-04-01,Pre
Inner North,Assault,2016,Q3,134,54528,2.4574530516431925,2016-07-01,Pre
Inner North,Assault,2016,Q4,182,54528,3.3377347417840375,2016-10-01,Pre
Inner North,Assault,2017,Q1,167,56374,2.9623585340759924,2017-01-01,Pre
Inner North,Assault,2017,Q2,132,56374,2.3415049490900057,2017-04-01,Pre
Inner North,Assault,2017,Q3,137,56374,2.4301983183737184,2017-07-01,Pre
Inner North,Assault,2017,Q4,134,56374,2.376982296803491,2017-10-01,Pre
Inner North,Assault,2018,Q1,171,57892,2.9537759966834796,2018-01-01,Pre
Inner North,Assault,2018,Q2,139,57892,2.401022593795343,2018-04-01,Pre
Inner North,Assault,2018,Q3,129,57892,2.2282871553928003,2018-07-01,Pre
Inner North,Assault,2018,Q4,145,57892,2.5046638568368684,2018-10-01,Pre
Inner North,Assault,2019,Q1,171,59464,2.8756894928023677,2019-01-01,Pre
Inner North,Assault,2019,Q2,138,59464,2.320731871384367,2019-04-01,Pre
Inner North,Assault,2019,Q3,127,59464,2.1357459975783666,2019-07-01,Pre
Inner North,Assault,2019,Q4,134,59464,2.253464280909458,2019-10-01,Pre
Inner North,Assault,2020,Q1,135,60845,2.2187525680006575,2020-01-01,Pre
Inner North,Assault,2020,Q2,65,60845,1.068288273481798,2020-04-01,During
Inner North,Assault,2020,Q3,108,60845,1.775002054400526,2020-07-01,During
Inner North,Assault,2020,Q4,115,60845,1.8900484838524119,2020-10-01,During
Inner North,Assault,2021,Q1,158,61455,2.5709869009844604,2021-01-01,During
Inner North,Assault,2021,Q2,139,61455,2.261817590106582,2021-04-01,During
Inner North,Assault,2021,Q3,112,61455,1.8224717272801236,2021-07-01,During
Inner North,Assault,2021,Q4,109,61455,1.7736555202994062,2021-10-01,Post
Inner North,Assault,2022,Q1,144,63742,2.259107025195319,2022-01-01,Post
Inner North,Assault,2022,Q2,144,63742,2.259107025195319,2022-04-01,Post
Inner North,Assault,2022,Q3,154,63742,2.415989457500549,2022-07-01,Post
Inner North,Assault,2022,Q4,170,63742,2.6670013491889177,2022-10-01,Post
Inner North,Assault,2023,Q1,137,65920,2.0782766990291264,2023-01-01,Post
Inner North,Assault,2023,Q2,140,65920,2.1237864077669903,2023-04-01,Post
Inner North,Assault,2023,Q3,143,65920,2.1692961165048543,2023-07-01,Post
Inner North,Assault,2023,Q4,170,65920,2.578883495145631,2023-10-01,Post
Inner North,Assault,2024,Q1,137,67309,2.035389026727481,2024-01-01,Post
Inner North,Assault,2024,Q2,115,67309,1.7085382341143087,2024-04-01,Post
Inner North,Assault,2024,Q3,130,67309,1.9313910472596534,2024-07-01,Post
Inner North,Assault,2024,Q4,136,67309,2.020532172517791,2024-10-01,Post
Inner North,Assault,2025,Q1,118,68221,1.7296726814324035,2025-01-01,Post
Inner North,Assault,2025,Q2,127,68221,1.8615968689992817,2025-04-01,Post
Inner North,Burglary,2014,Q1,105,52833,1.9873942422349669,2014-01-01,Pre
Inner North,Burglary,2014,Q2,143,52833,2.7066416822819073,2014-04-01,Pre
Inner North,Burglary,2014,Q3,123,52833,2.3280903980466756,2014-07-01,Pre
Inner North,Burglary,2014,Q4,126,52833,2.3848730906819604,2014-10-01,Pre
Inner North,Burglary,2015,Q1,101,53534,1.8866514738297158,2015-01-01,Pre
Inner North,Burglary,2015,Q2,136,53534,2.5404415885231817,2015-04-01,Pre
Inner North,Burglary,2015,Q3,116,53534,2.1668472372697725,2015-07-01,Pre
Inner North,Burglary,2015,Q4,146,53534,2.7272387641498863,2015-10-01,Pre
Inner North,Burglary,2016,Q1,88,54528,1.613849765258216,2016-01-01,Pre
Inner North,Burglary,2016,Q2,111,54528,2.0356514084507045,2016-04-01,Pre
Inner North,Burglary,2016,Q3,107,54528,1.9622946009389672,2016-07-01,Pre
Inner North,Burglary,2016,Q4,105,54528,1.9256161971830987,2016-10-01,Pre
Inner North,Burglary,2017,Q1,155,56374,2.7494944477950827,2017-01-01,Pre
Inner North,Burglary,2017,Q2,114,56374,2.0222088196686414,2017-04-01,Pre
Inner North,Burglary,2017,Q3,95,56374,1.6851740163905347,2017-07-01,Pre
Inner North,Burglary,2017,Q4,126,56374,2.235072905949551,2017-10-01,Pre
Inner North,Burglary,2018,Q1,113,57892,1.951910453948732,2018-01-01,Pre
Inner North,Burglary,2018,Q2,127,57892,2.193740067712292,2018-04-01,Pre
Inner North,Burglary,2018,Q3,111,57892,1.9173633662682235,2018-07-01,Pre
Inner North,Burglary,2018,Q4,139,57892,2.401022593795343,2018-10-01,Pre
Inner North,Burglary,2019,Q1,208,59464,3.497914704695278,2019-01-01,Pre
Inner North,Burglary,2019,Q2,148,59464,2.48890084757164,2019-04-01,Pre
Inner North,Burglary,2019,Q3,157,59464,2.6402529261401857,2019-07-01,Pre
Inner North,Burglary,2019,Q4,151,59464,2.539351540427822,2019-10-01,Pre
Inner North,Burglary,2020,Q1,136,60845,2.2351877722080697,2020-01-01,Pre
Inner North,Burglary,2020,Q2,82,60845,1.3476867450078067,2020-04-01,During
Inner North,Burglary,2020,Q3,100,60845,1.6435204207412277,2020-07-01,During
Inner North,Burglary,2020,Q4,129,60845,2.1201413427561837,2020-10-01,During
Inner North,Burglary,2021,Q1,112,61455,1.8224717272801236,2021-01-01,During
Inner North,Burglary,2021,Q2,114,61455,1.8550158652672688,2021-04-01,During
Inner North,Burglary,2021,Q3,165,61455,2.684891383939468,2021-07-01,During
Inner North,Burglary,2021,Q4,127,61455,2.066552762183712,2021-10-01,Post
Inner North,Burglary,2022,Q1,117,63742,1.8355244579711965,2022-01-01,Post
Inner North,Burglary,2022,Q2,141,63742,2.2120422955037498,2022-04-01,Post
Inner North,Burglary,2022,Q3,101,63742,1.5845125662828277,2022-07-01,Post
Inner North,Burglary,2022,Q4,123,63742,1.9296539173543348,2022-10-01,Post
Inner North,Burglary,2023,Q1,133,65920,2.0175970873786406,2023-01-01,Post
Inner North,Burglary,2023,Q2,100,65920,1.5169902912621358,2023-04-01,Post
Inner North,Burglary,2023,Q3,123,65920,1.8658980582524272,2023-07-01,Post
Inner North,Burglary,2023,Q4,88,65920,1.3349514563106797,2023-10-01,Post
Inner North,Burglary,2024,Q1,137,67309,2.035389026727481,2024-01-01,Post
Inner North,Burglary,2024,Q2,96,67309,1.4262580041302055,2024-04-01,Post
Inner North,Burglary,2024,Q3,91,67309,1.3519737330817574,2024-07-01,Post
Inner North,Burglary,2024,Q4,143,67309,2.124530151985619,2024-10-01,Post
Inner North,Burglary,2025,Q1,165,68221,2.4186101053927676,2025-01-01,Post
Inner North,Burglary,2025,Q2,102,68221,1.4951407924246198,2025-04-01,Post
Inner North,CINs,2014,Q1,64,52833,1.2113641095527417,2014-01-01,Pre
Inner North,CINs,2014,Q2,84,52833,1.5899153937879735,2014-04-01,Pre
Inner North,CINs,2014,Q3,79,52833,1.4952775727291656,2014-07-01,Pre
Inner North,CINs,2014,Q4,88,52833,1.6656256506350198,2014-10-01,Pre
Inner North,CINs,2015,Q1,39,53534,0.7285089849441476,2015-01-01,Pre
Inner North,CINs,2015,Q2,73,53534,1.3636193820749432,2015-04-01,Pre
Inner North,CINs,2015,Q3,61,53534,1.1394627713228975,2015-07-01,Pre
Inner North,CINs,2015,Q4,72,53534,1.3449396645122726,2015-10-01,Pre
Inner North,CINs,2016,Q1,132,54528,2.420774647887324,2016-01-01,Pre
Inner North,CINs,2016,Q2,63,54528,1.1553697183098592,2016-04-01,Pre
Inner North,CINs,2016,Q3,69,54528,1.2654049295774648,2016-07-01,Pre
Inner North,CINs,2016,Q4,36,54528,0.6602112676056339,2016-10-01,Pre
Inner North,CINs,2017,Q1,49,56374,0.869195018980381,2017-01-01,Pre
Inner North,CINs,2017,Q2,40,56374,0.7095469542696987,2017-04-01,Pre
Inner North,CINs,2017,Q3,59,56374,1.0465817575478056,2017-07-01,Pre
Inner North,CINs,2017,Q4,40,56374,0.7095469542696987,2017-10-01,Pre
Inner North,CINs,2018,Q1,30,57892,0.5182063152076279,2018-01-01,Pre
Inner North,CINs,2018,Q2,0,57892,0.0,2018-04-01,Pre
Inner North,CINs,2018,Q3,13,57892,0.22455606992330546,2018-07-01,Pre
Inner North,CINs,2018,Q4,10,57892,0.17273543840254266,2018-10-01,Pre
Inner North,CINs,2019,Q1,18,59464,0.30270415713709137,2019-01-01,Pre
Inner North,CINs,2019,Q2,18,59464,0.30270415713709137,2019-04-01,Pre
Inner North,CINs,2019,Q3,13,59464,0.21861966904345487,2019-07-01,Pre
Inner North,CINs,2019,Q4,14,59464,0.23543656666218216,2019-10-01,Pre
Inner North,CINs,2020,Q1,7,60845,0.11504642945188594,2020-01-01,Pre
Inner North,CINs,2020,Q2,2,60845,0.03287040841482455,2020-04-01,During
Inner North,CINs,2020,Q3,6,60845,0.09861122524447366,2020-07-01,During
Inner North,CINs,2020,Q4,5,60845,0.08217602103706138,2020-10-01,During
Inner North,CINs,2021,Q1,5,61455,0.08136034496786267,2021-01-01,During
Inner North,CINs,2021,Q2,4,61455,0.06508827597429014,2021-04-01,During
Inner North,CINs,2021,Q3,28,61455,0.4556179318200309,2021-07-01,During
Inner North,CINs,2021,Q4,1,61455,0.016272068993572534,2021-10-01,Post
Inner North,CINs,2022,Q1,1,63742,0.015688243230523046,2022-01-01,Post
Inner North,CINs,2022,Q2,4,63742,0.06275297292209218,2022-04-01,Post
Inner North,CINs,2022,Q3,9,63742,0.14119418907470743,2022-07-01,Post
Inner North,CINs,2022,Q4,9,63742,0.14119418907470743,2022-10-01,Post
Inner North,CINs,2023,Q1,2,65920,0.03033980582524272,2023-01-01,Post
Inner North,CINs,2023,Q2,22,65920,0.3337378640776699,2023-04-01,Post
Inner North,CINs,2023,Q3,8,65920,0.12135922330097088,2023-07-01,Post
Inner North,CINs,2023,Q4,6,65920,0.09101941747572816,2023-10-01,Post
Inner North,CINs,2024,Q1,8,67309,0.11885483367751713,2024-01-01,Post
Inner North,CINs,2024,Q2,1,67309,0.014856854209689642,2024-04-01,Post
Inner North,CINs,2024,Q3,0,67309,0.0,2024-07-01,Post
Inner North,CINs,2024,Q4,4,67309,0.059427416838758566,2024-10-01,Post
Inner North,CINs,2025,Q1,2,68221,0.02931648612597294,2025-01-01,Post
Inner North,CINs,2025,Q2,3,68221,0.04397472918895941,2025-04-01,Post
Inner North,Family Violence,2014,Q1,34,52833,0.6435371831998941,2014-01-01,Pre
Inner North,Family Violence,2014,Q2,35,52833,0.6624647474116556,2014-04-01,Pre
Inner North,Family Violence,2014,Q3,25,52833,0.47318910529403974,2014-07-01,Pre
Inner North,Family Violence,2014,Q4,37,52833,0.7003198758351787,2014-10-01,Pre
Inner North,Family Violence,2015,Q1,25,53534,0.4669929390667613,2015-01-01,Pre
Inner North,Family Violence,2015,Q2,17,53534,0.3175551985653977,2015-04-01,Pre
Inner North,Family Violence,2015,Q3,33,53534,0.6164306795681249,2015-07-01,Pre
Inner North,Family Violence,2015,Q4,38,53534,0.7098292673814772,2015-10-01,Pre
Inner North,Family Violence,2016,Q1,31,54528,0.5685152582159625,2016-01-01,Pre
Inner North,Family Violence,2016,Q2,38,54528,0.6968896713615024,2016-04-01,Pre
Inner North,Family Violence,2016,Q3,22,54528,0.403462441314554,2016-07-01,Pre
Inner North,Family Violence,2016,Q4,42,54528,0.7702464788732395,2016-10-01,Pre
Inner North,Family Violence,2017,Q1,38,56374,0.6740696065562138,2017-01-01,Pre
Inner North,Family Violence,2017,Q2,28,56374,0.49668286798878913,2017-04-01,Pre
Inner North,Family Violence,2017,Q3,40,56374,0.7095469542696987,2017-07-01,Pre
Inner North,Family Violence,2017,Q4,34,56374,0.603114911129244,2017-10-01,Pre
Inner North,Family Violence,2018,Q1,38,57892,0.6563946659296621,2018-01-01,Pre
Inner North,Family Violence,2018,Q2,22,57892,0.38001796448559383,2018-04-01,Pre
Inner North,Family Violence,2018,Q3,32,57892,0.5527534028881365,2018-07-01,Pre
Inner North,Family Violence,2018,Q4,43,57892,0.7427623851309334,2018-10-01,Pre
Inner North,Family Violence,2019,Q1,44,59464,0.739943495224001,2019-01-01,Pre
Inner North,Family Violence,2019,Q2,29,59464,0.48769003094309166,2019-04-01,Pre
Inner North,Family Violence,2019,Q3,40,59464,0.6726759047490919,2019-07-01,Pre
Inner North,Family Violence,2019,Q4,31,59464,0.5213238261805462,2019-10-01,Pre
Inner North,Family Violence,2020,Q1,42,60845,0.6902785767113157,2020-01-01,Pre
Inner North,Family Violence,2020,Q2,31,60845,0.5094913304297806,2020-04-01,During
Inner North,Family Violence,2020,Q3,22,60845,0.3615744925630701,2020-07-01,During
Inner North,Family Violence,2020,Q4,43,60845,0.7067137809187279,2020-10-01,During
Inner North,Family Violence,2021,Q1,18,61455,0.2928972418843056,2021-01-01,During
Inner North,Family Violence,2021,Q2,30,61455,0.48816206980717597,2021-04-01,During
Inner North,Family Violence,2021,Q3,38,61455,0.6183386217557563,2021-07-01,During
Inner North,Family Violence,2021,Q4,30,61455,0.48816206980717597,2021-10-01,Post
Inner North,Family Violence,2022,Q1,55,63742,0.8628533776787676,2022-01-01,Post
Inner North,Family Violence,2022,Q2,53,63742,0.8314768912177215,2022-04-01,Post
Inner North,Family Violence,2022,Q3,33,63742,0.5177120266072606,2022-07-01,Post
Inner North,Family Violence,2022,Q4,68,63742,1.066800539675567,2022-10-01,Post
Inner North,Family Violence,2023,Q1,34,65920,0.5157766990291262,2023-01-01,Post
Inner North,Family Violence,2023,Q2,40,65920,0.6067961165048543,2023-04-01,Post
Inner North,Family Violence,2023,Q3,44,65920,0.6674757281553398,2023-07-01,Post
Inner North,Family Violence,2023,Q4,34,65920,0.5157766990291262,2023-10-01,Post
Inner North,Family Violence,2024,Q1,41,67309,0.6091310225972753,2024-01-01,Post
Inner North,Family Violence,2024,Q2,46,67309,0.6834152936457235,2024-04-01,Post
Inner North,Family Violence,2024,Q3,38,67309,0.5645604599682064,2024-07-01,Post
Inner North,Family Violence,2024,Q4,53,67309,0.7874132731135509,2024-10-01,Post
Inner North,Family Violence,2025,Q1,43,68221,0.6303044517084182,2025-01-01,Post
Inner North,Family Violence,2025,Q2,46,68221,0.6742791808973776,2025-04-01,Post
Inner North,Homicide,2014,Q1,0,52833,0.0,2014-01-01,Pre
Inner North,Homicide,2014,Q2,0,52833,0.0,2014-04-01,Pre
Inner North,Homicide,2014,Q3,0,52833,0.0,2014-07-01,Pre
Inner North,Homicide,2014,Q4,0,52833,0.0,2014-10-01,Pre
Inner North,Homicide,2015,Q1,0,53534,0.0,2015-01-01,Pre
Inner North,Homicide,2015,Q2,0,53534,0.0,2015-04-01,Pre
Inner North,Homicide,2015,Q3,0,53534,0.0,2015-07-01,Pre
Inner North,Homicide,2015,Q4,0,53534,0.0,2015-10-01,Pre
Inner North,Homicide,2016,Q1,0,54528,0.0,2016-01-01,Pre
Inner North,Homicide,2016,Q2,0,54528,0.0,2016-04-01,Pre
Inner North,Homicide,2016,Q3,0,54528,0.0,2016-07-01,Pre
Inner North,Homicide,2016,Q4,1,54528,0.018339201877934273,2016-10-01,Pre
Inner North,Homicide,2017,Q1,0,56374,0.0,2017-01-01,Pre
Inner North,Homicide,2017,Q2,0,56374,0.0,2017-04-01,Pre
Inner North,Homicide,2017,Q3,4,56374,0.07095469542696987,2017-07-01,Pre
Inner North,Homicide,2017,Q4,0,56374,0.0,2017-10-01,Pre
Inner North,Homicide,2018,Q1,0,57892,0.0,2018-01-01,Pre
Inner North,Homicide,2018,Q2,0,57892,0.0,2018-04-01,Pre
Inner North,Homicide,2018,Q3,0,57892,0.0,2018-07-01,Pre
Inner North,Homicide,2018,Q4,0,57892,0.0,2018-10-01,Pre
Inner North,Homicide,2019,Q1,0,59464,0.0,2019-01-01,Pre
Inner North,Homicide,2019,Q2,0,59464,0.0,2019-04-01,Pre
Inner North,Homicide,2019,Q3,0,59464,0.0,2019-07-01,Pre
Inner North,Homicide,2019,Q4,0,59464,0.0,2019-10-01,Pre
Inner North,Homicide,2020,Q1,0,60845,0.0,2020-01-01,Pre
Inner North,Homicide,2020,Q2,0,60845,0.0,2020-04-01,During
Inner North,Homicide,2020,Q3,2,60845,0.03287040841482455,2020-07-01,During
Inner North,Homicide,2020,Q4,0,60845,0.0,2020-10-01,During
Inner North,Homicide,2021,Q1,0,61455,0.0,2021-01-01,During
Inner North,Homicide,2021,Q2,0,61455,0.0,2021-04-01,During
Inner North,Homicide,2021,Q3,0,61455,0.0,2021-07-01,During
Inner North,Homicide,2021,Q4,1,61455,0.016272068993572534,2021-10-01,Post
Inner North,Homicide,2022,Q1,0,63742,0.0,2022-01-01,Post
Inner North,Homicide,2022,Q2,0,63742,0.0,2022-04-01,Post
Inner North,Homicide,2022,Q3,1,63742,0.015688243230523046,2022-07-01,Post
Inner North,Homicide,2022,Q4,0,63742,0.0,2022-10-01,Post
Inner North,Homicide,2023,Q1,0,65920,0.0,2023-01-01,Post
Inner North,Homicide,2023,Q2,0,65920,0.0,2023-04-01,Post
Inner North,Homicide,2023,Q3,2,65920,0.03033980582524272,2023-07-01,Post
Inner North,Homicide,2023,Q4,0,65920,0.0,2023-10-01,Post
Inner North,Homicide,2024,Q1,1,67309,0.014856854209689642,2024-01-01,Post
Inner North,Homicide,2024,Q2,0,67309,0.0,2024-04-01,Post
Inner North,Homicide,2024,Q3,0,67309,0.0,2024-07-01,Post
Inner North,Homicide,2024,Q4,0,67309,0.0,2024-10-01,Post
Inner North,Homicide,2025,Q1,2,68221,0.02931648612597294,2025-01-01,Post
Inner North,Homicide,2025,Q2,0,68221,0.0,2025-04-01,Post
Inner North,Other,2014,Q1,917,52833,17.356576382185377,2014-01-01,Pre
Inner North,Other,2014,Q2,537,52833,10.164101981715973,2014-04-01,Pre
Inner North,Other,2014,Q3,659,52833,12.473264815550888,2014-07-01,Pre
Inner North,Other,2014,Q4,625,52833,11.829727632350993,2014-10-01,Pre
Inner North,Other,2015,Q1,687,53534,12.832965965554601,2015-01-01,Pre
Inner North,Other,2015,Q2,600,53534,11.207830537602272,2015-04-01,Pre
Inner North,Other,2015,Q3,535,53534,9.993648896028692,2015-07-01,Pre
Inner North,Other,2015,Q4,537,53534,10.031008331154034,2015-10-01,Pre
Inner North,Other,2016,Q1,640,54528,11.737089201877934,2016-01-01,Pre
Inner North,Other,2016,Q2,592,54528,10.85680751173709,2016-04-01,Pre
Inner North,Other,2016,Q3,641,54528,11.755428403755868,2016-07-01,Pre
Inner North,Other,2016,Q4,646,54528,11.84712441314554,2016-10-01,Pre
Inner North,Other,2017,Q1,681,56374,12.080036896441621,2017-01-01,Pre
Inner North,Other,2017,Q2,677,56374,12.009082201014651,2017-04-01,Pre
Inner North,Other,2017,Q3,767,56374,13.605562848121474,2017-07-01,Pre
Inner North,Other,2017,Q4,730,56374,12.949231915422002,2017-10-01,Pre
Inner North,Other,2018,Q1,614,57892,10.60595591791612,2018-01-01,Pre
Inner North,Other,2018,Q2,703,57892,12.143301319698748,2018-04-01,Pre
Inner North,Other,2018,Q3,634,57892,10.951426794721204,2018-07-01,Pre
Inner North,Other,2018,Q4,710,57892,12.264216126580529,2018-10-01,Pre
Inner North,Other,2019,Q1,676,59464,11.368222790259653,2019-01-01,Pre
Inner North,Other,2019,Q2,659,59464,11.08233553074129,2019-04-01,Pre
Inner North,Other,2019,Q3,630,59464,10.594645499798197,2019-07-01,Pre
Inner North,Other,2019,Q4,684,59464,11.502757971209471,2019-10-01,Pre
Inner North,Other,2020,Q1,678,60845,11.143068452625524,2020-01-01,Pre
Inner North,Other,2020,Q2,594,60845,9.762511299202894,2020-04-01,During
Inner North,Other,2020,Q3,638,60845,10.485660284329033,2020-07-01,During
Inner North,Other,2020,Q4,689,60845,11.323855698907058,2020-10-01,During
Inner North,Other,2021,Q1,610,61455,9.925962086079245,2021-01-01,During
Inner North,Other,2021,Q2,557,61455,9.0635424294199,2021-04-01,During
Inner North,Other,2021,Q3,534,61455,8.689284842567734,2021-07-01,During
Inner North,Other,2021,Q4,466,61455,7.582784151004801,2021-10-01,Post
Inner North,Other,2022,Q1,497,63742,7.797056885569954,2022-01-01,Post
Inner North,Other,2022,Q2,529,63742,8.299080668946692,2022-04-01,Post
Inner North,Other,2022,Q3,528,63742,8.283392425716169,2022-07-01,Post
Inner North,Other,2022,Q4,520,63742,8.157886479871983,2022-10-01,Post
Inner North,Other,2023,Q1,613,65920,9.299150485436893,2023-01-01,Post
Inner North,Other,2023,Q2,598,65920,9.071601941747572,2023-04-01,Post
Inner North,Other,2023,Q3,524,65920,7.949029126213592,2023-07-01,Post
Inner North,Other,2023,Q4,566,65920,8.58616504854369,2023-10-01,Post
Inner North,Other,2024,Q1,521,67309,7.740421043248303,2024-01-01,Post
Inner North,Other,2024,Q2,384,67309,5.705032016520822,2024-04-01,Post
Inner North,Other,2024,Q3,478,67309,7.101576312231648,2024-07-01,Post
Inner North,Other,2024,Q4,503,67309,7.472997667473889,2024-10-01,Post
Inner North,Other,2025,Q1,529,68221,7.7542105803198424,2025-01-01,Post
Inner North,Other,2025,Q2,471,68221,6.9040324826666275,2025-04-01,Post
Inner North,Property Damage,2014,Q1,168,52833,3.179830787575947,2014-01-01,Pre
Inner North,Property Damage,2014,Q2,203,52833,3.8422955349876027,2014-04-01,Pre
Inner North,Property Damage,2014,Q3,231,52833,4.372267332916927,2014-07-01,Pre
Inner North,Property Damage,2014,Q4,195,52833,3.6908750212935098,2014-10-01,Pre
Inner North,Property Damage,2015,Q1,233,53534,4.352374192102215,2015-01-01,Pre
Inner North,Property Damage,2015,Q2,268,53534,5.006164306795681,2015-04-01,Pre
Inner North,Property Damage,2015,Q3,209,53534,3.904060970598125,2015-07-01,Pre
Inner North,Property Damage,2015,Q4,338,53534,6.313744536182613,2015-10-01,Pre
Inner North,Property Damage,2016,Q1,181,54528,3.3193955399061035,2016-01-01,Pre
Inner North,Property Damage,2016,Q2,222,54528,4.071302816901409,2016-04-01,Pre
Inner North,Property Damage,2016,Q3,197,54528,3.6128227699530515,2016-07-01,Pre
Inner North,Property Damage,2016,Q4,209,54528,3.832893192488263,2016-10-01,Pre
Inner North,Property Damage,2017,Q1,302,56374,5.357079504736226,2017-01-01,Pre
Inner North,Property Damage,2017,Q2,258,56374,4.576577855039557,2017-04-01,Pre
Inner North,Property Damage,2017,Q3,206,56374,3.6541668144889488,2017-07-01,Pre
Inner North,Property Damage,2017,Q4,189,56374,3.352609358924327,2017-10-01,Pre
Inner North,Property Damage,2018,Q1,215,57892,3.7138119256546673,2018-01-01,Pre
Inner North,Property Damage,2018,Q2,195,57892,3.3683410488495817,2018-04-01,Pre
Inner North,Property Damage,2018,Q3,229,57892,3.955641539418227,2018-07-01,Pre
Inner North,Property Damage,2018,Q4,226,57892,3.903820907897464,2018-10-01,Pre
Inner North,Property Damage,2019,Q1,259,59464,4.3555764832503705,2019-01-01,Pre
Inner North,Property Damage,2019,Q2,256,59464,4.305125790394188,2019-04-01,Pre
Inner North,Property Damage,2019,Q3,199,59464,3.3465626261267323,2019-07-01,Pre
Inner North,Property Damage,2019,Q4,204,59464,3.4306471142203687,2019-10-01,Pre
Inner North,Property Damage,2020,Q1,199,60845,3.270605637275043,2020-01-01,Pre
Inner North,Property Damage,2020,Q2,139,60845,2.2844933848303066,2020-04-01,During
Inner North,Property Damage,2020,Q3,202,60845,3.31991124989728,2020-07-01,During
Inner North,Property Damage,2020,Q4,234,60845,3.845837784534473,2020-10-01,During
Inner North,Property Damage,2021,Q1,162,61455,2.6360751769587503,2021-01-01,During
Inner North,Property Damage,2021,Q2,229,61455,3.72630379952811,2021-04-01,During
Inner North,Property Damage,2021,Q3,209,61455,3.4008624196566593,2021-07-01,During
Inner North,Property Damage,2021,Q4,174,61455,2.831340004881621,2021-10-01,Post
Inner North,Property Damage,2022,Q1,172,63742,2.698377835649964,2022-01-01,Post
Inner North,Property Damage,2022,Q2,203,63742,3.1847133757961785,2022-04-01,Post
Inner North,Property Damage,2022,Q3,194,63742,3.043519186721471,2022-07-01,Post
Inner North,Property Damage,2022,Q4,173,63742,2.714066078880487,2022-10-01,Post
Inner North,Property Damage,2023,Q1,188,65920,2.8519417475728153,2023-01-01,Post
Inner North,Property Damage,2023,Q2,196,65920,2.9733009708737863,2023-04-01,Post
Inner North,Property Damage,2023,Q3,143,65920,2.1692961165048543,2023-07-01,Post
Inner North,Property Damage,2023,Q4,192,65920,2.912621359223301,2023-10-01,Post
Inner North,Property Damage,2024,Q1,176,67309,2.614806340905377,2024-01-01,Post
Inner North,Property Damage,2024,Q2,154,67309,2.2879555482922047,2024-04-01,Post
Inner North,Property Damage,2024,Q3,184,67309,2.733661174582894,2024-07-01,Post
Inner North,Property Damage,2024,Q4,226,67309,3.357649051389859,2024-10-01,Post
Inner North,Property Damage,2025,Q1,229,68221,3.3567376614239017,2025-01-01,Post
Inner North,Property Damage,2025,Q2,141,68221,2.0668122718810924,2025-04-01,Post
Inner North,Robbery,2014,Q1,14,52833,0.26498589896466224,2014-01-01,Pre
Inner North,Robbery,2014,Q2,9,52833,0.1703480779058543,2014-04-01,Pre
Inner North,Robbery,2014,Q3,9,52833,0.1703480779058543,2014-07-01,Pre
Inner North,Robbery,2014,Q4,12,52833,0.22713077054113906,2014-10-01,Pre
Inner North,Robbery,2015,Q1,12,53534,0.22415661075204543,2015-01-01,Pre
Inner North,Robbery,2015,Q2,17,53534,0.3175551985653977,2015-04-01,Pre
Inner North,Robbery,2015,Q3,10,53534,0.18679717562670453,2015-07-01,Pre
Inner North,Robbery,2015,Q4,17,53534,0.3175551985653977,2015-10-01,Pre
Inner North,Robbery,2016,Q1,9,54528,0.16505281690140847,2016-01-01,Pre
Inner North,Robbery,2016,Q2,16,54528,0.2934272300469484,2016-04-01,Pre
Inner North,Robbery,2016,Q3,17,54528,0.3117664319248826,2016-07-01,Pre
Inner North,Robbery,2016,Q4,26,54528,0.47681924882629106,2016-10-01,Pre
Inner North,Robbery,2017,Q1,9,56374,0.1596480647106822,2017-01-01,Pre
Inner North,Robbery,2017,Q2,9,56374,0.1596480647106822,2017-04-01,Pre
Inner North,Robbery,2017,Q3,9,56374,0.1596480647106822,2017-07-01,Pre
Inner North,Robbery,2017,Q4,10,56374,0.17738673856742468,2017-10-01,Pre
Inner North,Robbery,2018,Q1,13,57892,0.22455606992330546,2018-01-01,Pre
Inner North,Robbery,2018,Q2,11,57892,0.19000898224279691,2018-04-01,Pre
Inner North,Robbery,2018,Q3,13,57892,0.22455606992330546,2018-07-01,Pre
Inner North,Robbery,2018,Q4,12,57892,0.2072825260830512,2018-10-01,Pre
Inner North,Robbery,2019,Q1,20,59464,0.33633795237454595,2019-01-01,Pre
Inner North,Robbery,2019,Q2,10,59464,0.16816897618727297,2019-04-01,Pre
Inner North,Robbery,2019,Q3,22,59464,0.3699717476120005,2019-07-01,Pre
Inner North,Robbery,2019,Q4,14,59464,0.23543656666218216,2019-10-01,Pre
Inner North,Robbery,2020,Q1,24,60845,0.39444490097789464,2020-01-01,Pre
Inner North,Robbery,2020,Q2,7,60845,0.11504642945188594,2020-04-01,During
Inner North,Robbery,2020,Q3,10,60845,0.16435204207412277,2020-07-01,During
Inner North,Robbery,2020,Q4,16,60845,0.2629632673185964,2020-10-01,During
Inner North,Robbery,2021,Q1,6,61455,0.0976324139614352,2021-01-01,During
Inner North,Robbery,2021,Q2,5,61455,0.08136034496786267,2021-04-01,During
Inner North,Robbery,2021,Q3,19,61455,0.30916931087787813,2021-07-01,During
Inner North,Robbery,2021,Q4,10,61455,0.16272068993572533,2021-10-01,Post
Inner North,Robbery,2022,Q1,12,63742,0.18825891876627657,2022-01-01,Post
Inner North,Robbery,2022,Q2,11,63742,0.1725706755357535,2022-04-01,Post
Inner North,Robbery,2022,Q3,24,63742,0.37651783753255313,2022-07-01,Post
Inner North,Robbery,2022,Q4,12,63742,0.18825891876627657,2022-10-01,Post
Inner North,Robbery,2023,Q1,19,65920,0.28822815533980584,2023-01-01,Post
Inner North,Robbery,2023,Q2,11,65920,0.16686893203883496,2023-04-01,Post
Inner North,Robbery,2023,Q3,13,65920,0.19720873786407767,2023-07-01,Post
Inner North,Robbery,2023,Q4,12,65920,0.1820388349514563,2023-10-01,Post
Inner North,Robbery,2024,Q1,10,67309,0.1485685420968964,2024-01-01,Post
Inner North,Robbery,2024,Q2,16,67309,0.23770966735503427,2024-04-01,Post
Inner North,Robbery,2024,Q3,10,67309,0.1485685420968964,2024-07-01,Post
Inner North,Robbery,2024,Q4,17,67309,0.25256652156472387,2024-10-01,Post
Inner North,Robbery,2025,Q1,9,68221,0.13192418756687824,2025-01-01,Post
Inner North,Robbery,2025,Q2,10,68221,0.1465824306298647,2025-04-01,Post
Inner North,Sexual Assault,2014,Q1,20,52833,0.37855128423523177,2014-01-01,Pre
Inner North,Sexual Assault,2014,Q2,17,52833,0.32176859159994703,2014-04-01,Pre
Inner North,Sexual Assault,2014,Q3,16,52833,0.3028410273881854,2014-07-01,Pre
Inner North,Sexual Assault,2014,Q4,17,52833,0.32176859159994703,2014-10-01,Pre
Inner North,Sexual Assault,2015,Q1,19,53534,0.3549146336907386,2015-01-01,Pre
Inner North,Sexual Assault,2015,Q2,15,53534,0.2801957634400568,2015-04-01,Pre
Inner North,Sexual Assault,2015,Q3,16,53534,0.29887548100272726,2015-07-01,Pre
Inner North,Sexual Assault,2015,Q4,12,53534,0.22415661075204543,2015-10-01,Pre
Inner North,Sexual Assault,2016,Q1,34,54528,0.6235328638497653,2016-01-01,Pre
Inner North,Sexual Assault,2016,Q2,24,54528,0.44014084507042256,2016-04-01,Pre
Inner North,Sexual Assault,2016,Q3,22,54528,0.403462441314554,2016-07-01,Pre
Inner North,Sexual Assault,2016,Q4,22,54528,0.403462441314554,2016-10-01,Pre
Inner North,Sexual Assault,2017,Q1,39,56374,0.6918082804129563,2017-01-01,Pre
Inner North,Sexual Assault,2017,Q2,41,56374,0.7272856281264413,2017-04-01,Pre
Inner North,Sexual Assault,2017,Q3,44,56374,0.7805016496966687,2017-07-01,Pre
Inner North,Sexual Assault,2017,Q4,22,56374,0.39025082484833434,2017-10-01,Pre
Inner North,Sexual Assault,2018,Q1,25,57892,0.43183859600635666,2018-01-01,Pre
Inner North,Sexual Assault,2018,Q2,28,57892,0.48365922752711943,2018-04-01,Pre
Inner North,Sexual Assault,2018,Q3,29,57892,0.5009327713673737,2018-07-01,Pre
Inner North,Sexual Assault,2018,Q4,23,57892,0.3972915083258481,2018-10-01,Pre
Inner North,Sexual Assault,2019,Q1,65,59464,1.0930983452172744,2019-01-01,Pre
Inner North,Sexual Assault,2019,Q2,16,59464,0.26907036189963673,2019-04-01,Pre
Inner North,Sexual Assault,2019,Q3,26,59464,0.43723933808690973,2019-07-01,Pre
Inner North,Sexual Assault,2019,Q4,27,59464,0.454056235705637,2019-10-01,Pre
Inner North,Sexual Assault,2020,Q1,28,60845,0.46018571780754375,2020-01-01,Pre
Inner North,Sexual Assault,2020,Q2,23,60845,0.3780096967704824,2020-04-01,During
Inner North,Sexual Assault,2020,Q3,21,60845,0.3451392883556578,2020-07-01,During
Inner North,Sexual Assault,2020,Q4,20,60845,0.32870408414824553,2020-10-01,During
Inner North,Sexual Assault,2021,Q1,33,61455,0.5369782767878936,2021-01-01,During
Inner North,Sexual Assault,2021,Q2,28,61455,0.4556179318200309,2021-04-01,During
Inner North,Sexual Assault,2021,Q3,34,61455,0.5532503457814661,2021-07-01,During
Inner North,Sexual Assault,2021,Q4,43,61455,0.699698966723619,2021-10-01,Post
Inner North,Sexual Assault,2022,Q1,20,63742,0.31376486461046094,2022-01-01,Post
Inner North,Sexual Assault,2022,Q2,34,63742,0.5334002698377835,2022-04-01,Post
Inner North,Sexual Assault,2022,Q3,39,63742,0.6118414859903988,2022-07-01,Post
Inner North,Sexual Assault,2022,Q4,56,63742,0.8785416209092907,2022-10-01,Post
Inner North,Sexual Assault,2023,Q1,40,65920,0.6067961165048543,2023-01-01,Post
Inner North,Sexual Assault,2023,Q2,36,65920,0.5461165048543689,2023-04-01,Post
Inner North,Sexual Assault,2023,Q3,34,65920,0.5157766990291262,2023-07-01,Post
Inner North,Sexual Assault,2023,Q4,39,65920,0.591626213592233,2023-10-01,Post
Inner North,Sexual Assault,2024,Q1,37,67309,0.5497036057585167,2024-01-01,Post
Inner North,Sexual Assault,2024,Q2,32,67309,0.47541933471006853,2024-04-01,Post
Inner North,Sexual Assault,2024,Q3,39,67309,0.579417314177896,2024-07-01,Post
Inner North,Sexual Assault,2024,Q4,42,67309,0.6239878768069649,2024-10-01,Post
Inner North,Sexual Assault,2025,Q1,59,68221,0.8648363407162017,2025-01-01,Post
Inner North,Sexual Assault,2025,Q2,24,68221,0.35179783351167526,2025-04-01,Post
Inner North,TINs,2014,Q1,882,52833,16.694111634773723,2014-01-01,Pre
Inner North,TINs,2014,Q2,902,52833,17.072662919008952,2014-04-01,Pre
Inner North,TINs,2014,Q3,1000,52833,18.927564211761588,2014-07-01,Pre
Inner North,TINs,2014,Q4,746,52833,14.119962901974146,2014-10-01,Pre
Inner North,TINs,2015,Q1,607,53534,11.338588560540964,2015-01-01,Pre
Inner North,TINs,2015,Q2,675,53534,12.608809354802556,2015-04-01,Pre
Inner North,TINs,2015,Q3,819,53534,15.2986886838271,2015-07-01,Pre
Inner North,TINs,2015,Q4,551,53534,10.29252437703142,2015-10-01,Pre
Inner North,TINs,2016,Q1,669,54528,12.268926056338028,2016-01-01,Pre
Inner North,TINs,2016,Q2,595,54528,10.911825117370892,2016-04-01,Pre
Inner North,TINs,2016,Q3,827,54528,15.166519953051644,2016-07-01,Pre
Inner North,TINs,2016,Q4,729,54528,13.369278169014084,2016-10-01,Pre
Inner North,TINs,2017,Q1,799,56374,14.173200411537232,2017-01-01,Pre
Inner North,TINs,2017,Q2,807,56374,14.315109802391172,2017-04-01,Pre
Inner North,TINs,2017,Q3,744,56374,13.197573349416396,2017-07-01,Pre
Inner North,TINs,2017,Q4,720,56374,12.771845176854578,2017-10-01,Pre
Inner North,TINs,2018,Q1,889,57892,15.356180473986042,2018-01-01,Pre
Inner North,TINs,2018,Q2,530,57892,9.154978235334761,2018-04-01,Pre
Inner North,TINs,2018,Q3,751,57892,12.972431424030953,2018-07-01,Pre
Inner North,TINs,2018,Q4,602,57892,10.398673391833068,2018-10-01,Pre
Inner North,TINs,2019,Q1,612,59464,10.291941342661106,2019-01-01,Pre
Inner North,TINs,2019,Q2,522,59464,8.77842055697565,2019-04-01,Pre
Inner North,TINs,2019,Q3,355,59464,5.96999865464819,2019-07-01,Pre
Inner North,TINs,2019,Q4,673,59464,11.317772097403472,2019-10-01,Pre
Inner North,TINs,2020,Q1,690,60845,11.340290903114472,2020-01-01,Pre
Inner North,TINs,2020,Q2,517,60845,8.497000575232148,2020-04-01,During
Inner North,TINs,2020,Q3,379,60845,6.228942394609253,2020-07-01,During
Inner North,TINs,2020,Q4,421,60845,6.919220971320569,2020-10-01,During
Inner North,TINs,2021,Q1,274,61455,4.458546904238874,2021-01-01,During
Inner North,TINs,2021,Q2,470,61455,7.647872426979091,2021-04-01,During
Inner North,TINs,2021,Q3,291,61455,4.735172077129607,2021-07-01,During
Inner North,TINs,2021,Q4,291,61455,4.735172077129607,2021-10-01,Post
Inner North,TINs,2022,Q1,268,63742,4.2044491857801765,2022-01-01,Post
Inner North,TINs,2022,Q2,257,63742,4.031878510244423,2022-04-01,Post
Inner North,TINs,2022,Q3,270,63742,4.235825672241223,2022-07-01,Post
Inner North,TINs,2022,Q4,309,63742,4.847667158231621,2022-10-01,Post
Inner North,TINs,2023,Q1,324,65920,4.91504854368932,2023-01-01,Post
Inner North,TINs,2023,Q2,484,65920,7.342233009708738,2023-04-01,Post
Inner North,TINs,2023,Q3,356,65920,5.400485436893204,2023-07-01,Post
Inner North,TINs,2023,Q4,277,65920,4.202063106796117,2023-10-01,Post
Inner North,TINs,2024,Q1,403,67309,5.987312246504925,2024-01-01,Post
Inner North,TINs,2024,Q2,303,67309,4.501626825535961,2024-04-01,Post
Inner North,TINs,2024,Q3,334,67309,4.96218930603634,2024-07-01,Post
Inner North,TINs,2024,Q4,345,67309,5.125614702342926,2024-10-01,Post
Inner North,TINs,2025,Q1,494,68221,7.241172073115316,2025-01-01,Post
Inner North,TINs,2025,Q2,400,68221,5.863297225194588,2025-04-01,Post
Inner North,Theft,2014,Q1,726,52833,13.741411617738914,2014-01-01,Pre
Inner North,Theft,2014,Q2,546,52833,10.334450059621828,2014-04-01,Pre
Inner North,Theft,2014,Q3,520,52833,9.842333390116027,2014-07-01,Pre
Inner North,Theft,2014,Q4,514,52833,9.728768004845456,2014-10-01,Pre
Inner North,Theft,2015,Q1,540,53534,10.087047483842044,2015-01-01,Pre
Inner North,Theft,2015,Q2,606,53534,11.319908842978295,2015-04-01,Pre
Inner North,Theft,2015,Q3,554,53534,10.348563529719431,2015-07-01,Pre
Inner North,Theft,2015,Q4,624,53534,11.656143759106362,2015-10-01,Pre
Inner North,Theft,2016,Q1,501,54528,9.18794014084507,2016-01-01,Pre
Inner North,Theft,2016,Q2,599,54528,10.98518192488263,2016-04-01,Pre
Inner North,Theft,2016,Q3,441,54528,8.087588028169014,2016-07-01,Pre
Inner North,Theft,2016,Q4,407,54528,7.464055164319249,2016-10-01,Pre
Inner North,Theft,2017,Q1,585,56374,10.377124206194344,2017-01-01,Pre
Inner North,Theft,2017,Q2,482,56374,8.55004079894987,2017-04-01,Pre
Inner North,Theft,2017,Q3,444,56374,7.875971192393656,2017-07-01,Pre
Inner North,Theft,2017,Q4,543,56374,9.632099904211161,2017-10-01,Pre
Inner North,Theft,2018,Q1,451,57892,7.790368271954674,2018-01-01,Pre
Inner North,Theft,2018,Q2,499,57892,8.619498376286879,2018-04-01,Pre
Inner North,Theft,2018,Q3,489,57892,8.446762937884335,2018-07-01,Pre
Inner North,Theft,2018,Q4,529,57892,9.137704691494507,2018-10-01,Pre
Inner North,Theft,2019,Q1,581,59464,9.77061751648056,2019-01-01,Pre
Inner North,Theft,2019,Q2,646,59464,10.863715861697834,2019-04-01,Pre
Inner North,Theft,2019,Q3,522,59464,8.77842055697565,2019-07-01,Pre
Inner North,Theft,2019,Q4,478,59464,8.038477061751648,2019-10-01,Pre
Inner North,Theft,2020,Q1,523,60845,8.595611800476622,2020-01-01,Pre
Inner North,Theft,2020,Q2,309,60845,5.078478100090393,2020-04-01,During
Inner North,Theft,2020,Q3,379,60845,6.228942394609253,2020-07-01,During
Inner North,Theft,2020,Q4,551,60845,9.055797518284164,2020-10-01,During
Inner North,Theft,2021,Q1,566,61455,9.209991050362055,2021-01-01,During
Inner North,Theft,2021,Q2,685,61455,11.146367260597184,2021-04-01,During
Inner North,Theft,2021,Q3,569,61455,9.258807257342772,2021-07-01,During
Inner North,Theft,2021,Q4,601,61455,9.779513465137093,2021-10-01,Post
Inner North,Theft,2022,Q1,657,63742,10.307175802453642,2022-01-01,Post
Inner North,Theft,2022,Q2,611,63742,9.585516613849581,2022-04-01,Post
Inner North,Theft,2022,Q3,497,63742,7.797056885569954,2022-07-01,Post
Inner North,Theft,2022,Q4,508,63742,7.969627561105708,2022-10-01,Post
Inner North,Theft,2023,Q1,614,65920,9.314320388349515,2023-01-01,Post
Inner North,Theft,2023,Q2,519,65920,7.873179611650485,2023-04-01,Post
Inner North,Theft,2023,Q3,546,65920,8.282766990291261,2023-07-01,Post
Inner North,Theft,2023,Q4,538,65920,8.16140776699029,2023-10-01,Post
Inner North,Theft,2024,Q1,555,67309,8.245554086377751,2024-01-01,Post
Inner North,Theft,2024,Q2,440,67309,6.537015852263442,2024-04-01,Post
Inner North,Theft,2024,Q3,589,67309,8.750687129507199,2024-07-01,Post
Inner North,Theft,2024,Q4,634,67309,9.419245568943232,2024-10-01,Post
Inner North,Theft,2025,Q1,593,68221,8.692338136350976,2025-01-01,Post
Inner North,Theft,2025,Q2,514,68221,7.5343369343750455,2025-04-01,Post
Inner South,All Crime,2014,Q1,1170,26468,44.20432220039293,2014-01-01,Pre
Inner South,All Crime,2014,Q2,1225,26468,46.28230315853106,2014-04-01,Pre
Inner South,All Crime,2014,Q3,1199,26468,45.29998488741121,2014-07-01,Pre
Inner South,All Crime,2014,Q4,1183,26468,44.69548133595285,2014-10-01,Pre
Inner South,All Crime,2015,Q1,1058,27010,39.17067752684191,2015-01-01,Pre
Inner South,All Crime,2015,Q2,1369,27010,50.68493150684931,2015-04-01,Pre
Inner South,All Crime,2015,Q3,1439,27010,53.27656423546834,2015-07-01,Pre
Inner South,All Crime,2015,Q4,1391,27010,51.499444650129576,2015-10-01,Pre
Inner South,All Crime,2016,Q1,1204,27757,43.3764455812948,2016-01-01,Pre
Inner South,All Crime,2016,Q2,1310,27757,47.19530208596029,2016-04-01,Pre
Inner South,All Crime,2016,Q3,1371,27757,49.39294592355081,2016-07-01,Pre
Inner South,All Crime,2016,Q4,1279,27757,46.078466693086426,2016-10-01,Pre
Inner South,All Crime,2017,Q1,1233,28992,42.52897350993377,2017-01-01,Pre
Inner South,All Crime,2017,Q2,1489,28992,51.35899558498896,2017-04-01,Pre
Inner South,All Crime,2017,Q3,1273,28992,43.908664459161145,2017-07-01,Pre
Inner South,All Crime,2017,Q4,1370,28992,47.25441501103752,2017-10-01,Pre
Inner South,All Crime,2018,Q1,1251,29857,41.89972200823927,2018-01-01,Pre
Inner South,All Crime,2018,Q2,1185,29857,39.68918511571826,2018-04-01,Pre
Inner South,All Crime,2018,Q3,1413,29857,47.32558528988177,2018-07-01,Pre
Inner South,All Crime,2018,Q4,1190,29857,39.85665003181833,2018-10-01,Pre
Inner South,All Crime,2019,Q1,1287,30576,42.09183673469388,2019-01-01,Pre
Inner South,All Crime,2019,Q2,902,30576,29.500261643118787,2019-04-01,Pre
Inner South,All Crime,2019,Q3,893,30576,29.20591313448456,2019-07-01,Pre
Inner South,All Crime,2019,Q4,1011,30576,33.06514913657771,2019-10-01,Pre
Inner South,All Crime,2020,Q1,1175,31091,37.79228715705509,2020-01-01,Pre
Inner South,All Crime,2020,Q2,850,31091,27.33910134765688,2020-04-01,During
Inner South,All Crime,2020,Q3,1001,31091,32.19581229294651,2020-07-01,During
Inner South,All Crime,2020,Q4,963,31091,30.973593644463026,2020-10-01,During
Inner South,All Crime,2021,Q1,944,31498,29.970156835354626,2021-01-01,During
Inner South,All Crime,2021,Q2,1173,31498,37.24045971172773,2021-04-01,During
Inner South,All Crime,2021,Q3,833,31498,26.44612356340085,2021-07-01,During
Inner South,All Crime,2021,Q4,891,31498,28.287510318115434,2021-10-01,Post
Inner South,All Crime,2022,Q1,864,32580,26.519337016574585,2022-01-01,Post
Inner South,All Crime,2022,Q2,933,32580,28.637200736648253,2022-04-01,Post
Inner South,All Crime,2022,Q3,922,32580,28.299570288520567,2022-07-01,Post
Inner South,All Crime,2022,Q4,621,32580,19.060773480662984,2022-10-01,Post
Inner South,All Crime,2023,Q1,609,33702,18.070144205091687,2023-01-01,Post
Inner South,All Crime,2023,Q2,649,33702,19.257017387692127,2023-04-01,Post
Inner South,All Crime,2023,Q3,720,33702,21.363717286807905,2023-07-01,Post
Inner South,All Crime,2023,Q4,699,33702,20.740608865942676,2023-10-01,Post
Inner South,All Crime,2024,Q1,709,34408,20.605673099279237,2024-01-01,Post
Inner South,All Crime,2024,Q2,608,34408,17.670309230411533,2024-04-01,Post
Inner South,All Crime,2024,Q3,584,34408,16.97279702394792,2024-07-01,Post
Inner South,All Crime,2024,Q4,690,34408,20.053475935828875,2024-10-01,Post
Inner South,All Crime,2025,Q1,800,34815,22.97860117765331,2025-01-01,Post
Inner South,All Crime,2025,Q2,670,34815,19.24457848628465,2025-04-01,Post
Inner South,Assault,2014,Q1,36,26468,1.3601329907813209,2014-01-01,Pre
Inner South,Assault,2014,Q2,30,26468,1.133444158984434,2014-04-01,Pre
Inner South,Assault,2014,Q3,34,26468,1.2845700468490253,2014-07-01,Pre
Inner South,Assault,2014,Q4,26,26468,0.9823182711198428,2014-10-01,Pre
Inner South,Assault,2015,Q1,28,27010,1.036653091447612,2015-01-01,Pre
Inner South,Assault,2015,Q2,30,27010,1.1106997408367272,2015-04-01,Pre
Inner South,Assault,2015,Q3,29,27010,1.0736764161421695,2015-07-01,Pre
Inner South,Assault,2015,Q4,34,27010,1.2587930396149574,2015-10-01,Pre
Inner South,Assault,2016,Q1,30,27757,1.080808444716648,2016-01-01,Pre
Inner South,Assault,2016,Q2,29,27757,1.0447814965594264,2016-04-01,Pre
Inner South,Assault,2016,Q3,28,27757,1.0087545484022047,2016-07-01,Pre
Inner South,Assault,2016,Q4,31,27757,1.1168353928738697,2016-10-01,Pre
Inner South,Assault,2017,Q1,35,28992,1.2072295805739515,2017-01-01,Pre
Inner South,Assault,2017,Q2,42,28992,1.4486754966887416,2017-04-01,Pre
Inner South,Assault,2017,Q3,27,28992,0.9312913907284768,2017-07-01,Pre
Inner South,Assault,2017,Q4,48,28992,1.6556291390728477,2017-10-01,Pre
Inner South,Assault,2018,Q1,38,29857,1.2727333623605854,2018-01-01,Pre
Inner South,Assault,2018,Q2,33,29857,1.1052684462605085,2018-04-01,Pre
Inner South,Assault,2018,Q3,31,29857,1.0382824798204777,2018-07-01,Pre
Inner South,Assault,2018,Q4,40,29857,1.3397193288006164,2018-10-01,Pre
Inner South,Assault,2019,Q1,36,30576,1.1773940345368916,2019-01-01,Pre
Inner South,Assault,2019,Q2,33,30576,1.0792778649921506,2019-04-01,Pre
Inner South,Assault,2019,Q3,28,30576,0.9157509157509157,2019-07-01,Pre
Inner South,Assault,2019,Q4,43,30576,1.4063317634746206,2019-10-01,Pre
Inner South,Assault,2020,Q1,21,31091,0.6754366215303463,2020-01-01,Pre
Inner South,Assault,2020,Q2,24,31091,0.771927567463253,2020-04-01,During
Inner South,Assault,2020,Q3,16,31091,0.5146183783088354,2020-07-01,During
Inner South,Assault,2020,Q4,30,31091,0.9649094593290662,2020-10-01,During
Inner South,Assault,2021,Q1,36,31498,1.142929709822846,2021-01-01,During
Inner South,Assault,2021,Q2,34,31498,1.0794336148326877,2021-04-01,During
Inner South,Assault,2021,Q3,28,31498,0.8889453298622134,2021-07-01,During
Inner South,Assault,2021,Q4,35,31498,1.1111816623277668,2021-10-01,Post
Inner South,Assault,2022,Q1,37,32580,1.1356660527931246,2022-01-01,Post
Inner South,Assault,2022,Q2,23,32580,0.7059545733578884,2022-04-01,Post
Inner South,Assault,2022,Q3,25,32580,0.7673419275629221,2022-07-01,Post
Inner South,Assault,2022,Q4,23,32580,0.7059545733578884,2022-10-01,Post
Inner South,Assault,2023,Q1,19,33702,0.5637647617352086,2023-01-01,Post
Inner South,Assault,2023,Q2,20,33702,0.5934365913002196,2023-04-01,Post
Inner South,Assault,2023,Q3,31,33702,0.9198267165153404,2023-07-01,Post
Inner South,Assault,2023,Q4,33,33702,0.9791703756453624,2023-10-01,Post
Inner South,Assault,2024,Q1,26,34408,0.7556382236689142,2024-01-01,Post
Inner South,Assault,2024,Q2,29,34408,0.8428272494768658,2024-04-01,Post
Inner South,Assault,2024,Q3,17,34408,0.49407114624505927,2024-07-01,Post
Inner South,Assault,2024,Q4,9,34408,0.26156707742385493,2024-10-01,Post
Inner South,Assault,2025,Q1,21,34815,0.6031882809133995,2025-01-01,Post
Inner South,Assault,2025,Q2,12,34815,0.3446790176647997,2025-04-01,Post
Inner South,Burglary,2014,Q1,84,26468,3.173643645156415,2014-01-01,Pre
Inner South,Burglary,2014,Q2,78,26468,2.9469548133595285,2014-04-01,Pre
Inner South,Burglary,2014,Q3,46,26468,1.737947710442799,2014-07-01,Pre
Inner South,Burglary,2014,Q4,69,26468,2.6069215656641984,2014-10-01,Pre
Inner South,Burglary,2015,Q1,67,27010,2.4805627545353572,2015-01-01,Pre
Inner South,Burglary,2015,Q2,117,27010,4.331728989263236,2015-04-01,Pre
Inner South,Burglary,2015,Q3,84,27010,3.109959274342836,2015-07-01,Pre
Inner South,Burglary,2015,Q4,140,27010,5.183265457238059,2015-10-01,Pre
Inner South,Burglary,2016,Q1,121,27757,4.3592607270238135,2016-01-01,Pre
Inner South,Burglary,2016,Q2,111,27757,3.9989912454515975,2016-04-01,Pre
Inner South,Burglary,2016,Q3,81,27757,2.9181828007349497,2016-07-01,Pre
Inner South,Burglary,2016,Q4,92,27757,3.314479230464387,2016-10-01,Pre
Inner South,Burglary,2017,Q1,93,28992,3.2077814569536423,2017-01-01,Pre
Inner South,Burglary,2017,Q2,72,28992,2.4834437086092715,2017-04-01,Pre
Inner South,Burglary,2017,Q3,82,28992,2.8283664459161146,2017-07-01,Pre
Inner South,Burglary,2017,Q4,97,28992,3.3457505518763795,2017-10-01,Pre
Inner South,Burglary,2018,Q1,86,29857,2.8803965569213252,2018-01-01,Pre
Inner South,Burglary,2018,Q2,110,29857,3.684228154201695,2018-04-01,Pre
Inner South,Burglary,2018,Q3,95,29857,3.1818334059014637,2018-07-01,Pre
Inner South,Burglary,2018,Q4,65,29857,2.1770439093010014,2018-10-01,Pre
Inner South,Burglary,2019,Q1,96,30576,3.1397174254317113,2019-01-01,Pre
Inner South,Burglary,2019,Q2,57,30576,1.8642072213500784,2019-04-01,Pre
Inner South,Burglary,2019,Q3,53,30576,1.7333856619570904,2019-07-01,Pre
Inner South,Burglary,2019,Q4,53,30576,1.7333856619570904,2019-10-01,Pre
Inner South,Burglary,2020,Q1,84,31091,2.7017464861213853,2020-01-01,Pre
Inner South,Burglary,2020,Q2,45,31091,1.4473641889935993,2020-04-01,During
Inner South,Burglary,2020,Q3,45,31091,1.4473641889935993,2020-07-01,During
Inner South,Burglary,2020,Q4,85,31091,2.733910134765688,2020-10-01,During
Inner South,Burglary,2021,Q1,65,31498,2.0636230871801384,2021-01-01,During
Inner South,Burglary,2021,Q2,64,31498,2.031875039685059,2021-04-01,During
Inner South,Burglary,2021,Q3,67,31498,2.1271191821702966,2021-07-01,During
Inner South,Burglary,2021,Q4,66,31498,2.0953711346752173,2021-10-01,Post
Inner South,Burglary,2022,Q1,66,32580,2.0257826887661143,2022-01-01,Post
Inner South,Burglary,2022,Q2,54,32580,1.6574585635359116,2022-04-01,Post
Inner South,Burglary,2022,Q3,61,32580,1.8723143032535299,2022-07-01,Post
Inner South,Burglary,2022,Q4,58,32580,1.7802332719459792,2022-10-01,Post
Inner South,Burglary,2023,Q1,41,33702,1.2165450121654502,2023-01-01,Post
Inner South,Burglary,2023,Q2,41,33702,1.2165450121654502,2023-04-01,Post
Inner South,Burglary,2023,Q3,71,33702,2.1066998991157795,2023-07-01,Post
Inner South,Burglary,2023,Q4,67,33702,1.9880125808557356,2023-10-01,Post
Inner South,Burglary,2024,Q1,71,34408,2.0634736107881886,2024-01-01,Post
Inner South,Burglary,2024,Q2,46,34408,1.3368983957219251,2024-04-01,Post
Inner South,Burglary,2024,Q3,57,34408,1.656591490351081,2024-07-01,Post
Inner South,Burglary,2024,Q4,33,34408,0.959079283887468,2024-10-01,Post
Inner South,Burglary,2025,Q1,78,34815,2.2404136148211977,2025-01-01,Post
Inner South,Burglary,2025,Q2,45,34815,1.2925463162429989,2025-04-01,Post
Inner South,CINs,2014,Q1,2,26468,0.07556294393229561,2014-01-01,Pre
Inner South,CINs,2014,Q2,0,26468,0.0,2014-04-01,Pre
Inner South,CINs,2014,Q3,2,26468,0.07556294393229561,2014-07-01,Pre
Inner South,CINs,2014,Q4,10,26468,0.377814719661478,2014-10-01,Pre
Inner South,CINs,2015,Q1,5,27010,0.18511662347278784,2015-01-01,Pre
Inner South,CINs,2015,Q2,0,27010,0.0,2015-04-01,Pre
Inner South,CINs,2015,Q3,2,27010,0.07404664938911514,2015-07-01,Pre
Inner South,CINs,2015,Q4,4,27010,0.14809329877823027,2015-10-01,Pre
Inner South,CINs,2016,Q1,5,27757,0.180134740786108,2016-01-01,Pre
Inner South,CINs,2016,Q2,2,27757,0.0720538963144432,2016-04-01,Pre
Inner South,CINs,2016,Q3,1,27757,0.0360269481572216,2016-07-01,Pre
Inner South,CINs,2016,Q4,1,27757,0.0360269481572216,2016-10-01,Pre
Inner South,CINs,2017,Q1,0,28992,0.0,2017-01-01,Pre
Inner South,CINs,2017,Q2,1,28992,0.03449227373068432,2017-04-01,Pre
Inner South,CINs,2017,Q3,0,28992,0.0,2017-07-01,Pre
Inner South,CINs,2017,Q4,2,28992,0.06898454746136864,2017-10-01,Pre
Inner South,CINs,2018,Q1,4,29857,0.13397193288006162,2018-01-01,Pre
Inner South,CINs,2018,Q2,0,29857,0.0,2018-04-01,Pre
Inner South,CINs,2018,Q3,0,29857,0.0,2018-07-01,Pre
Inner South,CINs,2018,Q4,4,29857,0.13397193288006162,2018-10-01,Pre
Inner South,CINs,2019,Q1,1,30576,0.03270538984824699,2019-01-01,Pre
Inner South,CINs,2019,Q2,0,30576,0.0,2019-04-01,Pre
Inner South,CINs,2019,Q3,0,30576,0.0,2019-07-01,Pre
Inner South,CINs,2019,Q4,1,30576,0.03270538984824699,2019-10-01,Pre
Inner South,CINs,2020,Q1,0,31091,0.0,2020-01-01,Pre
Inner South,CINs,2020,Q2,0,31091,0.0,2020-04-01,During
Inner South,CINs,2020,Q3,1,31091,0.03216364864430221,2020-07-01,During
Inner South,CINs,2020,Q4,1,31091,0.03216364864430221,2020-10-01,During
Inner South,CINs,2021,Q1,1,31498,0.03174804749507905,2021-01-01,During
Inner South,CINs,2021,Q2,0,31498,0.0,2021-04-01,During
Inner South,CINs,2021,Q3,6,31498,0.19048828497047432,2021-07-01,During
Inner South,CINs,2021,Q4,2,31498,0.0634960949901581,2021-10-01,Post
Inner South,CINs,2022,Q1,0,32580,0.0,2022-01-01,Post
Inner South,CINs,2022,Q2,0,32580,0.0,2022-04-01,Post
Inner South,CINs,2022,Q3,1,32580,0.030693677102516883,2022-07-01,Post
Inner South,CINs,2022,Q4,0,32580,0.0,2022-10-01,Post
Inner South,CINs,2023,Q1,0,33702,0.0,2023-01-01,Post
Inner South,CINs,2023,Q2,0,33702,0.0,2023-04-01,Post
Inner South,CINs,2023,Q3,0,33702,0.0,2023-07-01,Post
Inner South,CINs,2023,Q4,0,33702,0.0,2023-10-01,Post
Inner South,CINs,2024,Q1,0,34408,0.0,2024-01-01,Post
Inner South,CINs,2024,Q2,0,34408,0.0,2024-04-01,Post
Inner South,CINs,2024,Q3,0,34408,0.0,2024-07-01,Post
Inner South,CINs,2024,Q4,0,34408,0.0,2024-10-01,Post
Inner South,CINs,2025,Q1,0,34815,0.0,2025-01-01,Post
Inner South,CINs,2025,Q2,0,34815,0.0,2025-04-01,Post
Inner South,Family Violence,2014,Q1,13,26468,0.4911591355599214,2014-01-01,Pre
Inner South,Family Violence,2014,Q2,14,26468,0.5289406075260692,2014-04-01,Pre
Inner South,Family Violence,2014,Q3,9,26468,0.3400332476953302,2014-07-01,Pre
Inner South,Family Violence,2014,Q4,15,26468,0.566722079492217,2014-10-01,Pre
Inner South,Family Violence,2015,Q1,9,27010,0.33320992225101814,2015-01-01,Pre
Inner South,Family Violence,2015,Q2,16,27010,0.5923731951129211,2015-04-01,Pre
Inner South,Family Violence,2015,Q3,10,27010,0.3702332469455757,2015-07-01,Pre
Inner South,Family Violence,2015,Q4,13,27010,0.4813032210292484,2015-10-01,Pre
Inner South,Family Violence,2016,Q1,19,27757,0.6845120149872104,2016-01-01,Pre
Inner South,Family Violence,2016,Q2,19,27757,0.6845120149872104,2016-04-01,Pre
Inner South,Family Violence,2016,Q3,28,27757,1.0087545484022047,2016-07-01,Pre
Inner South,Family Violence,2016,Q4,23,27757,0.8286198076160968,2016-10-01,Pre
Inner South,Family Violence,2017,Q1,15,28992,0.5173841059602649,2017-01-01,Pre
Inner South,Family Violence,2017,Q2,37,28992,1.27621412803532,2017-04-01,Pre
Inner South,Family Violence,2017,Q3,13,28992,0.44839955849889623,2017-07-01,Pre
Inner South,Family Violence,2017,Q4,20,28992,0.6898454746136865,2017-10-01,Pre
Inner South,Family Violence,2018,Q1,9,29857,0.30143684898013867,2018-01-01,Pre
Inner South,Family Violence,2018,Q2,5,29857,0.16746491610007705,2018-04-01,Pre
Inner South,Family Violence,2018,Q3,10,29857,0.3349298322001541,2018-07-01,Pre
Inner South,Family Violence,2018,Q4,14,29857,0.4689017650802157,2018-10-01,Pre
Inner South,Family Violence,2019,Q1,19,30576,0.6214024071166928,2019-01-01,Pre
Inner South,Family Violence,2019,Q2,18,30576,0.5886970172684458,2019-04-01,Pre
Inner South,Family Violence,2019,Q3,26,30576,0.8503401360544217,2019-07-01,Pre
Inner South,Family Violence,2019,Q4,18,30576,0.5886970172684458,2019-10-01,Pre
Inner South,Family Violence,2020,Q1,20,31091,0.6432729728860441,2020-01-01,Pre
Inner South,Family Violence,2020,Q2,11,31091,0.3538001350873243,2020-04-01,During
Inner South,Family Violence,2020,Q3,25,31091,0.8040912161075552,2020-07-01,During
Inner South,Family Violence,2020,Q4,19,31091,0.6111093242417419,2020-10-01,During
Inner South,Family Violence,2021,Q1,18,31498,0.571464854911423,2021-01-01,During
Inner South,Family Violence,2021,Q2,19,31498,0.6032129024065019,2021-04-01,During
Inner South,Family Violence,2021,Q3,21,31498,0.6667089973966601,2021-07-01,During
Inner South,Family Violence,2021,Q4,18,31498,0.571464854911423,2021-10-01,Post
Inner South,Family Violence,2022,Q1,14,32580,0.42971147943523635,2022-01-01,Post
Inner South,Family Violence,2022,Q2,17,32580,0.521792510742787,2022-04-01,Post
Inner South,Family Violence,2022,Q3,26,32580,0.798035604665439,2022-07-01,Post
Inner South,Family Violence,2022,Q4,13,32580,0.3990178023327195,2022-10-01,Post
Inner South,Family Violence,2023,Q1,13,33702,0.3857337843451427,2023-01-01,Post
Inner South,Family Violence,2023,Q2,19,33702,0.5637647617352086,2023-04-01,Post
Inner South,Family Violence,2023,Q3,16,33702,0.47474927304017567,2023-07-01,Post
Inner South,Family Violence,2023,Q4,18,33702,0.5340929321701976,2023-10-01,Post
Inner South,Family Violence,2024,Q1,13,34408,0.3778191118344571,2024-01-01,Post
Inner South,Family Violence,2024,Q2,16,34408,0.4650081376424087,2024-04-01,Post
Inner South,Family Violence,2024,Q3,12,34408,0.34875610323180656,2024-07-01,Post
Inner South,Family Violence,2024,Q4,10,34408,0.2906300860265055,2024-10-01,Post
Inner South,Family Violence,2025,Q1,23,34815,0.6606347838575327,2025-01-01,Post
Inner South,Family Violence,2025,Q2,10,34815,0.2872325147206664,2025-04-01,Post
Inner South,Homicide,2014,Q1,0,26468,0.0,2014-01-01,Pre
Inner South,Homicide,2014,Q2,0,26468,0.0,2014-04-01,Pre
Inner South,Homicide,2014,Q3,1,26468,0.037781471966147805,2014-07-01,Pre
Inner South,Homicide,2014,Q4,0,26468,0.0,2014-10-01,Pre
Inner South,Homicide,2015,Q1,0,27010,0.0,2015-01-01,Pre
Inner South,Homicide,2015,Q2,0,27010,0.0,2015-04-01,Pre
Inner South,Homicide,2015,Q3,0,27010,0.0,2015-07-01,Pre
Inner South,Homicide,2015,Q4,3,27010,0.11106997408367271,2015-10-01,Pre
Inner South,Homicide,2016,Q1,1,27757,0.0360269481572216,2016-01-01,Pre
Inner South,Homicide,2016,Q2,0,27757,0.0,2016-04-01,Pre
Inner South,Homicide,2016,Q3,0,27757,0.0,2016-07-01,Pre
Inner South,Homicide,2016,Q4,0,27757,0.0,2016-10-01,Pre
Inner South,Homicide,2017,Q1,0,28992,0.0,2017-01-01,Pre
Inner South,Homicide,2017,Q2,1,28992,0.03449227373068432,2017-04-01,Pre
Inner South,Homicide,2017,Q3,0,28992,0.0,2017-07-01,Pre
Inner South,Homicide,2017,Q4,0,28992,0.0,2017-10-01,Pre
Inner South,Homicide,2018,Q1,0,29857,0.0,2018-01-01,Pre
Inner South,Homicide,2018,Q2,0,29857,0.0,2018-04-01,Pre
Inner South,Homicide,2018,Q3,0,29857,0.0,2018-07-01,Pre
Inner South,Homicide,2018,Q4,0,29857,0.0,2018-10-01,Pre
Inner South,Homicide,2019,Q1,1,30576,0.03270538984824699,2019-01-01,Pre
Inner South,Homicide,2019,Q2,0,30576,0.0,2019-04-01,Pre
Inner South,Homicide,2019,Q3,0,30576,0.0,2019-07-01,Pre
Inner South,Homicide,2019,Q4,0,30576,0.0,2019-10-01,Pre
Inner South,Homicide,2020,Q1,0,31091,0.0,2020-01-01,Pre
Inner South,Homicide,2020,Q2,0,31091,0.0,2020-04-01,During
Inner South,Homicide,2020,Q3,2,31091,0.06432729728860442,2020-07-01,During
Inner South,Homicide,2020,Q4,0,31091,0.0,2020-10-01,During
Inner South,Homicide,2021,Q1,0,31498,0.0,2021-01-01,During
Inner South,Homicide,2021,Q2,0,31498,0.0,2021-04-01,During
Inner South,Homicide,2021,Q3,0,31498,0.0,2021-07-01,During
Inner South,Homicide,2021,Q4,0,31498,0.0,2021-10-01,Post
Inner South,Homicide,2022,Q1,1,32580,0.030693677102516883,2022-01-01,Post
Inner South,Homicide,2022,Q2,0,32580,0.0,2022-04-01,Post
Inner South,Homicide,2022,Q3,0,32580,0.0,2022-07-01,Post
Inner South,Homicide,2022,Q4,0,32580,0.0,2022-10-01,Post
Inner South,Homicide,2023,Q1,0,33702,0.0,2023-01-01,Post
Inner South,Homicide,2023,Q2,0,33702,0.0,2023-04-01,Post
Inner South,Homicide,2023,Q3,0,33702,0.0,2023-07-01,Post
Inner South,Homicide,2023,Q4,1,33702,0.02967182956501098,2023-10-01,Post
Inner South,Homicide,2024,Q1,0,34408,0.0,2024-01-01,Post
Inner South,Homicide,2024,Q2,1,34408,0.029063008602650545,2024-04-01,Post
Inner South,Homicide,2024,Q3,0,34408,0.0,2024-07-01,Post
Inner South,Homicide,2024,Q4,0,34408,0.0,2024-10-01,Post
Inner South,Homicide,2025,Q1,0,34815,0.0,2025-01-01,Post
Inner South,Homicide,2025,Q2,0,34815,0.0,2025-04-01,Post
Inner South,Other,2014,Q1,296,26468,11.18331570197975,2014-01-01,Pre
Inner South,Other,2014,Q2,311,26468,11.750037781471967,2014-04-01,Pre
Inner South,Other,2014,Q3,227,26468,8.576394136315551,2014-07-01,Pre
Inner South,Other,2014,Q4,242,26468,9.143116215807767,2014-10-01,Pre
Inner South,Other,2015,Q1,296,27010,10.95890410958904,2015-01-01,Pre
Inner South,Other,2015,Q2,227,27010,8.404294705664569,2015-04-01,Pre
Inner South,Other,2015,Q3,243,27010,8.996667900777489,2015-07-01,Pre
Inner South,Other,2015,Q4,248,27010,9.181784524250277,2015-10-01,Pre
Inner South,Other,2016,Q1,256,27757,9.22289872824873,2016-01-01,Pre
Inner South,Other,2016,Q2,288,27757,10.37576106927982,2016-04-01,Pre
Inner South,Other,2016,Q3,369,27757,13.29394387001477,2016-07-01,Pre
Inner South,Other,2016,Q4,331,27757,11.92491984004035,2016-10-01,Pre
Inner South,Other,2017,Q1,264,28992,9.105960264900663,2017-01-01,Pre
Inner South,Other,2017,Q2,354,28992,12.210264900662251,2017-04-01,Pre
Inner South,Other,2017,Q3,355,28992,12.244757174392936,2017-07-01,Pre
Inner South,Other,2017,Q4,359,28992,12.382726269315674,2017-10-01,Pre
Inner South,Other,2018,Q1,300,29857,10.047894966004622,2018-01-01,Pre
Inner South,Other,2018,Q2,311,29857,10.416317781424791,2018-04-01,Pre
Inner South,Other,2018,Q3,350,29857,11.722544127005392,2018-07-01,Pre
Inner South,Other,2018,Q4,382,29857,12.794319590045886,2018-10-01,Pre
Inner South,Other,2019,Q1,216,30576,7.06436420722135,2019-01-01,Pre
Inner South,Other,2019,Q2,233,30576,7.620355834641549,2019-04-01,Pre
Inner South,Other,2019,Q3,194,30576,6.344845630559917,2019-07-01,Pre
Inner South,Other,2019,Q4,224,30576,7.326007326007326,2019-10-01,Pre
Inner South,Other,2020,Q1,295,31091,9.488276350069151,2020-01-01,Pre
Inner South,Other,2020,Q2,263,31091,8.45903959345148,2020-04-01,During
Inner South,Other,2020,Q3,324,31091,10.421022160753916,2020-07-01,During
Inner South,Other,2020,Q4,239,31091,7.6871120259882275,2020-10-01,During
Inner South,Other,2021,Q1,265,31498,8.41323258619595,2021-01-01,During
Inner South,Other,2021,Q2,334,31498,10.603847863356403,2021-04-01,During
Inner South,Other,2021,Q3,251,31498,7.968759921264842,2021-07-01,During
Inner South,Other,2021,Q4,224,31498,7.111562638897707,2021-10-01,Post
Inner South,Other,2022,Q1,200,32580,6.138735420503377,2022-01-01,Post
Inner South,Other,2022,Q2,216,32580,6.629834254143646,2022-04-01,Post
Inner South,Other,2022,Q3,238,32580,7.305095150399018,2022-07-01,Post
Inner South,Other,2022,Q4,151,32580,4.634745242480049,2022-10-01,Post
Inner South,Other,2023,Q1,182,33702,5.400272980831998,2023-01-01,Post
Inner South,Other,2023,Q2,125,33702,3.7089786956263726,2023-04-01,Post
Inner South,Other,2023,Q3,121,33702,3.5902913773663285,2023-07-01,Post
Inner South,Other,2023,Q4,150,33702,4.450774434751647,2023-10-01,Post
Inner South,Other,2024,Q1,143,34408,4.156010230179028,2024-01-01,Post
Inner South,Other,2024,Q2,159,34408,4.621018367821437,2024-04-01,Post
Inner South,Other,2024,Q3,121,34408,3.516624040920716,2024-07-01,Post
Inner South,Other,2024,Q4,201,34408,5.841664729132759,2024-10-01,Post
Inner South,Other,2025,Q1,168,34815,4.825506247307196,2025-01-01,Post
Inner South,Other,2025,Q2,152,34815,4.365934223754129,2025-04-01,Post
Inner South,Property Damage,2014,Q1,128,26468,4.836028411666919,2014-01-01,Pre
Inner South,Property Damage,2014,Q2,109,26468,4.11818044431011,2014-04-01,Pre
Inner South,Property Damage,2014,Q3,112,26468,4.231524860208554,2014-07-01,Pre
Inner South,Property Damage,2014,Q4,179,26468,6.762883481940456,2014-10-01,Pre
Inner South,Property Damage,2015,Q1,111,27010,4.10958904109589,2015-01-01,Pre
Inner South,Property Damage,2015,Q2,207,27010,7.663828211773417,2015-04-01,Pre
Inner South,Property Damage,2015,Q3,200,27010,7.404664938911514,2015-07-01,Pre
Inner South,Property Damage,2015,Q4,194,27010,7.182524990744168,2015-10-01,Pre
Inner South,Property Damage,2016,Q1,170,27757,6.124581186727672,2016-01-01,Pre
Inner South,Property Damage,2016,Q2,175,27757,6.30471592751378,2016-04-01,Pre
Inner South,Property Damage,2016,Q3,142,27757,5.115826638325467,2016-07-01,Pre
Inner South,Property Damage,2016,Q4,166,27757,5.9804733940987855,2016-10-01,Pre
Inner South,Property Damage,2017,Q1,193,28992,6.657008830022074,2017-01-01,Pre
Inner South,Property Damage,2017,Q2,210,28992,7.243377483443709,2017-04-01,Pre
Inner South,Property Damage,2017,Q3,137,28992,4.725441501103752,2017-07-01,Pre
Inner South,Property Damage,2017,Q4,157,28992,5.415286975717439,2017-10-01,Pre
Inner South,Property Damage,2018,Q1,160,29857,5.358877315202466,2018-01-01,Pre
Inner South,Property Damage,2018,Q2,113,29857,3.784707103861741,2018-04-01,Pre
Inner South,Property Damage,2018,Q3,201,29857,6.732089627223097,2018-07-01,Pre
Inner South,Property Damage,2018,Q4,133,29857,4.454566768262049,2018-10-01,Pre
Inner South,Property Damage,2019,Q1,155,30576,5.0693354264782835,2019-01-01,Pre
Inner South,Property Damage,2019,Q2,88,30576,2.8780743066457353,2019-04-01,Pre
Inner South,Property Damage,2019,Q3,116,30576,3.793825222396651,2019-07-01,Pre
Inner South,Property Damage,2019,Q4,105,30576,3.434065934065934,2019-10-01,Pre
Inner South,Property Damage,2020,Q1,101,31091,3.248528513074523,2020-01-01,Pre
Inner South,Property Damage,2020,Q2,97,31091,3.1198739184973143,2020-04-01,During
Inner South,Property Damage,2020,Q3,95,31091,3.05554662120871,2020-07-01,During
Inner South,Property Damage,2020,Q4,118,31091,3.7953105400276606,2020-10-01,During
Inner South,Property Damage,2021,Q1,132,31498,4.190742269350435,2021-01-01,During
Inner South,Property Damage,2021,Q2,140,31498,4.444726649311067,2021-04-01,During
Inner South,Property Damage,2021,Q3,113,31498,3.587529366943933,2021-07-01,During
Inner South,Property Damage,2021,Q4,136,31498,4.317734459330751,2021-10-01,Post
Inner South,Property Damage,2022,Q1,147,32580,4.511970534069982,2022-01-01,Post
Inner South,Property Damage,2022,Q2,175,32580,5.371393492940455,2022-04-01,Post
Inner South,Property Damage,2022,Q3,135,32580,4.143646408839779,2022-07-01,Post
Inner South,Property Damage,2022,Q4,85,32580,2.608962553713935,2022-10-01,Post
Inner South,Property Damage,2023,Q1,60,33702,1.7803097739006588,2023-01-01,Post
Inner South,Property Damage,2023,Q2,77,33702,2.2847308765058454,2023-04-01,Post
Inner South,Property Damage,2023,Q3,94,33702,2.789151979111032,2023-07-01,Post
Inner South,Property Damage,2023,Q4,96,33702,2.848495638241054,2023-10-01,Post
Inner South,Property Damage,2024,Q1,82,34408,2.3831667054173447,2024-01-01,Post
Inner South,Property Damage,2024,Q2,44,34408,1.278772378516624,2024-04-01,Post
Inner South,Property Damage,2024,Q3,68,34408,1.976284584980237,2024-07-01,Post
Inner South,Property Damage,2024,Q4,63,34408,1.8309695419669842,2024-10-01,Post
Inner South,Property Damage,2025,Q1,55,34815,1.5797788309636651,2025-01-01,Post
Inner South,Property Damage,2025,Q2,44,34815,1.263823064770932,2025-04-01,Post
Inner South,Robbery,2014,Q1,4,26468,0.15112588786459122,2014-01-01,Pre
Inner South,Robbery,2014,Q2,5,26468,0.188907359830739,2014-04-01,Pre
Inner South,Robbery,2014,Q3,1,26468,0.037781471966147805,2014-07-01,Pre
Inner South,Robbery,2014,Q4,5,26468,0.188907359830739,2014-10-01,Pre
Inner South,Robbery,2015,Q1,2,27010,0.07404664938911514,2015-01-01,Pre
Inner South,Robbery,2015,Q2,7,27010,0.259163272861903,2015-04-01,Pre
Inner South,Robbery,2015,Q3,6,27010,0.22213994816734542,2015-07-01,Pre
Inner South,Robbery,2015,Q4,2,27010,0.07404664938911514,2015-10-01,Pre
Inner South,Robbery,2016,Q1,4,27757,0.1441077926288864,2016-01-01,Pre
Inner South,Robbery,2016,Q2,7,27757,0.25218863710055117,2016-04-01,Pre
Inner South,Robbery,2016,Q3,3,27757,0.1080808444716648,2016-07-01,Pre
Inner South,Robbery,2016,Q4,3,27757,0.1080808444716648,2016-10-01,Pre
Inner South,Robbery,2017,Q1,10,28992,0.34492273730684325,2017-01-01,Pre
Inner South,Robbery,2017,Q2,8,28992,0.2759381898454746,2017-04-01,Pre
Inner South,Robbery,2017,Q3,8,28992,0.2759381898454746,2017-07-01,Pre
Inner South,Robbery,2017,Q4,5,28992,0.17246136865342163,2017-10-01,Pre
Inner South,Robbery,2018,Q1,5,29857,0.16746491610007705,2018-01-01,Pre
Inner South,Robbery,2018,Q2,3,29857,0.10047894966004622,2018-04-01,Pre
Inner South,Robbery,2018,Q3,1,29857,0.033492983220015406,2018-07-01,Pre
Inner South,Robbery,2018,Q4,3,29857,0.10047894966004622,2018-10-01,Pre
Inner South,Robbery,2019,Q1,4,30576,0.13082155939298795,2019-01-01,Pre
Inner South,Robbery,2019,Q2,3,30576,0.09811616954474098,2019-04-01,Pre
Inner South,Robbery,2019,Q3,4,30576,0.13082155939298795,2019-07-01,Pre
Inner South,Robbery,2019,Q4,6,30576,0.19623233908948196,2019-10-01,Pre
Inner South,Robbery,2020,Q1,8,31091,0.2573091891544177,2020-01-01,Pre
Inner South,Robbery,2020,Q2,3,31091,0.09649094593290662,2020-04-01,During
Inner South,Robbery,2020,Q3,2,31091,0.06432729728860442,2020-07-01,During
Inner South,Robbery,2020,Q4,1,31091,0.03216364864430221,2020-10-01,During
Inner South,Robbery,2021,Q1,2,31498,0.0634960949901581,2021-01-01,During
Inner South,Robbery,2021,Q2,6,31498,0.19048828497047432,2021-04-01,During
Inner South,Robbery,2021,Q3,3,31498,0.09524414248523716,2021-07-01,During
Inner South,Robbery,2021,Q4,6,31498,0.19048828497047432,2021-10-01,Post
Inner South,Robbery,2022,Q1,3,32580,0.09208103130755065,2022-01-01,Post
Inner South,Robbery,2022,Q2,1,32580,0.030693677102516883,2022-04-01,Post
Inner South,Robbery,2022,Q3,2,32580,0.061387354205033766,2022-07-01,Post
Inner South,Robbery,2022,Q4,3,32580,0.09208103130755065,2022-10-01,Post
Inner South,Robbery,2023,Q1,7,33702,0.20770280695507687,2023-01-01,Post
Inner South,Robbery,2023,Q2,3,33702,0.08901548869503294,2023-04-01,Post
Inner South,Robbery,2023,Q3,5,33702,0.1483591478250549,2023-07-01,Post
Inner South,Robbery,2023,Q4,2,33702,0.05934365913002196,2023-10-01,Post
Inner South,Robbery,2024,Q1,4,34408,0.11625203441060218,2024-01-01,Post
Inner South,Robbery,2024,Q2,5,34408,0.14531504301325274,2024-04-01,Post
Inner South,Robbery,2024,Q3,2,34408,0.05812601720530109,2024-07-01,Post
Inner South,Robbery,2024,Q4,1,34408,0.029063008602650545,2024-10-01,Post
Inner South,Robbery,2025,Q1,4,34815,0.11489300588826656,2025-01-01,Post
Inner South,Robbery,2025,Q2,2,34815,0.05744650294413328,2025-04-01,Post
Inner South,Sexual Assault,2014,Q1,3,26468,0.1133444158984434,2014-01-01,Pre
Inner South,Sexual Assault,2014,Q2,4,26468,0.15112588786459122,2014-04-01,Pre
Inner South,Sexual Assault,2014,Q3,6,26468,0.2266888317968868,2014-07-01,Pre
Inner South,Sexual Assault,2014,Q4,7,26468,0.2644703037630346,2014-10-01,Pre
Inner South,Sexual Assault,2015,Q1,17,27010,0.6293965198074787,2015-01-01,Pre
Inner South,Sexual Assault,2015,Q2,7,27010,0.259163272861903,2015-04-01,Pre
Inner South,Sexual Assault,2015,Q3,3,27010,0.11106997408367271,2015-07-01,Pre
Inner South,Sexual Assault,2015,Q4,15,27010,0.5553498704183636,2015-10-01,Pre
Inner South,Sexual Assault,2016,Q1,5,27757,0.180134740786108,2016-01-01,Pre
Inner South,Sexual Assault,2016,Q2,3,27757,0.1080808444716648,2016-04-01,Pre
Inner South,Sexual Assault,2016,Q3,17,27757,0.6124581186727672,2016-07-01,Pre
Inner South,Sexual Assault,2016,Q4,16,27757,0.5764311705155456,2016-10-01,Pre
Inner South,Sexual Assault,2017,Q1,7,28992,0.24144591611479027,2017-01-01,Pre
Inner South,Sexual Assault,2017,Q2,12,28992,0.4139072847682119,2017-04-01,Pre
Inner South,Sexual Assault,2017,Q3,19,28992,0.6553532008830022,2017-07-01,Pre
Inner South,Sexual Assault,2017,Q4,18,28992,0.6208609271523179,2017-10-01,Pre
Inner South,Sexual Assault,2018,Q1,12,29857,0.4019157986401849,2018-01-01,Pre
Inner South,Sexual Assault,2018,Q2,5,29857,0.16746491610007705,2018-04-01,Pre
Inner South,Sexual Assault,2018,Q3,7,29857,0.23445088254010785,2018-07-01,Pre
Inner South,Sexual Assault,2018,Q4,8,29857,0.26794386576012325,2018-10-01,Pre
Inner South,Sexual Assault,2019,Q1,9,30576,0.2943485086342229,2019-01-01,Pre
Inner South,Sexual Assault,2019,Q2,13,30576,0.42517006802721086,2019-04-01,Pre
Inner South,Sexual Assault,2019,Q3,22,30576,0.7195185766614338,2019-07-01,Pre
Inner South,Sexual Assault,2019,Q4,16,30576,0.5232862375719518,2019-10-01,Pre
Inner South,Sexual Assault,2020,Q1,18,31091,0.5789456755974397,2020-01-01,Pre
Inner South,Sexual Assault,2020,Q2,6,31091,0.19298189186581324,2020-04-01,During
Inner South,Sexual Assault,2020,Q3,12,31091,0.3859637837316265,2020-07-01,During
Inner South,Sexual Assault,2020,Q4,13,31091,0.4181274323759287,2020-10-01,During
Inner South,Sexual Assault,2021,Q1,10,31498,0.3174804749507905,2021-01-01,During
Inner South,Sexual Assault,2021,Q2,6,31498,0.19048828497047432,2021-04-01,During
Inner South,Sexual Assault,2021,Q3,4,31498,0.1269921899803162,2021-07-01,During
Inner South,Sexual Assault,2021,Q4,5,31498,0.15874023747539526,2021-10-01,Post
Inner South,Sexual Assault,2022,Q1,5,32580,0.1534683855125844,2022-01-01,Post
Inner South,Sexual Assault,2022,Q2,18,32580,0.5524861878453039,2022-04-01,Post
Inner South,Sexual Assault,2022,Q3,13,32580,0.3990178023327195,2022-07-01,Post
Inner South,Sexual Assault,2022,Q4,9,32580,0.27624309392265195,2022-10-01,Post
Inner South,Sexual Assault,2023,Q1,12,33702,0.35606195478013175,2023-01-01,Post
Inner South,Sexual Assault,2023,Q2,14,33702,0.41540561391015374,2023-04-01,Post
Inner South,Sexual Assault,2023,Q3,7,33702,0.20770280695507687,2023-07-01,Post
Inner South,Sexual Assault,2023,Q4,10,33702,0.2967182956501098,2023-10-01,Post
Inner South,Sexual Assault,2024,Q1,8,34408,0.23250406882120436,2024-01-01,Post
Inner South,Sexual Assault,2024,Q2,18,34408,0.5231341548477099,2024-04-01,Post
Inner South,Sexual Assault,2024,Q3,10,34408,0.2906300860265055,2024-07-01,Post
Inner South,Sexual Assault,2024,Q4,17,34408,0.49407114624505927,2024-10-01,Post
Inner South,Sexual Assault,2025,Q1,3,34815,0.08616975441619992,2025-01-01,Post
Inner South,Sexual Assault,2025,Q2,9,34815,0.25850926324859974,2025-04-01,Post
Inner South,TINs,2014,Q1,293,26468,11.069971286081305,2014-01-01,Pre
Inner South,TINs,2014,Q2,342,26468,12.921263412422547,2014-04-01,Pre
Inner South,TINs,2014,Q3,464,26468,17.53060299229258,2014-07-01,Pre
Inner South,TINs,2014,Q4,294,26468,11.107752758047454,2014-10-01,Pre
Inner South,TINs,2015,Q1,224,27010,8.293224731580896,2015-01-01,Pre
Inner South,TINs,2015,Q2,280,27010,10.366530914476119,2015-04-01,Pre
Inner South,TINs,2015,Q3,402,27010,14.883376527212143,2015-07-01,Pre
Inner South,TINs,2015,Q4,217,27010,8.034061458718993,2015-10-01,Pre
Inner South,TINs,2016,Q1,228,27757,8.214144179846524,2016-01-01,Pre
Inner South,TINs,2016,Q2,207,27757,7.4575782685448715,2016-04-01,Pre
Inner South,TINs,2016,Q3,321,27757,11.564650358468134,2016-07-01,Pre
Inner South,TINs,2016,Q4,225,27757,8.10606333537486,2016-10-01,Pre
Inner South,TINs,2017,Q1,199,28992,6.863962472406181,2017-01-01,Pre
Inner South,TINs,2017,Q2,330,28992,11.382450331125828,2017-04-01,Pre
Inner South,TINs,2017,Q3,272,28992,9.381898454746137,2017-07-01,Pre
Inner South,TINs,2017,Q4,215,28992,7.41583885209713,2017-10-01,Pre
Inner South,TINs,2018,Q1,246,29857,8.23927387212379,2018-01-01,Pre
Inner South,TINs,2018,Q2,169,29857,5.660314164182604,2018-04-01,Pre
Inner South,TINs,2018,Q3,256,29857,8.574203704323944,2018-07-01,Pre
Inner South,TINs,2018,Q4,196,29857,6.56462471112302,2018-10-01,Pre
Inner South,TINs,2019,Q1,392,30576,12.820512820512821,2019-01-01,Pre
Inner South,TINs,2019,Q2,216,30576,7.06436420722135,2019-04-01,Pre
Inner South,TINs,2019,Q3,173,30576,5.6580324437467295,2019-07-01,Pre
Inner South,TINs,2019,Q4,237,30576,7.751177394034537,2019-10-01,Pre
Inner South,TINs,2020,Q1,299,31091,9.616930944646361,2020-01-01,Pre
Inner South,TINs,2020,Q2,213,31091,6.8508571612363705,2020-04-01,During
Inner South,TINs,2020,Q3,235,31091,7.558457431411019,2020-07-01,During
Inner South,TINs,2020,Q4,184,31091,5.918111350551606,2020-10-01,During
Inner South,TINs,2021,Q1,117,31498,3.714521556924249,2021-01-01,During
Inner South,TINs,2021,Q2,165,31498,5.238427836688044,2021-04-01,During
Inner South,TINs,2021,Q3,68,31498,2.1588672296653755,2021-07-01,During
Inner South,TINs,2021,Q4,95,31498,3.01606451203251,2021-10-01,Post
Inner South,TINs,2022,Q1,118,32580,3.621853898096992,2022-01-01,Post
Inner South,TINs,2022,Q2,76,32580,2.3327194597912833,2022-04-01,Post
Inner South,TINs,2022,Q3,117,32580,3.5911602209944755,2022-07-01,Post
Inner South,TINs,2022,Q4,99,32580,3.0386740331491713,2022-10-01,Post
Inner South,TINs,2023,Q1,107,33702,3.174885763456175,2023-01-01,Post
Inner South,TINs,2023,Q2,183,33702,5.429944810397009,2023-04-01,Post
Inner South,TINs,2023,Q3,149,33702,4.421102605186636,2023-07-01,Post
Inner South,TINs,2023,Q4,113,33702,3.352916740846241,2023-10-01,Post
Inner South,TINs,2024,Q1,131,34408,3.8072541269472215,2024-01-01,Post
Inner South,TINs,2024,Q2,140,34408,4.068821204371076,2024-04-01,Post
Inner South,TINs,2024,Q3,131,34408,3.8072541269472215,2024-07-01,Post
Inner South,TINs,2024,Q4,201,34408,5.841664729132759,2024-10-01,Post
Inner South,TINs,2025,Q1,242,34815,6.9510268562401265,2025-01-01,Post
Inner South,TINs,2025,Q2,227,34815,6.520178084159127,2025-04-01,Post
Inner South,Theft,2014,Q1,311,26468,11.750037781471967,2014-01-01,Pre
Inner South,Theft,2014,Q2,332,26468,12.54344869276107,2014-04-01,Pre
Inner South,Theft,2014,Q3,297,26468,11.221097173945896,2014-07-01,Pre
Inner South,Theft,2014,Q4,336,26468,12.69457458062566,2014-10-01,Pre
Inner South,Theft,2015,Q1,299,27010,11.069974083672713,2015-01-01,Pre
Inner South,Theft,2015,Q2,478,27010,17.697149203998517,2015-04-01,Pre
Inner South,Theft,2015,Q3,460,27010,17.030729359496483,2015-07-01,Pre
Inner South,Theft,2015,Q4,521,27010,19.289152165864493,2015-10-01,Pre
Inner South,Theft,2016,Q1,365,27757,13.149836077385883,2016-01-01,Pre
Inner South,Theft,2016,Q2,469,27757,16.89663868573693,2016-04-01,Pre
Inner South,Theft,2016,Q3,381,27757,13.72626724790143,2016-07-01,Pre
Inner South,Theft,2016,Q4,391,27757,14.086536729473645,2016-10-01,Pre
Inner South,Theft,2017,Q1,417,28992,14.383278145695364,2017-01-01,Pre
Inner South,Theft,2017,Q2,422,28992,14.555739514348785,2017-04-01,Pre
Inner South,Theft,2017,Q3,360,28992,12.417218543046356,2017-07-01,Pre
Inner South,Theft,2017,Q4,449,28992,15.487030905077262,2017-10-01,Pre
Inner South,Theft,2018,Q1,391,29857,13.095756439026024,2018-01-01,Pre
Inner South,Theft,2018,Q2,436,29857,14.602940683926718,2018-04-01,Pre
Inner South,Theft,2018,Q3,462,29857,15.473758247647119,2018-07-01,Pre
Inner South,Theft,2018,Q4,345,29857,11.555079210905316,2018-10-01,Pre
Inner South,Theft,2019,Q1,358,30576,11.708529565672423,2019-01-01,Pre
Inner South,Theft,2019,Q2,241,30576,7.881998953427525,2019-04-01,Pre
Inner South,Theft,2019,Q3,277,30576,9.059392987964417,2019-07-01,Pre
Inner South,Theft,2019,Q4,308,30576,10.073260073260073,2019-10-01,Pre
Inner South,Theft,2020,Q1,329,31091,10.581840403975427,2020-01-01,Pre
Inner South,Theft,2020,Q2,188,31091,6.046765945128815,2020-04-01,During
Inner South,Theft,2020,Q3,244,31091,7.847930269209739,2020-07-01,During
Inner South,Theft,2020,Q4,273,31091,8.780676079894503,2020-10-01,During
Inner South,Theft,2021,Q1,298,31498,9.460918153533557,2021-01-01,During
Inner South,Theft,2021,Q2,405,31498,12.857959235507016,2021-04-01,During
Inner South,Theft,2021,Q3,272,31498,8.635468918661502,2021-07-01,During
Inner South,Theft,2021,Q4,304,31498,9.651406438504031,2021-10-01,Post
Inner South,Theft,2022,Q1,273,32580,8.37937384898711,2022-01-01,Post
Inner South,Theft,2022,Q2,353,32580,10.83486801718846,2022-04-01,Post
Inner South,Theft,2022,Q3,304,32580,9.330877839165133,2022-07-01,Post
Inner South,Theft,2022,Q4,180,32580,5.524861878453039,2022-10-01,Post
Inner South,Theft,2023,Q1,168,33702,4.984867366921844,2023-01-01,Post
Inner South,Theft,2023,Q2,167,33702,4.9551955373568335,2023-04-01,Post
Inner South,Theft,2023,Q3,226,33702,6.705833481692482,2023-07-01,Post
Inner South,Theft,2023,Q4,209,33702,6.201412379087295,2023-10-01,Post
Inner South,Theft,2024,Q1,231,34408,6.713554987212276,2024-01-01,Post
Inner South,Theft,2024,Q2,150,34408,4.3594512903975815,2024-04-01,Post
Inner South,Theft,2024,Q3,166,34408,4.82445942803999,2024-07-01,Post
Inner South,Theft,2024,Q4,155,34408,4.504766333410834,2024-10-01,Post
Inner South,Theft,2025,Q1,206,34815,5.916989803245728,2025-01-01,Post
Inner South,Theft,2025,Q2,169,34815,4.8542294987792625,2025-04-01,Post
Molonglo District,All Crime,2014,Q1,13,1065,12.206572769953052,2014-01-01,Pre
Molonglo District,All Crime,2014,Q2,14,1065,13.145539906103288,2014-04-01,Pre
Molonglo District,All Crime,2014,Q3,28,1065,26.291079812206576,2014-07-01,Pre
Molonglo District,All Crime,2014,Q4,17,1065,15.962441314553992,2014-10-01,Pre
Molonglo District,All Crime,2015,Q1,48,3098,15.493867010974823,2015-01-01,Pre
Molonglo District,All Crime,2015,Q2,47,3098,15.171078114912847,2015-04-01,Pre
Molonglo District,All Crime,2015,Q3,118,3098,38.08908973531311,2015-07-01,Pre
Molonglo District,All Crime,2015,Q4,72,3098,23.240800516462233,2015-10-01,Pre
Molonglo District,All Crime,2016,Q1,79,4579,17.252675256606246,2016-01-01,Pre
Molonglo District,All Crime,2016,Q2,110,4579,24.022712382616294,2016-04-01,Pre
Molonglo District,All Crime,2016,Q3,140,4579,30.57436121423892,2016-07-01,Pre
Molonglo District,All Crime,2016,Q4,69,4579,15.068792312732038,2016-10-01,Pre
Molonglo District,All Crime,2017,Q1,125,5789,21.592675764380722,2017-01-01,Pre
Molonglo District,All Crime,2017,Q2,129,5789,22.283641388840906,2017-04-01,Pre
Molonglo District,All Crime,2017,Q3,210,5789,36.27569528415962,2017-07-01,Pre
Molonglo District,All Crime,2017,Q4,163,5789,28.156849196752464,2017-10-01,Pre
Molonglo District,All Crime,2018,Q1,77,6591,11.68259748141405,2018-01-01,Pre
Molonglo District,All Crime,2018,Q2,130,6591,19.72386587771203,2018-04-01,Pre
Molonglo District,All Crime,2018,Q3,104,6591,15.779092702169624,2018-07-01,Pre
Molonglo District,All Crime,2018,Q4,82,6591,12.441207707479897,2018-10-01,Pre
Molonglo District,All Crime,2019,Q1,83,7233,11.475183188165353,2019-01-01,Pre
Molonglo District,All Crime,2019,Q2,139,7233,19.217475459698605,2019-04-01,Pre
Molonglo District,All Crime,2019,Q3,93,7233,12.857735379510578,2019-07-01,Pre
Molonglo District,All Crime,2019,Q4,155,7233,21.429558965850962,2019-10-01,Pre
Molonglo District,All Crime,2020,Q1,124,7925,15.646687697160884,2020-01-01,Pre
Molonglo District,All Crime,2020,Q2,82,7925,10.347003154574132,2020-04-01,During
Molonglo District,All Crime,2020,Q3,107,7925,13.501577287066246,2020-07-01,During
Molonglo District,All Crime,2020,Q4,128,7925,16.15141955835962,2020-10-01,During
Molonglo District,All Crime,2021,Q1,106,8643,12.264260094874464,2021-01-01,During
Molonglo District,All Crime,2021,Q2,121,8643,13.999768598866133,2021-04-01,During
Molonglo District,All Crime,2021,Q3,77,8643,8.908943653823902,2021-07-01,During
Molonglo District,All Crime,2021,Q4,80,8643,9.256045354622238,2021-10-01,Post
Molonglo District,All Crime,2022,Q1,108,9155,11.796832332058985,2022-01-01,Post
Molonglo District,All Crime,2022,Q2,95,9155,10.376843255051885,2022-04-01,Post
Molonglo District,All Crime,2022,Q3,72,9155,7.864554888039323,2022-07-01,Post
Molonglo District,All Crime,2022,Q4,82,9155,8.956854178044784,2022-10-01,Post
Molonglo District,All Crime,2023,Q1,74,9780,7.566462167689162,2023-01-01,Post
Molonglo District,All Crime,2023,Q2,82,9780,8.384458077709612,2023-04-01,Post
Molonglo District,All Crime,2023,Q3,87,9780,8.895705521472394,2023-07-01,Post
Molonglo District,All Crime,2023,Q4,106,9780,10.838445807770961,2023-10-01,Post
Molonglo District,All Crime,2024,Q1,115,10337,11.125084647383186,2024-01-01,Post
Molonglo District,All Crime,2024,Q2,80,10337,7.739189319918738,2024-04-01,Post
Molonglo District,All Crime,2024,Q3,82,10337,7.932669052916707,2024-07-01,Post
Molonglo District,All Crime,2024,Q4,127,10337,12.285963045370998,2024-10-01,Post
Molonglo District,All Crime,2025,Q1,133,10916,12.183950164895565,2025-01-01,Post
Molonglo District,All Crime,2025,Q2,95,10916,8.702821546353976,2025-04-01,Post
Molonglo District,Assault,2014,Q1,0,1065,0.0,2014-01-01,Pre
Molonglo District,Assault,2014,Q2,0,1065,0.0,2014-04-01,Pre
Molonglo District,Assault,2014,Q3,6,1065,5.633802816901409,2014-07-01,Pre
Molonglo District,Assault,2014,Q4,0,1065,0.0,2014-10-01,Pre
Molonglo District,Assault,2015,Q1,0,3098,0.0,2015-01-01,Pre
Molonglo District,Assault,2015,Q2,0,3098,0.0,2015-04-01,Pre
Molonglo District,Assault,2015,Q3,0,3098,0.0,2015-07-01,Pre
Molonglo District,Assault,2015,Q4,0,3098,0.0,2015-10-01,Pre
Molonglo District,Assault,2016,Q1,0,4579,0.0,2016-01-01,Pre
Molonglo District,Assault,2016,Q2,2,4579,0.4367765887748417,2016-04-01,Pre
Molonglo District,Assault,2016,Q3,1,4579,0.21838829438742086,2016-07-01,Pre
Molonglo District,Assault,2016,Q4,0,4579,0.0,2016-10-01,Pre
Molonglo District,Assault,2017,Q1,0,5789,0.0,2017-01-01,Pre
Molonglo District,Assault,2017,Q2,2,5789,0.3454828122300916,2017-04-01,Pre
Molonglo District,Assault,2017,Q3,1,5789,0.1727414061150458,2017-07-01,Pre
Molonglo District,Assault,2017,Q4,5,5789,0.8637070305752289,2017-10-01,Pre
Molonglo District,Assault,2018,Q1,0,6591,0.0,2018-01-01,Pre
Molonglo District,Assault,2018,Q2,1,6591,0.15172204521316948,2018-04-01,Pre
Molonglo District,Assault,2018,Q3,0,6591,0.0,2018-07-01,Pre
Molonglo District,Assault,2018,Q4,0,6591,0.0,2018-10-01,Pre
Molonglo District,Assault,2019,Q1,2,7233,0.27651043826904464,2019-01-01,Pre
Molonglo District,Assault,2019,Q2,2,7233,0.27651043826904464,2019-04-01,Pre
Molonglo District,Assault,2019,Q3,1,7233,0.13825521913452232,2019-07-01,Pre
Molonglo District,Assault,2019,Q4,2,7233,0.27651043826904464,2019-10-01,Pre
Molonglo District,Assault,2020,Q1,3,7925,0.37854889589905366,2020-01-01,Pre
Molonglo District,Assault,2020,Q2,0,7925,0.0,2020-04-01,During
Molonglo District,Assault,2020,Q3,6,7925,0.7570977917981073,2020-07-01,During
Molonglo District,Assault,2020,Q4,2,7925,0.25236593059936907,2020-10-01,During
Molonglo District,Assault,2021,Q1,5,8643,0.5785028346638899,2021-01-01,During
Molonglo District,Assault,2021,Q2,2,8643,0.2314011338655559,2021-04-01,During
Molonglo District,Assault,2021,Q3,3,8643,0.3471017007983339,2021-07-01,During
Molonglo District,Assault,2021,Q4,1,8643,0.11570056693277796,2021-10-01,Post
Molonglo District,Assault,2022,Q1,0,9155,0.0,2022-01-01,Post
Molonglo District,Assault,2022,Q2,0,9155,0.0,2022-04-01,Post
Molonglo District,Assault,2022,Q3,3,9155,0.3276897870016385,2022-07-01,Post
Molonglo District,Assault,2022,Q4,2,9155,0.21845985800109233,2022-10-01,Post
Molonglo District,Assault,2023,Q1,2,9780,0.20449897750511248,2023-01-01,Post
Molonglo District,Assault,2023,Q2,1,9780,0.10224948875255624,2023-04-01,Post
Molonglo District,Assault,2023,Q3,4,9780,0.40899795501022496,2023-07-01,Post
Molonglo District,Assault,2023,Q4,6,9780,0.6134969325153374,2023-10-01,Post
Molonglo District,Assault,2024,Q1,2,10337,0.19347973299796847,2024-01-01,Post
Molonglo District,Assault,2024,Q2,2,10337,0.19347973299796847,2024-04-01,Post
Molonglo District,Assault,2024,Q3,5,10337,0.48369933249492114,2024-07-01,Post
Molonglo District,Assault,2024,Q4,1,10337,0.09673986649898424,2024-10-01,Post
Molonglo District,Assault,2025,Q1,1,10916,0.09160864785635764,2025-01-01,Post
Molonglo District,Assault,2025,Q2,3,10916,0.2748259435690729,2025-04-01,Post
Molonglo District,Burglary,2014,Q1,2,1065,1.8779342723004695,2014-01-01,Pre
Molonglo District,Burglary,2014,Q2,2,1065,1.8779342723004695,2014-04-01,Pre
Molonglo District,Burglary,2014,Q3,2,1065,1.8779342723004695,2014-07-01,Pre
Molonglo District,Burglary,2014,Q4,4,1065,3.755868544600939,2014-10-01,Pre
Molonglo District,Burglary,2015,Q1,5,3098,1.6139444803098775,2015-01-01,Pre
Molonglo District,Burglary,2015,Q2,8,3098,2.5823111684958038,2015-04-01,Pre
Molonglo District,Burglary,2015,Q3,7,3098,2.2595222724338284,2015-07-01,Pre
Molonglo District,Burglary,2015,Q4,10,3098,3.227888960619755,2015-10-01,Pre
Molonglo District,Burglary,2016,Q1,22,4579,4.804542476523259,2016-01-01,Pre
Molonglo District,Burglary,2016,Q2,21,4579,4.586154182135838,2016-04-01,Pre
Molonglo District,Burglary,2016,Q3,22,4579,4.804542476523259,2016-07-01,Pre
Molonglo District,Burglary,2016,Q4,6,4579,1.310329766324525,2016-10-01,Pre
Molonglo District,Burglary,2017,Q1,7,5789,1.2091898428053205,2017-01-01,Pre
Molonglo District,Burglary,2017,Q2,20,5789,3.4548281223009156,2017-04-01,Pre
Molonglo District,Burglary,2017,Q3,20,5789,3.4548281223009156,2017-07-01,Pre
Molonglo District,Burglary,2017,Q4,14,5789,2.418379685610641,2017-10-01,Pre
Molonglo District,Burglary,2018,Q1,7,6591,1.0620543164921863,2018-01-01,Pre
Molonglo District,Burglary,2018,Q2,8,6591,1.2137763617053559,2018-04-01,Pre
Molonglo District,Burglary,2018,Q3,7,6591,1.0620543164921863,2018-07-01,Pre
Molonglo District,Burglary,2018,Q4,2,6591,0.30344409042633896,2018-10-01,Pre
Molonglo District,Burglary,2019,Q1,9,7233,1.2442969722107011,2019-01-01,Pre
Molonglo District,Burglary,2019,Q2,12,7233,1.659062629614268,2019-04-01,Pre
Molonglo District,Burglary,2019,Q3,6,7233,0.829531314807134,2019-07-01,Pre
Molonglo District,Burglary,2019,Q4,27,7233,3.732890916632103,2019-10-01,Pre
Molonglo District,Burglary,2020,Q1,22,7925,2.77602523659306,2020-01-01,Pre
Molonglo District,Burglary,2020,Q2,9,7925,1.135646687697161,2020-04-01,During
Molonglo District,Burglary,2020,Q3,12,7925,1.5141955835962146,2020-07-01,During
Molonglo District,Burglary,2020,Q4,12,7925,1.5141955835962146,2020-10-01,During
Molonglo District,Burglary,2021,Q1,8,8643,0.9256045354622237,2021-01-01,During
Molonglo District,Burglary,2021,Q2,4,8643,0.4628022677311118,2021-04-01,During
Molonglo District,Burglary,2021,Q3,4,8643,0.4628022677311118,2021-07-01,During
Molonglo District,Burglary,2021,Q4,5,8643,0.5785028346638899,2021-10-01,Post
Molonglo District,Burglary,2022,Q1,8,9155,0.8738394320043693,2022-01-01,Post
Molonglo District,Burglary,2022,Q2,6,9155,0.655379574003277,2022-04-01,Post
Molonglo District,Burglary,2022,Q3,5,9155,0.5461496450027308,2022-07-01,Post
Molonglo District,Burglary,2022,Q4,7,9155,0.7646095030038231,2022-10-01,Post
Molonglo District,Burglary,2023,Q1,5,9780,0.5112474437627812,2023-01-01,Post
Molonglo District,Burglary,2023,Q2,8,9780,0.8179959100204499,2023-04-01,Post
Molonglo District,Burglary,2023,Q3,3,9780,0.3067484662576687,2023-07-01,Post
Molonglo District,Burglary,2023,Q4,10,9780,1.0224948875255624,2023-10-01,Post
Molonglo District,Burglary,2024,Q1,16,10337,1.5478378639837478,2024-01-01,Post
Molonglo District,Burglary,2024,Q2,6,10337,0.5804391989939054,2024-04-01,Post
Molonglo District,Burglary,2024,Q3,3,10337,0.2902195994969527,2024-07-01,Post
Molonglo District,Burglary,2024,Q4,12,10337,1.1608783979878108,2024-10-01,Post
Molonglo District,Burglary,2025,Q1,7,10916,0.6412605349945034,2025-01-01,Post
Molonglo District,Burglary,2025,Q2,5,10916,0.4580432392817882,2025-04-01,Post
Molonglo District,CINs,2014,Q1,0,1065,0.0,2014-01-01,Pre
Molonglo District,CINs,2014,Q2,0,1065,0.0,2014-04-01,Pre
Molonglo District,CINs,2014,Q3,0,1065,0.0,2014-07-01,Pre
Molonglo District,CINs,2014,Q4,0,1065,0.0,2014-10-01,Pre
Molonglo District,CINs,2015,Q1,0,3098,0.0,2015-01-01,Pre
Molonglo District,CINs,2015,Q2,0,3098,0.0,2015-04-01,Pre
Molonglo District,CINs,2015,Q3,0,3098,0.0,2015-07-01,Pre
Molonglo District,CINs,2015,Q4,0,3098,0.0,2015-10-01,Pre
Molonglo District,CINs,2016,Q1,0,4579,0.0,2016-01-01,Pre
Molonglo District,CINs,2016,Q2,0,4579,0.0,2016-04-01,Pre
Molonglo District,CINs,2016,Q3,0,4579,0.0,2016-07-01,Pre
Molonglo District,CINs,2016,Q4,0,4579,0.0,2016-10-01,Pre
Molonglo District,CINs,2017,Q1,0,5789,0.0,2017-01-01,Pre
Molonglo District,CINs,2017,Q2,0,5789,0.0,2017-04-01,Pre
Molonglo District,CINs,2017,Q3,0,5789,0.0,2017-07-01,Pre
Molonglo District,CINs,2017,Q4,0,5789,0.0,2017-10-01,Pre
Molonglo District,CINs,2018,Q1,0,6591,0.0,2018-01-01,Pre
Molonglo District,CINs,2018,Q2,0,6591,0.0,2018-04-01,Pre
Molonglo District,CINs,2018,Q3,0,6591,0.0,2018-07-01,Pre
Molonglo District,CINs,2018,Q4,0,6591,0.0,2018-10-01,Pre
Molonglo District,CINs,2019,Q1,0,7233,0.0,2019-01-01,Pre
Molonglo District,CINs,2019,Q2,0,7233,0.0,2019-04-01,Pre
Molonglo District,CINs,2019,Q3,0,7233,0.0,2019-07-01,Pre
Molonglo District,CINs,2019,Q4,0,7233,0.0,2019-10-01,Pre
Molonglo District,CINs,2020,Q1,0,7925,0.0,2020-01-01,Pre
Molonglo District,CINs,2020,Q2,0,7925,0.0,2020-04-01,During
Molonglo District,CINs,2020,Q3,0,7925,0.0,2020-07-01,During
Molonglo District,CINs,2020,Q4,0,7925,0.0,2020-10-01,During
Molonglo District,CINs,2021,Q1,0,8643,0.0,2021-01-01,During
Molonglo District,CINs,2021,Q2,0,8643,0.0,2021-04-01,During
Molonglo District,CINs,2021,Q3,1,8643,0.11570056693277796,2021-07-01,During
Molonglo District,CINs,2021,Q4,0,8643,0.0,2021-10-01,Post
Molonglo District,CINs,2022,Q1,0,9155,0.0,2022-01-01,Post
Molonglo District,CINs,2022,Q2,0,9155,0.0,2022-04-01,Post
Molonglo District,CINs,2022,Q3,0,9155,0.0,2022-07-01,Post
Molonglo District,CINs,2022,Q4,0,9155,0.0,2022-10-01,Post
Molonglo District,CINs,2023,Q1,0,9780,0.0,2023-01-01,Post
Molonglo District,CINs,2023,Q2,0,9780,0.0,2023-04-01,Post
Molonglo District,CINs,2023,Q3,0,9780,0.0,2023-07-01,Post
Molonglo District,CINs,2023,Q4,0,9780,0.0,2023-10-01,Post
Molonglo District,CINs,2024,Q1,0,10337,0.0,2024-01-01,Post
Molonglo District,CINs,2024,Q2,0,10337,0.0,2024-04-01,Post
Molonglo District,CINs,2024,Q3,0,10337,0.0,2024-07-01,Post
Molonglo District,CINs,2024,Q4,0,10337,0.0,2024-10-01,Post
Molonglo District,CINs,2025,Q1,0,10916,0.0,2025-01-01,Post
Molonglo District,CINs,2025,Q2,0,10916,0.0,2025-04-01,Post
Molonglo District,Family Violence,2014,Q1,0,1065,0.0,2014-01-01,Pre
Molonglo District,Family Violence,2014,Q2,0,1065,0.0,2014-04-01,Pre
Molonglo District,Family Violence,2014,Q3,0,1065,0.0,2014-07-01,Pre
Molonglo District,Family Violence,2014,Q4,0,1065,0.0,2014-10-01,Pre
Molonglo District,Family Violence,2015,Q1,0,3098,0.0,2015-01-01,Pre
Molonglo District,Family Violence,2015,Q2,0,3098,0.0,2015-04-01,Pre
Molonglo District,Family Violence,2015,Q3,1,3098,0.32278889606197547,2015-07-01,Pre
Molonglo District,Family Violence,2015,Q4,0,3098,0.0,2015-10-01,Pre
Molonglo District,Family Violence,2016,Q1,1,4579,0.21838829438742086,2016-01-01,Pre
Molonglo District,Family Violence,2016,Q2,1,4579,0.21838829438742086,2016-04-01,Pre
Molonglo District,Family Violence,2016,Q3,6,4579,1.310329766324525,2016-07-01,Pre
Molonglo District,Family Violence,2016,Q4,3,4579,0.6551648831622625,2016-10-01,Pre
Molonglo District,Family Violence,2017,Q1,4,5789,0.6909656244601832,2017-01-01,Pre
Molonglo District,Family Violence,2017,Q2,6,5789,1.0364484366902746,2017-04-01,Pre
Molonglo District,Family Violence,2017,Q3,1,5789,0.1727414061150458,2017-07-01,Pre
Molonglo District,Family Violence,2017,Q4,9,5789,1.554672655035412,2017-10-01,Pre
Molonglo District,Family Violence,2018,Q1,1,6591,0.15172204521316948,2018-01-01,Pre
Molonglo District,Family Violence,2018,Q2,5,6591,0.7586102260658474,2018-04-01,Pre
Molonglo District,Family Violence,2018,Q3,1,6591,0.15172204521316948,2018-07-01,Pre
Molonglo District,Family Violence,2018,Q4,0,6591,0.0,2018-10-01,Pre
Molonglo District,Family Violence,2019,Q1,7,7233,0.9677865339416564,2019-01-01,Pre
Molonglo District,Family Violence,2019,Q2,7,7233,0.9677865339416564,2019-04-01,Pre
Molonglo District,Family Violence,2019,Q3,8,7233,1.1060417530761786,2019-07-01,Pre
Molonglo District,Family Violence,2019,Q4,4,7233,0.5530208765380893,2019-10-01,Pre
Molonglo District,Family Violence,2020,Q1,8,7925,1.0094637223974763,2020-01-01,Pre
Molonglo District,Family Violence,2020,Q2,2,7925,0.25236593059936907,2020-04-01,During
Molonglo District,Family Violence,2020,Q3,2,7925,0.25236593059936907,2020-07-01,During
Molonglo District,Family Violence,2020,Q4,6,7925,0.7570977917981073,2020-10-01,During
Molonglo District,Family Violence,2021,Q1,13,8643,1.5041073701261134,2021-01-01,During
Molonglo District,Family Violence,2021,Q2,8,8643,0.9256045354622237,2021-04-01,During
Molonglo District,Family Violence,2021,Q3,4,8643,0.4628022677311118,2021-07-01,During
Molonglo District,Family Violence,2021,Q4,5,8643,0.5785028346638899,2021-10-01,Post
Molonglo District,Family Violence,2022,Q1,8,9155,0.8738394320043693,2022-01-01,Post
Molonglo District,Family Violence,2022,Q2,2,9155,0.21845985800109233,2022-04-01,Post
Molonglo District,Family Violence,2022,Q3,4,9155,0.43691971600218465,2022-07-01,Post
Molonglo District,Family Violence,2022,Q4,3,9155,0.3276897870016385,2022-10-01,Post
Molonglo District,Family Violence,2023,Q1,5,9780,0.5112474437627812,2023-01-01,Post
Molonglo District,Family Violence,2023,Q2,7,9780,0.7157464212678937,2023-04-01,Post
Molonglo District,Family Violence,2023,Q3,14,9780,1.4314928425357873,2023-07-01,Post
Molonglo District,Family Violence,2023,Q4,10,9780,1.0224948875255624,2023-10-01,Post
Molonglo District,Family Violence,2024,Q1,9,10337,0.8706587984908581,2024-01-01,Post
Molonglo District,Family Violence,2024,Q2,4,10337,0.38695946599593695,2024-04-01,Post
Molonglo District,Family Violence,2024,Q3,3,10337,0.2902195994969527,2024-07-01,Post
Molonglo District,Family Violence,2024,Q4,7,10337,0.6771790654928896,2024-10-01,Post
Molonglo District,Family Violence,2025,Q1,5,10916,0.4580432392817882,2025-01-01,Post
Molonglo District,Family Violence,2025,Q2,5,10916,0.4580432392817882,2025-04-01,Post
Molonglo District,Homicide,2014,Q1,0,1065,0.0,2014-01-01,Pre
Molonglo District,Homicide,2014,Q2,0,1065,0.0,2014-04-01,Pre
Molonglo District,Homicide,2014,Q3,0,1065,0.0,2014-07-01,Pre
Molonglo District,Homicide,2014,Q4,0,1065,0.0,2014-10-01,Pre
Molonglo District,Homicide,2015,Q1,0,3098,0.0,2015-01-01,Pre
Molonglo District,Homicide,2015,Q2,0,3098,0.0,2015-04-01,Pre
Molonglo District,Homicide,2015,Q3,0,3098,0.0,2015-07-01,Pre
Molonglo District,Homicide,2015,Q4,0,3098,0.0,2015-10-01,Pre
Molonglo District,Homicide,2016,Q1,0,4579,0.0,2016-01-01,Pre
Molonglo District,Homicide,2016,Q2,0,4579,0.0,2016-04-01,Pre
Molonglo District,Homicide,2016,Q3,0,4579,0.0,2016-07-01,Pre
Molonglo District,Homicide,2016,Q4,0,4579,0.0,2016-10-01,Pre
Molonglo District,Homicide,2017,Q1,0,5789,0.0,2017-01-01,Pre
Molonglo District,Homicide,2017,Q2,0,5789,0.0,2017-04-01,Pre
Molonglo District,Homicide,2017,Q3,0,5789,0.0,2017-07-01,Pre
Molonglo District,Homicide,2017,Q4,0,5789,0.0,2017-10-01,Pre
Molonglo District,Homicide,2018,Q1,0,6591,0.0,2018-01-01,Pre
Molonglo District,Homicide,2018,Q2,0,6591,0.0,2018-04-01,Pre
Molonglo District,Homicide,2018,Q3,0,6591,0.0,2018-07-01,Pre
Molonglo District,Homicide,2018,Q4,0,6591,0.0,2018-10-01,Pre
Molonglo District,Homicide,2019,Q1,0,7233,0.0,2019-01-01,Pre
Molonglo District,Homicide,2019,Q2,0,7233,0.0,2019-04-01,Pre
Molonglo District,Homicide,2019,Q3,0,7233,0.0,2019-07-01,Pre
Molonglo District,Homicide,2019,Q4,0,7233,0.0,2019-10-01,Pre
Molonglo District,Homicide,2020,Q1,0,7925,0.0,2020-01-01,Pre
Molonglo District,Homicide,2020,Q2,0,7925,0.0,2020-04-01,During
Molonglo District,Homicide,2020,Q3,0,7925,0.0,2020-07-01,During
Molonglo District,Homicide,2020,Q4,0,7925,0.0,2020-10-01,During
Molonglo District,Homicide,2021,Q1,0,8643,0.0,2021-01-01,During
Molonglo District,Homicide,2021,Q2,0,8643,0.0,2021-04-01,During
Molonglo District,Homicide,2021,Q3,0,8643,0.0,2021-07-01,During
Molonglo District,Homicide,2021,Q4,0,8643,0.0,2021-10-01,Post
Molonglo District,Homicide,2022,Q1,0,9155,0.0,2022-01-01,Post
Molonglo District,Homicide,2022,Q2,0,9155,0.0,2022-04-01,Post
Molonglo District,Homicide,2022,Q3,0,9155,0.0,2022-07-01,Post
Molonglo District,Homicide,2022,Q4,0,9155,0.0,2022-10-01,Post
Molonglo District,Homicide,2023,Q1,0,9780,0.0,2023-01-01,Post
Molonglo District,Homicide,2023,Q2,0,9780,0.0,2023-04-01,Post
Molonglo District,Homicide,2023,Q3,0,9780,0.0,2023-07-01,Post
Molonglo District,Homicide,2023,Q4,0,9780,0.0,2023-10-01,Post
Molonglo District,Homicide,2024,Q1,0,10337,0.0,2024-01-01,Post
Molonglo District,Homicide,2024,Q2,0,10337,0.0,2024-04-01,Post
Molonglo District,Homicide,2024,Q3,0,10337,0.0,2024-07-01,Post
Molonglo District,Homicide,2024,Q4,0,10337,0.0,2024-10-01,Post
Molonglo District,Homicide,2025,Q1,0,10916,0.0,2025-01-01,Post
Molonglo District,Homicide,2025,Q2,0,10916,0.0,2025-04-01,Post
Molonglo District,Other,2014,Q1,1,1065,0.9389671361502347,2014-01-01,Pre
Molonglo District,Other,2014,Q2,4,1065,3.755868544600939,2014-04-01,Pre
Molonglo District,Other,2014,Q3,3,1065,2.8169014084507045,2014-07-01,Pre
Molonglo District,Other,2014,Q4,2,1065,1.8779342723004695,2014-10-01,Pre
Molonglo District,Other,2015,Q1,6,3098,1.9367333763718528,2015-01-01,Pre
Molonglo District,Other,2015,Q2,9,3098,2.905100064557779,2015-04-01,Pre
Molonglo District,Other,2015,Q3,4,3098,1.2911555842479019,2015-07-01,Pre
Molonglo District,Other,2015,Q4,9,3098,2.905100064557779,2015-10-01,Pre
Molonglo District,Other,2016,Q1,9,4579,1.9654946494867875,2016-01-01,Pre
Molonglo District,Other,2016,Q2,20,4579,4.367765887748417,2016-04-01,Pre
Molonglo District,Other,2016,Q3,14,4579,3.057436121423892,2016-07-01,Pre
Molonglo District,Other,2016,Q4,8,4579,1.7471063550993668,2016-10-01,Pre
Molonglo District,Other,2017,Q1,29,5789,5.009500777336328,2017-01-01,Pre
Molonglo District,Other,2017,Q2,10,5789,1.7274140611504578,2017-04-01,Pre
Molonglo District,Other,2017,Q3,46,5789,7.946104681292106,2017-07-01,Pre
Molonglo District,Other,2017,Q4,37,5789,6.391432026256694,2017-10-01,Pre
Molonglo District,Other,2018,Q1,17,6591,2.579274768623881,2018-01-01,Pre
Molonglo District,Other,2018,Q2,35,6591,5.310271582460931,2018-04-01,Pre
Molonglo District,Other,2018,Q3,25,6591,3.793051130329237,2018-07-01,Pre
Molonglo District,Other,2018,Q4,28,6591,4.248217265968745,2018-10-01,Pre
Molonglo District,Other,2019,Q1,13,7233,1.7973178487487904,2019-01-01,Pre
Molonglo District,Other,2019,Q2,17,7233,2.3503387252868797,2019-04-01,Pre
Molonglo District,Other,2019,Q3,28,7233,3.8711461357666255,2019-07-01,Pre
Molonglo District,Other,2019,Q4,27,7233,3.732890916632103,2019-10-01,Pre
Molonglo District,Other,2020,Q1,20,7925,2.5236593059936907,2020-01-01,Pre
Molonglo District,Other,2020,Q2,22,7925,2.77602523659306,2020-04-01,During
Molonglo District,Other,2020,Q3,16,7925,2.0189274447949526,2020-07-01,During
Molonglo District,Other,2020,Q4,24,7925,3.0283911671924293,2020-10-01,During
Molonglo District,Other,2021,Q1,25,8643,2.892514173319449,2021-01-01,During
Molonglo District,Other,2021,Q2,20,8643,2.3140113386555594,2021-04-01,During
Molonglo District,Other,2021,Q3,22,8643,2.5454124725211154,2021-07-01,During
Molonglo District,Other,2021,Q4,24,8643,2.7768136063866713,2021-10-01,Post
Molonglo District,Other,2022,Q1,36,9155,3.9322774440196615,2022-01-01,Post
Molonglo District,Other,2022,Q2,20,9155,2.184598580010923,2022-04-01,Post
Molonglo District,Other,2022,Q3,20,9155,2.184598580010923,2022-07-01,Post
Molonglo District,Other,2022,Q4,26,9155,2.8399781540142,2022-10-01,Post
Molonglo District,Other,2023,Q1,20,9780,2.044989775051125,2023-01-01,Post
Molonglo District,Other,2023,Q2,22,9780,2.2494887525562373,2023-04-01,Post
Molonglo District,Other,2023,Q3,23,9780,2.3517382413087935,2023-07-01,Post
Molonglo District,Other,2023,Q4,28,9780,2.8629856850715747,2023-10-01,Post
Molonglo District,Other,2024,Q1,20,10337,1.9347973299796846,2024-01-01,Post
Molonglo District,Other,2024,Q2,14,10337,1.3543581309857793,2024-04-01,Post
Molonglo District,Other,2024,Q3,25,10337,2.418496662474606,2024-07-01,Post
Molonglo District,Other,2024,Q4,42,10337,4.063074392957338,2024-10-01,Post
Molonglo District,Other,2025,Q1,33,10916,3.023085379259802,2025-01-01,Post
Molonglo District,Other,2025,Q2,23,10916,2.1069989006962255,2025-04-01,Post
Molonglo District,Property Damage,2014,Q1,2,1065,1.8779342723004695,2014-01-01,Pre
Molonglo District,Property Damage,2014,Q2,0,1065,0.0,2014-04-01,Pre
Molonglo District,Property Damage,2014,Q3,3,1065,2.8169014084507045,2014-07-01,Pre
Molonglo District,Property Damage,2014,Q4,3,1065,2.8169014084507045,2014-10-01,Pre
Molonglo District,Property Damage,2015,Q1,5,3098,1.6139444803098775,2015-01-01,Pre
Molonglo District,Property Damage,2015,Q2,5,3098,1.6139444803098775,2015-04-01,Pre
Molonglo District,Property Damage,2015,Q3,23,3098,7.424144609425436,2015-07-01,Pre
Molonglo District,Property Damage,2015,Q4,8,3098,2.5823111684958038,2015-10-01,Pre
Molonglo District,Property Damage,2016,Q1,11,4579,2.4022712382616294,2016-01-01,Pre
Molonglo District,Property Damage,2016,Q2,15,4579,3.2758244158113126,2016-04-01,Pre
Molonglo District,Property Damage,2016,Q3,27,4579,5.896483948460363,2016-07-01,Pre
Molonglo District,Property Damage,2016,Q4,10,4579,2.1838829438742087,2016-10-01,Pre
Molonglo District,Property Damage,2017,Q1,24,5789,4.145793746761099,2017-01-01,Pre
Molonglo District,Property Damage,2017,Q2,14,5789,2.418379685610641,2017-04-01,Pre
Molonglo District,Property Damage,2017,Q3,32,5789,5.527724995681465,2017-07-01,Pre
Molonglo District,Property Damage,2017,Q4,15,5789,2.591121091725687,2017-10-01,Pre
Molonglo District,Property Damage,2018,Q1,8,6591,1.2137763617053559,2018-01-01,Pre
Molonglo District,Property Damage,2018,Q2,10,6591,1.5172204521316948,2018-04-01,Pre
Molonglo District,Property Damage,2018,Q3,19,6591,2.88271885905022,2018-07-01,Pre
Molonglo District,Property Damage,2018,Q4,15,6591,2.275830678197542,2018-10-01,Pre
Molonglo District,Property Damage,2019,Q1,13,7233,1.7973178487487904,2019-01-01,Pre
Molonglo District,Property Damage,2019,Q2,33,7233,4.562422231439237,2019-04-01,Pre
Molonglo District,Property Damage,2019,Q3,15,7233,2.073828287017835,2019-07-01,Pre
Molonglo District,Property Damage,2019,Q4,23,7233,3.1798700400940136,2019-10-01,Pre
Molonglo District,Property Damage,2020,Q1,22,7925,2.77602523659306,2020-01-01,Pre
Molonglo District,Property Damage,2020,Q2,10,7925,1.2618296529968454,2020-04-01,During
Molonglo District,Property Damage,2020,Q3,18,7925,2.271293375394322,2020-07-01,During
Molonglo District,Property Damage,2020,Q4,17,7925,2.145110410094637,2020-10-01,During
Molonglo District,Property Damage,2021,Q1,25,8643,2.892514173319449,2021-01-01,During
Molonglo District,Property Damage,2021,Q2,25,8643,2.892514173319449,2021-04-01,During
Molonglo District,Property Damage,2021,Q3,12,8643,1.3884068031933356,2021-07-01,During
Molonglo District,Property Damage,2021,Q4,10,8643,1.1570056693277797,2021-10-01,Post
Molonglo District,Property Damage,2022,Q1,12,9155,1.310759148006554,2022-01-01,Post
Molonglo District,Property Damage,2022,Q2,11,9155,1.2015292190060076,2022-04-01,Post
Molonglo District,Property Damage,2022,Q3,8,9155,0.8738394320043693,2022-07-01,Post
Molonglo District,Property Damage,2022,Q4,6,9155,0.655379574003277,2022-10-01,Post
Molonglo District,Property Damage,2023,Q1,7,9780,0.7157464212678937,2023-01-01,Post
Molonglo District,Property Damage,2023,Q2,12,9780,1.2269938650306749,2023-04-01,Post
Molonglo District,Property Damage,2023,Q3,14,9780,1.4314928425357873,2023-07-01,Post
Molonglo District,Property Damage,2023,Q4,23,9780,2.3517382413087935,2023-10-01,Post
Molonglo District,Property Damage,2024,Q1,11,10337,1.0641385314888265,2024-01-01,Post
Molonglo District,Property Damage,2024,Q2,15,10337,1.4510979974847635,2024-04-01,Post
Molonglo District,Property Damage,2024,Q3,9,10337,0.8706587984908581,2024-07-01,Post
Molonglo District,Property Damage,2024,Q4,13,10337,1.257618264486795,2024-10-01,Post
Molonglo District,Property Damage,2025,Q1,10,10916,0.9160864785635764,2025-01-01,Post
Molonglo District,Property Damage,2025,Q2,5,10916,0.4580432392817882,2025-04-01,Post
Molonglo District,Robbery,2014,Q1,0,1065,0.0,2014-01-01,Pre
Molonglo District,Robbery,2014,Q2,0,1065,0.0,2014-04-01,Pre
Molonglo District,Robbery,2014,Q3,0,1065,0.0,2014-07-01,Pre
Molonglo District,Robbery,2014,Q4,0,1065,0.0,2014-10-01,Pre
Molonglo District,Robbery,2015,Q1,0,3098,0.0,2015-01-01,Pre
Molonglo District,Robbery,2015,Q2,0,3098,0.0,2015-04-01,Pre
Molonglo District,Robbery,2015,Q3,0,3098,0.0,2015-07-01,Pre
Molonglo District,Robbery,2015,Q4,0,3098,0.0,2015-10-01,Pre
Molonglo District,Robbery,2016,Q1,0,4579,0.0,2016-01-01,Pre
Molonglo District,Robbery,2016,Q2,0,4579,0.0,2016-04-01,Pre
Molonglo District,Robbery,2016,Q3,0,4579,0.0,2016-07-01,Pre
Molonglo District,Robbery,2016,Q4,0,4579,0.0,2016-10-01,Pre
Molonglo District,Robbery,2017,Q1,0,5789,0.0,2017-01-01,Pre
Molonglo District,Robbery,2017,Q2,0,5789,0.0,2017-04-01,Pre
Molonglo District,Robbery,2017,Q3,0,5789,0.0,2017-07-01,Pre
Molonglo District,Robbery,2017,Q4,0,5789,0.0,2017-10-01,Pre
Molonglo District,Robbery,2018,Q1,1,6591,0.15172204521316948,2018-01-01,Pre
Molonglo District,Robbery,2018,Q2,0,6591,0.0,2018-04-01,Pre
Molonglo District,Robbery,2018,Q3,0,6591,0.0,2018-07-01,Pre
Molonglo District,Robbery,2018,Q4,0,6591,0.0,2018-10-01,Pre
Molonglo District,Robbery,2019,Q1,0,7233,0.0,2019-01-01,Pre
Molonglo District,Robbery,2019,Q2,0,7233,0.0,2019-04-01,Pre
Molonglo District,Robbery,2019,Q3,0,7233,0.0,2019-07-01,Pre
Molonglo District,Robbery,2019,Q4,0,7233,0.0,2019-10-01,Pre
Molonglo District,Robbery,2020,Q1,2,7925,0.25236593059936907,2020-01-01,Pre
Molonglo District,Robbery,2020,Q2,0,7925,0.0,2020-04-01,During
Molonglo District,Robbery,2020,Q3,1,7925,0.12618296529968454,2020-07-01,During
Molonglo District,Robbery,2020,Q4,0,7925,0.0,2020-10-01,During
Molonglo District,Robbery,2021,Q1,1,8643,0.11570056693277796,2021-01-01,During
Molonglo District,Robbery,2021,Q2,0,8643,0.0,2021-04-01,During
Molonglo District,Robbery,2021,Q3,0,8643,0.0,2021-07-01,During
Molonglo District,Robbery,2021,Q4,0,8643,0.0,2021-10-01,Post
Molonglo District,Robbery,2022,Q1,0,9155,0.0,2022-01-01,Post
Molonglo District,Robbery,2022,Q2,1,9155,0.10922992900054616,2022-04-01,Post
Molonglo District,Robbery,2022,Q3,0,9155,0.0,2022-07-01,Post
Molonglo District,Robbery,2022,Q4,0,9155,0.0,2022-10-01,Post
Molonglo District,Robbery,2023,Q1,0,9780,0.0,2023-01-01,Post
Molonglo District,Robbery,2023,Q2,1,9780,0.10224948875255624,2023-04-01,Post
Molonglo District,Robbery,2023,Q3,0,9780,0.0,2023-07-01,Post
Molonglo District,Robbery,2023,Q4,1,9780,0.10224948875255624,2023-10-01,Post
Molonglo District,Robbery,2024,Q1,0,10337,0.0,2024-01-01,Post
Molonglo District,Robbery,2024,Q2,0,10337,0.0,2024-04-01,Post
Molonglo District,Robbery,2024,Q3,0,10337,0.0,2024-07-01,Post
Molonglo District,Robbery,2024,Q4,0,10337,0.0,2024-10-01,Post
Molonglo District,Robbery,2025,Q1,0,10916,0.0,2025-01-01,Post
Molonglo District,Robbery,2025,Q2,0,10916,0.0,2025-04-01,Post
Molonglo District,Sexual Assault,2014,Q1,0,1065,0.0,2014-01-01,Pre
Molonglo District,Sexual Assault,2014,Q2,0,1065,0.0,2014-04-01,Pre
Molonglo District,Sexual Assault,2014,Q3,0,1065,0.0,2014-07-01,Pre
Molonglo District,Sexual Assault,2014,Q4,0,1065,0.0,2014-10-01,Pre
Molonglo District,Sexual Assault,2015,Q1,0,3098,0.0,2015-01-01,Pre
Molonglo District,Sexual Assault,2015,Q2,0,3098,0.0,2015-04-01,Pre
Molonglo District,Sexual Assault,2015,Q3,0,3098,0.0,2015-07-01,Pre
Molonglo District,Sexual Assault,2015,Q4,0,3098,0.0,2015-10-01,Pre
Molonglo District,Sexual Assault,2016,Q1,0,4579,0.0,2016-01-01,Pre
Molonglo District,Sexual Assault,2016,Q2,0,4579,0.0,2016-04-01,Pre
Molonglo District,Sexual Assault,2016,Q3,0,4579,0.0,2016-07-01,Pre
Molonglo District,Sexual Assault,2016,Q4,9,4579,1.9654946494867875,2016-10-01,Pre
Molonglo District,Sexual Assault,2017,Q1,0,5789,0.0,2017-01-01,Pre
Molonglo District,Sexual Assault,2017,Q2,0,5789,0.0,2017-04-01,Pre
Molonglo District,Sexual Assault,2017,Q3,1,5789,0.1727414061150458,2017-07-01,Pre
Molonglo District,Sexual Assault,2017,Q4,0,5789,0.0,2017-10-01,Pre
Molonglo District,Sexual Assault,2018,Q1,0,6591,0.0,2018-01-01,Pre
Molonglo District,Sexual Assault,2018,Q2,0,6591,0.0,2018-04-01,Pre
Molonglo District,Sexual Assault,2018,Q3,0,6591,0.0,2018-07-01,Pre
Molonglo District,Sexual Assault,2018,Q4,0,6591,0.0,2018-10-01,Pre
Molonglo District,Sexual Assault,2019,Q1,0,7233,0.0,2019-01-01,Pre
Molonglo District,Sexual Assault,2019,Q2,1,7233,0.13825521913452232,2019-04-01,Pre
Molonglo District,Sexual Assault,2019,Q3,4,7233,0.5530208765380893,2019-07-01,Pre
Molonglo District,Sexual Assault,2019,Q4,1,7233,0.13825521913452232,2019-10-01,Pre
Molonglo District,Sexual Assault,2020,Q1,0,7925,0.0,2020-01-01,Pre
Molonglo District,Sexual Assault,2020,Q2,0,7925,0.0,2020-04-01,During
Molonglo District,Sexual Assault,2020,Q3,3,7925,0.37854889589905366,2020-07-01,During
Molonglo District,Sexual Assault,2020,Q4,1,7925,0.12618296529968454,2020-10-01,During
Molonglo District,Sexual Assault,2021,Q1,1,8643,0.11570056693277796,2021-01-01,During
Molonglo District,Sexual Assault,2021,Q2,2,8643,0.2314011338655559,2021-04-01,During
Molonglo District,Sexual Assault,2021,Q3,2,8643,0.2314011338655559,2021-07-01,During
Molonglo District,Sexual Assault,2021,Q4,0,8643,0.0,2021-10-01,Post
Molonglo District,Sexual Assault,2022,Q1,3,9155,0.3276897870016385,2022-01-01,Post
Molonglo District,Sexual Assault,2022,Q2,3,9155,0.3276897870016385,2022-04-01,Post
Molonglo District,Sexual Assault,2022,Q3,0,9155,0.0,2022-07-01,Post
Molonglo District,Sexual Assault,2022,Q4,0,9155,0.0,2022-10-01,Post
Molonglo District,Sexual Assault,2023,Q1,2,9780,0.20449897750511248,2023-01-01,Post
Molonglo District,Sexual Assault,2023,Q2,1,9780,0.10224948875255624,2023-04-01,Post
Molonglo District,Sexual Assault,2023,Q3,0,9780,0.0,2023-07-01,Post
Molonglo District,Sexual Assault,2023,Q4,0,9780,0.0,2023-10-01,Post
Molonglo District,Sexual Assault,2024,Q1,0,10337,0.0,2024-01-01,Post
Molonglo District,Sexual Assault,2024,Q2,9,10337,0.8706587984908581,2024-04-01,Post
Molonglo District,Sexual Assault,2024,Q3,1,10337,0.09673986649898424,2024-07-01,Post
Molonglo District,Sexual Assault,2024,Q4,2,10337,0.19347973299796847,2024-10-01,Post
Molonglo District,Sexual Assault,2025,Q1,0,10916,0.0,2025-01-01,Post
Molonglo District,Sexual Assault,2025,Q2,0,10916,0.0,2025-04-01,Post
Molonglo District,TINs,2014,Q1,3,1065,2.8169014084507045,2014-01-01,Pre
Molonglo District,TINs,2014,Q2,4,1065,3.755868544600939,2014-04-01,Pre
Molonglo District,TINs,2014,Q3,5,1065,4.694835680751174,2014-07-01,Pre
Molonglo District,TINs,2014,Q4,3,1065,2.8169014084507045,2014-10-01,Pre
Molonglo District,TINs,2015,Q1,13,3098,4.196255648805681,2015-01-01,Pre
Molonglo District,TINs,2015,Q2,12,3098,3.8734667527437057,2015-04-01,Pre
Molonglo District,TINs,2015,Q3,47,3098,15.171078114912847,2015-07-01,Pre
Molonglo District,TINs,2015,Q4,25,3098,8.069722401549386,2015-10-01,Pre
Molonglo District,TINs,2016,Q1,13,4579,2.839047827036471,2016-01-01,Pre
Molonglo District,TINs,2016,Q2,15,4579,3.2758244158113126,2016-04-01,Pre
Molonglo District,TINs,2016,Q3,30,4579,6.551648831622625,2016-07-01,Pre
Molonglo District,TINs,2016,Q4,16,4579,3.4942127101987337,2016-10-01,Pre
Molonglo District,TINs,2017,Q1,25,5789,4.318535152876144,2017-01-01,Pre
Molonglo District,TINs,2017,Q2,20,5789,3.4548281223009156,2017-04-01,Pre
Molonglo District,TINs,2017,Q3,28,5789,4.836759371221282,2017-07-01,Pre
Molonglo District,TINs,2017,Q4,23,5789,3.973052340646053,2017-10-01,Pre
Molonglo District,TINs,2018,Q1,16,6591,2.4275527234107117,2018-01-01,Pre
Molonglo District,TINs,2018,Q2,23,6591,3.489607039902898,2018-04-01,Pre
Molonglo District,TINs,2018,Q3,23,6591,3.489607039902898,2018-07-01,Pre
Molonglo District,TINs,2018,Q4,14,6591,2.1241086329843726,2018-10-01,Pre
Molonglo District,TINs,2019,Q1,13,7233,1.7973178487487904,2019-01-01,Pre
Molonglo District,TINs,2019,Q2,18,7233,2.4885939444214022,2019-04-01,Pre
Molonglo District,TINs,2019,Q3,4,7233,0.5530208765380893,2019-07-01,Pre
Molonglo District,TINs,2019,Q4,10,7233,1.3825521913452234,2019-10-01,Pre
Molonglo District,TINs,2020,Q1,12,7925,1.5141955835962146,2020-01-01,Pre
Molonglo District,TINs,2020,Q2,11,7925,1.38801261829653,2020-04-01,During
Molonglo District,TINs,2020,Q3,8,7925,1.0094637223974763,2020-07-01,During
Molonglo District,TINs,2020,Q4,9,7925,1.135646687697161,2020-10-01,During
Molonglo District,TINs,2021,Q1,2,8643,0.2314011338655559,2021-01-01,During
Molonglo District,TINs,2021,Q2,9,8643,1.0413051023950017,2021-04-01,During
Molonglo District,TINs,2021,Q3,4,8643,0.4628022677311118,2021-07-01,During
Molonglo District,TINs,2021,Q4,13,8643,1.5041073701261134,2021-10-01,Post
Molonglo District,TINs,2022,Q1,2,9155,0.21845985800109233,2022-01-01,Post
Molonglo District,TINs,2022,Q2,3,9155,0.3276897870016385,2022-04-01,Post
Molonglo District,TINs,2022,Q3,6,9155,0.655379574003277,2022-07-01,Post
Molonglo District,TINs,2022,Q4,14,9155,1.5292190060076463,2022-10-01,Post
Molonglo District,TINs,2023,Q1,14,9780,1.4314928425357873,2023-01-01,Post
Molonglo District,TINs,2023,Q2,3,9780,0.3067484662576687,2023-04-01,Post
Molonglo District,TINs,2023,Q3,4,9780,0.40899795501022496,2023-07-01,Post
Molonglo District,TINs,2023,Q4,3,9780,0.3067484662576687,2023-10-01,Post
Molonglo District,TINs,2024,Q1,13,10337,1.257618264486795,2024-01-01,Post
Molonglo District,TINs,2024,Q2,7,10337,0.6771790654928896,2024-04-01,Post
Molonglo District,TINs,2024,Q3,16,10337,1.5478378639837478,2024-07-01,Post
Molonglo District,TINs,2024,Q4,22,10337,2.128277062977653,2024-10-01,Post
Molonglo District,TINs,2025,Q1,31,10916,2.8398680835470866,2025-01-01,Post
Molonglo District,TINs,2025,Q2,20,10916,1.8321729571271528,2025-04-01,Post
Molonglo District,Theft,2014,Q1,5,1065,4.694835680751174,2014-01-01,Pre
Molonglo District,Theft,2014,Q2,4,1065,3.755868544600939,2014-04-01,Pre
Molonglo District,Theft,2014,Q3,9,1065,8.450704225352114,2014-07-01,Pre
Molonglo District,Theft,2014,Q4,5,1065,4.694835680751174,2014-10-01,Pre
Molonglo District,Theft,2015,Q1,19,3098,6.132989025177534,2015-01-01,Pre
Molonglo District,Theft,2015,Q2,13,3098,4.196255648805681,2015-04-01,Pre
Molonglo District,Theft,2015,Q3,36,3098,11.620400258231117,2015-07-01,Pre
Molonglo District,Theft,2015,Q4,20,3098,6.45577792123951,2015-10-01,Pre
Molonglo District,Theft,2016,Q1,23,4579,5.02293077091068,2016-01-01,Pre
Molonglo District,Theft,2016,Q2,36,4579,7.86197859794715,2016-04-01,Pre
Molonglo District,Theft,2016,Q3,40,4579,8.735531775496835,2016-07-01,Pre
Molonglo District,Theft,2016,Q4,17,4579,3.7126010045861544,2016-10-01,Pre
Molonglo District,Theft,2017,Q1,36,5789,6.218690620141648,2017-01-01,Pre
Molonglo District,Theft,2017,Q2,57,5789,9.84626014855761,2017-04-01,Pre
Molonglo District,Theft,2017,Q3,81,5789,13.992053895318708,2017-07-01,Pre
Molonglo District,Theft,2017,Q4,60,5789,10.364484366902747,2017-10-01,Pre
Molonglo District,Theft,2018,Q1,27,6591,4.096495220755576,2018-01-01,Pre
Molonglo District,Theft,2018,Q2,48,6591,7.282658170232135,2018-04-01,Pre
Molonglo District,Theft,2018,Q3,29,6591,4.399939311181915,2018-07-01,Pre
Molonglo District,Theft,2018,Q4,23,6591,3.489607039902898,2018-10-01,Pre
Molonglo District,Theft,2019,Q1,26,7233,3.594635697497581,2019-01-01,Pre
Molonglo District,Theft,2019,Q2,49,7233,6.7745057375915945,2019-04-01,Pre
Molonglo District,Theft,2019,Q3,27,7233,3.732890916632103,2019-07-01,Pre
Molonglo District,Theft,2019,Q4,61,7233,8.433568367205863,2019-10-01,Pre
Molonglo District,Theft,2020,Q1,35,7925,4.416403785488959,2020-01-01,Pre
Molonglo District,Theft,2020,Q2,28,7925,3.5331230283911674,2020-04-01,During
Molonglo District,Theft,2020,Q3,41,7925,5.173501577287066,2020-07-01,During
Molonglo District,Theft,2020,Q4,57,7925,7.1924290220820195,2020-10-01,During
Molonglo District,Theft,2021,Q1,26,8643,3.008214740252227,2021-01-01,During
Molonglo District,Theft,2021,Q2,51,8643,5.900728913571676,2021-04-01,During
Molonglo District,Theft,2021,Q3,25,8643,2.892514173319449,2021-07-01,During
Molonglo District,Theft,2021,Q4,22,8643,2.5454124725211154,2021-10-01,Post
Molonglo District,Theft,2022,Q1,39,9155,4.2599672310213,2022-01-01,Post
Molonglo District,Theft,2022,Q2,49,9155,5.3522665210267615,2022-04-01,Post
Molonglo District,Theft,2022,Q3,26,9155,2.8399781540142,2022-07-01,Post
Molonglo District,Theft,2022,Q4,24,9155,2.621518296013108,2022-10-01,Post
Molonglo District,Theft,2023,Q1,19,9780,1.9427402862985685,2023-01-01,Post
Molonglo District,Theft,2023,Q2,27,9780,2.7607361963190185,2023-04-01,Post
Molonglo District,Theft,2023,Q3,25,9780,2.556237218813906,2023-07-01,Post
Molonglo District,Theft,2023,Q4,25,9780,2.556237218813906,2023-10-01,Post
Molonglo District,Theft,2024,Q1,44,10337,4.256554125955306,2024-01-01,Post
Molonglo District,Theft,2024,Q2,23,10337,2.2250169294766375,2024-04-01,Post
Molonglo District,Theft,2024,Q3,20,10337,1.9347973299796846,2024-07-01,Post
Molonglo District,Theft,2024,Q4,28,10337,2.7087162619715586,2024-10-01,Post
Molonglo District,Theft,2025,Q1,46,10916,4.213997801392451,2025-01-01,Post
Molonglo District,Theft,2025,Q2,34,10916,3.1146940271161596,2025-04-01,Post
Tuggeranong,All Crime,2014,Q1,1844,87163,21.155765634500877,2014-01-01,Pre
Tuggeranong,All Crime,2014,Q2,1844,87163,21.155765634500877,2014-04-01,Pre
Tuggeranong,All Crime,2014,Q3,2243,87163,25.73339605107672,2014-07-01,Pre
Tuggeranong,All Crime,2014,Q4,1914,87163,21.9588586900405,2014-10-01,Pre
Tuggeranong,All Crime,2015,Q1,1947,86340,22.550382209867962,2015-01-01,Pre
Tuggeranong,All Crime,2015,Q2,2144,86340,24.832059300440118,2015-04-01,Pre
Tuggeranong,All Crime,2015,Q3,2097,86340,24.287699791521888,2015-07-01,Pre
Tuggeranong,All Crime,2015,Q4,1984,86340,22.97892054667593,2015-10-01,Pre
Tuggeranong,All Crime,2016,Q1,1737,85890,20.22354173943416,2016-01-01,Pre
Tuggeranong,All Crime,2016,Q2,1884,85890,21.935033181976948,2016-04-01,Pre
Tuggeranong,All Crime,2016,Q3,2073,85890,24.13552217953196,2016-07-01,Pre
Tuggeranong,All Crime,2016,Q4,1842,85890,21.446035626964722,2016-10-01,Pre
Tuggeranong,All Crime,2017,Q1,2027,86305,23.486472394415152,2017-01-01,Pre
Tuggeranong,All Crime,2017,Q2,2207,86305,25.57209895139331,2017-04-01,Pre
Tuggeranong,All Crime,2017,Q3,2028,86305,23.49805920862059,2017-07-01,Pre
Tuggeranong,All Crime,2017,Q4,1691,86305,19.59330282138926,2017-10-01,Pre
Tuggeranong,All Crime,2018,Q1,1713,86846,19.72456992837897,2018-01-01,Pre
Tuggeranong,All Crime,2018,Q2,1749,86846,20.13909679202266,2018-04-01,Pre
Tuggeranong,All Crime,2018,Q3,1673,86846,19.26398452433042,2018-07-01,Pre
Tuggeranong,All Crime,2018,Q4,1590,86846,18.30826981092969,2018-10-01,Pre
Tuggeranong,All Crime,2019,Q1,1661,87450,18.9937106918239,2019-01-01,Pre
Tuggeranong,All Crime,2019,Q2,1549,87450,17.712978845054316,2019-04-01,Pre
Tuggeranong,All Crime,2019,Q3,1655,87450,18.925100057175527,2019-07-01,Pre
Tuggeranong,All Crime,2019,Q4,1797,87450,20.548885077186963,2019-10-01,Pre
Tuggeranong,All Crime,2020,Q1,1680,88274,19.03165144889775,2020-01-01,Pre
Tuggeranong,All Crime,2020,Q2,1636,88274,18.53320343475995,2020-04-01,During
Tuggeranong,All Crime,2020,Q3,1308,88274,14.81750005664182,2020-07-01,During
Tuggeranong,All Crime,2020,Q4,1421,88274,16.097605183859347,2020-10-01,During
Tuggeranong,All Crime,2021,Q1,1369,89004,15.381331176126915,2021-01-01,During
Tuggeranong,All Crime,2021,Q2,1300,89004,14.606085119769897,2021-04-01,During
Tuggeranong,All Crime,2021,Q3,1158,89004,13.010651206687339,2021-07-01,During
Tuggeranong,All Crime,2021,Q4,1189,89004,13.35895015954339,2021-10-01,Post
Tuggeranong,All Crime,2022,Q1,991,89541,11.067555644900102,2022-01-01,Post
Tuggeranong,All Crime,2022,Q2,1186,89541,13.245328955450576,2022-04-01,Post
Tuggeranong,All Crime,2022,Q3,1221,89541,13.636211344523739,2022-07-01,Post
Tuggeranong,All Crime,2022,Q4,1150,89541,12.843278498118181,2022-10-01,Post
Tuggeranong,All Crime,2023,Q1,1355,89957,15.06275220383072,2023-01-01,Post
Tuggeranong,All Crime,2023,Q2,1409,89957,15.66303900752582,2023-04-01,Post
Tuggeranong,All Crime,2023,Q3,1353,89957,15.040519359249421,2023-07-01,Post
Tuggeranong,All Crime,2023,Q4,1312,89957,14.584746045332771,2023-10-01,Post
Tuggeranong,All Crime,2024,Q1,1185,90057,13.15833305573137,2024-01-01,Post
Tuggeranong,All Crime,2024,Q2,1117,90057,12.403255715824422,2024-04-01,Post
Tuggeranong,All Crime,2024,Q3,1157,90057,12.847418856946156,2024-07-01,Post
Tuggeranong,All Crime,2024,Q4,1465,90057,16.26747504358351,2024-10-01,Post
Tuggeranong,All Crime,2025,Q1,1514,90149,16.794418129984802,2025-01-01,Post
Tuggeranong,All Crime,2025,Q2,1534,90149,17.01627305904669,2025-04-01,Post
Tuggeranong,Assault,2014,Q1,61,87163,0.6998382341130984,2014-01-01,Pre
Tuggeranong,Assault,2014,Q2,53,87163,0.608056170622856,2014-04-01,Pre
Tuggeranong,Assault,2014,Q3,41,87163,0.4703830753874924,2014-07-01,Pre
Tuggeranong,Assault,2014,Q4,50,87163,0.5736378968140151,2014-10-01,Pre
Tuggeranong,Assault,2015,Q1,37,86340,0.4285383368079685,2015-01-01,Pre
Tuggeranong,Assault,2015,Q2,49,86340,0.5675237433402825,2015-04-01,Pre
Tuggeranong,Assault,2015,Q3,67,86340,0.7760018531387537,2015-07-01,Pre
Tuggeranong,Assault,2015,Q4,70,86340,0.8107482047718323,2015-10-01,Pre
Tuggeranong,Assault,2016,Q1,56,85890,0.6519967400162999,2016-01-01,Pre
Tuggeranong,Assault,2016,Q2,34,85890,0.39585516358132494,2016-04-01,Pre
Tuggeranong,Assault,2016,Q3,86,85890,1.0012807078821748,2016-07-01,Pre
Tuggeranong,Assault,2016,Q4,78,85890,0.9081383164512749,2016-10-01,Pre
Tuggeranong,Assault,2017,Q1,79,86305,0.915358322229303,2017-01-01,Pre
Tuggeranong,Assault,2017,Q2,76,86305,0.8805978796130003,2017-04-01,Pre
Tuggeranong,Assault,2017,Q3,49,86305,0.5677538960662766,2017-07-01,Pre
Tuggeranong,Assault,2017,Q4,57,86305,0.6604484097097503,2017-10-01,Pre
Tuggeranong,Assault,2018,Q1,47,86846,0.5411878497570412,2018-01-01,Pre
Tuggeranong,Assault,2018,Q2,47,86846,0.5411878497570412,2018-04-01,Pre
Tuggeranong,Assault,2018,Q3,67,86846,0.771480551781314,2018-07-01,Pre
Tuggeranong,Assault,2018,Q4,77,86846,0.8866269027934505,2018-10-01,Pre
Tuggeranong,Assault,2019,Q1,76,87450,0.8690680388793596,2019-01-01,Pre
Tuggeranong,Assault,2019,Q2,66,87450,0.7547169811320754,2019-04-01,Pre
Tuggeranong,Assault,2019,Q3,53,87450,0.6060606060606061,2019-07-01,Pre
Tuggeranong,Assault,2019,Q4,69,87450,0.7890222984562607,2019-10-01,Pre
Tuggeranong,Assault,2020,Q1,71,88274,0.8043138409950835,2020-01-01,Pre
Tuggeranong,Assault,2020,Q2,60,88274,0.679701837460634,2020-04-01,During
Tuggeranong,Assault,2020,Q3,62,88274,0.7023585653759884,2020-07-01,During
Tuggeranong,Assault,2020,Q4,62,88274,0.7023585653759884,2020-10-01,During
Tuggeranong,Assault,2021,Q1,71,89004,0.797716956541279,2021-01-01,During
Tuggeranong,Assault,2021,Q2,51,89004,0.5730079546986652,2021-04-01,During
Tuggeranong,Assault,2021,Q3,44,89004,0.49435980405375035,2021-07-01,During
Tuggeranong,Assault,2021,Q4,38,89004,0.4269471035009662,2021-10-01,Post
Tuggeranong,Assault,2022,Q1,65,89541,0.7259244368501581,2022-01-01,Post
Tuggeranong,Assault,2022,Q2,55,89541,0.6142437542578261,2022-04-01,Post
Tuggeranong,Assault,2022,Q3,44,89541,0.49139500340626086,2022-07-01,Post
Tuggeranong,Assault,2022,Q4,66,89541,0.7370925051093913,2022-10-01,Post
Tuggeranong,Assault,2023,Q1,57,89957,0.6336360705670487,2023-01-01,Post
Tuggeranong,Assault,2023,Q2,61,89957,0.6781017597296487,2023-04-01,Post
Tuggeranong,Assault,2023,Q3,66,89957,0.7336838711828986,2023-07-01,Post
Tuggeranong,Assault,2023,Q4,54,89957,0.6002868036950988,2023-10-01,Post
Tuggeranong,Assault,2024,Q1,68,90057,0.7550773399069478,2024-01-01,Post
Tuggeranong,Assault,2024,Q2,69,90057,0.7661814184349911,2024-04-01,Post
Tuggeranong,Assault,2024,Q3,63,90057,0.699556947266731,2024-07-01,Post
Tuggeranong,Assault,2024,Q4,93,90057,1.0326793031080315,2024-10-01,Post
Tuggeranong,Assault,2025,Q1,68,90149,0.7543067588104139,2025-01-01,Post
Tuggeranong,Assault,2025,Q2,53,90149,0.5879155620139991,2025-04-01,Post
Tuggeranong,Burglary,2014,Q1,117,87163,1.3423126785447954,2014-01-01,Pre
Tuggeranong,Burglary,2014,Q2,122,87163,1.3996764682261968,2014-04-01,Pre
Tuggeranong,Burglary,2014,Q3,110,87163,1.2620033729908333,2014-07-01,Pre
Tuggeranong,Burglary,2014,Q4,97,87163,1.1128575198191895,2014-10-01,Pre
Tuggeranong,Burglary,2015,Q1,95,86340,1.1003011350474867,2015-01-01,Pre
Tuggeranong,Burglary,2015,Q2,163,86340,1.8878851053972665,2015-04-01,Pre
Tuggeranong,Burglary,2015,Q3,138,86340,1.5983321751216122,2015-07-01,Pre
Tuggeranong,Burglary,2015,Q4,117,86340,1.3551077136900624,2015-10-01,Pre
Tuggeranong,Burglary,2016,Q1,101,85890,1.1759226918151124,2016-01-01,Pre
Tuggeranong,Burglary,2016,Q2,104,85890,1.2108510886016999,2016-04-01,Pre
Tuggeranong,Burglary,2016,Q3,93,85890,1.0827803003842125,2016-07-01,Pre
Tuggeranong,Burglary,2016,Q4,111,85890,1.2923506811037373,2016-10-01,Pre
Tuggeranong,Burglary,2017,Q1,140,86305,1.62215398876079,2017-01-01,Pre
Tuggeranong,Burglary,2017,Q2,134,86305,1.5526331035281848,2017-04-01,Pre
Tuggeranong,Burglary,2017,Q3,84,86305,0.9732923932564741,2017-07-01,Pre
Tuggeranong,Burglary,2017,Q4,94,86305,1.0891605353108162,2017-10-01,Pre
Tuggeranong,Burglary,2018,Q1,104,86846,1.1975220505262187,2018-01-01,Pre
Tuggeranong,Burglary,2018,Q2,97,86846,1.1169196048177232,2018-04-01,Pre
Tuggeranong,Burglary,2018,Q3,67,86846,0.771480551781314,2018-07-01,Pre
Tuggeranong,Burglary,2018,Q4,72,86846,0.8290537272873822,2018-10-01,Pre
Tuggeranong,Burglary,2019,Q1,110,87450,1.2578616352201257,2019-01-01,Pre
Tuggeranong,Burglary,2019,Q2,116,87450,1.3264722698684963,2019-04-01,Pre
Tuggeranong,Burglary,2019,Q3,88,87450,1.0062893081761006,2019-07-01,Pre
Tuggeranong,Burglary,2019,Q4,95,87450,1.0863350485991996,2019-10-01,Pre
Tuggeranong,Burglary,2020,Q1,100,88274,1.1328363957677232,2020-01-01,Pre
Tuggeranong,Burglary,2020,Q2,84,88274,0.9515825724448875,2020-04-01,During
Tuggeranong,Burglary,2020,Q3,56,88274,0.634388381629925,2020-07-01,During
Tuggeranong,Burglary,2020,Q4,96,88274,1.0875229399370143,2020-10-01,During
Tuggeranong,Burglary,2021,Q1,78,89004,0.8763651071861939,2021-01-01,During
Tuggeranong,Burglary,2021,Q2,58,89004,0.65165610534358,2021-04-01,During
Tuggeranong,Burglary,2021,Q3,41,89004,0.4606534537773583,2021-07-01,During
Tuggeranong,Burglary,2021,Q4,70,89004,0.7864815064491483,2021-10-01,Post
Tuggeranong,Burglary,2022,Q1,71,89541,0.7929328464055573,2022-01-01,Post
Tuggeranong,Burglary,2022,Q2,57,89541,0.6365798907762924,2022-04-01,Post
Tuggeranong,Burglary,2022,Q3,48,89541,0.5360672764431936,2022-07-01,Post
Tuggeranong,Burglary,2022,Q4,55,89541,0.6142437542578261,2022-10-01,Post
Tuggeranong,Burglary,2023,Q1,83,89957,0.9226630501239482,2023-01-01,Post
Tuggeranong,Burglary,2023,Q2,55,89957,0.6114032259857488,2023-04-01,Post
Tuggeranong,Burglary,2023,Q3,54,89957,0.6002868036950988,2023-07-01,Post
Tuggeranong,Burglary,2023,Q4,62,89957,0.6892181820202986,2023-10-01,Post
Tuggeranong,Burglary,2024,Q1,52,90057,0.5774120834582542,2024-01-01,Post
Tuggeranong,Burglary,2024,Q2,36,90057,0.3997468270095606,2024-04-01,Post
Tuggeranong,Burglary,2024,Q3,37,90057,0.41085090553760395,2024-07-01,Post
Tuggeranong,Burglary,2024,Q4,39,90057,0.43305906259369065,2024-10-01,Post
Tuggeranong,Burglary,2025,Q1,55,90149,0.6101010549201877,2025-01-01,Post
Tuggeranong,Burglary,2025,Q2,36,90149,0.3993388723113956,2025-04-01,Post
Tuggeranong,CINs,2014,Q1,3,87163,0.03441827380884091,2014-01-01,Pre
Tuggeranong,CINs,2014,Q2,5,87163,0.05736378968140152,2014-04-01,Pre
Tuggeranong,CINs,2014,Q3,2,87163,0.022945515872560607,2014-07-01,Pre
Tuggeranong,CINs,2014,Q4,6,87163,0.06883654761768182,2014-10-01,Pre
Tuggeranong,CINs,2015,Q1,4,86340,0.0463284688441047,2015-01-01,Pre
Tuggeranong,CINs,2015,Q2,1,86340,0.011582117211026175,2015-04-01,Pre
Tuggeranong,CINs,2015,Q3,0,86340,0.0,2015-07-01,Pre
Tuggeranong,CINs,2015,Q4,1,86340,0.011582117211026175,2015-10-01,Pre
Tuggeranong,CINs,2016,Q1,7,85890,0.08149959250203749,2016-01-01,Pre
Tuggeranong,CINs,2016,Q2,1,85890,0.011642798928862498,2016-04-01,Pre
Tuggeranong,CINs,2016,Q3,3,85890,0.0349283967865875,2016-07-01,Pre
Tuggeranong,CINs,2016,Q4,4,85890,0.046571195715449994,2016-10-01,Pre
Tuggeranong,CINs,2017,Q1,4,86305,0.04634725682173686,2017-01-01,Pre
Tuggeranong,CINs,2017,Q2,1,86305,0.011586814205434216,2017-04-01,Pre
Tuggeranong,CINs,2017,Q3,1,86305,0.011586814205434216,2017-07-01,Pre
Tuggeranong,CINs,2017,Q4,0,86305,0.0,2017-10-01,Pre
Tuggeranong,CINs,2018,Q1,2,86846,0.023029270202427284,2018-01-01,Pre
Tuggeranong,CINs,2018,Q2,3,86846,0.034543905303640925,2018-04-01,Pre
Tuggeranong,CINs,2018,Q3,0,86846,0.0,2018-07-01,Pre
Tuggeranong,CINs,2018,Q4,0,86846,0.0,2018-10-01,Pre
Tuggeranong,CINs,2019,Q1,0,87450,0.0,2019-01-01,Pre
Tuggeranong,CINs,2019,Q2,1,87450,0.011435105774728416,2019-04-01,Pre
Tuggeranong,CINs,2019,Q3,1,87450,0.011435105774728416,2019-07-01,Pre
Tuggeranong,CINs,2019,Q4,1,87450,0.011435105774728416,2019-10-01,Pre
Tuggeranong,CINs,2020,Q1,0,88274,0.0,2020-01-01,Pre
Tuggeranong,CINs,2020,Q2,1,88274,0.011328363957677232,2020-04-01,During
Tuggeranong,CINs,2020,Q3,0,88274,0.0,2020-07-01,During
Tuggeranong,CINs,2020,Q4,2,88274,0.022656727915354464,2020-10-01,During
Tuggeranong,CINs,2021,Q1,0,89004,0.0,2021-01-01,During
Tuggeranong,CINs,2021,Q2,0,89004,0.0,2021-04-01,During
Tuggeranong,CINs,2021,Q3,7,89004,0.07864815064491483,2021-07-01,During
Tuggeranong,CINs,2021,Q4,1,89004,0.01123545009213069,2021-10-01,Post
Tuggeranong,CINs,2022,Q1,2,89541,0.0223361365184664,2022-01-01,Post
Tuggeranong,CINs,2022,Q2,0,89541,0.0,2022-04-01,Post
Tuggeranong,CINs,2022,Q3,0,89541,0.0,2022-07-01,Post
Tuggeranong,CINs,2022,Q4,0,89541,0.0,2022-10-01,Post
Tuggeranong,CINs,2023,Q1,0,89957,0.0,2023-01-01,Post
Tuggeranong,CINs,2023,Q2,0,89957,0.0,2023-04-01,Post
Tuggeranong,CINs,2023,Q3,1,89957,0.011116422290649979,2023-07-01,Post
Tuggeranong,CINs,2023,Q4,0,89957,0.0,2023-10-01,Post
Tuggeranong,CINs,2024,Q1,0,90057,0.0,2024-01-01,Post
Tuggeranong,CINs,2024,Q2,1,90057,0.01110407852804335,2024-04-01,Post
Tuggeranong,CINs,2024,Q3,0,90057,0.0,2024-07-01,Post
Tuggeranong,CINs,2024,Q4,0,90057,0.0,2024-10-01,Post
Tuggeranong,CINs,2025,Q1,1,90149,0.011092746453094321,2025-01-01,Post
Tuggeranong,CINs,2025,Q2,1,90149,0.011092746453094321,2025-04-01,Post
Tuggeranong,Family Violence,2014,Q1,55,87163,0.6310016864954167,2014-01-01,Pre
Tuggeranong,Family Violence,2014,Q2,55,87163,0.6310016864954167,2014-04-01,Pre
Tuggeranong,Family Violence,2014,Q3,50,87163,0.5736378968140151,2014-07-01,Pre
Tuggeranong,Family Violence,2014,Q4,59,87163,0.6768927182405379,2014-10-01,Pre
Tuggeranong,Family Violence,2015,Q1,48,86340,0.5559416261292565,2015-01-01,Pre
Tuggeranong,Family Violence,2015,Q2,53,86340,0.6138522121843872,2015-04-01,Pre
Tuggeranong,Family Violence,2015,Q3,58,86340,0.6717627982395181,2015-07-01,Pre
Tuggeranong,Family Violence,2015,Q4,92,86340,1.0655547834144081,2015-10-01,Pre
Tuggeranong,Family Violence,2016,Q1,85,85890,0.9896379089533124,2016-01-01,Pre
Tuggeranong,Family Violence,2016,Q2,83,85890,0.9663523110955874,2016-04-01,Pre
Tuggeranong,Family Violence,2016,Q3,87,85890,1.0129235068110374,2016-07-01,Pre
Tuggeranong,Family Violence,2016,Q4,124,85890,1.4437070671789498,2016-10-01,Pre
Tuggeranong,Family Violence,2017,Q1,124,86305,1.4367649614738427,2017-01-01,Pre
Tuggeranong,Family Violence,2017,Q2,100,86305,1.1586814205434215,2017-04-01,Pre
Tuggeranong,Family Violence,2017,Q3,72,86305,0.8342506227912635,2017-07-01,Pre
Tuggeranong,Family Violence,2017,Q4,77,86305,0.8921846938184346,2017-10-01,Pre
Tuggeranong,Family Violence,2018,Q1,78,86846,0.8981415378946641,2018-01-01,Pre
Tuggeranong,Family Violence,2018,Q2,78,86846,0.8981415378946641,2018-04-01,Pre
Tuggeranong,Family Violence,2018,Q3,56,86846,0.644819565667964,2018-07-01,Pre
Tuggeranong,Family Violence,2018,Q4,96,86846,1.1054049697165096,2018-10-01,Pre
Tuggeranong,Family Violence,2019,Q1,74,87450,0.8461978273299028,2019-01-01,Pre
Tuggeranong,Family Violence,2019,Q2,69,87450,0.7890222984562607,2019-04-01,Pre
Tuggeranong,Family Violence,2019,Q3,81,87450,0.9262435677530017,2019-07-01,Pre
Tuggeranong,Family Violence,2019,Q4,83,87450,0.9491137793024585,2019-10-01,Pre
Tuggeranong,Family Violence,2020,Q1,92,88274,1.0422094841063054,2020-01-01,Pre
Tuggeranong,Family Violence,2020,Q2,91,88274,1.030881120148628,2020-04-01,During
Tuggeranong,Family Violence,2020,Q3,66,88274,0.7476720212066973,2020-07-01,During
Tuggeranong,Family Violence,2020,Q4,80,88274,0.9062691166141785,2020-10-01,During
Tuggeranong,Family Violence,2021,Q1,70,89004,0.7864815064491483,2021-01-01,During
Tuggeranong,Family Violence,2021,Q2,68,89004,0.7640106062648869,2021-04-01,During
Tuggeranong,Family Violence,2021,Q3,68,89004,0.7640106062648869,2021-07-01,During
Tuggeranong,Family Violence,2021,Q4,81,89004,0.9100714574625859,2021-10-01,Post
Tuggeranong,Family Violence,2022,Q1,70,89541,0.7817647781463241,2022-01-01,Post
Tuggeranong,Family Violence,2022,Q2,69,89541,0.7705967098870908,2022-04-01,Post
Tuggeranong,Family Violence,2022,Q3,82,89541,0.9157815972571225,2022-07-01,Post
Tuggeranong,Family Violence,2022,Q4,102,89541,1.1391429624417866,2022-10-01,Post
Tuggeranong,Family Violence,2023,Q1,95,89957,1.056060117611748,2023-01-01,Post
Tuggeranong,Family Violence,2023,Q2,94,89957,1.044943695321098,2023-04-01,Post
Tuggeranong,Family Violence,2023,Q3,71,89957,0.7892659826361484,2023-07-01,Post
Tuggeranong,Family Violence,2023,Q4,73,89957,0.8114988272174484,2023-10-01,Post
Tuggeranong,Family Violence,2024,Q1,88,90057,0.9771589104678148,2024-01-01,Post
Tuggeranong,Family Violence,2024,Q2,66,90057,0.7328691828508611,2024-04-01,Post
Tuggeranong,Family Violence,2024,Q3,81,90057,0.8994303607715114,2024-07-01,Post
Tuggeranong,Family Violence,2024,Q4,120,90057,1.332489423365202,2024-10-01,Post
Tuggeranong,Family Violence,2025,Q1,81,90149,0.89851246270064,2025-01-01,Post
Tuggeranong,Family Violence,2025,Q2,61,90149,0.6766575336387536,2025-04-01,Post
Tuggeranong,Homicide,2014,Q1,0,87163,0.0,2014-01-01,Pre
Tuggeranong,Homicide,2014,Q2,0,87163,0.0,2014-04-01,Pre
Tuggeranong,Homicide,2014,Q3,0,87163,0.0,2014-07-01,Pre
Tuggeranong,Homicide,2014,Q4,0,87163,0.0,2014-10-01,Pre
Tuggeranong,Homicide,2015,Q1,3,86340,0.03474635163307853,2015-01-01,Pre
Tuggeranong,Homicide,2015,Q2,0,86340,0.0,2015-04-01,Pre
Tuggeranong,Homicide,2015,Q3,0,86340,0.0,2015-07-01,Pre
Tuggeranong,Homicide,2015,Q4,0,86340,0.0,2015-10-01,Pre
Tuggeranong,Homicide,2016,Q1,1,85890,0.011642798928862498,2016-01-01,Pre
Tuggeranong,Homicide,2016,Q2,0,85890,0.0,2016-04-01,Pre
Tuggeranong,Homicide,2016,Q3,0,85890,0.0,2016-07-01,Pre
Tuggeranong,Homicide,2016,Q4,0,85890,0.0,2016-10-01,Pre
Tuggeranong,Homicide,2017,Q1,0,86305,0.0,2017-01-01,Pre
Tuggeranong,Homicide,2017,Q2,0,86305,0.0,2017-04-01,Pre
Tuggeranong,Homicide,2017,Q3,0,86305,0.0,2017-07-01,Pre
Tuggeranong,Homicide,2017,Q4,0,86305,0.0,2017-10-01,Pre
Tuggeranong,Homicide,2018,Q1,0,86846,0.0,2018-01-01,Pre
Tuggeranong,Homicide,2018,Q2,1,86846,0.011514635101213642,2018-04-01,Pre
Tuggeranong,Homicide,2018,Q3,0,86846,0.0,2018-07-01,Pre
Tuggeranong,Homicide,2018,Q4,0,86846,0.0,2018-10-01,Pre
Tuggeranong,Homicide,2019,Q1,1,87450,0.011435105774728416,2019-01-01,Pre
Tuggeranong,Homicide,2019,Q2,0,87450,0.0,2019-04-01,Pre
Tuggeranong,Homicide,2019,Q3,2,87450,0.022870211549456832,2019-07-01,Pre
Tuggeranong,Homicide,2019,Q4,0,87450,0.0,2019-10-01,Pre
Tuggeranong,Homicide,2020,Q1,0,88274,0.0,2020-01-01,Pre
Tuggeranong,Homicide,2020,Q2,1,88274,0.011328363957677232,2020-04-01,During
Tuggeranong,Homicide,2020,Q3,0,88274,0.0,2020-07-01,During
Tuggeranong,Homicide,2020,Q4,2,88274,0.022656727915354464,2020-10-01,During
Tuggeranong,Homicide,2021,Q1,0,89004,0.0,2021-01-01,During
Tuggeranong,Homicide,2021,Q2,0,89004,0.0,2021-04-01,During
Tuggeranong,Homicide,2021,Q3,0,89004,0.0,2021-07-01,During
Tuggeranong,Homicide,2021,Q4,0,89004,0.0,2021-10-01,Post
Tuggeranong,Homicide,2022,Q1,1,89541,0.0111680682592332,2022-01-01,Post
Tuggeranong,Homicide,2022,Q2,1,89541,0.0111680682592332,2022-04-01,Post
Tuggeranong,Homicide,2022,Q3,0,89541,0.0,2022-07-01,Post
Tuggeranong,Homicide,2022,Q4,0,89541,0.0,2022-10-01,Post
Tuggeranong,Homicide,2023,Q1,0,89957,0.0,2023-01-01,Post
Tuggeranong,Homicide,2023,Q2,0,89957,0.0,2023-04-01,Post
Tuggeranong,Homicide,2023,Q3,0,89957,0.0,2023-07-01,Post
Tuggeranong,Homicide,2023,Q4,0,89957,0.0,2023-10-01,Post
Tuggeranong,Homicide,2024,Q1,0,90057,0.0,2024-01-01,Post
Tuggeranong,Homicide,2024,Q2,2,90057,0.0222081570560867,2024-04-01,Post
Tuggeranong,Homicide,2024,Q3,1,90057,0.01110407852804335,2024-07-01,Post
Tuggeranong,Homicide,2024,Q4,0,90057,0.0,2024-10-01,Post
Tuggeranong,Homicide,2025,Q1,0,90149,0.0,2025-01-01,Post
Tuggeranong,Homicide,2025,Q2,0,90149,0.0,2025-04-01,Post
Tuggeranong,Other,2014,Q1,405,87163,4.646466964193523,2014-01-01,Pre
Tuggeranong,Other,2014,Q2,492,87163,5.644596904649909,2014-04-01,Pre
Tuggeranong,Other,2014,Q3,646,87163,7.411401626837075,2014-07-01,Pre
Tuggeranong,Other,2014,Q4,483,87163,5.541342083223387,2014-10-01,Pre
Tuggeranong,Other,2015,Q1,591,86340,6.845031271716469,2015-01-01,Pre
Tuggeranong,Other,2015,Q2,452,86340,5.2351169793838315,2015-04-01,Pre
Tuggeranong,Other,2015,Q3,528,86340,6.115357887421821,2015-07-01,Pre
Tuggeranong,Other,2015,Q4,474,86340,5.489923558026407,2015-10-01,Pre
Tuggeranong,Other,2016,Q1,458,85890,5.3324019094190245,2016-01-01,Pre
Tuggeranong,Other,2016,Q2,517,85890,6.019327046221911,2016-04-01,Pre
Tuggeranong,Other,2016,Q3,564,85890,6.566538595878449,2016-07-01,Pre
Tuggeranong,Other,2016,Q4,545,85890,6.345325416230062,2016-10-01,Pre
Tuggeranong,Other,2017,Q1,569,86305,6.592897282892069,2017-01-01,Pre
Tuggeranong,Other,2017,Q2,744,86305,8.620589768843056,2017-04-01,Pre
Tuggeranong,Other,2017,Q3,686,86305,7.948554544927871,2017-07-01,Pre
Tuggeranong,Other,2017,Q4,532,86305,6.164185157291002,2017-10-01,Pre
Tuggeranong,Other,2018,Q1,498,86846,5.734288280404393,2018-01-01,Pre
Tuggeranong,Other,2018,Q2,660,86846,7.599659166801004,2018-04-01,Pre
Tuggeranong,Other,2018,Q3,658,86846,7.576629896598576,2018-07-01,Pre
Tuggeranong,Other,2018,Q4,618,86846,7.116044492550031,2018-10-01,Pre
Tuggeranong,Other,2019,Q1,607,87450,6.941109205260148,2019-01-01,Pre
Tuggeranong,Other,2019,Q2,576,87450,6.586620926243567,2019-04-01,Pre
Tuggeranong,Other,2019,Q3,595,87450,6.803887935963408,2019-07-01,Pre
Tuggeranong,Other,2019,Q4,697,87450,7.970268724985706,2019-10-01,Pre
Tuggeranong,Other,2020,Q1,648,88274,7.340779844574846,2020-01-01,Pre
Tuggeranong,Other,2020,Q2,662,88274,7.499376939982327,2020-04-01,During
Tuggeranong,Other,2020,Q3,559,88274,6.332555452341572,2020-07-01,During
Tuggeranong,Other,2020,Q4,562,88274,6.366540544214605,2020-10-01,During
Tuggeranong,Other,2021,Q1,491,89004,5.516605995236169,2021-01-01,During
Tuggeranong,Other,2021,Q2,455,89004,5.112129791919464,2021-04-01,During
Tuggeranong,Other,2021,Q3,380,89004,4.269471035009662,2021-07-01,During
Tuggeranong,Other,2021,Q4,429,89004,4.820008089524066,2021-10-01,Post
Tuggeranong,Other,2022,Q1,341,89541,3.8083112763985216,2022-01-01,Post
Tuggeranong,Other,2022,Q2,443,89541,4.947454238840308,2022-04-01,Post
Tuggeranong,Other,2022,Q3,456,89541,5.092639126210339,2022-07-01,Post
Tuggeranong,Other,2022,Q4,411,89541,4.590076054544846,2022-10-01,Post
Tuggeranong,Other,2023,Q1,449,89957,4.9912736085018405,2023-01-01,Post
Tuggeranong,Other,2023,Q2,401,89957,4.457685338550641,2023-04-01,Post
Tuggeranong,Other,2023,Q3,415,89957,4.613315250619741,2023-07-01,Post
Tuggeranong,Other,2023,Q4,408,89957,4.535500294585191,2023-10-01,Post
Tuggeranong,Other,2024,Q1,356,90057,3.9530519559834327,2024-01-01,Post
Tuggeranong,Other,2024,Q2,358,90057,3.9752601130395195,2024-04-01,Post
Tuggeranong,Other,2024,Q3,345,90057,3.830907092174956,2024-07-01,Post
Tuggeranong,Other,2024,Q4,446,90057,4.952419023507334,2024-10-01,Post
Tuggeranong,Other,2025,Q1,392,90149,4.348356609612974,2025-01-01,Post
Tuggeranong,Other,2025,Q2,338,90149,3.7493483011458806,2025-04-01,Post
Tuggeranong,Property Damage,2014,Q1,267,87163,3.063226368986841,2014-01-01,Pre
Tuggeranong,Property Damage,2014,Q2,211,87163,2.420751924555144,2014-04-01,Pre
Tuggeranong,Property Damage,2014,Q3,236,87163,2.7075708729621515,2014-07-01,Pre
Tuggeranong,Property Damage,2014,Q4,222,87163,2.5469522618542273,2014-10-01,Pre
Tuggeranong,Property Damage,2015,Q1,256,86340,2.965022006022701,2015-01-01,Pre
Tuggeranong,Property Damage,2015,Q2,309,86340,3.5788742182070883,2015-04-01,Pre
Tuggeranong,Property Damage,2015,Q3,239,86340,2.7681260134352557,2015-07-01,Pre
Tuggeranong,Property Damage,2015,Q4,284,86340,3.2893212879314335,2015-10-01,Pre
Tuggeranong,Property Damage,2016,Q1,241,85890,2.805914541855862,2016-01-01,Pre
Tuggeranong,Property Damage,2016,Q2,225,85890,2.619629758994062,2016-04-01,Pre
Tuggeranong,Property Damage,2016,Q3,266,85890,3.0969845150774247,2016-07-01,Pre
Tuggeranong,Property Damage,2016,Q4,236,85890,2.7477005472115494,2016-10-01,Pre
Tuggeranong,Property Damage,2017,Q1,268,86305,3.1052662070563697,2017-01-01,Pre
Tuggeranong,Property Damage,2017,Q2,253,86305,2.9314639939748566,2017-04-01,Pre
Tuggeranong,Property Damage,2017,Q3,193,86305,2.2362551416488037,2017-07-01,Pre
Tuggeranong,Property Damage,2017,Q4,204,86305,2.3637100979085797,2017-10-01,Pre
Tuggeranong,Property Damage,2018,Q1,183,86846,2.1071782235220966,2018-01-01,Pre
Tuggeranong,Property Damage,2018,Q2,179,86846,2.061119683117242,2018-04-01,Pre
Tuggeranong,Property Damage,2018,Q3,205,86846,2.3605001957487968,2018-07-01,Pre
Tuggeranong,Property Damage,2018,Q4,193,86846,2.222324574534233,2018-10-01,Pre
Tuggeranong,Property Damage,2019,Q1,185,87450,2.115494568324757,2019-01-01,Pre
Tuggeranong,Property Damage,2019,Q2,174,87450,1.9897084048027445,2019-04-01,Pre
Tuggeranong,Property Damage,2019,Q3,226,87450,2.584333905088622,2019-07-01,Pre
Tuggeranong,Property Damage,2019,Q4,218,87450,2.4928530588907947,2019-10-01,Pre
Tuggeranong,Property Damage,2020,Q1,171,88274,1.9371502367628066,2020-01-01,Pre
Tuggeranong,Property Damage,2020,Q2,137,88274,1.5519858622017808,2020-04-01,During
Tuggeranong,Property Damage,2020,Q3,123,88274,1.3933887667942995,2020-07-01,During
Tuggeranong,Property Damage,2020,Q4,153,88274,1.7332396855246166,2020-10-01,During
Tuggeranong,Property Damage,2021,Q1,176,89004,1.9774392162150014,2021-01-01,During
Tuggeranong,Property Damage,2021,Q2,144,89004,1.6179048132668195,2021-04-01,During
Tuggeranong,Property Damage,2021,Q3,141,89004,1.5841984629904273,2021-07-01,During
Tuggeranong,Property Damage,2021,Q4,144,89004,1.6179048132668195,2021-10-01,Post
Tuggeranong,Property Damage,2022,Q1,98,89541,1.0944706894048537,2022-01-01,Post
Tuggeranong,Property Damage,2022,Q2,134,89541,1.496521146737249,2022-04-01,Post
Tuggeranong,Property Damage,2022,Q3,142,89541,1.5858656928111146,2022-07-01,Post
Tuggeranong,Property Damage,2022,Q4,142,89541,1.5858656928111146,2022-10-01,Post
Tuggeranong,Property Damage,2023,Q1,139,89957,1.545182698400347,2023-01-01,Post
Tuggeranong,Property Damage,2023,Q2,171,89957,1.9009082117011462,2023-04-01,Post
Tuggeranong,Property Damage,2023,Q3,180,89957,2.000956012316996,2023-07-01,Post
Tuggeranong,Property Damage,2023,Q4,173,89957,1.9231410562824462,2023-10-01,Post
Tuggeranong,Property Damage,2024,Q1,127,90057,1.4102179730615054,2024-01-01,Post
Tuggeranong,Property Damage,2024,Q2,103,90057,1.143720088388465,2024-04-01,Post
Tuggeranong,Property Damage,2024,Q3,128,90057,1.4213220515895488,2024-07-01,Post
Tuggeranong,Property Damage,2024,Q4,129,90057,1.4324261301175922,2024-10-01,Post
Tuggeranong,Property Damage,2025,Q1,113,90149,1.2534803491996582,2025-01-01,Post
Tuggeranong,Property Damage,2025,Q2,212,90149,2.3516622480559963,2025-04-01,Post
Tuggeranong,Robbery,2014,Q1,11,87163,0.12620033729908334,2014-01-01,Pre
Tuggeranong,Robbery,2014,Q2,6,87163,0.06883654761768182,2014-04-01,Pre
Tuggeranong,Robbery,2014,Q3,7,87163,0.08030930555396212,2014-07-01,Pre
Tuggeranong,Robbery,2014,Q4,3,87163,0.03441827380884091,2014-10-01,Pre
Tuggeranong,Robbery,2015,Q1,12,86340,0.13898540653231412,2015-01-01,Pre
Tuggeranong,Robbery,2015,Q2,10,86340,0.11582117211026176,2015-04-01,Pre
Tuggeranong,Robbery,2015,Q3,3,86340,0.03474635163307853,2015-07-01,Pre
Tuggeranong,Robbery,2015,Q4,3,86340,0.03474635163307853,2015-10-01,Pre
Tuggeranong,Robbery,2016,Q1,5,85890,0.05821399464431249,2016-01-01,Pre
Tuggeranong,Robbery,2016,Q2,13,85890,0.15135638607521248,2016-04-01,Pre
Tuggeranong,Robbery,2016,Q3,7,85890,0.08149959250203749,2016-07-01,Pre
Tuggeranong,Robbery,2016,Q4,15,85890,0.17464198393293748,2016-10-01,Pre
Tuggeranong,Robbery,2017,Q1,19,86305,0.22014946990325007,2017-01-01,Pre
Tuggeranong,Robbery,2017,Q2,17,86305,0.19697584149238165,2017-04-01,Pre
Tuggeranong,Robbery,2017,Q3,14,86305,0.162215398876079,2017-07-01,Pre
Tuggeranong,Robbery,2017,Q4,7,86305,0.0811076994380395,2017-10-01,Pre
Tuggeranong,Robbery,2018,Q1,21,86846,0.2418073371254865,2018-01-01,Pre
Tuggeranong,Robbery,2018,Q2,13,86846,0.14969025631577734,2018-04-01,Pre
Tuggeranong,Robbery,2018,Q3,11,86846,0.12666098611335005,2018-07-01,Pre
Tuggeranong,Robbery,2018,Q4,11,86846,0.12666098611335005,2018-10-01,Pre
Tuggeranong,Robbery,2019,Q1,13,87450,0.1486563750714694,2019-01-01,Pre
Tuggeranong,Robbery,2019,Q2,13,87450,0.1486563750714694,2019-04-01,Pre
Tuggeranong,Robbery,2019,Q3,16,87450,0.18296169239565466,2019-07-01,Pre
Tuggeranong,Robbery,2019,Q4,12,87450,0.137221269296741,2019-10-01,Pre
Tuggeranong,Robbery,2020,Q1,8,88274,0.09062691166141786,2020-01-01,Pre
Tuggeranong,Robbery,2020,Q2,6,88274,0.0679701837460634,2020-04-01,During
Tuggeranong,Robbery,2020,Q3,3,88274,0.0339850918730317,2020-07-01,During
Tuggeranong,Robbery,2020,Q4,8,88274,0.09062691166141786,2020-10-01,During
Tuggeranong,Robbery,2021,Q1,9,89004,0.10111905082917622,2021-01-01,During
Tuggeranong,Robbery,2021,Q2,9,89004,0.10111905082917622,2021-04-01,During
Tuggeranong,Robbery,2021,Q3,7,89004,0.07864815064491483,2021-07-01,During
Tuggeranong,Robbery,2021,Q4,4,89004,0.04494180036852276,2021-10-01,Post
Tuggeranong,Robbery,2022,Q1,11,89541,0.12284875085156521,2022-01-01,Post
Tuggeranong,Robbery,2022,Q2,2,89541,0.0223361365184664,2022-04-01,Post
Tuggeranong,Robbery,2022,Q3,7,89541,0.07817647781463241,2022-07-01,Post
Tuggeranong,Robbery,2022,Q4,8,89541,0.0893445460738656,2022-10-01,Post
Tuggeranong,Robbery,2023,Q1,4,89957,0.044465689162599915,2023-01-01,Post
Tuggeranong,Robbery,2023,Q2,9,89957,0.10004780061584981,2023-04-01,Post
Tuggeranong,Robbery,2023,Q3,7,89957,0.07781495603454984,2023-07-01,Post
Tuggeranong,Robbery,2023,Q4,3,89957,0.03334926687194993,2023-10-01,Post
Tuggeranong,Robbery,2024,Q1,11,90057,0.12214486380847685,2024-01-01,Post
Tuggeranong,Robbery,2024,Q2,6,90057,0.0666244711682601,2024-04-01,Post
Tuggeranong,Robbery,2024,Q3,5,90057,0.05552039264021675,2024-07-01,Post
Tuggeranong,Robbery,2024,Q4,7,90057,0.07772854969630345,2024-10-01,Post
Tuggeranong,Robbery,2025,Q1,6,90149,0.06655647871856593,2025-01-01,Post
Tuggeranong,Robbery,2025,Q2,2,90149,0.022185492906188643,2025-04-01,Post
Tuggeranong,Sexual Assault,2014,Q1,20,87163,0.22945515872560607,2014-01-01,Pre
Tuggeranong,Sexual Assault,2014,Q2,10,87163,0.11472757936280303,2014-04-01,Pre
Tuggeranong,Sexual Assault,2014,Q3,29,87163,0.33270998015212877,2014-07-01,Pre
Tuggeranong,Sexual Assault,2014,Q4,40,87163,0.45891031745121214,2014-10-01,Pre
Tuggeranong,Sexual Assault,2015,Q1,18,86340,0.20847810979847115,2015-01-01,Pre
Tuggeranong,Sexual Assault,2015,Q2,31,86340,0.3590456335418114,2015-04-01,Pre
Tuggeranong,Sexual Assault,2015,Q3,53,86340,0.6138522121843872,2015-07-01,Pre
Tuggeranong,Sexual Assault,2015,Q4,40,86340,0.46328468844104703,2015-10-01,Pre
Tuggeranong,Sexual Assault,2016,Q1,18,85890,0.20957038071952497,2016-01-01,Pre
Tuggeranong,Sexual Assault,2016,Q2,22,85890,0.256141576434975,2016-04-01,Pre
Tuggeranong,Sexual Assault,2016,Q3,25,85890,0.2910699732215625,2016-07-01,Pre
Tuggeranong,Sexual Assault,2016,Q4,23,85890,0.2677843753638375,2016-10-01,Pre
Tuggeranong,Sexual Assault,2017,Q1,23,86305,0.2664967267249869,2017-01-01,Pre
Tuggeranong,Sexual Assault,2017,Q2,17,86305,0.19697584149238165,2017-04-01,Pre
Tuggeranong,Sexual Assault,2017,Q3,19,86305,0.22014946990325007,2017-07-01,Pre
Tuggeranong,Sexual Assault,2017,Q4,19,86305,0.22014946990325007,2017-10-01,Pre
Tuggeranong,Sexual Assault,2018,Q1,33,86846,0.3799829583400502,2018-01-01,Pre
Tuggeranong,Sexual Assault,2018,Q2,20,86846,0.23029270202427285,2018-04-01,Pre
Tuggeranong,Sexual Assault,2018,Q3,29,86846,0.3339244179351956,2018-07-01,Pre
Tuggeranong,Sexual Assault,2018,Q4,33,86846,0.3799829583400502,2018-10-01,Pre
Tuggeranong,Sexual Assault,2019,Q1,21,87450,0.24013722126929674,2019-01-01,Pre
Tuggeranong,Sexual Assault,2019,Q2,21,87450,0.24013722126929674,2019-04-01,Pre
Tuggeranong,Sexual Assault,2019,Q3,27,87450,0.30874785591766724,2019-07-01,Pre
Tuggeranong,Sexual Assault,2019,Q4,23,87450,0.26300743281875355,2019-10-01,Pre
Tuggeranong,Sexual Assault,2020,Q1,40,88274,0.45313455830708926,2020-01-01,Pre
Tuggeranong,Sexual Assault,2020,Q2,18,88274,0.20391055123819019,2020-04-01,During
Tuggeranong,Sexual Assault,2020,Q3,23,88274,0.26055237102657636,2020-07-01,During
Tuggeranong,Sexual Assault,2020,Q4,36,88274,0.40782110247638037,2020-10-01,During
Tuggeranong,Sexual Assault,2021,Q1,42,89004,0.471888903869489,2021-01-01,During
Tuggeranong,Sexual Assault,2021,Q2,44,89004,0.49435980405375035,2021-04-01,During
Tuggeranong,Sexual Assault,2021,Q3,45,89004,0.505595254145881,2021-07-01,During
Tuggeranong,Sexual Assault,2021,Q4,28,89004,0.3145926025796593,2021-10-01,Post
Tuggeranong,Sexual Assault,2022,Q1,24,89541,0.2680336382215968,2022-01-01,Post
Tuggeranong,Sexual Assault,2022,Q2,35,89541,0.39088238907316203,2022-04-01,Post
Tuggeranong,Sexual Assault,2022,Q3,72,89541,0.8041009146647905,2022-07-01,Post
Tuggeranong,Sexual Assault,2022,Q4,18,89541,0.20102522866619763,2022-10-01,Post
Tuggeranong,Sexual Assault,2023,Q1,45,89957,0.500239003079249,2023-01-01,Post
Tuggeranong,Sexual Assault,2023,Q2,25,89957,0.27791055726624947,2023-04-01,Post
Tuggeranong,Sexual Assault,2023,Q3,45,89957,0.500239003079249,2023-07-01,Post
Tuggeranong,Sexual Assault,2023,Q4,32,89957,0.3557255133007993,2023-10-01,Post
Tuggeranong,Sexual Assault,2024,Q1,27,90057,0.29981012025717046,2024-01-01,Post
Tuggeranong,Sexual Assault,2024,Q2,24,90057,0.2664978846730404,2024-04-01,Post
Tuggeranong,Sexual Assault,2024,Q3,37,90057,0.41085090553760395,2024-07-01,Post
Tuggeranong,Sexual Assault,2024,Q4,41,90057,0.45526721964977734,2024-10-01,Post
Tuggeranong,Sexual Assault,2025,Q1,30,90149,0.33278239359282963,2025-01-01,Post
Tuggeranong,Sexual Assault,2025,Q2,30,90149,0.33278239359282963,2025-04-01,Post
Tuggeranong,TINs,2014,Q1,424,87163,4.864449364982848,2014-01-01,Pre
Tuggeranong,TINs,2014,Q2,423,87163,4.8529766070465685,2014-04-01,Pre
Tuggeranong,TINs,2014,Q3,612,87163,7.021327857003546,2014-07-01,Pre
Tuggeranong,TINs,2014,Q4,339,87163,3.8892649403990225,2014-10-01,Pre
Tuggeranong,TINs,2015,Q1,285,86340,3.30090340514246,2015-01-01,Pre
Tuggeranong,TINs,2015,Q2,346,86340,4.0074125550150566,2015-04-01,Pre
Tuggeranong,TINs,2015,Q3,478,86340,5.536252026870511,2015-07-01,Pre
Tuggeranong,TINs,2015,Q4,354,86340,4.100069492703266,2015-10-01,Pre
Tuggeranong,TINs,2016,Q1,299,85890,3.481196879729887,2016-01-01,Pre
Tuggeranong,TINs,2016,Q2,301,85890,3.504482477587612,2016-04-01,Pre
Tuggeranong,TINs,2016,Q3,307,85890,3.574339271160787,2016-07-01,Pre
Tuggeranong,TINs,2016,Q4,248,85890,2.8874141343578996,2016-10-01,Pre
Tuggeranong,TINs,2017,Q1,239,86305,2.7692485950987775,2017-01-01,Pre
Tuggeranong,TINs,2017,Q2,385,86305,4.460923469092172,2017-04-01,Pre
Tuggeranong,TINs,2017,Q3,418,86305,4.843288337871502,2017-07-01,Pre
Tuggeranong,TINs,2017,Q4,238,86305,2.757661780893343,2017-10-01,Pre
Tuggeranong,TINs,2018,Q1,269,86846,3.0974368422264695,2018-01-01,Pre
Tuggeranong,TINs,2018,Q2,191,86846,2.1992953043318058,2018-04-01,Pre
Tuggeranong,TINs,2018,Q3,263,86846,3.0283490316191877,2018-07-01,Pre
Tuggeranong,TINs,2018,Q4,208,86846,2.3950441010524375,2018-10-01,Pre
Tuggeranong,TINs,2019,Q1,186,87450,2.126929674099485,2019-01-01,Pre
Tuggeranong,TINs,2019,Q2,170,87450,1.9439679817038307,2019-04-01,Pre
Tuggeranong,TINs,2019,Q3,131,87450,1.4979988564894224,2019-07-01,Pre
Tuggeranong,TINs,2019,Q4,151,87450,1.7267009719839908,2019-10-01,Pre
Tuggeranong,TINs,2020,Q1,155,88274,1.755896413439971,2020-01-01,Pre
Tuggeranong,TINs,2020,Q2,229,88274,2.5941953463080862,2020-04-01,During
Tuggeranong,TINs,2020,Q3,129,88274,1.461358950540363,2020-07-01,During
Tuggeranong,TINs,2020,Q4,114,88274,1.2914334911752046,2020-10-01,During
Tuggeranong,TINs,2021,Q1,89,89004,0.9999550581996314,2021-01-01,During
Tuggeranong,TINs,2021,Q2,114,89004,1.2808413105028986,2021-04-01,During
Tuggeranong,TINs,2021,Q3,89,89004,0.9999550581996314,2021-07-01,During
Tuggeranong,TINs,2021,Q4,94,89004,1.056132308660285,2021-10-01,Post
Tuggeranong,TINs,2022,Q1,41,89541,0.45789079862856125,2022-01-01,Post
Tuggeranong,TINs,2022,Q2,91,89541,1.0162942115902214,2022-04-01,Post
Tuggeranong,TINs,2022,Q3,78,89541,0.8711093242201897,2022-07-01,Post
Tuggeranong,TINs,2022,Q4,104,89541,1.1614790989602528,2022-10-01,Post
Tuggeranong,TINs,2023,Q1,137,89957,1.522949853819047,2023-01-01,Post
Tuggeranong,TINs,2023,Q2,301,89957,3.3460431094856435,2023-04-01,Post
Tuggeranong,TINs,2023,Q3,295,89957,3.2793445757417437,2023-07-01,Post
Tuggeranong,TINs,2023,Q4,199,89957,2.2121680358393454,2023-10-01,Post
Tuggeranong,TINs,2024,Q1,218,90057,2.4206891191134505,2024-01-01,Post
Tuggeranong,TINs,2024,Q2,220,90057,2.442897276169537,2024-04-01,Post
Tuggeranong,TINs,2024,Q3,240,90057,2.664978846730404,2024-07-01,Post
Tuggeranong,TINs,2024,Q4,338,90057,3.7531785424786523,2024-10-01,Post
Tuggeranong,TINs,2025,Q1,510,90149,5.657300691078104,2025-01-01,Post
Tuggeranong,TINs,2025,Q2,505,90149,5.601836958812632,2025-04-01,Post
Tuggeranong,Theft,2014,Q1,481,87163,5.518396567350826,2014-01-01,Pre
Tuggeranong,Theft,2014,Q2,467,87163,5.357777956242901,2014-04-01,Pre
Tuggeranong,Theft,2014,Q3,510,87163,5.851106547502955,2014-07-01,Pre
Tuggeranong,Theft,2014,Q4,615,87163,7.055746130812386,2014-10-01,Pre
Tuggeranong,Theft,2015,Q1,598,86340,6.926106092193653,2015-01-01,Pre
Tuggeranong,Theft,2015,Q2,730,86340,8.454945564049108,2015-04-01,Pre
Tuggeranong,Theft,2015,Q3,533,86340,6.173268473476951,2015-07-01,Pre
Tuggeranong,Theft,2015,Q4,549,86340,6.35858234885337,2015-10-01,Pre
Tuggeranong,Theft,2016,Q1,466,85890,5.425544300849924,2016-01-01,Pre
Tuggeranong,Theft,2016,Q2,584,85890,6.799394574455699,2016-04-01,Pre
Tuggeranong,Theft,2016,Q3,635,85890,7.393177319827687,2016-07-01,Pre
Tuggeranong,Theft,2016,Q4,458,85890,5.3324019094190245,2016-10-01,Pre
Tuggeranong,Theft,2017,Q1,562,86305,6.5117895834540285,2017-01-01,Pre
Tuggeranong,Theft,2017,Q2,480,86305,5.561670818608423,2017-04-01,Pre
Tuggeranong,Theft,2017,Q3,492,86305,5.700712589073634,2017-07-01,Pre
Tuggeranong,Theft,2017,Q4,463,86305,5.3646949771160415,2017-10-01,Pre
Tuggeranong,Theft,2018,Q1,478,86846,5.503995578380121,2018-01-01,Pre
Tuggeranong,Theft,2018,Q2,460,86846,5.296732146558275,2018-04-01,Pre
Tuggeranong,Theft,2018,Q3,317,86846,3.6501393270847244,2018-07-01,Pre
Tuggeranong,Theft,2018,Q4,282,86846,3.247127098542247,2018-10-01,Pre
Tuggeranong,Theft,2019,Q1,388,87450,4.436821040594626,2019-01-01,Pre
Tuggeranong,Theft,2019,Q2,343,87450,3.9222412807318467,2019-04-01,Pre
Tuggeranong,Theft,2019,Q3,435,87450,4.974271012006861,2019-07-01,Pre
Tuggeranong,Theft,2019,Q4,448,87450,5.12292738707833,2019-10-01,Pre
Tuggeranong,Theft,2020,Q1,395,88274,4.474703763282506,2020-01-01,Pre
Tuggeranong,Theft,2020,Q2,347,88274,3.9309422933139997,2020-04-01,During
Tuggeranong,Theft,2020,Q3,287,88274,3.2512404558533654,2020-07-01,During
Tuggeranong,Theft,2020,Q4,306,88274,3.466479371049233,2020-10-01,During
Tuggeranong,Theft,2021,Q1,343,89004,3.8537593816008267,2021-01-01,During
Tuggeranong,Theft,2021,Q2,357,89004,4.011055682890657,2021-04-01,During
Tuggeranong,Theft,2021,Q3,336,89004,3.775111230955912,2021-07-01,During
Tuggeranong,Theft,2021,Q4,300,89004,3.370635027639207,2021-10-01,Post
Tuggeranong,Theft,2022,Q1,267,89541,2.9818742252152646,2022-01-01,Post
Tuggeranong,Theft,2022,Q2,299,89541,3.339252409510727,2022-04-01,Post
Tuggeranong,Theft,2022,Q3,292,89541,3.2610759316960944,2022-07-01,Post
Tuggeranong,Theft,2022,Q4,244,89541,2.725008655252901,2022-10-01,Post
Tuggeranong,Theft,2023,Q1,346,89957,3.8462821125648925,2023-01-01,Post
Tuggeranong,Theft,2023,Q2,292,89957,3.2459953088697935,2023-04-01,Post
Tuggeranong,Theft,2023,Q3,219,89957,2.4344964816523453,2023-07-01,Post
Tuggeranong,Theft,2023,Q4,308,89957,3.4238580655201933,2023-10-01,Post
Tuggeranong,Theft,2024,Q1,238,90057,2.6427706896743173,2024-01-01,Post
Tuggeranong,Theft,2024,Q2,232,90057,2.5761462185060573,2024-04-01,Post
Tuggeranong,Theft,2024,Q3,220,90057,2.442897276169537,2024-07-01,Post
Tuggeranong,Theft,2024,Q4,252,90057,2.798227789066924,2024-10-01,Post
Tuggeranong,Theft,2025,Q1,258,90149,2.861928584898335,2025-01-01,Post
Tuggeranong,Theft,2025,Q2,296,90149,3.2834529501159193,2025-04-01,Post
Weston Creek,All Crime,2014,Q1,380,23619,16.088742114399423,2014-01-01,Pre
Weston Creek,All Crime,2014,Q2,324,23619,13.717769592277405,2014-04-01,Pre
Weston Creek,All Crime,2014,Q3,406,23619,17.189550785384647,2014-07-01,Pre
Weston Creek,All Crime,2014,Q4,414,23619,17.528261145687793,2014-10-01,Pre
Weston Creek,All Crime,2015,Q1,445,23338,19.067615048418887,2015-01-01,Pre
Weston Creek,All Crime,2015,Q2,446,23338,19.1104636215614,2015-04-01,Pre
Weston Creek,All Crime,2015,Q3,466,23338,19.967435084411687,2015-07-01,Pre
Weston Creek,All Crime,2015,Q4,518,23338,22.195560887822435,2015-10-01,Pre
Weston Creek,All Crime,2016,Q1,503,23276,21.6102423096752,2016-01-01,Pre
Weston Creek,All Crime,2016,Q2,441,23276,18.946554390788794,2016-04-01,Pre
Weston Creek,All Crime,2016,Q3,362,23276,15.552500429627084,2016-07-01,Pre
Weston Creek,All Crime,2016,Q4,354,23276,15.208798762673998,2016-10-01,Pre
Weston Creek,All Crime,2017,Q1,332,23456,14.154160982264665,2017-01-01,Pre
Weston Creek,All Crime,2017,Q2,322,23456,13.727830832196453,2017-04-01,Pre
Weston Creek,All Crime,2017,Q3,412,23456,17.564802182810368,2017-07-01,Pre
Weston Creek,All Crime,2017,Q4,427,23456,18.204297407912687,2017-10-01,Pre
Weston Creek,All Crime,2018,Q1,390,23575,16.542948038176036,2018-01-01,Pre
Weston Creek,All Crime,2018,Q2,296,23575,12.555673382820785,2018-04-01,Pre
Weston Creek,All Crime,2018,Q3,272,23575,11.537645811240722,2018-07-01,Pre
Weston Creek,All Crime,2018,Q4,316,23575,13.404029692470838,2018-10-01,Pre
Weston Creek,All Crime,2019,Q1,276,23876,11.559725247110068,2019-01-01,Pre
Weston Creek,All Crime,2019,Q2,330,23876,13.821410621544647,2019-04-01,Pre
Weston Creek,All Crime,2019,Q3,361,23876,15.119785558720054,2019-07-01,Pre
Weston Creek,All Crime,2019,Q4,464,23876,19.433740995141562,2019-10-01,Pre
Weston Creek,All Crime,2020,Q1,393,24190,16.246382802811077,2020-01-01,Pre
Weston Creek,All Crime,2020,Q2,418,24190,17.279867713931377,2020-04-01,During
Weston Creek,All Crime,2020,Q3,357,24190,14.758164530797849,2020-07-01,During
Weston Creek,All Crime,2020,Q4,311,24190,12.856552294336502,2020-10-01,During
Weston Creek,All Crime,2021,Q1,460,24487,18.785478008739332,2021-01-01,During
Weston Creek,All Crime,2021,Q2,320,24487,13.068158614775188,2021-04-01,During
Weston Creek,All Crime,2021,Q3,288,24487,11.761342753297669,2021-07-01,During
Weston Creek,All Crime,2021,Q4,284,24487,11.597990770612979,2021-10-01,Post
Weston Creek,All Crime,2022,Q1,275,24639,11.161167255164576,2022-01-01,Post
Weston Creek,All Crime,2022,Q2,272,24639,11.039409066926417,2022-04-01,Post
Weston Creek,All Crime,2022,Q3,286,24639,11.60761394537116,2022-07-01,Post
Weston Creek,All Crime,2022,Q4,278,24639,11.282925443402736,2022-10-01,Post
Weston Creek,All Crime,2023,Q1,358,24860,14.400643604183427,2023-01-01,Post
Weston Creek,All Crime,2023,Q2,306,24860,12.308930008045053,2023-04-01,Post
Weston Creek,All Crime,2023,Q3,300,24860,12.067578439259856,2023-07-01,Post
Weston Creek,All Crime,2023,Q4,231,24860,9.29203539823009,2023-10-01,Post
Weston Creek,All Crime,2024,Q1,196,24917,7.866115503471525,2024-01-01,Post
Weston Creek,All Crime,2024,Q2,188,24917,7.54504956455432,2024-04-01,Post
Weston Creek,All Crime,2024,Q3,216,24917,8.668780350764537,2024-07-01,Post
Weston Creek,All Crime,2024,Q4,255,24917,10.233976802985913,2024-10-01,Post
Weston Creek,All Crime,2025,Q1,287,24998,11.480918473477878,2025-01-01,Post
Weston Creek,All Crime,2025,Q2,268,24998,10.720857668613489,2025-04-01,Post
Weston Creek,Assault,2014,Q1,10,23619,0.42338795037893223,2014-01-01,Pre
Weston Creek,Assault,2014,Q2,5,23619,0.21169397518946612,2014-04-01,Pre
Weston Creek,Assault,2014,Q3,9,23619,0.381049155341039,2014-07-01,Pre
Weston Creek,Assault,2014,Q4,16,23619,0.6774207206062915,2014-10-01,Pre
Weston Creek,Assault,2015,Q1,13,23338,0.5570314508526866,2015-01-01,Pre
Weston Creek,Assault,2015,Q2,14,23338,0.5998800239952009,2015-04-01,Pre
Weston Creek,Assault,2015,Q3,12,23338,0.5141828777101722,2015-07-01,Pre
Weston Creek,Assault,2015,Q4,16,23338,0.6855771702802297,2015-10-01,Pre
Weston Creek,Assault,2016,Q1,8,23276,0.34370166695308474,2016-01-01,Pre
Weston Creek,Assault,2016,Q2,11,23276,0.4725897920604915,2016-04-01,Pre
Weston Creek,Assault,2016,Q3,10,23276,0.4296270836913559,2016-07-01,Pre
Weston Creek,Assault,2016,Q4,12,23276,0.5155525004296271,2016-10-01,Pre
Weston Creek,Assault,2017,Q1,6,23456,0.2557980900409277,2017-01-01,Pre
Weston Creek,Assault,2017,Q2,8,23456,0.34106412005457026,2017-04-01,Pre
Weston Creek,Assault,2017,Q3,10,23456,0.42633015006821284,2017-07-01,Pre
Weston Creek,Assault,2017,Q4,14,23456,0.596862210095498,2017-10-01,Pre
Weston Creek,Assault,2018,Q1,10,23575,0.4241781548250265,2018-01-01,Pre
Weston Creek,Assault,2018,Q2,16,23575,0.6786850477200425,2018-04-01,Pre
Weston Creek,Assault,2018,Q3,9,23575,0.38176033934252385,2018-07-01,Pre
Weston Creek,Assault,2018,Q4,14,23575,0.5938494167550371,2018-10-01,Pre
Weston Creek,Assault,2019,Q1,14,23876,0.5863628748534092,2019-01-01,Pre
Weston Creek,Assault,2019,Q2,5,23876,0.20941531244764616,2019-04-01,Pre
Weston Creek,Assault,2019,Q3,9,23876,0.3769475624057631,2019-07-01,Pre
Weston Creek,Assault,2019,Q4,21,23876,0.8795443122801139,2019-10-01,Pre
Weston Creek,Assault,2020,Q1,15,24190,0.6200909466721786,2020-01-01,Pre
Weston Creek,Assault,2020,Q2,8,24190,0.3307151715584952,2020-04-01,During
Weston Creek,Assault,2020,Q3,23,24190,0.9508061182306737,2020-07-01,During
Weston Creek,Assault,2020,Q4,7,24190,0.28937577511368334,2020-10-01,During
Weston Creek,Assault,2021,Q1,13,24487,0.530893943725242,2021-01-01,During
Weston Creek,Assault,2021,Q2,12,24487,0.49005594805406955,2021-04-01,During
Weston Creek,Assault,2021,Q3,10,24487,0.4083799567117246,2021-07-01,During
Weston Creek,Assault,2021,Q4,16,24487,0.6534079307387594,2021-10-01,Post
Weston Creek,Assault,2022,Q1,10,24639,0.4058606274605301,2022-01-01,Post
Weston Creek,Assault,2022,Q2,4,24639,0.162344250984212,2022-04-01,Post
Weston Creek,Assault,2022,Q3,16,24639,0.649377003936848,2022-07-01,Post
Weston Creek,Assault,2022,Q4,12,24639,0.4870327529526361,2022-10-01,Post
Weston Creek,Assault,2023,Q1,13,24860,0.5229283990345938,2023-01-01,Post
Weston Creek,Assault,2023,Q2,22,24860,0.8849557522123894,2023-04-01,Post
Weston Creek,Assault,2023,Q3,13,24860,0.5229283990345938,2023-07-01,Post
Weston Creek,Assault,2023,Q4,15,24860,0.6033789219629928,2023-10-01,Post
Weston Creek,Assault,2024,Q1,9,24917,0.36119918128185574,2024-01-01,Post
Weston Creek,Assault,2024,Q2,11,24917,0.441465666011157,2024-04-01,Post
Weston Creek,Assault,2024,Q3,14,24917,0.561865393105109,2024-07-01,Post
Weston Creek,Assault,2024,Q4,9,24917,0.36119918128185574,2024-10-01,Post
Weston Creek,Assault,2025,Q1,18,24998,0.7200576046083687,2025-01-01,Post
Weston Creek,Assault,2025,Q2,10,24998,0.4000320025602048,2025-04-01,Post
Weston Creek,Burglary,2014,Q1,18,23619,0.762098310682078,2014-01-01,Pre
Weston Creek,Burglary,2014,Q2,25,23619,1.0584698759473306,2014-04-01,Pre
Weston Creek,Burglary,2014,Q3,29,23619,1.2278250560989035,2014-07-01,Pre
Weston Creek,Burglary,2014,Q4,28,23619,1.1854862610610102,2014-10-01,Pre
Weston Creek,Burglary,2015,Q1,47,23338,2.0138829376981744,2015-01-01,Pre
Weston Creek,Burglary,2015,Q2,30,23338,1.2854571942754305,2015-04-01,Pre
Weston Creek,Burglary,2015,Q3,30,23338,1.2854571942754305,2015-07-01,Pre
Weston Creek,Burglary,2015,Q4,43,23338,1.842488645128117,2015-10-01,Pre
Weston Creek,Burglary,2016,Q1,32,23276,1.374806667812339,2016-01-01,Pre
Weston Creek,Burglary,2016,Q2,42,23276,1.8044337515036948,2016-04-01,Pre
Weston Creek,Burglary,2016,Q3,14,23276,0.6014779171678982,2016-07-01,Pre
Weston Creek,Burglary,2016,Q4,40,23276,1.7185083347654235,2016-10-01,Pre
Weston Creek,Burglary,2017,Q1,16,23456,0.6821282401091405,2017-01-01,Pre
Weston Creek,Burglary,2017,Q2,21,23456,0.895293315143247,2017-04-01,Pre
Weston Creek,Burglary,2017,Q3,43,23456,1.8332196452933152,2017-07-01,Pre
Weston Creek,Burglary,2017,Q4,54,23456,2.3021828103683495,2017-10-01,Pre
Weston Creek,Burglary,2018,Q1,36,23575,1.5270413573700954,2018-01-01,Pre
Weston Creek,Burglary,2018,Q2,27,23575,1.1452810180275717,2018-04-01,Pre
Weston Creek,Burglary,2018,Q3,16,23575,0.6786850477200425,2018-07-01,Pre
Weston Creek,Burglary,2018,Q4,22,23575,0.9331919406150584,2018-10-01,Pre
Weston Creek,Burglary,2019,Q1,22,23876,0.9214273747696431,2019-01-01,Pre
Weston Creek,Burglary,2019,Q2,31,23876,1.2983749371754063,2019-04-01,Pre
Weston Creek,Burglary,2019,Q3,28,23876,1.1727257497068184,2019-07-01,Pre
Weston Creek,Burglary,2019,Q4,60,23876,2.5129837493717537,2019-10-01,Pre
Weston Creek,Burglary,2020,Q1,46,24190,1.9016122364613475,2020-01-01,Pre
Weston Creek,Burglary,2020,Q2,39,24190,1.6122364613476643,2020-04-01,During
Weston Creek,Burglary,2020,Q3,38,24190,1.5708970649028524,2020-07-01,During
Weston Creek,Burglary,2020,Q4,21,24190,0.86812732534105,2020-10-01,During
Weston Creek,Burglary,2021,Q1,18,24487,0.7350839220811043,2021-01-01,During
Weston Creek,Burglary,2021,Q2,30,24487,1.225139870135174,2021-04-01,During
Weston Creek,Burglary,2021,Q3,21,24487,0.8575979090946217,2021-07-01,During
Weston Creek,Burglary,2021,Q4,23,24487,0.9392739004369666,2021-10-01,Post
Weston Creek,Burglary,2022,Q1,36,24639,1.4610982588579082,2022-01-01,Post
Weston Creek,Burglary,2022,Q2,33,24639,1.3393400706197491,2022-04-01,Post
Weston Creek,Burglary,2022,Q3,24,24639,0.9740655059052722,2022-07-01,Post
Weston Creek,Burglary,2022,Q4,30,24639,1.2175818823815903,2022-10-01,Post
Weston Creek,Burglary,2023,Q1,31,24860,1.246983105390185,2023-01-01,Post
Weston Creek,Burglary,2023,Q2,17,24860,0.6838294448913919,2023-04-01,Post
Weston Creek,Burglary,2023,Q3,17,24860,0.6838294448913919,2023-07-01,Post
Weston Creek,Burglary,2023,Q4,25,24860,1.005631536604988,2023-10-01,Post
Weston Creek,Burglary,2024,Q1,17,24917,0.6822651201990608,2024-01-01,Post
Weston Creek,Burglary,2024,Q2,12,24917,0.48159890837580765,2024-04-01,Post
Weston Creek,Burglary,2024,Q3,11,24917,0.441465666011157,2024-07-01,Post
Weston Creek,Burglary,2024,Q4,14,24917,0.561865393105109,2024-10-01,Post
Weston Creek,Burglary,2025,Q1,8,24998,0.3200256020481638,2025-01-01,Post
Weston Creek,Burglary,2025,Q2,4,24998,0.1600128010240819,2025-04-01,Post
Weston Creek,CINs,2014,Q1,0,23619,0.0,2014-01-01,Pre
Weston Creek,CINs,2014,Q2,1,23619,0.04233879503789322,2014-04-01,Pre
Weston Creek,CINs,2014,Q3,2,23619,0.08467759007578644,2014-07-01,Pre
Weston Creek,CINs,2014,Q4,1,23619,0.04233879503789322,2014-10-01,Pre
Weston Creek,CINs,2015,Q1,0,23338,0.0,2015-01-01,Pre
Weston Creek,CINs,2015,Q2,0,23338,0.0,2015-04-01,Pre
Weston Creek,CINs,2015,Q3,0,23338,0.0,2015-07-01,Pre
Weston Creek,CINs,2015,Q4,0,23338,0.0,2015-10-01,Pre
Weston Creek,CINs,2016,Q1,0,23276,0.0,2016-01-01,Pre
Weston Creek,CINs,2016,Q2,2,23276,0.08592541673827118,2016-04-01,Pre
Weston Creek,CINs,2016,Q3,0,23276,0.0,2016-07-01,Pre
Weston Creek,CINs,2016,Q4,0,23276,0.0,2016-10-01,Pre
Weston Creek,CINs,2017,Q1,0,23456,0.0,2017-01-01,Pre
Weston Creek,CINs,2017,Q2,0,23456,0.0,2017-04-01,Pre
Weston Creek,CINs,2017,Q3,0,23456,0.0,2017-07-01,Pre
Weston Creek,CINs,2017,Q4,0,23456,0.0,2017-10-01,Pre
Weston Creek,CINs,2018,Q1,1,23575,0.042417815482502653,2018-01-01,Pre
Weston Creek,CINs,2018,Q2,0,23575,0.0,2018-04-01,Pre
Weston Creek,CINs,2018,Q3,0,23575,0.0,2018-07-01,Pre
Weston Creek,CINs,2018,Q4,0,23575,0.0,2018-10-01,Pre
Weston Creek,CINs,2019,Q1,0,23876,0.0,2019-01-01,Pre
Weston Creek,CINs,2019,Q2,0,23876,0.0,2019-04-01,Pre
Weston Creek,CINs,2019,Q3,0,23876,0.0,2019-07-01,Pre
Weston Creek,CINs,2019,Q4,1,23876,0.041883062489529235,2019-10-01,Pre
Weston Creek,CINs,2020,Q1,0,24190,0.0,2020-01-01,Pre
Weston Creek,CINs,2020,Q2,0,24190,0.0,2020-04-01,During
Weston Creek,CINs,2020,Q3,0,24190,0.0,2020-07-01,During
Weston Creek,CINs,2020,Q4,0,24190,0.0,2020-10-01,During
Weston Creek,CINs,2021,Q1,0,24487,0.0,2021-01-01,During
Weston Creek,CINs,2021,Q2,0,24487,0.0,2021-04-01,During
Weston Creek,CINs,2021,Q3,1,24487,0.04083799567117246,2021-07-01,During
Weston Creek,CINs,2021,Q4,4,24487,0.16335198268468984,2021-10-01,Post
Weston Creek,CINs,2022,Q1,0,24639,0.0,2022-01-01,Post
Weston Creek,CINs,2022,Q2,0,24639,0.0,2022-04-01,Post
Weston Creek,CINs,2022,Q3,1,24639,0.040586062746053,2022-07-01,Post
Weston Creek,CINs,2022,Q4,0,24639,0.0,2022-10-01,Post
Weston Creek,CINs,2023,Q1,0,24860,0.0,2023-01-01,Post
Weston Creek,CINs,2023,Q2,0,24860,0.0,2023-04-01,Post
Weston Creek,CINs,2023,Q3,0,24860,0.0,2023-07-01,Post
Weston Creek,CINs,2023,Q4,0,24860,0.0,2023-10-01,Post
Weston Creek,CINs,2024,Q1,0,24917,0.0,2024-01-01,Post
Weston Creek,CINs,2024,Q2,0,24917,0.0,2024-04-01,Post
Weston Creek,CINs,2024,Q3,1,24917,0.040133242364650636,2024-07-01,Post
Weston Creek,CINs,2024,Q4,0,24917,0.0,2024-10-01,Post
Weston Creek,CINs,2025,Q1,0,24998,0.0,2025-01-01,Post
Weston Creek,CINs,2025,Q2,0,24998,0.0,2025-04-01,Post
Weston Creek,Family Violence,2014,Q1,6,23619,0.2540327702273593,2014-01-01,Pre
Weston Creek,Family Violence,2014,Q2,7,23619,0.29637156526525255,2014-04-01,Pre
Weston Creek,Family Violence,2014,Q3,7,23619,0.29637156526525255,2014-07-01,Pre
Weston Creek,Family Violence,2014,Q4,10,23619,0.42338795037893223,2014-10-01,Pre
Weston Creek,Family Violence,2015,Q1,10,23338,0.4284857314251435,2015-01-01,Pre
Weston Creek,Family Violence,2015,Q2,13,23338,0.5570314508526866,2015-04-01,Pre
Weston Creek,Family Violence,2015,Q3,31,23338,1.328305767417945,2015-07-01,Pre
Weston Creek,Family Violence,2015,Q4,20,23338,0.856971462850287,2015-10-01,Pre
Weston Creek,Family Violence,2016,Q1,17,23276,0.730366042275305,2016-01-01,Pre
Weston Creek,Family Violence,2016,Q2,10,23276,0.4296270836913559,2016-04-01,Pre
Weston Creek,Family Violence,2016,Q3,15,23276,0.6444406255370339,2016-07-01,Pre
Weston Creek,Family Violence,2016,Q4,12,23276,0.5155525004296271,2016-10-01,Pre
Weston Creek,Family Violence,2017,Q1,11,23456,0.4689631650750341,2017-01-01,Pre
Weston Creek,Family Violence,2017,Q2,22,23456,0.9379263301500682,2017-04-01,Pre
Weston Creek,Family Violence,2017,Q3,12,23456,0.5115961800818554,2017-07-01,Pre
Weston Creek,Family Violence,2017,Q4,20,23456,0.8526603001364257,2017-10-01,Pre
Weston Creek,Family Violence,2018,Q1,21,23575,0.8907741251325557,2018-01-01,Pre
Weston Creek,Family Violence,2018,Q2,8,23575,0.33934252386002123,2018-04-01,Pre
Weston Creek,Family Violence,2018,Q3,3,23575,0.12725344644750797,2018-07-01,Pre
Weston Creek,Family Violence,2018,Q4,14,23575,0.5938494167550371,2018-10-01,Pre
Weston Creek,Family Violence,2019,Q1,8,23876,0.3350644999162339,2019-01-01,Pre
Weston Creek,Family Violence,2019,Q2,5,23876,0.20941531244764616,2019-04-01,Pre
Weston Creek,Family Violence,2019,Q3,20,23876,0.8376612497905846,2019-07-01,Pre
Weston Creek,Family Violence,2019,Q4,5,23876,0.20941531244764616,2019-10-01,Pre
Weston Creek,Family Violence,2020,Q1,8,24190,0.3307151715584952,2020-01-01,Pre
Weston Creek,Family Violence,2020,Q2,6,24190,0.24803637866887143,2020-04-01,During
Weston Creek,Family Violence,2020,Q3,12,24190,0.49607275733774286,2020-07-01,During
Weston Creek,Family Violence,2020,Q4,12,24190,0.49607275733774286,2020-10-01,During
Weston Creek,Family Violence,2021,Q1,5,24487,0.2041899783558623,2021-01-01,During
Weston Creek,Family Violence,2021,Q2,15,24487,0.612569935067587,2021-04-01,During
Weston Creek,Family Violence,2021,Q3,14,24487,0.5717319393964144,2021-07-01,During
Weston Creek,Family Violence,2021,Q4,7,24487,0.2858659696982072,2021-10-01,Post
Weston Creek,Family Violence,2022,Q1,20,24639,0.8117212549210602,2022-01-01,Post
Weston Creek,Family Violence,2022,Q2,11,24639,0.44644669020658306,2022-04-01,Post
Weston Creek,Family Violence,2022,Q3,18,24639,0.7305491294289541,2022-07-01,Post
Weston Creek,Family Violence,2022,Q4,19,24639,0.7711351921750071,2022-10-01,Post
Weston Creek,Family Violence,2023,Q1,15,24860,0.6033789219629928,2023-01-01,Post
Weston Creek,Family Violence,2023,Q2,24,24860,0.9654062751407885,2023-04-01,Post
Weston Creek,Family Violence,2023,Q3,20,24860,0.8045052292839904,2023-07-01,Post
Weston Creek,Family Violence,2023,Q4,16,24860,0.6436041834271923,2023-10-01,Post
Weston Creek,Family Violence,2024,Q1,24,24917,0.9631978167516153,2024-01-01,Post
Weston Creek,Family Violence,2024,Q2,15,24917,0.6019986354697595,2024-04-01,Post
Weston Creek,Family Violence,2024,Q3,13,24917,0.5217321507404583,2024-07-01,Post
Weston Creek,Family Violence,2024,Q4,29,24917,1.1638640285748685,2024-10-01,Post
Weston Creek,Family Violence,2025,Q1,20,24998,0.8000640051204096,2025-01-01,Post
Weston Creek,Family Violence,2025,Q2,7,24998,0.2800224017921434,2025-04-01,Post
Weston Creek,Homicide,2014,Q1,0,23619,0.0,2014-01-01,Pre
Weston Creek,Homicide,2014,Q2,0,23619,0.0,2014-04-01,Pre
Weston Creek,Homicide,2014,Q3,0,23619,0.0,2014-07-01,Pre
Weston Creek,Homicide,2014,Q4,0,23619,0.0,2014-10-01,Pre
Weston Creek,Homicide,2015,Q1,0,23338,0.0,2015-01-01,Pre
Weston Creek,Homicide,2015,Q2,0,23338,0.0,2015-04-01,Pre
Weston Creek,Homicide,2015,Q3,0,23338,0.0,2015-07-01,Pre
Weston Creek,Homicide,2015,Q4,0,23338,0.0,2015-10-01,Pre
Weston Creek,Homicide,2016,Q1,0,23276,0.0,2016-01-01,Pre
Weston Creek,Homicide,2016,Q2,0,23276,0.0,2016-04-01,Pre
Weston Creek,Homicide,2016,Q3,0,23276,0.0,2016-07-01,Pre
Weston Creek,Homicide,2016,Q4,0,23276,0.0,2016-10-01,Pre
Weston Creek,Homicide,2017,Q1,0,23456,0.0,2017-01-01,Pre
Weston Creek,Homicide,2017,Q2,0,23456,0.0,2017-04-01,Pre
Weston Creek,Homicide,2017,Q3,0,23456,0.0,2017-07-01,Pre
Weston Creek,Homicide,2017,Q4,1,23456,0.04263301500682128,2017-10-01,Pre
Weston Creek,Homicide,2018,Q1,0,23575,0.0,2018-01-01,Pre
Weston Creek,Homicide,2018,Q2,0,23575,0.0,2018-04-01,Pre
Weston Creek,Homicide,2018,Q3,0,23575,0.0,2018-07-01,Pre
Weston Creek,Homicide,2018,Q4,0,23575,0.0,2018-10-01,Pre
Weston Creek,Homicide,2019,Q1,0,23876,0.0,2019-01-01,Pre
Weston Creek,Homicide,2019,Q2,0,23876,0.0,2019-04-01,Pre
Weston Creek,Homicide,2019,Q3,0,23876,0.0,2019-07-01,Pre
Weston Creek,Homicide,2019,Q4,0,23876,0.0,2019-10-01,Pre
Weston Creek,Homicide,2020,Q1,0,24190,0.0,2020-01-01,Pre
Weston Creek,Homicide,2020,Q2,0,24190,0.0,2020-04-01,During
Weston Creek,Homicide,2020,Q3,1,24190,0.0413393964448119,2020-07-01,During
Weston Creek,Homicide,2020,Q4,0,24190,0.0,2020-10-01,During
Weston Creek,Homicide,2021,Q1,0,24487,0.0,2021-01-01,During
Weston Creek,Homicide,2021,Q2,0,24487,0.0,2021-04-01,During
Weston Creek,Homicide,2021,Q3,0,24487,0.0,2021-07-01,During
Weston Creek,Homicide,2021,Q4,0,24487,0.0,2021-10-01,Post
Weston Creek,Homicide,2022,Q1,0,24639,0.0,2022-01-01,Post
Weston Creek,Homicide,2022,Q2,0,24639,0.0,2022-04-01,Post
Weston Creek,Homicide,2022,Q3,0,24639,0.0,2022-07-01,Post
Weston Creek,Homicide,2022,Q4,0,24639,0.0,2022-10-01,Post
Weston Creek,Homicide,2023,Q1,0,24860,0.0,2023-01-01,Post
Weston Creek,Homicide,2023,Q2,0,24860,0.0,2023-04-01,Post
Weston Creek,Homicide,2023,Q3,1,24860,0.04022526146419952,2023-07-01,Post
Weston Creek,Homicide,2023,Q4,0,24860,0.0,2023-10-01,Post
Weston Creek,Homicide,2024,Q1,0,24917,0.0,2024-01-01,Post
Weston Creek,Homicide,2024,Q2,0,24917,0.0,2024-04-01,Post
Weston Creek,Homicide,2024,Q3,0,24917,0.0,2024-07-01,Post
Weston Creek,Homicide,2024,Q4,0,24917,0.0,2024-10-01,Post
Weston Creek,Homicide,2025,Q1,1,24998,0.04000320025602048,2025-01-01,Post
Weston Creek,Homicide,2025,Q2,0,24998,0.0,2025-04-01,Post
Weston Creek,Other,2014,Q1,101,23619,4.2762182988272155,2014-01-01,Pre
Weston Creek,Other,2014,Q2,77,23619,3.260087217917778,2014-04-01,Pre
Weston Creek,Other,2014,Q3,94,23619,3.979846733561963,2014-07-01,Pre
Weston Creek,Other,2014,Q4,87,23619,3.6834751682967104,2014-10-01,Pre
Weston Creek,Other,2015,Q1,88,23338,3.770674436541263,2015-01-01,Pre
Weston Creek,Other,2015,Q2,109,23338,4.670494472534064,2015-04-01,Pre
Weston Creek,Other,2015,Q3,105,23338,4.499100179964007,2015-07-01,Pre
Weston Creek,Other,2015,Q4,86,23338,3.684977290256234,2015-10-01,Pre
Weston Creek,Other,2016,Q1,228,23276,9.795497508162915,2016-01-01,Pre
Weston Creek,Other,2016,Q2,70,23276,3.0073895858394915,2016-04-01,Pre
Weston Creek,Other,2016,Q3,100,23276,4.296270836913559,2016-07-01,Pre
Weston Creek,Other,2016,Q4,97,23276,4.167382711806153,2016-10-01,Pre
Weston Creek,Other,2017,Q1,98,23456,4.178035470668486,2017-01-01,Pre
Weston Creek,Other,2017,Q2,80,23456,3.4106412005457027,2017-04-01,Pre
Weston Creek,Other,2017,Q3,115,23456,4.902796725784447,2017-07-01,Pre
Weston Creek,Other,2017,Q4,124,23456,5.286493860845839,2017-10-01,Pre
Weston Creek,Other,2018,Q1,103,23575,4.369034994697773,2018-01-01,Pre
Weston Creek,Other,2018,Q2,81,23575,3.435843054082715,2018-04-01,Pre
Weston Creek,Other,2018,Q3,91,23575,3.8600212089077415,2018-07-01,Pre
Weston Creek,Other,2018,Q4,80,23575,3.393425238600212,2018-10-01,Pre
Weston Creek,Other,2019,Q1,81,23876,3.3925280616518676,2019-01-01,Pre
Weston Creek,Other,2019,Q2,80,23876,3.3506449991623386,2019-04-01,Pre
Weston Creek,Other,2019,Q3,75,23876,3.1412296867146923,2019-07-01,Pre
Weston Creek,Other,2019,Q4,113,23876,4.732786061316803,2019-10-01,Pre
Weston Creek,Other,2020,Q1,99,24190,4.092600248036378,2020-01-01,Pre
Weston Creek,Other,2020,Q2,148,24190,6.118230673832162,2020-04-01,During
Weston Creek,Other,2020,Q3,112,24190,4.6300124018189335,2020-07-01,During
Weston Creek,Other,2020,Q4,101,24190,4.175279040926002,2020-10-01,During
Weston Creek,Other,2021,Q1,247,24487,10.086984930779598,2021-01-01,During
Weston Creek,Other,2021,Q2,116,24487,4.737207497856006,2021-04-01,During
Weston Creek,Other,2021,Q3,90,24487,3.6754196104055215,2021-07-01,During
Weston Creek,Other,2021,Q4,91,24487,3.716257606076694,2021-10-01,Post
Weston Creek,Other,2022,Q1,62,24639,2.5163358902552866,2022-01-01,Post
Weston Creek,Other,2022,Q2,86,24639,3.4904013961605584,2022-04-01,Post
Weston Creek,Other,2022,Q3,85,24639,3.4498153334145054,2022-07-01,Post
Weston Creek,Other,2022,Q4,101,24639,4.0991923373513535,2022-10-01,Post
Weston Creek,Other,2023,Q1,117,24860,4.706355591311343,2023-01-01,Post
Weston Creek,Other,2023,Q2,85,24860,3.419147224456959,2023-04-01,Post
Weston Creek,Other,2023,Q3,115,24860,4.625905068382945,2023-07-01,Post
Weston Creek,Other,2023,Q4,60,24860,2.4135156878519712,2023-10-01,Post
Weston Creek,Other,2024,Q1,44,24917,1.765862664044628,2024-01-01,Post
Weston Creek,Other,2024,Q2,61,24917,2.448127784243689,2024-04-01,Post
Weston Creek,Other,2024,Q3,72,24917,2.889593450254846,2024-07-01,Post
Weston Creek,Other,2024,Q4,66,24917,2.648793996066942,2024-10-01,Post
Weston Creek,Other,2025,Q1,109,24998,4.360348827906233,2025-01-01,Post
Weston Creek,Other,2025,Q2,125,24998,5.00040003200256,2025-04-01,Post
Weston Creek,Property Damage,2014,Q1,40,23619,1.693551801515729,2014-01-01,Pre
Weston Creek,Property Damage,2014,Q2,45,23619,1.905245776705195,2014-04-01,Pre
Weston Creek,Property Damage,2014,Q3,45,23619,1.905245776705195,2014-07-01,Pre
Weston Creek,Property Damage,2014,Q4,74,23619,3.1330708328040986,2014-10-01,Pre
Weston Creek,Property Damage,2015,Q1,68,23338,2.913702973690976,2015-01-01,Pre
Weston Creek,Property Damage,2015,Q2,57,23338,2.442368669123318,2015-04-01,Pre
Weston Creek,Property Damage,2015,Q3,49,23338,2.099580083983203,2015-07-01,Pre
Weston Creek,Property Damage,2015,Q4,64,23338,2.7423086811209187,2015-10-01,Pre
Weston Creek,Property Damage,2016,Q1,53,23276,2.2770235435641863,2016-01-01,Pre
Weston Creek,Property Damage,2016,Q2,75,23276,3.2222031276851695,2016-04-01,Pre
Weston Creek,Property Damage,2016,Q3,48,23276,2.0622100017185083,2016-07-01,Pre
Weston Creek,Property Damage,2016,Q4,39,23276,1.675545626396288,2016-10-01,Pre
Weston Creek,Property Damage,2017,Q1,53,23456,2.259549795361528,2017-01-01,Pre
Weston Creek,Property Damage,2017,Q2,43,23456,1.8332196452933152,2017-04-01,Pre
Weston Creek,Property Damage,2017,Q3,54,23456,2.3021828103683495,2017-07-01,Pre
Weston Creek,Property Damage,2017,Q4,41,23456,1.7479536152796726,2017-10-01,Pre
Weston Creek,Property Damage,2018,Q1,41,23575,1.7391304347826086,2018-01-01,Pre
Weston Creek,Property Damage,2018,Q2,40,23575,1.696712619300106,2018-04-01,Pre
Weston Creek,Property Damage,2018,Q3,34,23575,1.4422057264050903,2018-07-01,Pre
Weston Creek,Property Damage,2018,Q4,54,23575,2.2905620360551433,2018-10-01,Pre
Weston Creek,Property Damage,2019,Q1,44,23876,1.8428547495392862,2019-01-01,Pre
Weston Creek,Property Damage,2019,Q2,58,23876,2.4292176243926953,2019-04-01,Pre
Weston Creek,Property Damage,2019,Q3,66,23876,2.7642821243089295,2019-07-01,Pre
Weston Creek,Property Damage,2019,Q4,83,23876,3.4762941866309265,2019-10-01,Pre
Weston Creek,Property Damage,2020,Q1,48,24190,1.9842910293509715,2020-01-01,Pre
Weston Creek,Property Damage,2020,Q2,42,24190,1.7362546506821,2020-04-01,During
Weston Creek,Property Damage,2020,Q3,40,24190,1.6535758577924762,2020-07-01,During
Weston Creek,Property Damage,2020,Q4,34,24190,1.4055394791236047,2020-10-01,During
Weston Creek,Property Damage,2021,Q1,34,24487,1.3884918528198638,2021-01-01,During
Weston Creek,Property Damage,2021,Q2,42,24487,1.7151958181892435,2021-04-01,During
Weston Creek,Property Damage,2021,Q3,44,24487,1.7968718095315883,2021-07-01,During
Weston Creek,Property Damage,2021,Q4,42,24487,1.7151958181892435,2021-10-01,Post
Weston Creek,Property Damage,2022,Q1,36,24639,1.4610982588579082,2022-01-01,Post
Weston Creek,Property Damage,2022,Q2,28,24639,1.1364097568894842,2022-04-01,Post
Weston Creek,Property Damage,2022,Q3,47,24639,1.9075449490644913,2022-07-01,Post
Weston Creek,Property Damage,2022,Q4,29,24639,1.1769958196355372,2022-10-01,Post
Weston Creek,Property Damage,2023,Q1,44,24860,1.7699115044247788,2023-01-01,Post
Weston Creek,Property Damage,2023,Q2,32,24860,1.2872083668543846,2023-04-01,Post
Weston Creek,Property Damage,2023,Q3,60,24860,2.4135156878519712,2023-07-01,Post
Weston Creek,Property Damage,2023,Q4,38,24860,1.5285599356395816,2023-10-01,Post
Weston Creek,Property Damage,2024,Q1,25,24917,1.0033310591162659,2024-01-01,Post
Weston Creek,Property Damage,2024,Q2,17,24917,0.6822651201990608,2024-04-01,Post
Weston Creek,Property Damage,2024,Q3,26,24917,1.0434643014809166,2024-07-01,Post
Weston Creek,Property Damage,2024,Q4,32,24917,1.2842637556688203,2024-10-01,Post
Weston Creek,Property Damage,2025,Q1,13,24998,0.5200416033282662,2025-01-01,Post
Weston Creek,Property Damage,2025,Q2,18,24998,0.7200576046083687,2025-04-01,Post
Weston Creek,Robbery,2014,Q1,2,23619,0.08467759007578644,2014-01-01,Pre
Weston Creek,Robbery,2014,Q2,3,23619,0.12701638511367966,2014-04-01,Pre
Weston Creek,Robbery,2014,Q3,9,23619,0.381049155341039,2014-07-01,Pre
Weston Creek,Robbery,2014,Q4,4,23619,0.1693551801515729,2014-10-01,Pre
Weston Creek,Robbery,2015,Q1,2,23338,0.08569714628502871,2015-01-01,Pre
Weston Creek,Robbery,2015,Q2,0,23338,0.0,2015-04-01,Pre
Weston Creek,Robbery,2015,Q3,0,23338,0.0,2015-07-01,Pre
Weston Creek,Robbery,2015,Q4,0,23338,0.0,2015-10-01,Pre
Weston Creek,Robbery,2016,Q1,0,23276,0.0,2016-01-01,Pre
Weston Creek,Robbery,2016,Q2,1,23276,0.04296270836913559,2016-04-01,Pre
Weston Creek,Robbery,2016,Q3,3,23276,0.12888812510740677,2016-07-01,Pre
Weston Creek,Robbery,2016,Q4,3,23276,0.12888812510740677,2016-10-01,Pre
Weston Creek,Robbery,2017,Q1,3,23456,0.12789904502046384,2017-01-01,Pre
Weston Creek,Robbery,2017,Q2,2,23456,0.08526603001364257,2017-04-01,Pre
Weston Creek,Robbery,2017,Q3,3,23456,0.12789904502046384,2017-07-01,Pre
Weston Creek,Robbery,2017,Q4,3,23456,0.12789904502046384,2017-10-01,Pre
Weston Creek,Robbery,2018,Q1,6,23575,0.25450689289501593,2018-01-01,Pre
Weston Creek,Robbery,2018,Q2,2,23575,0.08483563096500531,2018-04-01,Pre
Weston Creek,Robbery,2018,Q3,1,23575,0.042417815482502653,2018-07-01,Pre
Weston Creek,Robbery,2018,Q4,0,23575,0.0,2018-10-01,Pre
Weston Creek,Robbery,2019,Q1,2,23876,0.08376612497905847,2019-01-01,Pre
Weston Creek,Robbery,2019,Q2,0,23876,0.0,2019-04-01,Pre
Weston Creek,Robbery,2019,Q3,7,23876,0.2931814374267046,2019-07-01,Pre
Weston Creek,Robbery,2019,Q4,2,23876,0.08376612497905847,2019-10-01,Pre
Weston Creek,Robbery,2020,Q1,1,24190,0.0413393964448119,2020-01-01,Pre
Weston Creek,Robbery,2020,Q2,1,24190,0.0413393964448119,2020-04-01,During
Weston Creek,Robbery,2020,Q3,3,24190,0.12401818933443572,2020-07-01,During
Weston Creek,Robbery,2020,Q4,1,24190,0.0413393964448119,2020-10-01,During
Weston Creek,Robbery,2021,Q1,2,24487,0.08167599134234492,2021-01-01,During
Weston Creek,Robbery,2021,Q2,3,24487,0.12251398701351739,2021-04-01,During
Weston Creek,Robbery,2021,Q3,1,24487,0.04083799567117246,2021-07-01,During
Weston Creek,Robbery,2021,Q4,2,24487,0.08167599134234492,2021-10-01,Post
Weston Creek,Robbery,2022,Q1,2,24639,0.081172125492106,2022-01-01,Post
Weston Creek,Robbery,2022,Q2,6,24639,0.24351637647631805,2022-04-01,Post
Weston Creek,Robbery,2022,Q3,1,24639,0.040586062746053,2022-07-01,Post
Weston Creek,Robbery,2022,Q4,1,24639,0.040586062746053,2022-10-01,Post
Weston Creek,Robbery,2023,Q1,3,24860,0.12067578439259856,2023-01-01,Post
Weston Creek,Robbery,2023,Q2,2,24860,0.08045052292839903,2023-04-01,Post
Weston Creek,Robbery,2023,Q3,0,24860,0.0,2023-07-01,Post
Weston Creek,Robbery,2023,Q4,1,24860,0.04022526146419952,2023-10-01,Post
Weston Creek,Robbery,2024,Q1,1,24917,0.040133242364650636,2024-01-01,Post
Weston Creek,Robbery,2024,Q2,0,24917,0.0,2024-04-01,Post
Weston Creek,Robbery,2024,Q3,0,24917,0.0,2024-07-01,Post
Weston Creek,Robbery,2024,Q4,1,24917,0.040133242364650636,2024-10-01,Post
Weston Creek,Robbery,2025,Q1,1,24998,0.04000320025602048,2025-01-01,Post
Weston Creek,Robbery,2025,Q2,1,24998,0.04000320025602048,2025-04-01,Post
Weston Creek,Sexual Assault,2014,Q1,11,23619,0.46572674541682546,2014-01-01,Pre
Weston Creek,Sexual Assault,2014,Q2,1,23619,0.04233879503789322,2014-04-01,Pre
Weston Creek,Sexual Assault,2014,Q3,2,23619,0.08467759007578644,2014-07-01,Pre
Weston Creek,Sexual Assault,2014,Q4,6,23619,0.2540327702273593,2014-10-01,Pre
Weston Creek,Sexual Assault,2015,Q1,3,23338,0.12854571942754306,2015-01-01,Pre
Weston Creek,Sexual Assault,2015,Q2,5,23338,0.21424286571257176,2015-04-01,Pre
Weston Creek,Sexual Assault,2015,Q3,23,23338,0.9855171822778301,2015-07-01,Pre
Weston Creek,Sexual Assault,2015,Q4,8,23338,0.34278858514011484,2015-10-01,Pre
Weston Creek,Sexual Assault,2016,Q1,3,23276,0.12888812510740677,2016-01-01,Pre
Weston Creek,Sexual Assault,2016,Q2,9,23276,0.3866643753222203,2016-04-01,Pre
Weston Creek,Sexual Assault,2016,Q3,5,23276,0.21481354184567794,2016-07-01,Pre
Weston Creek,Sexual Assault,2016,Q4,9,23276,0.3866643753222203,2016-10-01,Pre
Weston Creek,Sexual Assault,2017,Q1,4,23456,0.17053206002728513,2017-01-01,Pre
Weston Creek,Sexual Assault,2017,Q2,4,23456,0.17053206002728513,2017-04-01,Pre
Weston Creek,Sexual Assault,2017,Q3,5,23456,0.21316507503410642,2017-07-01,Pre
Weston Creek,Sexual Assault,2017,Q4,5,23456,0.21316507503410642,2017-10-01,Pre
Weston Creek,Sexual Assault,2018,Q1,1,23575,0.042417815482502653,2018-01-01,Pre
Weston Creek,Sexual Assault,2018,Q2,2,23575,0.08483563096500531,2018-04-01,Pre
Weston Creek,Sexual Assault,2018,Q3,4,23575,0.16967126193001061,2018-07-01,Pre
Weston Creek,Sexual Assault,2018,Q4,7,23575,0.29692470837751855,2018-10-01,Pre
Weston Creek,Sexual Assault,2019,Q1,20,23876,0.8376612497905846,2019-01-01,Pre
Weston Creek,Sexual Assault,2019,Q2,1,23876,0.041883062489529235,2019-04-01,Pre
Weston Creek,Sexual Assault,2019,Q3,5,23876,0.20941531244764616,2019-07-01,Pre
Weston Creek,Sexual Assault,2019,Q4,5,23876,0.20941531244764616,2019-10-01,Pre
Weston Creek,Sexual Assault,2020,Q1,2,24190,0.0826787928896238,2020-01-01,Pre
Weston Creek,Sexual Assault,2020,Q2,15,24190,0.6200909466721786,2020-04-01,During
Weston Creek,Sexual Assault,2020,Q3,4,24190,0.1653575857792476,2020-07-01,During
Weston Creek,Sexual Assault,2020,Q4,8,24190,0.3307151715584952,2020-10-01,During
Weston Creek,Sexual Assault,2021,Q1,8,24487,0.3267039653693797,2021-01-01,During
Weston Creek,Sexual Assault,2021,Q2,3,24487,0.12251398701351739,2021-04-01,During
Weston Creek,Sexual Assault,2021,Q3,1,24487,0.04083799567117246,2021-07-01,During
Weston Creek,Sexual Assault,2021,Q4,5,24487,0.2041899783558623,2021-10-01,Post
Weston Creek,Sexual Assault,2022,Q1,6,24639,0.24351637647631805,2022-01-01,Post
Weston Creek,Sexual Assault,2022,Q2,2,24639,0.081172125492106,2022-04-01,Post
Weston Creek,Sexual Assault,2022,Q3,8,24639,0.324688501968424,2022-07-01,Post
Weston Creek,Sexual Assault,2022,Q4,2,24639,0.081172125492106,2022-10-01,Post
Weston Creek,Sexual Assault,2023,Q1,13,24860,0.5229283990345938,2023-01-01,Post
Weston Creek,Sexual Assault,2023,Q2,15,24860,0.6033789219629928,2023-04-01,Post
Weston Creek,Sexual Assault,2023,Q3,3,24860,0.12067578439259856,2023-07-01,Post
Weston Creek,Sexual Assault,2023,Q4,8,24860,0.32180209171359614,2023-10-01,Post
Weston Creek,Sexual Assault,2024,Q1,5,24917,0.2006662118232532,2024-01-01,Post
Weston Creek,Sexual Assault,2024,Q2,2,24917,0.08026648472930127,2024-04-01,Post
Weston Creek,Sexual Assault,2024,Q3,0,24917,0.0,2024-07-01,Post
Weston Creek,Sexual Assault,2024,Q4,7,24917,0.2809326965525545,2024-10-01,Post
Weston Creek,Sexual Assault,2025,Q1,2,24998,0.08000640051204096,2025-01-01,Post
Weston Creek,Sexual Assault,2025,Q2,3,24998,0.12000960076806144,2025-04-01,Post
Weston Creek,TINs,2014,Q1,125,23619,5.2923493797366525,2014-01-01,Pre
Weston Creek,TINs,2014,Q2,87,23619,3.6834751682967104,2014-04-01,Pre
Weston Creek,TINs,2014,Q3,113,23619,4.784283839281934,2014-07-01,Pre
Weston Creek,TINs,2014,Q4,75,23619,3.1754096278419914,2014-10-01,Pre
Weston Creek,TINs,2015,Q1,63,23338,2.699460107978404,2015-01-01,Pre
Weston Creek,TINs,2015,Q2,75,23338,3.2136429856885766,2015-04-01,Pre
Weston Creek,TINs,2015,Q3,75,23338,3.2136429856885766,2015-07-01,Pre
Weston Creek,TINs,2015,Q4,83,23338,3.5564315708286913,2015-10-01,Pre
Weston Creek,TINs,2016,Q1,35,23276,1.5036947929197457,2016-01-01,Pre
Weston Creek,TINs,2016,Q2,51,23276,2.1910981268259153,2016-04-01,Pre
Weston Creek,TINs,2016,Q3,67,23276,2.8785014607320845,2016-07-01,Pre
Weston Creek,TINs,2016,Q4,52,23276,2.234060835195051,2016-10-01,Pre
Weston Creek,TINs,2017,Q1,47,23456,2.0037517053206004,2017-01-01,Pre
Weston Creek,TINs,2017,Q2,51,23456,2.1742837653478855,2017-04-01,Pre
Weston Creek,TINs,2017,Q3,62,23456,2.6432469304229196,2017-07-01,Pre
Weston Creek,TINs,2017,Q4,41,23456,1.7479536152796726,2017-10-01,Pre
Weston Creek,TINs,2018,Q1,52,23575,2.2057264050901377,2018-01-01,Pre
Weston Creek,TINs,2018,Q2,33,23575,1.3997879109225875,2018-04-01,Pre
Weston Creek,TINs,2018,Q3,53,23575,2.2481442205726405,2018-07-01,Pre
Weston Creek,TINs,2018,Q4,33,23575,1.3997879109225875,2018-10-01,Pre
Weston Creek,TINs,2019,Q1,24,23876,1.0051934997487015,2019-01-01,Pre
Weston Creek,TINs,2019,Q2,41,23876,1.7172055620706985,2019-04-01,Pre
Weston Creek,TINs,2019,Q3,20,23876,0.8376612497905846,2019-07-01,Pre
Weston Creek,TINs,2019,Q4,19,23876,0.7957781873010554,2019-10-01,Pre
Weston Creek,TINs,2020,Q1,36,24190,1.4882182720132284,2020-01-01,Pre
Weston Creek,TINs,2020,Q2,61,24190,2.521703183133526,2020-04-01,During
Weston Creek,TINs,2020,Q3,44,24190,1.8189334435717237,2020-07-01,During
Weston Creek,TINs,2020,Q4,27,24190,1.1161637040099215,2020-10-01,During
Weston Creek,TINs,2021,Q1,31,24487,1.2659778658063463,2021-01-01,During
Weston Creek,TINs,2021,Q2,23,24487,0.9392739004369666,2021-04-01,During
Weston Creek,TINs,2021,Q3,20,24487,0.8167599134234492,2021-07-01,During
Weston Creek,TINs,2021,Q4,15,24487,0.612569935067587,2021-10-01,Post
Weston Creek,TINs,2022,Q1,14,24639,0.5682048784447421,2022-01-01,Post
Weston Creek,TINs,2022,Q2,11,24639,0.44644669020658306,2022-04-01,Post
Weston Creek,TINs,2022,Q3,18,24639,0.7305491294289541,2022-07-01,Post
Weston Creek,TINs,2022,Q4,13,24639,0.5276188156986891,2022-10-01,Post
Weston Creek,TINs,2023,Q1,21,24860,0.8447304907481898,2023-01-01,Post
Weston Creek,TINs,2023,Q2,36,24860,1.4481094127111827,2023-04-01,Post
Weston Creek,TINs,2023,Q3,26,24860,1.0458567980691875,2023-07-01,Post
Weston Creek,TINs,2023,Q4,14,24860,0.5631536604987932,2023-10-01,Post
Weston Creek,TINs,2024,Q1,30,24917,1.203997270939519,2024-01-01,Post
Weston Creek,TINs,2024,Q2,26,24917,1.0434643014809166,2024-04-01,Post
Weston Creek,TINs,2024,Q3,32,24917,1.2842637556688203,2024-07-01,Post
Weston Creek,TINs,2024,Q4,31,24917,1.2441305133041698,2024-10-01,Post
Weston Creek,TINs,2025,Q1,64,24998,2.5602048163853106,2025-01-01,Post
Weston Creek,TINs,2025,Q2,58,24998,2.320185614849188,2025-04-01,Post
Weston Creek,Theft,2014,Q1,67,23619,2.836699267538846,2014-01-01,Pre
Weston Creek,Theft,2014,Q2,73,23619,3.0907320377662053,2014-04-01,Pre
Weston Creek,Theft,2014,Q3,96,23619,4.064524323637749,2014-07-01,Pre
Weston Creek,Theft,2014,Q4,113,23619,4.784283839281934,2014-10-01,Pre
Weston Creek,Theft,2015,Q1,151,23338,6.470134544519667,2015-01-01,Pre
Weston Creek,Theft,2015,Q2,143,23338,6.127345959379553,2015-04-01,Pre
Weston Creek,Theft,2015,Q3,141,23338,6.041648813094524,2015-07-01,Pre
Weston Creek,Theft,2015,Q4,198,23338,8.484017482217842,2015-10-01,Pre
Weston Creek,Theft,2016,Q1,127,23276,5.45626396288022,2016-01-01,Pre
Weston Creek,Theft,2016,Q2,170,23276,7.30366042275305,2016-04-01,Pre
Weston Creek,Theft,2016,Q3,100,23276,4.296270836913559,2016-07-01,Pre
Weston Creek,Theft,2016,Q4,90,23276,3.866643753222203,2016-10-01,Pre
Weston Creek,Theft,2017,Q1,94,23456,4.007503410641201,2017-01-01,Pre
Weston Creek,Theft,2017,Q2,91,23456,3.879604365620737,2017-04-01,Pre
Weston Creek,Theft,2017,Q3,108,23456,4.604365620736699,2017-07-01,Pre
Weston Creek,Theft,2017,Q4,124,23456,5.286493860845839,2017-10-01,Pre
Weston Creek,Theft,2018,Q1,119,23575,5.047720042417816,2018-01-01,Pre
Weston Creek,Theft,2018,Q2,87,23575,3.6903499469777308,2018-04-01,Pre
Weston Creek,Theft,2018,Q3,61,23575,2.587486744432662,2018-07-01,Pre
Weston Creek,Theft,2018,Q4,92,23575,3.902439024390244,2018-10-01,Pre
Weston Creek,Theft,2019,Q1,61,23876,2.554866811861283,2019-01-01,Pre
Weston Creek,Theft,2019,Q2,109,23876,4.565253811358686,2019-04-01,Pre
Weston Creek,Theft,2019,Q3,131,23876,5.48668118612833,2019-07-01,Pre
Weston Creek,Theft,2019,Q4,155,23876,6.491874685877031,2019-10-01,Pre
Weston Creek,Theft,2020,Q1,138,24190,5.704836709384042,2020-01-01,Pre
Weston Creek,Theft,2020,Q2,98,24190,4.051260851591566,2020-04-01,During
Weston Creek,Theft,2020,Q3,80,24190,3.3071517155849524,2020-07-01,During
Weston Creek,Theft,2020,Q4,100,24190,4.13393964448119,2020-10-01,During
Weston Creek,Theft,2021,Q1,102,24487,4.165475558459591,2021-01-01,During
Weston Creek,Theft,2021,Q2,76,24487,3.1036876710091073,2021-04-01,During
Weston Creek,Theft,2021,Q3,86,24487,3.512067627720832,2021-07-01,During
Weston Creek,Theft,2021,Q4,79,24487,3.2262016580226245,2021-10-01,Post
Weston Creek,Theft,2022,Q1,89,24639,3.6121595843987175,2022-01-01,Post
Weston Creek,Theft,2022,Q2,91,24639,3.6933317098908236,2022-04-01,Post
Weston Creek,Theft,2022,Q3,68,24639,2.7598522667316043,2022-07-01,Post
Weston Creek,Theft,2022,Q4,71,24639,2.8816104549697634,2022-10-01,Post
Weston Creek,Theft,2023,Q1,101,24860,4.062751407884151,2023-01-01,Post
Weston Creek,Theft,2023,Q2,73,24860,2.936444086886565,2023-04-01,Post
Weston Creek,Theft,2023,Q3,45,24860,1.8101367658889784,2023-07-01,Post
Weston Creek,Theft,2023,Q4,54,24860,2.172164119066774,2023-10-01,Post
Weston Creek,Theft,2024,Q1,41,24917,1.6454629369506761,2024-01-01,Post
Weston Creek,Theft,2024,Q2,44,24917,1.765862664044628,2024-04-01,Post
Weston Creek,Theft,2024,Q3,47,24917,1.88626239113858,2024-07-01,Post
Weston Creek,Theft,2024,Q4,66,24917,2.648793996066942,2024-10-01,Post
Weston Creek,Theft,2025,Q1,51,24998,2.0401632130570446,2025-01-01,Post
Weston Creek,Theft,2025,Q2,42,24998,1.6801344107528602,2025-04-01,Post
Woden,All Crime,2014,Q1,877,34967,25.08079045957617,2014-01-01,Pre
Woden,All Crime,2014,Q2,974,34967,27.854834558297824,2014-04-01,Pre
Woden,All Crime,2014,Q3,1043,34967,29.82812365945034,2014-07-01,Pre
Woden,All Crime,2014,Q4,1003,34967,28.684187948637287,2014-10-01,Pre
Woden,All Crime,2015,Q1,818,35112,23.296878560036454,2015-01-01,Pre
Woden,All Crime,2015,Q2,939,35112,26.742993848257004,2015-04-01,Pre
Woden,All Crime,2015,Q3,929,35112,26.45819093187514,2015-07-01,Pre
Woden,All Crime,2015,Q4,938,35112,26.71451355661882,2015-10-01,Pre
Woden,All Crime,2016,Q1,665,35388,18.791680795749972,2016-01-01,Pre
Woden,All Crime,2016,Q2,841,35388,23.76511811913643,2016-04-01,Pre
Woden,All Crime,2016,Q3,969,35388,27.382163445235676,2016-07-01,Pre
Woden,All Crime,2016,Q4,841,35388,23.76511811913643,2016-10-01,Pre
Woden,All Crime,2017,Q1,958,36287,26.400639347424697,2017-01-01,Pre
Woden,All Crime,2017,Q2,942,36287,25.959710089012596,2017-04-01,Pre
Woden,All Crime,2017,Q3,1075,36287,29.624934549563203,2017-07-01,Pre
Woden,All Crime,2017,Q4,1023,36287,28.19191445972387,2017-10-01,Pre
Woden,All Crime,2018,Q1,1060,37093,28.57682042433882,2018-01-01,Pre
Woden,All Crime,2018,Q2,1054,37093,28.41506483703124,2018-04-01,Pre
Woden,All Crime,2018,Q3,831,37093,22.403148842099586,2018-07-01,Pre
Woden,All Crime,2018,Q4,798,37093,21.513493111907906,2018-10-01,Pre
Woden,All Crime,2019,Q1,699,37711,18.53570576224444,2019-01-01,Pre
Woden,All Crime,2019,Q2,790,37711,20.948794781363528,2019-04-01,Pre
Woden,All Crime,2019,Q3,635,37711,16.838588210336507,2019-07-01,Pre
Woden,All Crime,2019,Q4,740,37711,19.622921693935456,2019-10-01,Pre
Woden,All Crime,2020,Q1,730,38688,18.868899917287013,2020-01-01,Pre
Woden,All Crime,2020,Q2,642,38688,16.594292803970223,2020-04-01,During
Woden,All Crime,2020,Q3,536,38688,13.854425144747724,2020-07-01,During
Woden,All Crime,2020,Q4,603,38688,15.58622828784119,2020-10-01,During
Woden,All Crime,2021,Q1,645,39079,16.505028276056194,2021-01-01,During
Woden,All Crime,2021,Q2,628,39079,16.07001202691983,2021-04-01,During
Woden,All Crime,2021,Q3,557,39079,14.253179456997364,2021-07-01,During
Woden,All Crime,2021,Q4,723,39079,18.500985183858337,2021-10-01,Post
Woden,All Crime,2022,Q1,551,39587,13.918710687852071,2022-01-01,Post
Woden,All Crime,2022,Q2,666,39587,16.823704751559855,2022-04-01,Post
Woden,All Crime,2022,Q3,690,39587,17.429964382246695,2022-07-01,Post
Woden,All Crime,2022,Q4,604,39587,15.25753403895218,2022-10-01,Post
Woden,All Crime,2023,Q1,629,39924,15.754934375313095,2023-01-01,Post
Woden,All Crime,2023,Q2,635,39924,15.905219917843903,2023-04-01,Post
Woden,All Crime,2023,Q3,760,39924,19.03616872056908,2023-07-01,Post
Woden,All Crime,2023,Q4,584,39924,14.627792806332032,2023-10-01,Post
Woden,All Crime,2024,Q1,613,40857,15.003548963457915,2024-01-01,Post
Woden,All Crime,2024,Q2,539,40857,13.19235381941895,2024-04-01,Post
Woden,All Crime,2024,Q3,581,40857,14.220329441711336,2024-07-01,Post
Woden,All Crime,2024,Q4,642,40857,15.713341655040752,2024-10-01,Post
Woden,All Crime,2025,Q1,668,41600,16.057692307692307,2025-01-01,Post
Woden,All Crime,2025,Q2,666,41600,16.009615384615383,2025-04-01,Post
Woden,Assault,2014,Q1,24,34967,0.6863614264878314,2014-01-01,Pre
Woden,Assault,2014,Q2,30,34967,0.8579517831097893,2014-04-01,Pre
Woden,Assault,2014,Q3,32,34967,0.9151485686504419,2014-07-01,Pre
Woden,Assault,2014,Q4,26,34967,0.743558212028484,2014-10-01,Pre
Woden,Assault,2015,Q1,34,35112,0.9683299156983367,2015-01-01,Pre
Woden,Assault,2015,Q2,30,35112,0.8544087491455912,2015-04-01,Pre
Woden,Assault,2015,Q3,22,35112,0.6265664160401002,2015-07-01,Pre
Woden,Assault,2015,Q4,32,35112,0.9113693324219639,2015-10-01,Pre
Woden,Assault,2016,Q1,28,35388,0.7912286650842094,2016-01-01,Pre
Woden,Assault,2016,Q2,30,35388,0.84774499830451,2016-04-01,Pre
Woden,Assault,2016,Q3,32,35388,0.9042613315248107,2016-07-01,Pre
Woden,Assault,2016,Q4,37,35388,1.0455521645755623,2016-10-01,Pre
Woden,Assault,2017,Q1,33,36287,0.9094165954749636,2017-01-01,Pre
Woden,Assault,2017,Q2,35,36287,0.9645327527764764,2017-04-01,Pre
Woden,Assault,2017,Q3,37,36287,1.0196489100779893,2017-07-01,Pre
Woden,Assault,2017,Q4,45,36287,1.2401135392840412,2017-10-01,Pre
Woden,Assault,2018,Q1,50,37093,1.347963227563152,2018-01-01,Pre
Woden,Assault,2018,Q2,28,37093,0.7548594074353651,2018-04-01,Pre
Woden,Assault,2018,Q3,45,37093,1.2131669048068368,2018-07-01,Pre
Woden,Assault,2018,Q4,48,37093,1.294044698460626,2018-10-01,Pre
Woden,Assault,2019,Q1,34,37711,0.9015936994510886,2019-01-01,Pre
Woden,Assault,2019,Q2,47,37711,1.2463207021823872,2019-04-01,Pre
Woden,Assault,2019,Q3,41,37711,1.0872159316910186,2019-07-01,Pre
Woden,Assault,2019,Q4,34,37711,0.9015936994510886,2019-10-01,Pre
Woden,Assault,2020,Q1,34,38688,0.8788254755996691,2020-01-01,Pre
Woden,Assault,2020,Q2,26,38688,0.6720430107526881,2020-04-01,During
Woden,Assault,2020,Q3,36,38688,0.9305210918114143,2020-07-01,During
Woden,Assault,2020,Q4,27,38688,0.6978908188585607,2020-10-01,During
Woden,Assault,2021,Q1,44,39079,1.1259244095294147,2021-01-01,During
Woden,Assault,2021,Q2,32,39079,0.8188541160213926,2021-04-01,During
Woden,Assault,2021,Q3,38,39079,0.9723892627754036,2021-07-01,During
Woden,Assault,2021,Q4,34,39079,0.8700324982727295,2021-10-01,Post
Woden,Assault,2022,Q1,24,39587,0.6062596306868416,2022-01-01,Post
Woden,Assault,2022,Q2,24,39587,0.6062596306868416,2022-04-01,Post
Woden,Assault,2022,Q3,55,39587,1.3893449869906787,2022-07-01,Post
Woden,Assault,2022,Q4,50,39587,1.2630408972642533,2022-10-01,Post
Woden,Assault,2023,Q1,46,39924,1.1521891594028655,2023-01-01,Post
Woden,Assault,2023,Q2,39,39924,0.9768560264502555,2023-04-01,Post
Woden,Assault,2023,Q3,44,39924,1.1020939785592627,2023-07-01,Post
Woden,Assault,2023,Q4,46,39924,1.1521891594028655,2023-10-01,Post
Woden,Assault,2024,Q1,34,40857,0.8321707418557408,2024-01-01,Post
Woden,Assault,2024,Q2,31,40857,0.758743911691999,2024-04-01,Post
Woden,Assault,2024,Q3,52,40857,1.2727317228381918,2024-07-01,Post
Woden,Assault,2024,Q4,34,40857,0.8321707418557408,2024-10-01,Post
Woden,Assault,2025,Q1,27,41600,0.6490384615384616,2025-01-01,Post
Woden,Assault,2025,Q2,36,41600,0.8653846153846153,2025-04-01,Post
Woden,Burglary,2014,Q1,39,34967,1.115337318042726,2014-01-01,Pre
Woden,Burglary,2014,Q2,64,34967,1.8302971373008838,2014-04-01,Pre
Woden,Burglary,2014,Q3,53,34967,1.5157148168272943,2014-07-01,Pre
Woden,Burglary,2014,Q4,30,34967,0.8579517831097893,2014-10-01,Pre
Woden,Burglary,2015,Q1,24,35112,0.683526999316473,2015-01-01,Pre
Woden,Burglary,2015,Q2,67,35112,1.908179539758487,2015-04-01,Pre
Woden,Burglary,2015,Q3,42,35112,1.1961722488038278,2015-07-01,Pre
Woden,Burglary,2015,Q4,84,35112,2.3923444976076556,2015-10-01,Pre
Woden,Burglary,2016,Q1,63,35388,1.7802644964394712,2016-01-01,Pre
Woden,Burglary,2016,Q2,61,35388,1.7237481632191705,2016-04-01,Pre
Woden,Burglary,2016,Q3,38,35388,1.0738103311857128,2016-07-01,Pre
Woden,Burglary,2016,Q4,40,35388,1.1303266644060135,2016-10-01,Pre
Woden,Burglary,2017,Q1,45,36287,1.2401135392840412,2017-01-01,Pre
Woden,Burglary,2017,Q2,51,36287,1.40546201118858,2017-04-01,Pre
Woden,Burglary,2017,Q3,66,36287,1.8188331909499271,2017-07-01,Pre
Woden,Burglary,2017,Q4,66,36287,1.8188331909499271,2017-10-01,Pre
Woden,Burglary,2018,Q1,43,37093,1.1592483757043106,2018-01-01,Pre
Woden,Burglary,2018,Q2,72,37093,1.9410670476909389,2018-04-01,Pre
Woden,Burglary,2018,Q3,46,37093,1.2401261693580998,2018-07-01,Pre
Woden,Burglary,2018,Q4,37,37093,0.9974927883967324,2018-10-01,Pre
Woden,Burglary,2019,Q1,38,37711,1.0076635464453343,2019-01-01,Pre
Woden,Burglary,2019,Q2,54,37711,1.4319429344223171,2019-04-01,Pre
Woden,Burglary,2019,Q3,40,37711,1.060698469942457,2019-07-01,Pre
Woden,Burglary,2019,Q4,46,37711,1.2198032404338257,2019-10-01,Pre
Woden,Burglary,2020,Q1,43,38688,1.1114557485525227,2020-01-01,Pre
Woden,Burglary,2020,Q2,39,38688,1.0080645161290323,2020-04-01,During
Woden,Burglary,2020,Q3,30,38688,0.7754342431761786,2020-07-01,During
Woden,Burglary,2020,Q4,44,38688,1.1373035566583953,2020-10-01,During
Woden,Burglary,2021,Q1,37,39079,0.9468000716497351,2021-01-01,During
Woden,Burglary,2021,Q2,29,39079,0.742086542644387,2021-04-01,During
Woden,Burglary,2021,Q3,45,39079,1.1515136006550832,2021-07-01,During
Woden,Burglary,2021,Q4,51,39079,1.3050487474090944,2021-10-01,Post
Woden,Burglary,2022,Q1,47,39587,1.1872584434283981,2022-01-01,Post
Woden,Burglary,2022,Q2,52,39587,1.3135625331548235,2022-04-01,Post
Woden,Burglary,2022,Q3,44,39587,1.111475989592543,2022-07-01,Post
Woden,Burglary,2022,Q4,52,39587,1.3135625331548235,2022-10-01,Post
Woden,Burglary,2023,Q1,44,39924,1.1020939785592627,2023-01-01,Post
Woden,Burglary,2023,Q2,53,39924,1.3275222923554755,2023-04-01,Post
Woden,Burglary,2023,Q3,63,39924,1.5779981965734897,2023-07-01,Post
Woden,Burglary,2023,Q4,51,39924,1.2774271115118725,2023-10-01,Post
Woden,Burglary,2024,Q1,33,40857,0.8076951318011601,2024-01-01,Post
Woden,Burglary,2024,Q2,27,40857,0.6608414714736764,2024-04-01,Post
Woden,Burglary,2024,Q3,32,40857,0.7832195217465795,2024-07-01,Post
Woden,Burglary,2024,Q4,29,40857,0.7097926915828378,2024-10-01,Post
Woden,Burglary,2025,Q1,24,41600,0.5769230769230769,2025-01-01,Post
Woden,Burglary,2025,Q2,21,41600,0.5048076923076923,2025-04-01,Post
Woden,CINs,2014,Q1,1,34967,0.02859839277032631,2014-01-01,Pre
Woden,CINs,2014,Q2,1,34967,0.02859839277032631,2014-04-01,Pre
Woden,CINs,2014,Q3,3,34967,0.08579517831097892,2014-07-01,Pre
Woden,CINs,2014,Q4,0,34967,0.0,2014-10-01,Pre
Woden,CINs,2015,Q1,1,35112,0.028480291638186373,2015-01-01,Pre
Woden,CINs,2015,Q2,1,35112,0.028480291638186373,2015-04-01,Pre
Woden,CINs,2015,Q3,0,35112,0.0,2015-07-01,Pre
Woden,CINs,2015,Q4,0,35112,0.0,2015-10-01,Pre
Woden,CINs,2016,Q1,1,35388,0.028258166610150334,2016-01-01,Pre
Woden,CINs,2016,Q2,2,35388,0.05651633322030067,2016-04-01,Pre
Woden,CINs,2016,Q3,0,35388,0.0,2016-07-01,Pre
Woden,CINs,2016,Q4,2,35388,0.05651633322030067,2016-10-01,Pre
Woden,CINs,2017,Q1,1,36287,0.02755807865075647,2017-01-01,Pre
Woden,CINs,2017,Q2,0,36287,0.0,2017-04-01,Pre
Woden,CINs,2017,Q3,3,36287,0.08267423595226941,2017-07-01,Pre
Woden,CINs,2017,Q4,0,36287,0.0,2017-10-01,Pre
Woden,CINs,2018,Q1,0,37093,0.0,2018-01-01,Pre
Woden,CINs,2018,Q2,0,37093,0.0,2018-04-01,Pre
Woden,CINs,2018,Q3,0,37093,0.0,2018-07-01,Pre
Woden,CINs,2018,Q4,0,37093,0.0,2018-10-01,Pre
Woden,CINs,2019,Q1,0,37711,0.0,2019-01-01,Pre
Woden,CINs,2019,Q2,1,37711,0.026517461748561427,2019-04-01,Pre
Woden,CINs,2019,Q3,0,37711,0.0,2019-07-01,Pre
Woden,CINs,2019,Q4,0,37711,0.0,2019-10-01,Pre
Woden,CINs,2020,Q1,1,38688,0.02584780810587262,2020-01-01,Pre
Woden,CINs,2020,Q2,1,38688,0.02584780810587262,2020-04-01,During
Woden,CINs,2020,Q3,1,38688,0.02584780810587262,2020-07-01,During
Woden,CINs,2020,Q4,0,38688,0.0,2020-10-01,During
Woden,CINs,2021,Q1,0,39079,0.0,2021-01-01,During
Woden,CINs,2021,Q2,1,39079,0.025589191125668518,2021-04-01,During
Woden,CINs,2021,Q3,3,39079,0.07676757337700556,2021-07-01,During
Woden,CINs,2021,Q4,1,39079,0.025589191125668518,2021-10-01,Post
Woden,CINs,2022,Q1,0,39587,0.0,2022-01-01,Post
Woden,CINs,2022,Q2,0,39587,0.0,2022-04-01,Post
Woden,CINs,2022,Q3,0,39587,0.0,2022-07-01,Post
Woden,CINs,2022,Q4,0,39587,0.0,2022-10-01,Post
Woden,CINs,2023,Q1,0,39924,0.0,2023-01-01,Post
Woden,CINs,2023,Q2,0,39924,0.0,2023-04-01,Post
Woden,CINs,2023,Q3,0,39924,0.0,2023-07-01,Post
Woden,CINs,2023,Q4,0,39924,0.0,2023-10-01,Post
Woden,CINs,2024,Q1,0,40857,0.0,2024-01-01,Post
Woden,CINs,2024,Q2,0,40857,0.0,2024-04-01,Post
Woden,CINs,2024,Q3,0,40857,0.0,2024-07-01,Post
Woden,CINs,2024,Q4,0,40857,0.0,2024-10-01,Post
Woden,CINs,2025,Q1,0,41600,0.0,2025-01-01,Post
Woden,CINs,2025,Q2,0,41600,0.0,2025-04-01,Post
Woden,Family Violence,2014,Q1,12,34967,0.3431807132439157,2014-01-01,Pre
Woden,Family Violence,2014,Q2,15,34967,0.42897589155489463,2014-04-01,Pre
Woden,Family Violence,2014,Q3,9,34967,0.25738553493293675,2014-07-01,Pre
Woden,Family Violence,2014,Q4,8,34967,0.22878714216261048,2014-10-01,Pre
Woden,Family Violence,2015,Q1,15,35112,0.4272043745727956,2015-01-01,Pre
Woden,Family Violence,2015,Q2,12,35112,0.3417634996582365,2015-04-01,Pre
Woden,Family Violence,2015,Q3,13,35112,0.3702437912964229,2015-07-01,Pre
Woden,Family Violence,2015,Q4,28,35112,0.7974481658692184,2015-10-01,Pre
Woden,Family Violence,2016,Q1,22,35388,0.6216796654233073,2016-01-01,Pre
Woden,Family Violence,2016,Q2,20,35388,0.5651633322030067,2016-04-01,Pre
Woden,Family Violence,2016,Q3,35,35388,0.9890358313552617,2016-07-01,Pre
Woden,Family Violence,2016,Q4,23,35388,0.6499378320334577,2016-10-01,Pre
Woden,Family Violence,2017,Q1,17,36287,0.46848733706286,2017-01-01,Pre
Woden,Family Violence,2017,Q2,17,36287,0.46848733706286,2017-04-01,Pre
Woden,Family Violence,2017,Q3,22,36287,0.6062777303166423,2017-07-01,Pre
Woden,Family Violence,2017,Q4,30,36287,0.8267423595226941,2017-10-01,Pre
Woden,Family Violence,2018,Q1,22,37093,0.5931038201277868,2018-01-01,Pre
Woden,Family Violence,2018,Q2,24,37093,0.647022349230313,2018-04-01,Pre
Woden,Family Violence,2018,Q3,22,37093,0.5931038201277868,2018-07-01,Pre
Woden,Family Violence,2018,Q4,25,37093,0.673981613781576,2018-10-01,Pre
Woden,Family Violence,2019,Q1,16,37711,0.42427938797698284,2019-01-01,Pre
Woden,Family Violence,2019,Q2,21,37711,0.55686669671979,2019-04-01,Pre
Woden,Family Violence,2019,Q3,15,37711,0.39776192622842144,2019-07-01,Pre
Woden,Family Violence,2019,Q4,26,37711,0.6894540054625972,2019-10-01,Pre
Woden,Family Violence,2020,Q1,26,38688,0.6720430107526881,2020-01-01,Pre
Woden,Family Violence,2020,Q2,20,38688,0.5169561621174524,2020-04-01,During
Woden,Family Violence,2020,Q3,27,38688,0.6978908188585607,2020-07-01,During
Woden,Family Violence,2020,Q4,12,38688,0.31017369727047145,2020-10-01,During
Woden,Family Violence,2021,Q1,15,39079,0.38383786688502775,2021-01-01,During
Woden,Family Violence,2021,Q2,19,39079,0.4861946313877018,2021-04-01,During
Woden,Family Violence,2021,Q3,15,39079,0.38383786688502775,2021-07-01,During
Woden,Family Violence,2021,Q4,16,39079,0.4094270580106963,2021-10-01,Post
Woden,Family Violence,2022,Q1,18,39587,0.4546947230151312,2022-01-01,Post
Woden,Family Violence,2022,Q2,33,39587,0.8336069921944071,2022-04-01,Post
Woden,Family Violence,2022,Q3,16,39587,0.40417308712456107,2022-07-01,Post
Woden,Family Violence,2022,Q4,59,39587,1.490388258771819,2022-10-01,Post
Woden,Family Violence,2023,Q1,31,39924,0.7764753030758441,2023-01-01,Post
Woden,Family Violence,2023,Q2,40,39924,1.001903616872057,2023-04-01,Post
Woden,Family Violence,2023,Q3,48,39924,1.2022843402464682,2023-07-01,Post
Woden,Family Violence,2023,Q4,20,39924,0.5009518084360285,2023-10-01,Post
Woden,Family Violence,2024,Q1,28,40857,0.6853170815282571,2024-01-01,Post
Woden,Family Violence,2024,Q2,15,40857,0.36713415081870915,2024-04-01,Post
Woden,Family Violence,2024,Q3,35,40857,0.8566463519103213,2024-07-01,Post
Woden,Family Violence,2024,Q4,25,40857,0.6118902513645152,2024-10-01,Post
Woden,Family Violence,2025,Q1,33,41600,0.7932692307692307,2025-01-01,Post
Woden,Family Violence,2025,Q2,28,41600,0.673076923076923,2025-04-01,Post
Woden,Homicide,2014,Q1,1,34967,0.02859839277032631,2014-01-01,Pre
Woden,Homicide,2014,Q2,0,34967,0.0,2014-04-01,Pre
Woden,Homicide,2014,Q3,0,34967,0.0,2014-07-01,Pre
Woden,Homicide,2014,Q4,0,34967,0.0,2014-10-01,Pre
Woden,Homicide,2015,Q1,0,35112,0.0,2015-01-01,Pre
Woden,Homicide,2015,Q2,0,35112,0.0,2015-04-01,Pre
Woden,Homicide,2015,Q3,0,35112,0.0,2015-07-01,Pre
Woden,Homicide,2015,Q4,0,35112,0.0,2015-10-01,Pre
Woden,Homicide,2016,Q1,0,35388,0.0,2016-01-01,Pre
Woden,Homicide,2016,Q2,0,35388,0.0,2016-04-01,Pre
Woden,Homicide,2016,Q3,0,35388,0.0,2016-07-01,Pre
Woden,Homicide,2016,Q4,0,35388,0.0,2016-10-01,Pre
Woden,Homicide,2017,Q1,0,36287,0.0,2017-01-01,Pre
Woden,Homicide,2017,Q2,0,36287,0.0,2017-04-01,Pre
Woden,Homicide,2017,Q3,0,36287,0.0,2017-07-01,Pre
Woden,Homicide,2017,Q4,0,36287,0.0,2017-10-01,Pre
Woden,Homicide,2018,Q1,2,37093,0.05391852910252608,2018-01-01,Pre
Woden,Homicide,2018,Q2,1,37093,0.02695926455126304,2018-04-01,Pre
Woden,Homicide,2018,Q3,2,37093,0.05391852910252608,2018-07-01,Pre
Woden,Homicide,2018,Q4,0,37093,0.0,2018-10-01,Pre
Woden,Homicide,2019,Q1,1,37711,0.026517461748561427,2019-01-01,Pre
Woden,Homicide,2019,Q2,0,37711,0.0,2019-04-01,Pre
Woden,Homicide,2019,Q3,0,37711,0.0,2019-07-01,Pre
Woden,Homicide,2019,Q4,1,37711,0.026517461748561427,2019-10-01,Pre
Woden,Homicide,2020,Q1,0,38688,0.0,2020-01-01,Pre
Woden,Homicide,2020,Q2,0,38688,0.0,2020-04-01,During
Woden,Homicide,2020,Q3,0,38688,0.0,2020-07-01,During
Woden,Homicide,2020,Q4,2,38688,0.05169561621174524,2020-10-01,During
Woden,Homicide,2021,Q1,0,39079,0.0,2021-01-01,During
Woden,Homicide,2021,Q2,1,39079,0.025589191125668518,2021-04-01,During
Woden,Homicide,2021,Q3,0,39079,0.0,2021-07-01,During
Woden,Homicide,2021,Q4,0,39079,0.0,2021-10-01,Post
Woden,Homicide,2022,Q1,0,39587,0.0,2022-01-01,Post
Woden,Homicide,2022,Q2,2,39587,0.050521635890570134,2022-04-01,Post
Woden,Homicide,2022,Q3,0,39587,0.0,2022-07-01,Post
Woden,Homicide,2022,Q4,1,39587,0.025260817945285067,2022-10-01,Post
Woden,Homicide,2023,Q1,0,39924,0.0,2023-01-01,Post
Woden,Homicide,2023,Q2,0,39924,0.0,2023-04-01,Post
Woden,Homicide,2023,Q3,0,39924,0.0,2023-07-01,Post
Woden,Homicide,2023,Q4,0,39924,0.0,2023-10-01,Post
Woden,Homicide,2024,Q1,0,40857,0.0,2024-01-01,Post
Woden,Homicide,2024,Q2,0,40857,0.0,2024-04-01,Post
Woden,Homicide,2024,Q3,0,40857,0.0,2024-07-01,Post
Woden,Homicide,2024,Q4,0,40857,0.0,2024-10-01,Post
Woden,Homicide,2025,Q1,0,41600,0.0,2025-01-01,Post
Woden,Homicide,2025,Q2,0,41600,0.0,2025-04-01,Post
Woden,Other,2014,Q1,186,34967,5.319301055280693,2014-01-01,Pre
Woden,Other,2014,Q2,221,34967,6.320244802242114,2014-04-01,Pre
Woden,Other,2014,Q3,269,34967,7.692967655217777,2014-07-01,Pre
Woden,Other,2014,Q4,307,34967,8.779706580490176,2014-10-01,Pre
Woden,Other,2015,Q1,171,35112,4.87012987012987,2015-01-01,Pre
Woden,Other,2015,Q2,173,35112,4.927090453406243,2015-04-01,Pre
Woden,Other,2015,Q3,186,35112,5.2973342447026655,2015-07-01,Pre
Woden,Other,2015,Q4,207,35112,5.8954203691045794,2015-10-01,Pre
Woden,Other,2016,Q1,145,35388,4.097434158471798,2016-01-01,Pre
Woden,Other,2016,Q2,174,35388,4.916920990166158,2016-04-01,Pre
Woden,Other,2016,Q3,223,35388,6.301571154063525,2016-07-01,Pre
Woden,Other,2016,Q4,253,35388,7.149316152368034,2016-10-01,Pre
Woden,Other,2017,Q1,241,36287,6.641496954832309,2017-01-01,Pre
Woden,Other,2017,Q2,225,36287,6.200567696420205,2017-04-01,Pre
Woden,Other,2017,Q3,248,36287,6.834403505387605,2017-07-01,Pre
Woden,Other,2017,Q4,219,36287,6.035219224515667,2017-10-01,Pre
Woden,Other,2018,Q1,261,37093,7.0363680478796535,2018-01-01,Pre
Woden,Other,2018,Q2,251,37093,6.766775402367022,2018-04-01,Pre
Woden,Other,2018,Q3,234,37093,6.308467904995551,2018-07-01,Pre
Woden,Other,2018,Q4,190,37093,5.122260264739977,2018-10-01,Pre
Woden,Other,2019,Q1,176,37711,4.667073267746812,2019-01-01,Pre
Woden,Other,2019,Q2,188,37711,4.985282808729549,2019-04-01,Pre
Woden,Other,2019,Q3,145,37711,3.8450319535414073,2019-07-01,Pre
Woden,Other,2019,Q4,193,37711,5.117870117472355,2019-10-01,Pre
Woden,Other,2020,Q1,228,38688,5.893300248138957,2020-01-01,Pre
Woden,Other,2020,Q2,209,38688,5.402191894127378,2020-04-01,During
Woden,Other,2020,Q3,153,38688,3.9547146401985107,2020-07-01,During
Woden,Other,2020,Q4,149,38688,3.8513234077750202,2020-10-01,During
Woden,Other,2021,Q1,176,39079,4.503697638117659,2021-01-01,During
Woden,Other,2021,Q2,178,39079,4.554876020368996,2021-04-01,During
Woden,Other,2021,Q3,148,39079,3.7872002865989405,2021-07-01,During
Woden,Other,2021,Q4,190,39079,4.861946313877018,2021-10-01,Post
Woden,Other,2022,Q1,151,39587,3.814383509738045,2022-01-01,Post
Woden,Other,2022,Q2,179,39587,4.5216864122060265,2022-04-01,Post
Woden,Other,2022,Q3,158,39587,3.9912092353550404,2022-07-01,Post
Woden,Other,2022,Q4,144,39587,3.6375577841210496,2022-10-01,Post
Woden,Other,2023,Q1,160,39924,4.007614467488228,2023-01-01,Post
Woden,Other,2023,Q2,152,39924,3.8072337441138164,2023-04-01,Post
Woden,Other,2023,Q3,158,39924,3.957519286644625,2023-07-01,Post
Woden,Other,2023,Q4,127,39924,3.181043983568781,2023-10-01,Post
Woden,Other,2024,Q1,138,40857,3.377634187532124,2024-01-01,Post
Woden,Other,2024,Q2,134,40857,3.279731747313802,2024-04-01,Post
Woden,Other,2024,Q3,116,40857,2.839170766331351,2024-07-01,Post
Woden,Other,2024,Q4,169,40857,4.136378099224123,2024-10-01,Post
Woden,Other,2025,Q1,171,41600,4.110576923076923,2025-01-01,Post
Woden,Other,2025,Q2,181,41600,4.350961538461538,2025-04-01,Post
Woden,Property Damage,2014,Q1,103,34967,2.94563445534361,2014-01-01,Pre
Woden,Property Damage,2014,Q2,116,34967,3.317413561357852,2014-04-01,Pre
Woden,Property Damage,2014,Q3,119,34967,3.403208739668831,2014-07-01,Pre
Woden,Property Damage,2014,Q4,113,34967,3.231618383046873,2014-10-01,Pre
Woden,Property Damage,2015,Q1,113,35112,3.21827295511506,2015-01-01,Pre
Woden,Property Damage,2015,Q2,148,35112,4.215083162451584,2015-04-01,Pre
Woden,Property Damage,2015,Q3,129,35112,3.6739576213260423,2015-07-01,Pre
Woden,Property Damage,2015,Q4,126,35112,3.588516746411483,2015-10-01,Pre
Woden,Property Damage,2016,Q1,88,35388,2.4867186616932293,2016-01-01,Pre
Woden,Property Damage,2016,Q2,129,35388,3.645303492709393,2016-04-01,Pre
Woden,Property Damage,2016,Q3,111,35388,3.136656493726687,2016-07-01,Pre
Woden,Property Damage,2016,Q4,94,35388,2.6562676613541316,2016-10-01,Pre
Woden,Property Damage,2017,Q1,115,36287,3.169179044836994,2017-01-01,Pre
Woden,Property Damage,2017,Q2,123,36287,3.389643674043046,2017-04-01,Pre
Woden,Property Damage,2017,Q3,140,36287,3.8581310111059057,2017-07-01,Pre
Woden,Property Damage,2017,Q4,123,36287,3.389643674043046,2017-10-01,Pre
Woden,Property Damage,2018,Q1,107,37093,2.884641306985145,2018-01-01,Pre
Woden,Property Damage,2018,Q2,113,37093,3.0463968942927235,2018-04-01,Pre
Woden,Property Damage,2018,Q3,92,37093,2.4802523387161997,2018-07-01,Pre
Woden,Property Damage,2018,Q4,137,37093,3.6934192435230364,2018-10-01,Pre
Woden,Property Damage,2019,Q1,120,37711,3.1820954098273715,2019-01-01,Pre
Woden,Property Damage,2019,Q2,107,37711,2.837368407096073,2019-04-01,Pre
Woden,Property Damage,2019,Q3,95,37711,2.5191588661133357,2019-07-01,Pre
Woden,Property Damage,2019,Q4,89,37711,2.360054095621967,2019-10-01,Pre
Woden,Property Damage,2020,Q1,100,38688,2.584780810587262,2020-01-01,Pre
Woden,Property Damage,2020,Q2,72,38688,1.8610421836228286,2020-04-01,During
Woden,Property Damage,2020,Q3,65,38688,1.6801075268817203,2020-07-01,During
Woden,Property Damage,2020,Q4,72,38688,1.8610421836228286,2020-10-01,During
Woden,Property Damage,2021,Q1,57,39079,1.4585838941631055,2021-01-01,During
Woden,Property Damage,2021,Q2,62,39079,1.5865298497914482,2021-04-01,During
Woden,Property Damage,2021,Q3,79,39079,2.021546098927813,2021-07-01,During
Woden,Property Damage,2021,Q4,72,39079,1.8424217610481333,2021-10-01,Post
Woden,Property Damage,2022,Q1,60,39587,1.515649076717104,2022-01-01,Post
Woden,Property Damage,2022,Q2,75,39587,1.89456134589638,2022-04-01,Post
Woden,Property Damage,2022,Q3,99,39587,2.5008209765832214,2022-07-01,Post
Woden,Property Damage,2022,Q4,57,39587,1.4398666228812487,2022-10-01,Post
Woden,Property Damage,2023,Q1,81,39924,2.0288548241659154,2023-01-01,Post
Woden,Property Damage,2023,Q2,52,39924,1.302474701933674,2023-04-01,Post
Woden,Property Damage,2023,Q3,80,39924,2.003807233744114,2023-07-01,Post
Woden,Property Damage,2023,Q4,79,39924,1.9787596433223125,2023-10-01,Post
Woden,Property Damage,2024,Q1,67,40857,1.639865873656901,2024-01-01,Post
Woden,Property Damage,2024,Q2,58,40857,1.4195853831656755,2024-04-01,Post
Woden,Property Damage,2024,Q3,70,40857,1.7132927038206427,2024-07-01,Post
Woden,Property Damage,2024,Q4,65,40857,1.5909146535477396,2024-10-01,Post
Woden,Property Damage,2025,Q1,74,41600,1.7788461538461537,2025-01-01,Post
Woden,Property Damage,2025,Q2,40,41600,0.9615384615384615,2025-04-01,Post
Woden,Robbery,2014,Q1,5,34967,0.14299196385163154,2014-01-01,Pre
Woden,Robbery,2014,Q2,3,34967,0.08579517831097892,2014-04-01,Pre
Woden,Robbery,2014,Q3,4,34967,0.11439357108130524,2014-07-01,Pre
Woden,Robbery,2014,Q4,10,34967,0.2859839277032631,2014-10-01,Pre
Woden,Robbery,2015,Q1,3,35112,0.08544087491455912,2015-01-01,Pre
Woden,Robbery,2015,Q2,4,35112,0.11392116655274549,2015-04-01,Pre
Woden,Robbery,2015,Q3,6,35112,0.17088174982911825,2015-07-01,Pre
Woden,Robbery,2015,Q4,3,35112,0.08544087491455912,2015-10-01,Pre
Woden,Robbery,2016,Q1,1,35388,0.028258166610150334,2016-01-01,Pre
Woden,Robbery,2016,Q2,1,35388,0.028258166610150334,2016-04-01,Pre
Woden,Robbery,2016,Q3,8,35388,0.22606533288120267,2016-07-01,Pre
Woden,Robbery,2016,Q4,4,35388,0.11303266644060134,2016-10-01,Pre
Woden,Robbery,2017,Q1,6,36287,0.16534847190453883,2017-01-01,Pre
Woden,Robbery,2017,Q2,4,36287,0.11023231460302588,2017-04-01,Pre
Woden,Robbery,2017,Q3,9,36287,0.24802270785680822,2017-07-01,Pre
Woden,Robbery,2017,Q4,5,36287,0.13779039325378234,2017-10-01,Pre
Woden,Robbery,2018,Q1,12,37093,0.3235111746151565,2018-01-01,Pre
Woden,Robbery,2018,Q2,7,37093,0.18871485185884126,2018-04-01,Pre
Woden,Robbery,2018,Q3,9,37093,0.24263338096136736,2018-07-01,Pre
Woden,Robbery,2018,Q4,8,37093,0.2156741164101043,2018-10-01,Pre
Woden,Robbery,2019,Q1,3,37711,0.07955238524568428,2019-01-01,Pre
Woden,Robbery,2019,Q2,4,37711,0.10606984699424571,2019-04-01,Pre
Woden,Robbery,2019,Q3,11,37711,0.2916920792341757,2019-07-01,Pre
Woden,Robbery,2019,Q4,2,37711,0.053034923497122854,2019-10-01,Pre
Woden,Robbery,2020,Q1,0,38688,0.0,2020-01-01,Pre
Woden,Robbery,2020,Q2,1,38688,0.02584780810587262,2020-04-01,During
Woden,Robbery,2020,Q3,2,38688,0.05169561621174524,2020-07-01,During
Woden,Robbery,2020,Q4,3,38688,0.07754342431761786,2020-10-01,During
Woden,Robbery,2021,Q1,3,39079,0.07676757337700556,2021-01-01,During
Woden,Robbery,2021,Q2,2,39079,0.051178382251337036,2021-04-01,During
Woden,Robbery,2021,Q3,7,39079,0.17912433787967963,2021-07-01,During
Woden,Robbery,2021,Q4,5,39079,0.12794595562834257,2021-10-01,Post
Woden,Robbery,2022,Q1,3,39587,0.0757824538358552,2022-01-01,Post
Woden,Robbery,2022,Q2,4,39587,0.10104327178114027,2022-04-01,Post
Woden,Robbery,2022,Q3,4,39587,0.10104327178114027,2022-07-01,Post
Woden,Robbery,2022,Q4,11,39587,0.27786899739813575,2022-10-01,Post
Woden,Robbery,2023,Q1,5,39924,0.12523795210900712,2023-01-01,Post
Woden,Robbery,2023,Q2,4,39924,0.10019036168720569,2023-04-01,Post
Woden,Robbery,2023,Q3,6,39924,0.15028554253080853,2023-07-01,Post
Woden,Robbery,2023,Q4,2,39924,0.05009518084360284,2023-10-01,Post
Woden,Robbery,2024,Q1,3,40857,0.07342683016374184,2024-01-01,Post
Woden,Robbery,2024,Q2,2,40857,0.04895122010916122,2024-04-01,Post
Woden,Robbery,2024,Q3,4,40857,0.09790244021832244,2024-07-01,Post
Woden,Robbery,2024,Q4,7,40857,0.17132927038206427,2024-10-01,Post
Woden,Robbery,2025,Q1,2,41600,0.04807692307692307,2025-01-01,Post
Woden,Robbery,2025,Q2,9,41600,0.21634615384615383,2025-04-01,Post
Woden,Sexual Assault,2014,Q1,8,34967,0.22878714216261048,2014-01-01,Pre
Woden,Sexual Assault,2014,Q2,18,34967,0.5147710698658735,2014-04-01,Pre
Woden,Sexual Assault,2014,Q3,10,34967,0.2859839277032631,2014-07-01,Pre
Woden,Sexual Assault,2014,Q4,13,34967,0.371779106014242,2014-10-01,Pre
Woden,Sexual Assault,2015,Q1,44,35112,1.2531328320802004,2015-01-01,Pre
Woden,Sexual Assault,2015,Q2,4,35112,0.11392116655274549,2015-04-01,Pre
Woden,Sexual Assault,2015,Q3,7,35112,0.1993620414673046,2015-07-01,Pre
Woden,Sexual Assault,2015,Q4,10,35112,0.2848029163818637,2015-10-01,Pre
Woden,Sexual Assault,2016,Q1,7,35388,0.19780716627105235,2016-01-01,Pre
Woden,Sexual Assault,2016,Q2,12,35388,0.339097999321804,2016-04-01,Pre
Woden,Sexual Assault,2016,Q3,12,35388,0.339097999321804,2016-07-01,Pre
Woden,Sexual Assault,2016,Q4,16,35388,0.45213066576240535,2016-10-01,Pre
Woden,Sexual Assault,2017,Q1,14,36287,0.3858131011105906,2017-01-01,Pre
Woden,Sexual Assault,2017,Q2,10,36287,0.2755807865075647,2017-04-01,Pre
Woden,Sexual Assault,2017,Q3,14,36287,0.3858131011105906,2017-07-01,Pre
Woden,Sexual Assault,2017,Q4,10,36287,0.2755807865075647,2017-10-01,Pre
Woden,Sexual Assault,2018,Q1,9,37093,0.24263338096136736,2018-01-01,Pre
Woden,Sexual Assault,2018,Q2,14,37093,0.37742970371768253,2018-04-01,Pre
Woden,Sexual Assault,2018,Q3,9,37093,0.24263338096136736,2018-07-01,Pre
Woden,Sexual Assault,2018,Q4,20,37093,0.5391852910252608,2018-10-01,Pre
Woden,Sexual Assault,2019,Q1,12,37711,0.3182095409827371,2019-01-01,Pre
Woden,Sexual Assault,2019,Q2,16,37711,0.42427938797698284,2019-04-01,Pre
Woden,Sexual Assault,2019,Q3,13,37711,0.3447270027312986,2019-07-01,Pre
Woden,Sexual Assault,2019,Q4,9,37711,0.23865715573705285,2019-10-01,Pre
Woden,Sexual Assault,2020,Q1,9,38688,0.23263027295285357,2020-01-01,Pre
Woden,Sexual Assault,2020,Q2,15,38688,0.3877171215880893,2020-04-01,During
Woden,Sexual Assault,2020,Q3,10,38688,0.2584780810587262,2020-07-01,During
Woden,Sexual Assault,2020,Q4,30,38688,0.7754342431761786,2020-10-01,During
Woden,Sexual Assault,2021,Q1,9,39079,0.23030272013101666,2021-01-01,During
Woden,Sexual Assault,2021,Q2,10,39079,0.25589191125668515,2021-04-01,During
Woden,Sexual Assault,2021,Q3,4,39079,0.10235676450267407,2021-07-01,During
Woden,Sexual Assault,2021,Q4,13,39079,0.3326594846336907,2021-10-01,Post
Woden,Sexual Assault,2022,Q1,7,39587,0.17682572561699547,2022-01-01,Post
Woden,Sexual Assault,2022,Q2,12,39587,0.3031298153434208,2022-04-01,Post
Woden,Sexual Assault,2022,Q3,21,39587,0.5304771768509864,2022-07-01,Post
Woden,Sexual Assault,2022,Q4,18,39587,0.4546947230151312,2022-10-01,Post
Woden,Sexual Assault,2023,Q1,13,39924,0.3256186754834185,2023-01-01,Post
Woden,Sexual Assault,2023,Q2,25,39924,0.6261897605450356,2023-04-01,Post
Woden,Sexual Assault,2023,Q3,29,39924,0.7263801222322412,2023-07-01,Post
Woden,Sexual Assault,2023,Q4,10,39924,0.25047590421801424,2023-10-01,Post
Woden,Sexual Assault,2024,Q1,18,40857,0.440560980982451,2024-01-01,Post
Woden,Sexual Assault,2024,Q2,17,40857,0.4160853709278704,2024-04-01,Post
Woden,Sexual Assault,2024,Q3,6,40857,0.14685366032748368,2024-07-01,Post
Woden,Sexual Assault,2024,Q4,11,40857,0.2692317106003867,2024-10-01,Post
Woden,Sexual Assault,2025,Q1,10,41600,0.24038461538461536,2025-01-01,Post
Woden,Sexual Assault,2025,Q2,12,41600,0.28846153846153844,2025-04-01,Post
Woden,TINs,2014,Q1,186,34967,5.319301055280693,2014-01-01,Pre
Woden,TINs,2014,Q2,237,34967,6.777819086567336,2014-04-01,Pre
Woden,TINs,2014,Q3,289,34967,8.264935510624303,2014-07-01,Pre
Woden,TINs,2014,Q4,200,34967,5.719678554065262,2014-10-01,Pre
Woden,TINs,2015,Q1,148,35112,4.215083162451584,2015-01-01,Pre
Woden,TINs,2015,Q2,148,35112,4.215083162451584,2015-04-01,Pre
Woden,TINs,2015,Q3,214,35112,6.0947824105718835,2015-07-01,Pre
Woden,TINs,2015,Q4,103,35112,2.9334700387331964,2015-10-01,Pre
Woden,TINs,2016,Q1,81,35388,2.288911495422177,2016-01-01,Pre
Woden,TINs,2016,Q2,120,35388,3.39097999321804,2016-04-01,Pre
Woden,TINs,2016,Q3,187,35388,5.2842771560981125,2016-07-01,Pre
Woden,TINs,2016,Q4,111,35388,3.136656493726687,2016-10-01,Pre
Woden,TINs,2017,Q1,202,36287,5.566731887452807,2017-01-01,Pre
Woden,TINs,2017,Q2,216,36287,5.952544988563398,2017-04-01,Pre
Woden,TINs,2017,Q3,162,36287,4.464408741422548,2017-07-01,Pre
Woden,TINs,2017,Q4,171,36287,4.712431449279356,2017-10-01,Pre
Woden,TINs,2018,Q1,225,37093,6.065834524034184,2018-01-01,Pre
Woden,TINs,2018,Q2,145,37093,3.9090933599331406,2018-04-01,Pre
Woden,TINs,2018,Q3,152,37093,4.097808211791982,2018-07-01,Pre
Woden,TINs,2018,Q4,111,37093,2.9924783651901974,2018-10-01,Pre
Woden,TINs,2019,Q1,103,37711,2.7312985601018274,2019-01-01,Pre
Woden,TINs,2019,Q2,110,37711,2.9169207923417573,2019-04-01,Pre
Woden,TINs,2019,Q3,90,37711,2.3865715573705284,2019-07-01,Pre
Woden,TINs,2019,Q4,136,37711,3.6063747978043543,2019-10-01,Pre
Woden,TINs,2020,Q1,79,38688,2.041976840363937,2020-01-01,Pre
Woden,TINs,2020,Q2,125,38688,3.2309760132340775,2020-04-01,During
Woden,TINs,2020,Q3,90,38688,2.326302729528536,2020-07-01,During
Woden,TINs,2020,Q4,75,38688,1.9385856079404464,2020-10-01,During
Woden,TINs,2021,Q1,95,39079,2.430973156938509,2021-01-01,During
Woden,TINs,2021,Q2,109,39079,2.7892218326978684,2021-04-01,During
Woden,TINs,2021,Q3,38,39079,0.9723892627754036,2021-07-01,During
Woden,TINs,2021,Q4,64,39079,1.6377082320427852,2021-10-01,Post
Woden,TINs,2022,Q1,45,39587,1.136736807537828,2022-01-01,Post
Woden,TINs,2022,Q2,49,39587,1.2377800793189682,2022-04-01,Post
Woden,TINs,2022,Q3,67,39587,1.6924748023340994,2022-07-01,Post
Woden,TINs,2022,Q4,58,39587,1.4651274408265338,2022-10-01,Post
Woden,TINs,2023,Q1,55,39924,1.3776174731990782,2023-01-01,Post
Woden,TINs,2023,Q2,72,39924,1.8034265103697025,2023-04-01,Post
Woden,TINs,2023,Q3,91,39924,2.2793307283839295,2023-07-01,Post
Woden,TINs,2023,Q4,56,39924,1.4026650636208797,2023-10-01,Post
Woden,TINs,2024,Q1,73,40857,1.7867195339843847,2024-01-01,Post
Woden,TINs,2024,Q2,77,40857,1.884621974202707,2024-04-01,Post
Woden,TINs,2024,Q3,99,40857,2.4230853954034806,2024-07-01,Post
Woden,TINs,2024,Q4,138,40857,3.377634187532124,2024-10-01,Post
Woden,TINs,2025,Q1,185,41600,4.447115384615384,2025-01-01,Post
Woden,TINs,2025,Q2,176,41600,4.230769230769231,2025-04-01,Post
Woden,Theft,2014,Q1,312,34967,8.922698544341808,2014-01-01,Pre
Woden,Theft,2014,Q2,269,34967,7.692967655217777,2014-04-01,Pre
Woden,Theft,2014,Q3,255,34967,7.292590156433208,2014-07-01,Pre
Woden,Theft,2014,Q4,296,34967,8.465124260016587,2014-10-01,Pre
Woden,Theft,2015,Q1,265,35112,7.547277284119389,2015-01-01,Pre
Woden,Theft,2015,Q2,352,35112,10.025062656641603,2015-04-01,Pre
Woden,Theft,2015,Q3,310,35112,8.828890407837775,2015-07-01,Pre
Woden,Theft,2015,Q4,345,35112,9.825700615174298,2015-10-01,Pre
Woden,Theft,2016,Q1,229,35388,6.471120153724427,2016-01-01,Pre
Woden,Theft,2016,Q2,292,35388,8.251384650163898,2016-04-01,Pre
Woden,Theft,2016,Q3,323,35388,9.127387815078558,2016-07-01,Pre
Woden,Theft,2016,Q4,261,35388,7.375381485249237,2016-10-01,Pre
Woden,Theft,2017,Q1,284,36287,7.826494336814838,2017-01-01,Pre
Woden,Theft,2017,Q2,261,36287,7.192658527847438,2017-04-01,Pre
Woden,Theft,2017,Q3,374,36287,10.30672141538292,2017-07-01,Pre
Woden,Theft,2017,Q4,354,36287,9.75555984236779,2017-10-01,Pre
Woden,Theft,2018,Q1,329,37093,8.86959803736554,2018-01-01,Pre
Woden,Theft,2018,Q2,399,37093,10.756746555953953,2018-04-01,Pre
Woden,Theft,2018,Q3,220,37093,5.931038201277868,2018-07-01,Pre
Woden,Theft,2018,Q4,222,37093,5.984956730380395,2018-10-01,Pre
Woden,Theft,2019,Q1,196,37711,5.19742250271804,2019-01-01,Pre
Woden,Theft,2019,Q2,242,37711,6.417225743151866,2019-04-01,Pre
Woden,Theft,2019,Q3,185,37711,4.905730423483864,2019-07-01,Pre
Woden,Theft,2019,Q4,204,37711,5.409562196706531,2019-10-01,Pre
Woden,Theft,2020,Q1,210,38688,5.42803970223325,2020-01-01,Pre
Woden,Theft,2020,Q2,134,38688,3.463606286186931,2020-04-01,During
Woden,Theft,2020,Q3,122,38688,3.1534325889164596,2020-07-01,During
Woden,Theft,2020,Q4,189,38688,4.885235732009925,2020-10-01,During
Woden,Theft,2021,Q1,209,39079,5.34814094526472,2021-01-01,During
Woden,Theft,2021,Q2,185,39079,4.734000358248676,2021-04-01,During
Woden,Theft,2021,Q3,180,39079,4.606054402620333,2021-07-01,During
Woden,Theft,2021,Q4,277,39079,7.0882059418101795,2021-10-01,Post
Woden,Theft,2022,Q1,196,39587,4.951120317275873,2022-01-01,Post
Woden,Theft,2022,Q2,236,39587,5.961553035087276,2022-04-01,Post
Woden,Theft,2022,Q3,226,39587,5.708944855634425,2022-07-01,Post
Woden,Theft,2022,Q4,154,39587,3.8901659635739003,2022-10-01,Post
Woden,Theft,2023,Q1,194,39924,4.859232541829476,2023-01-01,Post
Woden,Theft,2023,Q2,198,39924,4.959422903516682,2023-04-01,Post
Woden,Theft,2023,Q3,241,39924,6.036469291654143,2023-07-01,Post
Woden,Theft,2023,Q4,193,39924,4.834184951407675,2023-10-01,Post
Woden,Theft,2024,Q1,219,40857,5.360158601953154,2024-01-01,Post
Woden,Theft,2024,Q2,178,40857,4.356658589715349,2024-04-01,Post
Woden,Theft,2024,Q3,167,40857,4.087426879114962,2024-07-01,Post
Woden,Theft,2024,Q4,164,40857,4.01400004895122,2024-10-01,Post
Woden,Theft,2025,Q1,142,41600,3.4134615384615383,2025-01-01,Post
Woden,Theft,2025,Q2,163,41600,3.918269230769231,2025-04-01,Post
