Region,Crime,Year,Quarter,Number,Population,Rate,Covid
Belconnen,Assault,2014,Q1,63,97058,0.6490964165756558,
Belconnen,Assault,2014,Q2,59,97058,0.6078839456819634,
Belconnen,Assault,2014,Q3,55,97058,0.5666714747882708,
Belconnen,Assault,2014,Q4,37,97058,0.3812153557666549,
Belconnen,Assault,2015,Q1,68,96906,0.7017109363713289,
Belconnen,Assault,2015,Q2,38,96906,0.3921325820898602,
Belconnen,Assault,2015,Q3,43,96906,0.443728974470105,
Belconnen,Assault,2015,Q4,56,96906,0.5778795946587414,
Belconnen,Assault,2016,Q1,52,97106,0.5354972916194675,
Belconnen,Assault,2016,Q2,57,97106,0.586987415813647,
Belconnen,Assault,2016,Q3,64,97106,0.6590735896854983,
Belconnen,Assault,2016,Q4,70,97106,0.7208617387185138,
Belconnen,Assault,2017,Q1,78,98630,0.7908344317144885,
Belconnen,Assault,2017,Q2,61,98630,0.6184730812126128,
Belconnen,Assault,2017,Q3,78,98630,0.7908344317144885,
Belconnen,Assault,2017,Q4,81,98630,0.8212511406265842,
Belconnen,Assault,2018,Q1,73,99762,0.7317415448768068,
Belconnen,Assault,2018,Q2,70,99762,0.7016699745394038,
Belconnen,Assault,2018,Q3,84,99762,0.8420039694472845,
Belconnen,Assault,2018,Q4,103,99762,1.032457248250837,
Belconnen,Assault,2019,Q1,88,100966,0.8715805320602976,
Belconnen,Assault,2019,Q2,62,100966,0.6140681021333915,
Belconnen,Assault,2019,Q3,88,100966,0.8715805320602976,
Belconnen,Assault,2019,Q4,63,100966,0.6239724263613494,
Belconnen,Assault,2020,Q1,79,101562,0.777849983261456,
Belconnen,Assault,2020,Q2,98,101562,0.964927827336996,
Belconnen,Assault,2020,Q3,76,101562,0.7483113763021603,
Belconnen,Assault,2020,Q4,90,101562,0.886158208778874,
Belconnen,Assault,2021,Q1,84,102131,0.8224730982757439,
Belconnen,Assault,2021,Q2,96,102131,0.9399692551722788,
Belconnen,Assault,2021,Q3,63,102131,0.6168548237068079,
Belconnen,Assault,2021,Q4,81,102131,0.7930990590516102,
Belconnen,Assault,2022,Q1,76,102929,0.7383730532697296,
Belconnen,Assault,2022,Q2,74,102929,0.718942183446842,
Belconnen,Assault,2022,Q3,122,102929,1.185283059196145,
Belconnen,Assault,2022,Q4,100,102929,0.9715434911443812,
Belconnen,Assault,2023,Q1,95,104235,0.9114021202091428,
Belconnen,Assault,2023,Q2,87,104235,0.8346524679810045,
Belconnen,Assault,2023,Q3,95,104235,0.9114021202091428,
Belconnen,Assault,2023,Q4,87,104235,0.8346524679810045,
Belconnen,Assault,2024,Q1,87,104459,0.8328626542471208,
Belconnen,Assault,2024,Q2,87,104459,0.8328626542471208,
Belconnen,Assault,2024,Q3,105,104459,1.0051790654706632,
Belconnen,Assault,2024,Q4,88,104459,0.8424357882039843,
Belconnen,Assault,2025,Q1,79,104929,0.7528900494620172,
Belconnen,Assault,2025,Q2,82,104929,0.7814808108339925,
Belconnen,Burglary - Dwellings,2014,Q1,94,97058,0.968493066001772,
Belconnen,Burglary - Dwellings,2014,Q2,76,97058,0.7830369469801561,
Belconnen,Burglary - Dwellings,2014,Q3,106,97058,1.0921304786828494,
Belconnen,Burglary - Dwellings,2014,Q4,131,97058,1.349708421768427,
Belconnen,Burglary - Dwellings,2015,Q1,84,96906,0.8668193919881121,
Belconnen,Burglary - Dwellings,2015,Q2,88,96906,0.908096505892308,
Belconnen,Burglary - Dwellings,2015,Q3,82,96906,0.8461808350360143,
Belconnen,Burglary - Dwellings,2015,Q4,95,96906,0.9803314552246506,
Belconnen,Burglary - Dwellings,2016,Q1,57,97106,0.586987415813647,
Belconnen,Burglary - Dwellings,2016,Q2,69,97106,0.7105637138796779,
Belconnen,Burglary - Dwellings,2016,Q3,71,97106,0.7311597635573498,
Belconnen,Burglary - Dwellings,2016,Q4,59,97106,0.6075834654913188,
Belconnen,Burglary - Dwellings,2017,Q1,129,98630,1.3079184832201156,
Belconnen,Burglary - Dwellings,2017,Q2,102,98630,1.0341681030112542,
Belconnen,Burglary - Dwellings,2017,Q3,97,98630,0.9834735881577614,
Belconnen,Burglary - Dwellings,2017,Q4,114,98630,1.1558349386596372,
Belconnen,Burglary - Dwellings,2018,Q1,95,99762,0.9522663940177624,
Belconnen,Burglary - Dwellings,2018,Q2,89,99762,0.8921232533429563,
Belconnen,Burglary - Dwellings,2018,Q3,111,99762,1.1126481024839117,
Belconnen,Burglary - Dwellings,2018,Q4,98,99762,0.9823379643551652,
Belconnen,Burglary - Dwellings,2019,Q1,128,100966,1.2677535011786147,
Belconnen,Burglary - Dwellings,2019,Q2,105,100966,1.0399540439355823,
Belconnen,Burglary - Dwellings,2019,Q3,75,100966,0.7428243170968445,
Belconnen,Burglary - Dwellings,2019,Q4,77,100966,0.7626329655527604,
Belconnen,Burglary - Dwellings,2020,Q1,61,101562,0.6006183415056813,
Belconnen,Burglary - Dwellings,2020,Q2,54,101562,0.5316949252673244,
Belconnen,Burglary - Dwellings,2020,Q3,76,101562,0.7483113763021603,
Belconnen,Burglary - Dwellings,2020,Q4,66,101562,0.6498493531045076,
Belconnen,Burglary - Dwellings,2021,Q1,81,102131,0.7930990590516102,
Belconnen,Burglary - Dwellings,2021,Q2,65,102131,0.636437516522897,
Belconnen,Burglary - Dwellings,2021,Q3,52,102131,0.5091500132183177,
Belconnen,Burglary - Dwellings,2021,Q4,62,102131,0.6070634772987633,
Belconnen,Burglary - Dwellings,2022,Q1,65,102929,0.6315032692438477,
Belconnen,Burglary - Dwellings,2022,Q2,59,102929,0.5732106597751848,
Belconnen,Burglary - Dwellings,2022,Q3,57,102929,0.5537797899522972,
Belconnen,Burglary - Dwellings,2022,Q4,63,102929,0.61207239942096,
Belconnen,Burglary - Dwellings,2023,Q1,53,104235,0.5084664460114166,
Belconnen,Burglary - Dwellings,2023,Q2,62,104235,0.5948098047680721,
Belconnen,Burglary - Dwellings,2023,Q3,77,104235,0.7387154026958316,
Belconnen,Burglary - Dwellings,2023,Q4,49,104235,0.4700916198973473,
Belconnen,Burglary - Dwellings,2024,Q1,58,104459,0.5552417694980806,
Belconnen,Burglary - Dwellings,2024,Q2,37,104459,0.354205956403948,
Belconnen,Burglary - Dwellings,2024,Q3,36,104459,0.3446328224470845,
Belconnen,Burglary - Dwellings,2024,Q4,40,104459,0.3829253582745383,
Belconnen,Burglary - Dwellings,2025,Q1,46,104929,0.4383916743702885,
Belconnen,Burglary - Dwellings,2025,Q2,49,104929,0.4669824357422638,
Belconnen,Burglary - Other,2014,Q1,16,97058,0.1648498835747697,
Belconnen,Burglary - Other,2014,Q2,14,97058,0.1442436481279235,
Belconnen,Burglary - Other,2014,Q3,10,97058,0.103031177234231,
Belconnen,Burglary - Other,2014,Q4,37,97058,0.3812153557666549,
Belconnen,Burglary - Other,2015,Q1,11,96906,0.1135120632365385,
Belconnen,Burglary - Other,2015,Q2,33,96906,0.3405361897096154,
Belconnen,Burglary - Other,2015,Q3,22,96906,0.227024126473077,
Belconnen,Burglary - Other,2015,Q4,20,96906,0.206385569520979,
Belconnen,Burglary - Other,2016,Q1,27,97106,0.2780466706485696,
Belconnen,Burglary - Other,2016,Q2,16,97106,0.1647683974213745,
Belconnen,Burglary - Other,2016,Q3,15,97106,0.1544703725825386,
Belconnen,Burglary - Other,2016,Q4,15,97106,0.1544703725825386,
Belconnen,Burglary - Other,2017,Q1,27,98630,0.2737503802088614,
Belconnen,Burglary - Other,2017,Q2,22,98630,0.2230558653553685,
Belconnen,Burglary - Other,2017,Q3,17,98630,0.1723613505018757,
Belconnen,Burglary - Other,2017,Q4,19,98630,0.1926391564432728,
Belconnen,Burglary - Other,2018,Q1,26,99762,0.2606202762574928,
Belconnen,Burglary - Other,2018,Q2,13,99762,0.1303101381287464,
Belconnen,Burglary - Other,2018,Q3,20,99762,0.2004771355826868,
Belconnen,Burglary - Other,2018,Q4,25,99762,0.2505964194783585,
Belconnen,Burglary - Other,2019,Q1,23,100966,0.2277994572430323,
Belconnen,Burglary - Other,2019,Q2,22,100966,0.2178951330150744,
Belconnen,Burglary - Other,2019,Q3,24,100966,0.2377037814709902,
Belconnen,Burglary - Other,2019,Q4,27,100966,0.267416754154864,
Belconnen,Burglary - Other,2020,Q1,17,101562,0.1673854394360095,
Belconnen,Burglary - Other,2020,Q2,12,101562,0.1181544278371832,
Belconnen,Burglary - Other,2020,Q3,13,101562,0.1280006301569484,
Belconnen,Burglary - Other,2020,Q4,16,101562,0.1575392371162442,
Belconnen,Burglary - Other,2021,Q1,19,102131,0.1860355817528468,
Belconnen,Burglary - Other,2021,Q2,43,102131,0.4210278955459165,
Belconnen,Burglary - Other,2021,Q3,27,102131,0.2643663530172034,
Belconnen,Burglary - Other,2021,Q4,10,102131,0.0979134640804457,
Belconnen,Burglary - Other,2022,Q1,18,102929,0.1748778284059886,
Belconnen,Burglary - Other,2022,Q2,31,102929,0.3011784822547581,
Belconnen,Burglary - Other,2022,Q3,17,102929,0.1651623934945447,
Belconnen,Burglary - Other,2022,Q4,16,102929,0.1554469585831009,
Belconnen,Burglary - Other,2023,Q1,39,104235,0.3741545546121744,
Belconnen,Burglary - Other,2023,Q2,23,104235,0.2206552501558977,
Belconnen,Burglary - Other,2023,Q3,18,104235,0.1726867175133112,
Belconnen,Burglary - Other,2023,Q4,21,104235,0.2014678370988631,
Belconnen,Burglary - Other,2024,Q1,21,104459,0.2010358130941326,
Belconnen,Burglary - Other,2024,Q2,18,104459,0.1723164112235422,
Belconnen,Burglary - Other,2024,Q3,19,104459,0.1818895451804057,
Belconnen,Burglary - Other,2024,Q4,28,104459,0.2680477507921768,
Belconnen,Burglary - Other,2025,Q1,38,104929,0.3621496440450209,
Belconnen,Burglary - Other,2025,Q2,37,104929,0.3526193902543624,
Belconnen,Burglary - Shops,2014,Q1,11,97058,0.1133342949576541,
Belconnen,Burglary - Shops,2014,Q2,12,97058,0.1236374126810772,
Belconnen,Burglary - Shops,2014,Q3,8,97058,0.0824249417873848,
Belconnen,Burglary - Shops,2014,Q4,6,97058,0.0618187063405386,
Belconnen,Burglary - Shops,2015,Q1,18,96906,0.1857470125688811,
Belconnen,Burglary - Shops,2015,Q2,15,96906,0.1547891771407343,
Belconnen,Burglary - Shops,2015,Q3,16,96906,0.1651084556167832,
Belconnen,Burglary - Shops,2015,Q4,27,96906,0.2786205188533218,
Belconnen,Burglary - Shops,2016,Q1,15,97106,0.1544703725825386,
Belconnen,Burglary - Shops,2016,Q2,10,97106,0.1029802483883591,
Belconnen,Burglary - Shops,2016,Q3,15,97106,0.1544703725825386,
Belconnen,Burglary - Shops,2016,Q4,8,97106,0.0823841987106872,
Belconnen,Burglary - Shops,2017,Q1,22,98630,0.2230558653553685,
Belconnen,Burglary - Shops,2017,Q2,11,98630,0.1115279326776842,
Belconnen,Burglary - Shops,2017,Q3,11,98630,0.1115279326776842,
Belconnen,Burglary - Shops,2017,Q4,2,98630,0.0202778059413971,
Belconnen,Burglary - Shops,2018,Q1,8,99762,0.0801908542330747,
Belconnen,Burglary - Shops,2018,Q2,6,99762,0.060143140674806,
Belconnen,Burglary - Shops,2018,Q3,17,99762,0.1704055652452837,
Belconnen,Burglary - Shops,2018,Q4,14,99762,0.1403339949078807,
Belconnen,Burglary - Shops,2019,Q1,30,100966,0.2971297268387378,
Belconnen,Burglary - Shops,2019,Q2,34,100966,0.3367470237505695,
Belconnen,Burglary - Shops,2019,Q3,26,100966,0.2575124299269061,
Belconnen,Burglary - Shops,2019,Q4,25,100966,0.2476081056989481,
Belconnen,Burglary - Shops,2020,Q1,34,101562,0.334770878872019,
Belconnen,Burglary - Shops,2020,Q2,17,101562,0.1673854394360095,
Belconnen,Burglary - Shops,2020,Q3,13,101562,0.1280006301569484,
Belconnen,Burglary - Shops,2020,Q4,18,101562,0.1772316417557748,
Belconnen,Burglary - Shops,2021,Q1,11,102131,0.1077048104884902,
Belconnen,Burglary - Shops,2021,Q2,7,102131,0.068539424856312,
Belconnen,Burglary - Shops,2021,Q3,7,102131,0.068539424856312,
Belconnen,Burglary - Shops,2021,Q4,23,102131,0.2252009673850251,
Belconnen,Burglary - Shops,2022,Q1,22,102929,0.2137395680517638,
Belconnen,Burglary - Shops,2022,Q2,26,102929,0.2526013076975391,
Belconnen,Burglary - Shops,2022,Q3,12,102929,0.1165852189373257,
Belconnen,Burglary - Shops,2022,Q4,28,102929,0.2720321775204267,
Belconnen,Burglary - Shops,2023,Q1,35,104235,0.3357797284981052,
Belconnen,Burglary - Shops,2023,Q2,20,104235,0.1918741305703458,
Belconnen,Burglary - Shops,2023,Q3,7,104235,0.067155945699621,
Belconnen,Burglary - Shops,2023,Q4,16,104235,0.1534993044562767,
Belconnen,Burglary - Shops,2024,Q1,11,104459,0.105304473525498,
Belconnen,Burglary - Shops,2024,Q2,9,104459,0.0861582056117711,
Belconnen,Burglary - Shops,2024,Q3,5,104459,0.0478656697843172,
Belconnen,Burglary - Shops,2024,Q4,16,104459,0.1531701433098153,
Belconnen,Burglary - Shops,2025,Q1,15,104929,0.1429538068598767,
Belconnen,Burglary - Shops,2025,Q2,10,104929,0.0953025379065844,
Belconnen,CINs,2014,Q1,7,97058,0.0721218240639617,
Belconnen,CINs,2014,Q2,5,97058,0.0515155886171155,
Belconnen,CINs,2014,Q3,3,97058,0.0309093531702693,
Belconnen,CINs,2014,Q4,4,97058,0.0412124708936924,
Belconnen,CINs,2015,Q1,5,96906,0.0515963923802447,
Belconnen,CINs,2015,Q2,6,96906,0.0619156708562937,
Belconnen,CINs,2015,Q3,2,96906,0.0206385569520979,
Belconnen,CINs,2015,Q4,3,96906,0.0309578354281468,
Belconnen,CINs,2016,Q1,7,97106,0.0720861738718513,
Belconnen,CINs,2016,Q2,4,97106,0.0411920993553436,
Belconnen,CINs,2016,Q3,4,97106,0.0411920993553436,
Belconnen,CINs,2016,Q4,6,97106,0.0617881490330154,
Belconnen,CINs,2017,Q1,2,98630,0.0202778059413971,
Belconnen,CINs,2017,Q2,0,98630,0.0,
Belconnen,CINs,2017,Q3,0,98630,0.0,
Belconnen,CINs,2017,Q4,1,98630,0.0101389029706985,
Belconnen,CINs,2018,Q1,1,99762,0.0100238567791343,
Belconnen,CINs,2018,Q2,1,99762,0.0100238567791343,
Belconnen,CINs,2018,Q3,2,99762,0.0200477135582686,
Belconnen,CINs,2018,Q4,0,99762,0.0,
Belconnen,CINs,2019,Q1,0,100966,0.0,
Belconnen,CINs,2019,Q2,0,100966,0.0,
Belconnen,CINs,2019,Q3,0,100966,0.0,
Belconnen,CINs,2019,Q4,2,100966,0.0198086484559158,
Belconnen,CINs,2020,Q1,0,101562,0.0,
Belconnen,CINs,2020,Q2,0,101562,0.0,
Belconnen,CINs,2020,Q3,0,101562,0.0,
Belconnen,CINs,2020,Q4,0,101562,0.0,
Belconnen,CINs,2021,Q1,0,102131,0.0,
Belconnen,CINs,2021,Q2,0,102131,0.0,
Belconnen,CINs,2021,Q3,17,102131,0.1664528889367577,
Belconnen,CINs,2021,Q4,4,102131,0.0391653856321782,
Belconnen,CINs,2022,Q1,1,102929,0.0097154349114438,
Belconnen,CINs,2022,Q2,0,102929,0.0,
Belconnen,CINs,2022,Q3,0,102929,0.0,
Belconnen,CINs,2022,Q4,2,102929,0.0194308698228876,
Belconnen,CINs,2023,Q1,0,104235,0.0,
Belconnen,CINs,2023,Q2,0,104235,0.0,
Belconnen,CINs,2023,Q3,0,104235,0.0,
Belconnen,CINs,2023,Q4,0,104235,0.0,
Belconnen,CINs,2024,Q1,0,104459,0.0,
Belconnen,CINs,2024,Q2,0,104459,0.0,
Belconnen,CINs,2024,Q3,0,104459,0.0,
Belconnen,CINs,2024,Q4,0,104459,0.0,
Belconnen,CINs,2025,Q1,1,104929,0.0095302537906584,
Belconnen,CINs,2025,Q2,1,104929,0.0095302537906584,
Belconnen,Family Violence,2014,Q1,40,97058,0.4121247089369242,
Belconnen,Family Violence,2014,Q2,32,97058,0.3296997671495394,
Belconnen,Family Violence,2014,Q3,49,97058,0.5048527684477323,
Belconnen,Family Violence,2014,Q4,54,97058,0.5563683570648478,
Belconnen,Family Violence,2015,Q1,56,96906,0.5778795946587414,
Belconnen,Family Violence,2015,Q2,48,96906,0.4953253668503498,
Belconnen,Family Violence,2015,Q3,42,96906,0.433409695994056,
Belconnen,Family Violence,2015,Q4,55,96906,0.5675603161826924,
Belconnen,Family Violence,2016,Q1,96,97106,0.9886103845282476,
Belconnen,Family Violence,2016,Q2,92,97106,0.947418285172904,
Belconnen,Family Violence,2016,Q3,59,97106,0.6075834654913188,
Belconnen,Family Violence,2016,Q4,89,97106,0.916524210656396,
Belconnen,Family Violence,2017,Q1,99,98630,1.0037513940991585,
Belconnen,Family Violence,2017,Q2,58,98630,0.5880563723005171,
Belconnen,Family Violence,2017,Q3,80,98630,0.8111122376558857,
Belconnen,Family Violence,2017,Q4,76,98630,0.7705566257730914,
Belconnen,Family Violence,2018,Q1,68,99762,0.6816222609811351,
Belconnen,Family Violence,2018,Q2,74,99762,0.7417654016559412,
Belconnen,Family Violence,2018,Q3,56,99762,0.561335979631523,
Belconnen,Family Violence,2018,Q4,68,99762,0.6816222609811351,
Belconnen,Family Violence,2019,Q1,80,100966,0.7923459382366341,
Belconnen,Family Violence,2019,Q2,54,100966,0.5348335083097281,
Belconnen,Family Violence,2019,Q3,78,100966,0.7725372897807183,
Belconnen,Family Violence,2019,Q4,84,100966,0.8319632351484658,
Belconnen,Family Violence,2020,Q1,73,101562,0.7187727693428645,
Belconnen,Family Violence,2020,Q2,46,101562,0.4529253067092023,
Belconnen,Family Violence,2020,Q3,60,101562,0.590772139185916,
Belconnen,Family Violence,2020,Q4,41,101562,0.4036942951103759,
Belconnen,Family Violence,2021,Q1,72,102131,0.7049769413792091,
Belconnen,Family Violence,2021,Q2,101,102131,0.9889259872125016,
Belconnen,Family Violence,2021,Q3,59,102131,0.5776894380746297,
Belconnen,Family Violence,2021,Q4,74,102131,0.7245596341952982,
Belconnen,Family Violence,2022,Q1,65,102929,0.6315032692438477,
Belconnen,Family Violence,2022,Q2,73,102929,0.7092267485353981,
Belconnen,Family Violence,2022,Q3,62,102929,0.6023569645095163,
Belconnen,Family Violence,2022,Q4,78,102929,0.7578039230926172,
Belconnen,Family Violence,2023,Q1,69,104235,0.6619657504676932,
Belconnen,Family Violence,2023,Q2,106,104235,1.016932892022833,
Belconnen,Family Violence,2023,Q3,95,104235,0.9114021202091428,
Belconnen,Family Violence,2023,Q4,99,104235,0.949776946323212,
Belconnen,Family Violence,2024,Q1,79,104459,0.7562775825922132,
Belconnen,Family Violence,2024,Q2,67,104459,0.6413999751098517,
Belconnen,Family Violence,2024,Q3,81,104459,0.7754238505059401,
Belconnen,Family Violence,2024,Q4,84,104459,0.8041432523765305,
Belconnen,Family Violence,2025,Q1,73,104929,0.6957085267180665,
Belconnen,Family Violence,2025,Q2,63,104929,0.600405988811482,
Belconnen,Homicide,2014,Q1,1,97058,0.0103031177234231,
Belconnen,Homicide,2014,Q2,0,97058,0.0,
Belconnen,Homicide,2014,Q3,0,97058,0.0,
Belconnen,Homicide,2014,Q4,1,97058,0.0103031177234231,
Belconnen,Homicide,2015,Q1,0,96906,0.0,
Belconnen,Homicide,2015,Q2,2,96906,0.0206385569520979,
Belconnen,Homicide,2015,Q3,1,96906,0.0103192784760489,
Belconnen,Homicide,2015,Q4,1,96906,0.0103192784760489,
Belconnen,Homicide,2016,Q1,0,97106,0.0,
Belconnen,Homicide,2016,Q2,0,97106,0.0,
Belconnen,Homicide,2016,Q3,0,97106,0.0,
Belconnen,Homicide,2016,Q4,0,97106,0.0,
Belconnen,Homicide,2017,Q1,0,98630,0.0,
Belconnen,Homicide,2017,Q2,0,98630,0.0,
Belconnen,Homicide,2017,Q3,0,98630,0.0,
Belconnen,Homicide,2017,Q4,0,98630,0.0,
Belconnen,Homicide,2018,Q1,0,99762,0.0,
Belconnen,Homicide,2018,Q2,1,99762,0.0100238567791343,
Belconnen,Homicide,2018,Q3,0,99762,0.0,
Belconnen,Homicide,2018,Q4,0,99762,0.0,
Belconnen,Homicide,2019,Q1,0,100966,0.0,
Belconnen,Homicide,2019,Q2,0,100966,0.0,
Belconnen,Homicide,2019,Q3,0,100966,0.0,
Belconnen,Homicide,2019,Q4,0,100966,0.0,
Belconnen,Homicide,2020,Q1,1,101562,0.0098462023197652,
Belconnen,Homicide,2020,Q2,1,101562,0.0098462023197652,
Belconnen,Homicide,2020,Q3,0,101562,0.0,
Belconnen,Homicide,2020,Q4,0,101562,0.0,
Belconnen,Homicide,2021,Q1,4,102131,0.0391653856321782,
Belconnen,Homicide,2021,Q2,1,102131,0.0097913464080445,
Belconnen,Homicide,2021,Q3,2,102131,0.0195826928160891,
Belconnen,Homicide,2021,Q4,1,102131,0.0097913464080445,
Belconnen,Homicide,2022,Q1,0,102929,0.0,
Belconnen,Homicide,2022,Q2,2,102929,0.0194308698228876,
Belconnen,Homicide,2022,Q3,1,102929,0.0097154349114438,
Belconnen,Homicide,2022,Q4,0,102929,0.0,
Belconnen,Homicide,2023,Q1,0,104235,0.0,
Belconnen,Homicide,2023,Q2,0,104235,0.0,
Belconnen,Homicide,2023,Q3,0,104235,0.0,
Belconnen,Homicide,2023,Q4,1,104235,0.0095937065285172,
Belconnen,Homicide,2024,Q1,1,104459,0.0095731339568634,
Belconnen,Homicide,2024,Q2,2,104459,0.0191462679137269,
Belconnen,Homicide,2024,Q3,0,104459,0.0,
Belconnen,Homicide,2024,Q4,0,104459,0.0,
Belconnen,Homicide,2025,Q1,0,104929,0.0,
Belconnen,Homicide,2025,Q2,0,104929,0.0,
Belconnen,Other,2014,Q1,632,97058,6.511570401203404,
Belconnen,Other,2014,Q2,541,97058,5.573986688371901,
Belconnen,Other,2014,Q3,554,97058,5.707927218776401,
Belconnen,Other,2014,Q4,562,97058,5.790352160563786,
Belconnen,Other,2015,Q1,550,96906,5.675603161826925,
Belconnen,Other,2015,Q2,620,96906,6.397952655150352,
Belconnen,Other,2015,Q3,607,96906,6.263802034961715,
Belconnen,Other,2015,Q4,537,96906,5.5414525416382885,
Belconnen,Other,2016,Q1,537,97106,5.530039338454885,
Belconnen,Other,2016,Q2,700,97106,7.208617387185138,
Belconnen,Other,2016,Q3,628,97106,6.467159598788952,
Belconnen,Other,2016,Q4,706,97106,7.270405536218154,
Belconnen,Other,2017,Q1,681,98630,6.904592923045727,
Belconnen,Other,2017,Q2,720,98630,7.300010138902971,
Belconnen,Other,2017,Q3,725,98630,7.350704653756463,
Belconnen,Other,2017,Q4,704,98630,7.137787691371794,
Belconnen,Other,2018,Q1,722,99762,7.237224594534993,
Belconnen,Other,2018,Q2,777,99762,7.788536717387382,
Belconnen,Other,2018,Q3,809,99762,8.10930013431968,
Belconnen,Other,2018,Q4,781,99762,7.828632144503919,
Belconnen,Other,2019,Q1,989,100966,9.79537666145039,
Belconnen,Other,2019,Q2,882,100966,8.73561396905889,
Belconnen,Other,2019,Q3,742,100966,7.349008577144782,
Belconnen,Other,2019,Q4,811,100966,8.032406948873879,
Belconnen,Other,2020,Q1,829,101562,8.162501723085406,
Belconnen,Other,2020,Q2,1086,101562,10.69297571926508,
Belconnen,Other,2020,Q3,762,101562,7.502806167661133,
Belconnen,Other,2020,Q4,695,101562,6.843110612236861,
Belconnen,Other,2021,Q1,615,102131,6.02167804094741,
Belconnen,Other,2021,Q2,625,102131,6.119591505027857,
Belconnen,Other,2021,Q3,555,102131,5.434197256464737,
Belconnen,Other,2021,Q4,529,102131,5.179622249855577,
Belconnen,Other,2022,Q1,448,102929,4.352514840326827,
Belconnen,Other,2022,Q2,1156,102929,11.231042757629044,
Belconnen,Other,2022,Q3,532,102929,5.168611372888107,
Belconnen,Other,2022,Q4,508,102929,4.935440935013456,
Belconnen,Other,2023,Q1,403,104235,3.866263730992469,
Belconnen,Other,2023,Q2,478,104235,4.585791720631266,
Belconnen,Other,2023,Q3,505,104235,4.844821796901233,
Belconnen,Other,2023,Q4,524,104235,5.027102220943061,
Belconnen,Other,2024,Q1,404,104459,3.867546118572837,
Belconnen,Other,2024,Q2,405,104459,3.8771192525297007,
Belconnen,Other,2024,Q3,445,104459,4.260044610804239,
Belconnen,Other,2024,Q4,438,104459,4.193032673106194,
Belconnen,Other,2025,Q1,400,104929,3.812101516263378,
Belconnen,Other,2025,Q2,433,104929,4.126599891355107,
Belconnen,Other - Against A Person,2014,Q1,7,97058,0.0721218240639617,
Belconnen,Other - Against A Person,2014,Q2,2,97058,0.0206062354468462,
Belconnen,Other - Against A Person,2014,Q3,4,97058,0.0412124708936924,
Belconnen,Other - Against A Person,2014,Q4,4,97058,0.0412124708936924,
Belconnen,Other - Against A Person,2015,Q1,6,96906,0.0619156708562937,
Belconnen,Other - Against A Person,2015,Q2,3,96906,0.0309578354281468,
Belconnen,Other - Against A Person,2015,Q3,6,96906,0.0619156708562937,
Belconnen,Other - Against A Person,2015,Q4,7,96906,0.0722349493323426,
Belconnen,Other - Against A Person,2016,Q1,36,97106,0.3707288941980928,
Belconnen,Other - Against A Person,2016,Q2,17,97106,0.1750664222602105,
Belconnen,Other - Against A Person,2016,Q3,17,97106,0.1750664222602105,
Belconnen,Other - Against A Person,2016,Q4,25,97106,0.2574506209708977,
Belconnen,Other - Against A Person,2017,Q1,15,98630,0.1520835445604785,
Belconnen,Other - Against A Person,2017,Q2,14,98630,0.1419446415897799,
Belconnen,Other - Against A Person,2017,Q3,12,98630,0.1216668356483828,
Belconnen,Other - Against A Person,2017,Q4,8,98630,0.0811112237655885,
Belconnen,Other - Against A Person,2018,Q1,11,99762,0.1102624245704777,
Belconnen,Other - Against A Person,2018,Q2,20,99762,0.2004771355826868,
Belconnen,Other - Against A Person,2018,Q3,21,99762,0.2105009923618211,
Belconnen,Other - Against A Person,2018,Q4,16,99762,0.1603817084661494,
Belconnen,Other - Against A Person,2019,Q1,14,100966,0.1386605391914109,
Belconnen,Other - Against A Person,2019,Q2,17,100966,0.1683735118752847,
Belconnen,Other - Against A Person,2019,Q3,14,100966,0.1386605391914109,
Belconnen,Other - Against A Person,2019,Q4,8,100966,0.0792345938236634,
Belconnen,Other - Against A Person,2020,Q1,18,101562,0.1772316417557748,
Belconnen,Other - Against A Person,2020,Q2,9,101562,0.0886158208778874,
Belconnen,Other - Against A Person,2020,Q3,17,101562,0.1673854394360095,
Belconnen,Other - Against A Person,2020,Q4,10,101562,0.0984620231976526,
Belconnen,Other - Against A Person,2021,Q1,15,102131,0.1468701961206685,
Belconnen,Other - Against A Person,2021,Q2,22,102131,0.2154096209769805,
Belconnen,Other - Against A Person,2021,Q3,14,102131,0.137078849712624,
Belconnen,Other - Against A Person,2021,Q4,17,102131,0.1664528889367577,
Belconnen,Other - Against A Person,2022,Q1,15,102929,0.1457315236716571,
Belconnen,Other - Against A Person,2022,Q2,22,102929,0.2137395680517638,
Belconnen,Other - Against A Person,2022,Q3,23,102929,0.2234550029632076,
Belconnen,Other - Against A Person,2022,Q4,21,102929,0.20402413314032,
Belconnen,Other - Against A Person,2023,Q1,21,104235,0.2014678370988631,
Belconnen,Other - Against A Person,2023,Q2,31,104235,0.297404902384036,
Belconnen,Other - Against A Person,2023,Q3,24,104235,0.230248956684415,
Belconnen,Other - Against A Person,2023,Q4,23,104235,0.2206552501558977,
Belconnen,Other - Against A Person,2024,Q1,15,104459,0.1435970093529518,
Belconnen,Other - Against A Person,2024,Q2,10,104459,0.0957313395686345,
Belconnen,Other - Against A Person,2024,Q3,20,104459,0.1914626791372691,
Belconnen,Other - Against A Person,2024,Q4,30,104459,0.2871940187059037,
Belconnen,Other - Against A Person,2025,Q1,19,104929,0.1810748220225104,
Belconnen,Other - Against A Person,2025,Q2,21,104929,0.2001353296038273,
Belconnen,Property Damage,2014,Q1,216,97058,2.225473428259391,
Belconnen,Property Damage,2014,Q2,186,97058,1.9163798965566976,
Belconnen,Property Damage,2014,Q3,175,97058,1.803045601599044,
Belconnen,Property Damage,2014,Q4,196,97058,2.019411073790929,
Belconnen,Property Damage,2015,Q1,288,96906,2.971952201102099,
Belconnen,Property Damage,2015,Q2,291,96906,3.002910036530245,
Belconnen,Property Damage,2015,Q3,201,96906,2.07417497368584,
Belconnen,Property Damage,2015,Q4,322,96906,3.322807669287763,
Belconnen,Property Damage,2016,Q1,216,97106,2.224373365188557,
Belconnen,Property Damage,2016,Q2,269,97106,2.7701686816468603,
Belconnen,Property Damage,2016,Q3,229,97106,2.358247688093424,
Belconnen,Property Damage,2016,Q4,286,97106,2.9452351039070708,
Belconnen,Property Damage,2017,Q1,338,98630,3.426949204096117,
Belconnen,Property Damage,2017,Q2,314,98630,3.1836155327993514,
Belconnen,Property Damage,2017,Q3,301,98630,3.05180979418027,
Belconnen,Property Damage,2017,Q4,299,98630,3.0315319882388727,
Belconnen,Property Damage,2018,Q1,236,99762,2.3656301998757043,
Belconnen,Property Damage,2018,Q2,272,99762,2.7264890439245404,
Belconnen,Property Damage,2018,Q3,272,99762,2.7264890439245404,
Belconnen,Property Damage,2018,Q4,288,99762,2.88687075239069,
Belconnen,Property Damage,2019,Q1,295,100966,2.9217756472475886,
Belconnen,Property Damage,2019,Q2,410,100966,4.06077293346275,
Belconnen,Property Damage,2019,Q3,232,100966,2.297803220886239,
Belconnen,Property Damage,2019,Q4,243,100966,2.406750787393776,
Belconnen,Property Damage,2020,Q1,194,101562,1.9101632500344616,
Belconnen,Property Damage,2020,Q2,197,101562,1.9397018569937576,
Belconnen,Property Damage,2020,Q3,181,101562,1.7821626198775131,
Belconnen,Property Damage,2020,Q4,245,101562,2.4123195683424905,
Belconnen,Property Damage,2021,Q1,231,102131,2.261801020258296,
Belconnen,Property Damage,2021,Q2,238,102131,2.330340445114608,
Belconnen,Property Damage,2021,Q3,156,102131,1.5274500396549529,
Belconnen,Property Damage,2021,Q4,209,102131,2.046391399281315,
Belconnen,Property Damage,2022,Q1,162,102929,1.5739004556538974,
Belconnen,Property Damage,2022,Q2,217,102929,2.108249375783307,
Belconnen,Property Damage,2022,Q3,173,102929,1.6807702396797792,
Belconnen,Property Damage,2022,Q4,204,102929,1.9819487219345373,
Belconnen,Property Damage,2023,Q1,185,104235,1.774835707775699,
Belconnen,Property Damage,2023,Q2,221,104235,2.120209142802321,
Belconnen,Property Damage,2023,Q3,199,104235,1.9091475991749407,
Belconnen,Property Damage,2023,Q4,216,104235,2.072240610159735,
Belconnen,Property Damage,2024,Q1,192,104459,1.838041719717784,
Belconnen,Property Damage,2024,Q2,165,104459,1.5795671028824705,
Belconnen,Property Damage,2024,Q3,149,104459,1.426396959572655,
Belconnen,Property Damage,2024,Q4,170,104459,1.627432772666788,
Belconnen,Property Damage,2025,Q1,193,104929,1.83933898159708,
Belconnen,Property Damage,2025,Q2,161,104929,1.5343708602960096,
Belconnen,Robbery - Armed,2014,Q1,4,97058,0.0412124708936924,
Belconnen,Robbery - Armed,2014,Q2,4,97058,0.0412124708936924,
Belconnen,Robbery - Armed,2014,Q3,5,97058,0.0515155886171155,
Belconnen,Robbery - Armed,2014,Q4,3,97058,0.0309093531702693,
Belconnen,Robbery - Armed,2015,Q1,5,96906,0.0515963923802447,
Belconnen,Robbery - Armed,2015,Q2,8,96906,0.0825542278083916,
Belconnen,Robbery - Armed,2015,Q3,6,96906,0.0619156708562937,
Belconnen,Robbery - Armed,2015,Q4,9,96906,0.0928735062844405,
Belconnen,Robbery - Armed,2016,Q1,3,97106,0.0308940745165077,
Belconnen,Robbery - Armed,2016,Q2,6,97106,0.0617881490330154,
Belconnen,Robbery - Armed,2016,Q3,9,97106,0.0926822235495232,
Belconnen,Robbery - Armed,2016,Q4,6,97106,0.0617881490330154,
Belconnen,Robbery - Armed,2017,Q1,7,98630,0.0709723207948899,
Belconnen,Robbery - Armed,2017,Q2,11,98630,0.1115279326776842,
Belconnen,Robbery - Armed,2017,Q3,7,98630,0.0709723207948899,
Belconnen,Robbery - Armed,2017,Q4,4,98630,0.0405556118827942,
Belconnen,Robbery - Armed,2018,Q1,7,99762,0.0701669974539403,
Belconnen,Robbery - Armed,2018,Q2,3,99762,0.030071570337403,
Belconnen,Robbery - Armed,2018,Q3,4,99762,0.0400954271165373,
Belconnen,Robbery - Armed,2018,Q4,16,99762,0.1603817084661494,
Belconnen,Robbery - Armed,2019,Q1,6,100966,0.0594259453677475,
Belconnen,Robbery - Armed,2019,Q2,8,100966,0.0792345938236634,
Belconnen,Robbery - Armed,2019,Q3,11,100966,0.1089475665075372,
Belconnen,Robbery - Armed,2019,Q4,4,100966,0.0396172969118317,
Belconnen,Robbery - Armed,2020,Q1,8,101562,0.0787696185581221,
Belconnen,Robbery - Armed,2020,Q2,6,101562,0.0590772139185916,
Belconnen,Robbery - Armed,2020,Q3,3,101562,0.0295386069592958,
Belconnen,Robbery - Armed,2020,Q4,4,101562,0.039384809279061,
Belconnen,Robbery - Armed,2021,Q1,4,102131,0.0391653856321782,
Belconnen,Robbery - Armed,2021,Q2,10,102131,0.0979134640804457,
Belconnen,Robbery - Armed,2021,Q3,3,102131,0.0293740392241337,
Belconnen,Robbery - Armed,2021,Q4,1,102131,0.0097913464080445,
Belconnen,Robbery - Armed,2022,Q1,1,102929,0.0097154349114438,
Belconnen,Robbery - Armed,2022,Q2,3,102929,0.0291463047343314,
Belconnen,Robbery - Armed,2022,Q3,5,102929,0.048577174557219,
Belconnen,Robbery - Armed,2022,Q4,4,102929,0.0388617396457752,
Belconnen,Robbery - Armed,2023,Q1,4,104235,0.0383748261140691,
Belconnen,Robbery - Armed,2023,Q2,4,104235,0.0383748261140691,
Belconnen,Robbery - Armed,2023,Q3,7,104235,0.067155945699621,
Belconnen,Robbery - Armed,2023,Q4,8,104235,0.0767496522281383,
Belconnen,Robbery - Armed,2024,Q1,0,104459,0.0,
Belconnen,Robbery - Armed,2024,Q2,1,104459,0.0095731339568634,
Belconnen,Robbery - Armed,2024,Q3,3,104459,0.0287194018705903,
Belconnen,Robbery - Armed,2024,Q4,4,104459,0.0382925358274538,
Belconnen,Robbery - Armed,2025,Q1,2,104929,0.0190605075813168,
Belconnen,Robbery - Armed,2025,Q2,1,104929,0.0095302537906584,
Belconnen,Robbery - Other,2014,Q1,3,97058,0.0309093531702693,
Belconnen,Robbery - Other,2014,Q2,2,97058,0.0206062354468462,
Belconnen,Robbery - Other,2014,Q3,3,97058,0.0309093531702693,
Belconnen,Robbery - Other,2014,Q4,7,97058,0.0721218240639617,
Belconnen,Robbery - Other,2015,Q1,4,96906,0.0412771139041958,
Belconnen,Robbery - Other,2015,Q2,0,96906,0.0,
Belconnen,Robbery - Other,2015,Q3,3,96906,0.0309578354281468,
Belconnen,Robbery - Other,2015,Q4,2,96906,0.0206385569520979,
Belconnen,Robbery - Other,2016,Q1,3,97106,0.0308940745165077,
Belconnen,Robbery - Other,2016,Q2,3,97106,0.0308940745165077,
Belconnen,Robbery - Other,2016,Q3,3,97106,0.0308940745165077,
Belconnen,Robbery - Other,2016,Q4,9,97106,0.0926822235495232,
Belconnen,Robbery - Other,2017,Q1,9,98630,0.0912501267362871,
Belconnen,Robbery - Other,2017,Q2,5,98630,0.0506945148534928,
Belconnen,Robbery - Other,2017,Q3,5,98630,0.0506945148534928,
Belconnen,Robbery - Other,2017,Q4,9,98630,0.0912501267362871,
Belconnen,Robbery - Other,2018,Q1,6,99762,0.060143140674806,
Belconnen,Robbery - Other,2018,Q2,5,99762,0.0501192838956717,
Belconnen,Robbery - Other,2018,Q3,4,99762,0.0400954271165373,
Belconnen,Robbery - Other,2018,Q4,4,99762,0.0400954271165373,
Belconnen,Robbery - Other,2019,Q1,4,100966,0.0396172969118317,
Belconnen,Robbery - Other,2019,Q2,2,100966,0.0198086484559158,
Belconnen,Robbery - Other,2019,Q3,5,100966,0.0495216211397896,
Belconnen,Robbery - Other,2019,Q4,8,100966,0.0792345938236634,
Belconnen,Robbery - Other,2020,Q1,10,101562,0.0984620231976526,
Belconnen,Robbery - Other,2020,Q2,3,101562,0.0295386069592958,
Belconnen,Robbery - Other,2020,Q3,3,101562,0.0295386069592958,
Belconnen,Robbery - Other,2020,Q4,6,101562,0.0590772139185916,
Belconnen,Robbery - Other,2021,Q1,6,102131,0.0587480784482674,
Belconnen,Robbery - Other,2021,Q2,6,102131,0.0587480784482674,
Belconnen,Robbery - Other,2021,Q3,6,102131,0.0587480784482674,
Belconnen,Robbery - Other,2021,Q4,6,102131,0.0587480784482674,
Belconnen,Robbery - Other,2022,Q1,4,102929,0.0388617396457752,
Belconnen,Robbery - Other,2022,Q2,7,102929,0.0680080443801066,
Belconnen,Robbery - Other,2022,Q3,17,102929,0.1651623934945447,
Belconnen,Robbery - Other,2022,Q4,6,102929,0.0582926094686628,
Belconnen,Robbery - Other,2023,Q1,10,104235,0.0959370652851729,
Belconnen,Robbery - Other,2023,Q2,5,104235,0.0479685326425864,
Belconnen,Robbery - Other,2023,Q3,4,104235,0.0383748261140691,
Belconnen,Robbery - Other,2023,Q4,8,104235,0.0767496522281383,
Belconnen,Robbery - Other,2024,Q1,7,104459,0.0670119376980442,
Belconnen,Robbery - Other,2024,Q2,3,104459,0.0287194018705903,
Belconnen,Robbery - Other,2024,Q3,4,104459,0.0382925358274538,
Belconnen,Robbery - Other,2024,Q4,6,104459,0.0574388037411807,
Belconnen,Robbery - Other,2025,Q1,4,104929,0.0381210151626337,
Belconnen,Robbery - Other,2025,Q2,3,104929,0.0285907613719753,
Belconnen,Sexual Assault,2014,Q1,22,97058,0.2266685899153083,
Belconnen,Sexual Assault,2014,Q2,32,97058,0.3296997671495394,
Belconnen,Sexual Assault,2014,Q3,23,97058,0.2369717076387314,
Belconnen,Sexual Assault,2014,Q4,24,97058,0.2472748253621545,
Belconnen,Sexual Assault,2015,Q1,17,96906,0.1754277340928322,
Belconnen,Sexual Assault,2015,Q2,37,96906,0.3818133036138113,
Belconnen,Sexual Assault,2015,Q3,19,96906,0.1960662910449301,
Belconnen,Sexual Assault,2015,Q4,30,96906,0.3095783542814686,
Belconnen,Sexual Assault,2016,Q1,37,97106,0.3810269190369287,
Belconnen,Sexual Assault,2016,Q2,18,97106,0.1853644470990464,
Belconnen,Sexual Assault,2016,Q3,39,97106,0.4016229687146005,
Belconnen,Sexual Assault,2016,Q4,35,97106,0.3604308693592569,
Belconnen,Sexual Assault,2017,Q1,32,98630,0.3244448950623542,
Belconnen,Sexual Assault,2017,Q2,48,98630,0.4866673425935314,
Belconnen,Sexual Assault,2017,Q3,26,98630,0.2636114772381628,
Belconnen,Sexual Assault,2017,Q4,36,98630,0.3650005069451486,
Belconnen,Sexual Assault,2018,Q1,49,99762,0.4911689821775826,
Belconnen,Sexual Assault,2018,Q2,30,99762,0.3007157033740302,
Belconnen,Sexual Assault,2018,Q3,41,99762,0.4109781279445079,
Belconnen,Sexual Assault,2018,Q4,31,99762,0.3107395601531645,
Belconnen,Sexual Assault,2019,Q1,43,100966,0.4258859418021908,
Belconnen,Sexual Assault,2019,Q2,21,100966,0.2079908087871164,
Belconnen,Sexual Assault,2019,Q3,42,100966,0.4159816175742329,
Belconnen,Sexual Assault,2019,Q4,18,100966,0.1782778361032427,
Belconnen,Sexual Assault,2020,Q1,28,101562,0.2756936649534274,
Belconnen,Sexual Assault,2020,Q2,23,101562,0.2264626533546011,
Belconnen,Sexual Assault,2020,Q3,39,101562,0.3840018904708454,
Belconnen,Sexual Assault,2020,Q4,17,101562,0.1673854394360095,
Belconnen,Sexual Assault,2021,Q1,39,102131,0.3818625099137382,
Belconnen,Sexual Assault,2021,Q2,37,102131,0.3622798170976491,
Belconnen,Sexual Assault,2021,Q3,30,102131,0.2937403922413371,
Belconnen,Sexual Assault,2021,Q4,26,102131,0.2545750066091588,
Belconnen,Sexual Assault,2022,Q1,39,102929,0.3789019615463086,
Belconnen,Sexual Assault,2022,Q2,29,102929,0.2817476124318705,
Belconnen,Sexual Assault,2022,Q3,42,102929,0.40804826628064,
Belconnen,Sexual Assault,2022,Q4,47,102929,0.4566254408378591,
Belconnen,Sexual Assault,2023,Q1,47,104235,0.4509042068403127,
Belconnen,Sexual Assault,2023,Q2,47,104235,0.4509042068403127,
Belconnen,Sexual Assault,2023,Q3,36,104235,0.3453734350266225,
Belconnen,Sexual Assault,2023,Q4,34,104235,0.3261860219695879,
Belconnen,Sexual Assault,2024,Q1,59,104459,0.564814903454944,
Belconnen,Sexual Assault,2024,Q2,47,104459,0.4499372959725825,
Belconnen,Sexual Assault,2024,Q3,38,104459,0.3637790903608114,
Belconnen,Sexual Assault,2024,Q4,50,104459,0.4786566978431729,
Belconnen,Sexual Assault,2025,Q1,23,104929,0.2191958371851442,
Belconnen,Sexual Assault,2025,Q2,34,104929,0.3240286288823871,
Belconnen,TINs - Mobile Use,2014,Q1,63,97058,0.6490964165756558,
Belconnen,TINs - Mobile Use,2014,Q2,75,97058,0.7727338292567331,
Belconnen,TINs - Mobile Use,2014,Q3,81,97058,0.8345525355972717,
Belconnen,TINs - Mobile Use,2014,Q4,55,97058,0.5666714747882708,
Belconnen,TINs - Mobile Use,2015,Q1,42,96906,0.433409695994056,
Belconnen,TINs - Mobile Use,2015,Q2,33,96906,0.3405361897096154,
Belconnen,TINs - Mobile Use,2015,Q3,60,96906,0.6191567085629373,
Belconnen,TINs - Mobile Use,2015,Q4,37,96906,0.3818133036138113,
Belconnen,TINs - Mobile Use,2016,Q1,44,97106,0.4531130929087801,
Belconnen,TINs - Mobile Use,2016,Q2,83,97106,0.8547360616233807,
Belconnen,TINs - Mobile Use,2016,Q3,121,97106,1.2460610054991452,
Belconnen,TINs - Mobile Use,2016,Q4,72,97106,0.7414577883961857,
Belconnen,TINs - Mobile Use,2017,Q1,81,98630,0.8212511406265842,
Belconnen,TINs - Mobile Use,2017,Q2,84,98630,0.8516678495386799,
Belconnen,TINs - Mobile Use,2017,Q3,59,98630,0.5981952752712156,
Belconnen,TINs - Mobile Use,2017,Q4,52,98630,0.5272229544763257,
Belconnen,TINs - Mobile Use,2018,Q1,108,99762,1.0825765321465086,
Belconnen,TINs - Mobile Use,2018,Q2,63,99762,0.6315029770854634,
Belconnen,TINs - Mobile Use,2018,Q3,116,99762,1.162767386379583,
Belconnen,TINs - Mobile Use,2018,Q4,78,99762,0.7818608287724785,
Belconnen,TINs - Mobile Use,2019,Q1,60,100966,0.5942594536774756,
Belconnen,TINs - Mobile Use,2019,Q2,69,100966,0.683398371729097,
Belconnen,TINs - Mobile Use,2019,Q3,49,100966,0.4853118871699384,
Belconnen,TINs - Mobile Use,2019,Q4,91,100966,0.9012935047441714,
Belconnen,TINs - Mobile Use,2020,Q1,84,101562,0.8270809948602824,
Belconnen,TINs - Mobile Use,2020,Q2,40,101562,0.3938480927906106,
Belconnen,TINs - Mobile Use,2020,Q3,36,101562,0.3544632835115496,
Belconnen,TINs - Mobile Use,2020,Q4,52,101562,0.5120025206277938,
Belconnen,TINs - Mobile Use,2021,Q1,36,102131,0.3524884706896045,
Belconnen,TINs - Mobile Use,2021,Q2,38,102131,0.3720711635056937,
Belconnen,TINs - Mobile Use,2021,Q3,30,102131,0.2937403922413371,
Belconnen,TINs - Mobile Use,2021,Q4,17,102131,0.1664528889367577,
Belconnen,TINs - Mobile Use,2022,Q1,17,102929,0.1651623934945447,
Belconnen,TINs - Mobile Use,2022,Q2,19,102929,0.1845932633174324,
Belconnen,TINs - Mobile Use,2022,Q3,25,102929,0.2428858727860952,
Belconnen,TINs - Mobile Use,2022,Q4,29,102929,0.2817476124318705,
Belconnen,TINs - Mobile Use,2023,Q1,14,104235,0.1343118913992421,
Belconnen,TINs - Mobile Use,2023,Q2,12,104235,0.1151244783422075,
Belconnen,TINs - Mobile Use,2023,Q3,7,104235,0.067155945699621,
Belconnen,TINs - Mobile Use,2023,Q4,3,104235,0.0287811195855518,
Belconnen,TINs - Mobile Use,2024,Q1,0,104459,0.0,
Belconnen,TINs - Mobile Use,2024,Q2,0,104459,0.0,
Belconnen,TINs - Mobile Use,2024,Q3,0,104459,0.0,
Belconnen,TINs - Mobile Use,2024,Q4,0,104459,0.0,
Belconnen,TINs - Mobile Use,2025,Q1,0,104929,0.0,
Belconnen,TINs - Mobile Use,2025,Q2,0,104929,0.0,
Belconnen,TINs - Other,2014,Q1,540,97058,5.563683570648478,
Belconnen,TINs - Other,2014,Q2,622,97058,6.408539223969172,
Belconnen,TINs - Other,2014,Q3,679,97058,6.9958169342042895,
Belconnen,TINs - Other,2014,Q4,551,97058,5.677017865606132,
Belconnen,TINs - Other,2015,Q1,447,96906,4.612717478793883,
Belconnen,TINs - Other,2015,Q2,332,96906,3.426000454048253,
Belconnen,TINs - Other,2015,Q3,614,96906,6.336036984294058,
Belconnen,TINs - Other,2015,Q4,390,96906,4.024518605659092,
Belconnen,TINs - Other,2016,Q1,485,97106,4.994542046835417,
Belconnen,TINs - Other,2016,Q2,471,97106,4.850369699091715,
Belconnen,TINs - Other,2016,Q3,674,97106,6.940868741375405,
Belconnen,TINs - Other,2016,Q4,622,97106,6.405371449755937,
Belconnen,TINs - Other,2017,Q1,492,98630,4.988340261583697,
Belconnen,TINs - Other,2017,Q2,688,98630,6.975565243840617,
Belconnen,TINs - Other,2017,Q3,637,98630,6.45848119233499,
Belconnen,TINs - Other,2017,Q4,428,98630,4.3394504714589885,
Belconnen,TINs - Other,2018,Q1,591,99762,5.924099356468394,
Belconnen,TINs - Other,2018,Q2,421,99762,4.220043704015557,
Belconnen,TINs - Other,2018,Q3,664,99762,6.655840901345202,
Belconnen,TINs - Other,2018,Q4,584,99762,5.853932359014454,
Belconnen,TINs - Other,2019,Q1,435,100966,4.308381039161699,
Belconnen,TINs - Other,2019,Q2,437,100966,4.328189687617615,
Belconnen,TINs - Other,2019,Q3,445,100966,4.407424281441277,
Belconnen,TINs - Other,2019,Q4,423,100966,4.189529148426203,
Belconnen,TINs - Other,2020,Q1,590,101562,5.809259368661508,
Belconnen,TINs - Other,2020,Q2,645,101562,6.350800496248597,
Belconnen,TINs - Other,2020,Q3,647,101562,6.370492900888127,
Belconnen,TINs - Other,2020,Q4,811,101562,7.985270081329632,
Belconnen,TINs - Other,2021,Q1,375,102131,3.671754903016714,
Belconnen,TINs - Other,2021,Q2,484,102131,4.739011661493572,
Belconnen,TINs - Other,2021,Q3,224,102131,2.193261595401984,
Belconnen,TINs - Other,2021,Q4,312,102131,3.0549000793099057,
Belconnen,TINs - Other,2022,Q1,160,102929,1.5544695858310098,
Belconnen,TINs - Other,2022,Q2,236,102929,2.29284263910074,
Belconnen,TINs - Other,2022,Q3,285,102929,2.768898949761486,
Belconnen,TINs - Other,2022,Q4,329,102929,3.196378085865013,
Belconnen,TINs - Other,2023,Q1,281,104235,2.6958315345133594,
Belconnen,TINs - Other,2023,Q2,345,104235,3.309828752338466,
Belconnen,TINs - Other,2023,Q3,188,104235,1.803616827361251,
Belconnen,TINs - Other,2023,Q4,160,104235,1.5349930445627669,
Belconnen,TINs - Other,2024,Q1,115,104459,1.1009104050392975,
Belconnen,TINs - Other,2024,Q2,192,104459,1.838041719717784,
Belconnen,TINs - Other,2024,Q3,230,104459,2.2018208100785954,
Belconnen,TINs - Other,2024,Q4,246,104459,2.354990953388411,
Belconnen,TINs - Other,2025,Q1,409,104929,3.897873800379304,
Belconnen,TINs - Other,2025,Q2,402,104929,3.831162023844695,
Belconnen,TINs - Seatbelts,2014,Q1,18,97058,0.1854561190216159,
Belconnen,TINs - Seatbelts,2014,Q2,26,97058,0.2678810608090007,
Belconnen,TINs - Seatbelts,2014,Q3,19,97058,0.195759236745039,
Belconnen,TINs - Seatbelts,2014,Q4,16,97058,0.1648498835747697,
Belconnen,TINs - Seatbelts,2015,Q1,8,96906,0.0825542278083916,
Belconnen,TINs - Seatbelts,2015,Q2,7,96906,0.0722349493323426,
Belconnen,TINs - Seatbelts,2015,Q3,12,96906,0.1238313417125874,
Belconnen,TINs - Seatbelts,2015,Q4,16,96906,0.1651084556167832,
Belconnen,TINs - Seatbelts,2016,Q1,3,97106,0.0308940745165077,
Belconnen,TINs - Seatbelts,2016,Q2,35,97106,0.3604308693592569,
Belconnen,TINs - Seatbelts,2016,Q3,27,97106,0.2780466706485696,
Belconnen,TINs - Seatbelts,2016,Q4,13,97106,0.1338743229048668,
Belconnen,TINs - Seatbelts,2017,Q1,25,98630,0.2534725742674643,
Belconnen,TINs - Seatbelts,2017,Q2,18,98630,0.1825002534725743,
Belconnen,TINs - Seatbelts,2017,Q3,10,98630,0.1013890297069857,
Belconnen,TINs - Seatbelts,2017,Q4,11,98630,0.1115279326776842,
Belconnen,TINs - Seatbelts,2018,Q1,15,99762,0.1503578516870151,
Belconnen,TINs - Seatbelts,2018,Q2,6,99762,0.060143140674806,
Belconnen,TINs - Seatbelts,2018,Q3,25,99762,0.2505964194783585,
Belconnen,TINs - Seatbelts,2018,Q4,23,99762,0.2305487059200898,
Belconnen,TINs - Seatbelts,2019,Q1,20,100966,0.1980864845591585,
Belconnen,TINs - Seatbelts,2019,Q2,12,100966,0.1188518907354951,
Belconnen,TINs - Seatbelts,2019,Q3,9,100966,0.0891389180516213,
Belconnen,TINs - Seatbelts,2019,Q4,22,100966,0.2178951330150744,
Belconnen,TINs - Seatbelts,2020,Q1,20,101562,0.1969240463953053,
Belconnen,TINs - Seatbelts,2020,Q2,15,101562,0.147693034796479,
Belconnen,TINs - Seatbelts,2020,Q3,7,101562,0.0689234162383568,
Belconnen,TINs - Seatbelts,2020,Q4,9,101562,0.0886158208778874,
Belconnen,TINs - Seatbelts,2021,Q1,4,102131,0.0391653856321782,
Belconnen,TINs - Seatbelts,2021,Q2,10,102131,0.0979134640804457,
Belconnen,TINs - Seatbelts,2021,Q3,2,102131,0.0195826928160891,
Belconnen,TINs - Seatbelts,2021,Q4,8,102131,0.0783307712643565,
Belconnen,TINs - Seatbelts,2022,Q1,3,102929,0.0291463047343314,
Belconnen,TINs - Seatbelts,2022,Q2,1,102929,0.0097154349114438,
Belconnen,TINs - Seatbelts,2022,Q3,4,102929,0.0388617396457752,
Belconnen,TINs - Seatbelts,2022,Q4,5,102929,0.048577174557219,
Belconnen,TINs - Seatbelts,2023,Q1,3,104235,0.0287811195855518,
Belconnen,TINs - Seatbelts,2023,Q2,3,104235,0.0287811195855518,
Belconnen,TINs - Seatbelts,2023,Q3,1,104235,0.0095937065285172,
Belconnen,TINs - Seatbelts,2023,Q4,1,104235,0.0095937065285172,
Belconnen,TINs - Seatbelts,2024,Q1,0,104459,0.0,
Belconnen,TINs - Seatbelts,2024,Q2,1,104459,0.0095731339568634,
Belconnen,TINs - Seatbelts,2024,Q3,2,104459,0.0191462679137269,
Belconnen,TINs - Seatbelts,2024,Q4,2,104459,0.0191462679137269,
Belconnen,TINs - Seatbelts,2025,Q1,1,104929,0.0095302537906584,
Belconnen,TINs - Seatbelts,2025,Q2,1,104929,0.0095302537906584,
Belconnen,TINs - Speeding,2014,Q1,226,97058,2.328504605493622,
Belconnen,TINs - Speeding,2014,Q2,208,97058,2.143048486472006,
Belconnen,TINs - Speeding,2014,Q3,321,97058,3.307300789218817,
Belconnen,TINs - Speeding,2014,Q4,191,97058,1.9678954851738133,
Belconnen,TINs - Speeding,2015,Q1,148,96906,1.527253214455245,
Belconnen,TINs - Speeding,2015,Q2,94,96906,0.9700121767486016,
Belconnen,TINs - Speeding,2015,Q3,190,96906,1.9606629104493007,
Belconnen,TINs - Speeding,2015,Q4,129,96906,1.331186923410315,
Belconnen,TINs - Speeding,2016,Q1,147,97106,1.513809651308879,
Belconnen,TINs - Speeding,2016,Q2,115,97106,1.1842728564661298,
Belconnen,TINs - Speeding,2016,Q3,310,97106,3.1923877000391325,
Belconnen,TINs - Speeding,2016,Q4,186,97106,1.91543262002348,
Belconnen,TINs - Speeding,2017,Q1,177,98630,1.7945858258136471,
Belconnen,TINs - Speeding,2017,Q2,230,98630,2.331947683260671,
Belconnen,TINs - Speeding,2017,Q3,259,98630,2.62597586941093,
Belconnen,TINs - Speeding,2017,Q4,303,98630,3.072087600121667,
Belconnen,TINs - Speeding,2018,Q1,258,99762,2.58615504901666,
Belconnen,TINs - Speeding,2018,Q2,194,99762,1.944628215152062,
Belconnen,TINs - Speeding,2018,Q3,243,99762,2.4357971973296446,
Belconnen,TINs - Speeding,2018,Q4,212,99762,2.12505763717648,
Belconnen,TINs - Speeding,2019,Q1,142,100966,1.4064140403700256,
Belconnen,TINs - Speeding,2019,Q2,220,100966,2.178951330150744,
Belconnen,TINs - Speeding,2019,Q3,270,100966,2.6741675415486403,
Belconnen,TINs - Speeding,2019,Q4,253,100966,2.505794029673356,
Belconnen,TINs - Speeding,2020,Q1,376,101562,3.70217207223174,
Belconnen,TINs - Speeding,2020,Q2,300,101562,2.95386069592958,
Belconnen,TINs - Speeding,2020,Q3,277,101562,2.727398042574979,
Belconnen,TINs - Speeding,2020,Q4,317,101562,3.1212461353655896,
Belconnen,TINs - Speeding,2021,Q1,211,102131,2.065974092097404,
Belconnen,TINs - Speeding,2021,Q2,312,102131,3.0549000793099057,
Belconnen,TINs - Speeding,2021,Q3,106,102131,1.0378827192527245,
Belconnen,TINs - Speeding,2021,Q4,138,102131,1.3512058043101507,
Belconnen,TINs - Speeding,2022,Q1,96,102929,0.9326817514986058,
Belconnen,TINs - Speeding,2022,Q2,76,102929,0.7383730532697296,
Belconnen,TINs - Speeding,2022,Q3,65,102929,0.6315032692438477,
Belconnen,TINs - Speeding,2022,Q4,88,102929,0.8549582722070553,
Belconnen,TINs - Speeding,2023,Q1,84,104235,0.8058713483954526,
Belconnen,TINs - Speeding,2023,Q2,95,104235,0.9114021202091428,
Belconnen,TINs - Speeding,2023,Q3,47,104235,0.4509042068403127,
Belconnen,TINs - Speeding,2023,Q4,38,104235,0.3645608480836571,
Belconnen,TINs - Speeding,2024,Q1,25,104459,0.2393283489215864,
Belconnen,TINs - Speeding,2024,Q2,40,104459,0.3829253582745383,
Belconnen,TINs - Speeding,2024,Q3,34,104459,0.3254865545333575,
Belconnen,TINs - Speeding,2024,Q4,65,104459,0.6222537071961248,
Belconnen,TINs - Speeding,2025,Q1,101,104929,0.9625556328565028,
Belconnen,TINs - Speeding,2025,Q2,103,104929,0.98161614043782,
Belconnen,Theft - Motor Vehicles,2014,Q1,60,97058,0.6181870634053864,
Belconnen,Theft - Motor Vehicles,2014,Q2,45,97058,0.4636402975540398,
Belconnen,Theft - Motor Vehicles,2014,Q3,36,97058,0.3709122380432318,
Belconnen,Theft - Motor Vehicles,2014,Q4,53,97058,0.5460652393414247,
Belconnen,Theft - Motor Vehicles,2015,Q1,72,96906,0.7429880502755247,
Belconnen,Theft - Motor Vehicles,2015,Q2,50,96906,0.5159639238024477,
Belconnen,Theft - Motor Vehicles,2015,Q3,60,96906,0.6191567085629373,
Belconnen,Theft - Motor Vehicles,2015,Q4,49,96906,0.5056446453263987,
Belconnen,Theft - Motor Vehicles,2016,Q1,19,97106,0.1956624719378823,
Belconnen,Theft - Motor Vehicles,2016,Q2,81,97106,0.8341400119457089,
Belconnen,Theft - Motor Vehicles,2016,Q3,68,97106,0.700265689040842,
Belconnen,Theft - Motor Vehicles,2016,Q4,53,97106,0.5457953164583034,
Belconnen,Theft - Motor Vehicles,2017,Q1,71,98630,0.7198621109195985,
Belconnen,Theft - Motor Vehicles,2017,Q2,59,98630,0.5981952752712156,
Belconnen,Theft - Motor Vehicles,2017,Q3,113,98630,1.1456960356889383,
Belconnen,Theft - Motor Vehicles,2017,Q4,85,98630,0.8618067525093785,
Belconnen,Theft - Motor Vehicles,2018,Q1,35,99762,0.3508349872697019,
Belconnen,Theft - Motor Vehicles,2018,Q2,46,99762,0.4610974118401796,
Belconnen,Theft - Motor Vehicles,2018,Q3,48,99762,0.4811451253984483,
Belconnen,Theft - Motor Vehicles,2018,Q4,71,99762,0.7116938313185381,
Belconnen,Theft - Motor Vehicles,2019,Q1,75,100966,0.7428243170968445,
Belconnen,Theft - Motor Vehicles,2019,Q2,53,100966,0.5249291840817701,
Belconnen,Theft - Motor Vehicles,2019,Q3,64,100966,0.6338767505893074,
Belconnen,Theft - Motor Vehicles,2019,Q4,75,100966,0.7428243170968445,
Belconnen,Theft - Motor Vehicles,2020,Q1,65,101562,0.6400031507847423,
Belconnen,Theft - Motor Vehicles,2020,Q2,56,101562,0.5513873299068549,
Belconnen,Theft - Motor Vehicles,2020,Q3,55,101562,0.5415411275870897,
Belconnen,Theft - Motor Vehicles,2020,Q4,72,101562,0.7089265670230992,
Belconnen,Theft - Motor Vehicles,2021,Q1,66,102131,0.6462288629309416,
Belconnen,Theft - Motor Vehicles,2021,Q2,87,102131,0.8518471374998776,
Belconnen,Theft - Motor Vehicles,2021,Q3,59,102131,0.5776894380746297,
Belconnen,Theft - Motor Vehicles,2021,Q4,71,102131,0.6951855949711645,
Belconnen,Theft - Motor Vehicles,2022,Q1,66,102929,0.6412187041552915,
Belconnen,Theft - Motor Vehicles,2022,Q2,63,102929,0.61207239942096,
Belconnen,Theft - Motor Vehicles,2022,Q3,61,102929,0.5926415295980725,
Belconnen,Theft - Motor Vehicles,2022,Q4,45,102929,0.4371945710149715,
Belconnen,Theft - Motor Vehicles,2023,Q1,78,104235,0.7483091092243488,
Belconnen,Theft - Motor Vehicles,2023,Q2,66,104235,0.6331846308821413,
Belconnen,Theft - Motor Vehicles,2023,Q3,59,104235,0.5660286851825203,
Belconnen,Theft - Motor Vehicles,2023,Q4,41,104235,0.393341967669209,
Belconnen,Theft - Motor Vehicles,2024,Q1,64,104459,0.6126805732392613,
Belconnen,Theft - Motor Vehicles,2024,Q2,50,104459,0.4786566978431729,
Belconnen,Theft - Motor Vehicles,2024,Q3,47,104459,0.4499372959725825,
Belconnen,Theft - Motor Vehicles,2024,Q4,43,104459,0.4116447601451287,
Belconnen,Theft - Motor Vehicles,2025,Q1,57,104929,0.5432244660675314,
Belconnen,Theft - Motor Vehicles,2025,Q2,43,104929,0.4098009129983131,
Belconnen,Theft - Other,2014,Q1,527,97058,5.429743040243977,
Belconnen,Theft - Other,2014,Q2,469,97058,4.8321622122854375,
Belconnen,Theft - Other,2014,Q3,400,97058,4.121247089369243,
Belconnen,Theft - Other,2014,Q4,484,97058,4.986708978136784,
Belconnen,Theft - Other,2015,Q1,530,96906,5.469217592305946,
Belconnen,Theft - Other,2015,Q2,631,96906,6.51146471838689,
Belconnen,Theft - Other,2015,Q3,487,96906,5.02548861783584,
Belconnen,Theft - Other,2015,Q4,685,96906,7.068705756093533,
Belconnen,Theft - Other,2016,Q1,429,97106,4.417852655860607,
Belconnen,Theft - Other,2016,Q2,541,97106,5.571231437810228,
Belconnen,Theft - Other,2016,Q3,434,97106,4.469342780054785,
Belconnen,Theft - Other,2016,Q4,422,97106,4.345766481988755,
Belconnen,Theft - Other,2017,Q1,579,98630,5.870424820034472,
Belconnen,Theft - Other,2017,Q2,464,98630,4.704450978404137,
Belconnen,Theft - Other,2017,Q3,409,98630,4.146811315015715,
Belconnen,Theft - Other,2017,Q4,504,98630,5.11000709723208,
Belconnen,Theft - Other,2018,Q1,414,99762,4.149876706561616,
Belconnen,Theft - Other,2018,Q2,420,99762,4.210019847236422,
Belconnen,Theft - Other,2018,Q3,407,99762,4.079709709107676,
Belconnen,Theft - Other,2018,Q4,540,99762,5.412882660732543,
Belconnen,Theft - Other,2019,Q1,500,100966,4.952162113978964,
Belconnen,Theft - Other,2019,Q2,502,100966,4.97197076243488,
Belconnen,Theft - Other,2019,Q3,437,100966,4.328189687617615,
Belconnen,Theft - Other,2019,Q4,484,100966,4.793692926331636,
Belconnen,Theft - Other,2020,Q1,436,101562,4.292944211417656,
Belconnen,Theft - Other,2020,Q2,306,101562,3.0129379098481714,
Belconnen,Theft - Other,2020,Q3,380,101562,3.741556881510801,
Belconnen,Theft - Other,2020,Q4,321,101562,3.1606309446446508,
Belconnen,Theft - Other,2021,Q1,360,102131,3.5248847068960454,
Belconnen,Theft - Other,2021,Q2,418,102131,4.09278279856263,
Belconnen,Theft - Other,2021,Q3,353,102131,3.456345282039733,
Belconnen,Theft - Other,2021,Q4,363,102131,3.554258746120179,
Belconnen,Theft - Other,2022,Q1,377,102929,3.662718961614317,
Belconnen,Theft - Other,2022,Q2,460,102929,4.469100059264153,
Belconnen,Theft - Other,2022,Q3,366,102929,3.555849177588435,
Belconnen,Theft - Other,2022,Q4,371,102929,3.6044263521456537,
Belconnen,Theft - Other,2023,Q1,341,104235,3.271453926224397,
Belconnen,Theft - Other,2023,Q2,485,104235,4.652947666330887,
Belconnen,Theft - Other,2023,Q3,483,104235,4.633760253273852,
Belconnen,Theft - Other,2023,Q4,367,104235,3.5208902959658466,
Belconnen,Theft - Other,2024,Q1,372,104459,3.5612058319532065,
Belconnen,Theft - Other,2024,Q2,314,104459,3.005964062455126,
Belconnen,Theft - Other,2024,Q3,313,104459,2.9963909284982626,
Belconnen,Theft - Other,2024,Q4,358,104459,3.427181956557118,
Belconnen,Theft - Other,2025,Q1,336,104929,3.2021652736612376,
Belconnen,Theft - Other,2025,Q2,304,104929,2.8971971523601674,
Gungahlin,Assault,2014,Q1,22,63410,0.3469484308468696,
Gungahlin,Assault,2014,Q2,25,63410,0.3942595805078063,
Gungahlin,Assault,2014,Q3,13,63410,0.2050149818640593,
Gungahlin,Assault,2014,Q4,19,63410,0.2996372811859328,
Gungahlin,Assault,2015,Q1,8,67959,0.1177180358745714,
Gungahlin,Assault,2015,Q2,23,67959,0.3384393531393928,
Gungahlin,Assault,2015,Q3,10,67959,0.1471475448432143,
Gungahlin,Assault,2015,Q4,28,67959,0.412013125561,
Gungahlin,Assault,2016,Q1,34,71582,0.4749797435109385,
Gungahlin,Assault,2016,Q2,37,71582,0.5168897208795508,
Gungahlin,Assault,2016,Q3,32,71582,0.4470397585985304,
Gungahlin,Assault,2016,Q4,26,71582,0.3632198038613059,
Gungahlin,Assault,2017,Q1,34,74291,0.4576597434413321,
Gungahlin,Assault,2017,Q2,34,74291,0.4576597434413321,
Gungahlin,Assault,2017,Q3,42,74291,0.5653443889569396,
Gungahlin,Assault,2017,Q4,44,74291,0.5922655503358415,
Gungahlin,Assault,2018,Q1,28,75663,0.3700619853825516,
Gungahlin,Assault,2018,Q2,33,75663,0.4361444827722929,
Gungahlin,Assault,2018,Q3,22,75663,0.290762988514862,
Gungahlin,Assault,2018,Q4,36,75663,0.4757939812061377,
Gungahlin,Assault,2019,Q1,36,76492,0.4706374522825916,
Gungahlin,Assault,2019,Q2,41,76492,0.5360037650996182,
Gungahlin,Assault,2019,Q3,45,76492,0.5882968153532395,
Gungahlin,Assault,2019,Q4,46,76492,0.6013700779166449,
Gungahlin,Assault,2020,Q1,39,77063,0.5060794414959189,
Gungahlin,Assault,2020,Q2,35,77063,0.4541738577527477,
Gungahlin,Assault,2020,Q3,48,77063,0.622867004918054,
Gungahlin,Assault,2020,Q4,44,77063,0.5709614211748829,
Gungahlin,Assault,2021,Q1,37,77021,0.4803884654834395,
Gungahlin,Assault,2021,Q2,45,77021,0.5842562418041832,
Gungahlin,Assault,2021,Q3,31,77021,0.4024876332428818,
Gungahlin,Assault,2021,Q4,25,77021,0.324586801002324,
Gungahlin,Assault,2022,Q1,47,77403,0.6072116067852666,
Gungahlin,Assault,2022,Q2,31,77403,0.400501272560495,
Gungahlin,Assault,2022,Q3,57,77403,0.736405565675749,
Gungahlin,Assault,2022,Q4,58,77403,0.7493249615647972,
Gungahlin,Assault,2023,Q1,42,77779,0.5399915144190591,
Gungahlin,Assault,2023,Q2,47,77779,0.6042762185165662,
Gungahlin,Assault,2023,Q3,60,77779,0.7714164491700846,
Gungahlin,Assault,2023,Q4,50,77779,0.6428470409750704,
Gungahlin,Assault,2024,Q1,61,77823,0.7838299731441862,
Gungahlin,Assault,2024,Q2,35,77823,0.4497385091810905,
Gungahlin,Assault,2024,Q3,62,77823,0.7966796448350746,
Gungahlin,Assault,2024,Q4,50,77823,0.6424835845444149,
Gungahlin,Assault,2025,Q1,43,78089,0.5506537412439653,
Gungahlin,Assault,2025,Q2,33,78089,0.4225947316523454,
Gungahlin,Burglary - Dwellings,2014,Q1,22,63410,0.3469484308468696,
Gungahlin,Burglary - Dwellings,2014,Q2,31,63410,0.4888818798296799,
Gungahlin,Burglary - Dwellings,2014,Q3,32,63410,0.5046522630499921,
Gungahlin,Burglary - Dwellings,2014,Q4,38,63410,0.5992745623718657,
Gungahlin,Burglary - Dwellings,2015,Q1,40,67959,0.5885901793728572,
Gungahlin,Burglary - Dwellings,2015,Q2,33,67959,0.4855868979826071,
Gungahlin,Burglary - Dwellings,2015,Q3,42,67959,0.6180196883415,
Gungahlin,Burglary - Dwellings,2015,Q4,40,67959,0.5885901793728572,
Gungahlin,Burglary - Dwellings,2016,Q1,39,71582,0.5448297057919589,
Gungahlin,Burglary - Dwellings,2016,Q2,53,71582,0.740409600178816,
Gungahlin,Burglary - Dwellings,2016,Q3,66,71582,0.9220195021094688,
Gungahlin,Burglary - Dwellings,2016,Q4,52,71582,0.7264396077226118,
Gungahlin,Burglary - Dwellings,2017,Q1,53,74291,0.7134107765409,
Gungahlin,Burglary - Dwellings,2017,Q2,56,74291,0.7537925186092528,
Gungahlin,Burglary - Dwellings,2017,Q3,65,74291,0.8749377448143113,
Gungahlin,Burglary - Dwellings,2017,Q4,74,74291,0.9960829710193698,
Gungahlin,Burglary - Dwellings,2018,Q1,33,75663,0.4361444827722929,
Gungahlin,Burglary - Dwellings,2018,Q2,33,75663,0.4361444827722929,
Gungahlin,Burglary - Dwellings,2018,Q3,29,75663,0.3832784848604998,
Gungahlin,Burglary - Dwellings,2018,Q4,60,75663,0.7929899686768963,
Gungahlin,Burglary - Dwellings,2019,Q1,95,76492,1.2419599435235056,
Gungahlin,Burglary - Dwellings,2019,Q2,51,76492,0.6667363907336714,
Gungahlin,Burglary - Dwellings,2019,Q3,22,76492,0.2876117763949171,
Gungahlin,Burglary - Dwellings,2019,Q4,52,76492,0.6798096532970768,
Gungahlin,Burglary - Dwellings,2020,Q1,36,77063,0.4671502536885405,
Gungahlin,Burglary - Dwellings,2020,Q2,23,77063,0.2984571065232342,
Gungahlin,Burglary - Dwellings,2020,Q3,24,77063,0.311433502459027,
Gungahlin,Burglary - Dwellings,2020,Q4,39,77063,0.5060794414959189,
Gungahlin,Burglary - Dwellings,2021,Q1,34,77021,0.4414380493631606,
Gungahlin,Burglary - Dwellings,2021,Q2,34,77021,0.4414380493631606,
Gungahlin,Burglary - Dwellings,2021,Q3,26,77021,0.337570273042417,
Gungahlin,Burglary - Dwellings,2021,Q4,23,77021,0.2986198569221381,
Gungahlin,Burglary - Dwellings,2022,Q1,26,77403,0.3359042931152539,
Gungahlin,Burglary - Dwellings,2022,Q2,20,77403,0.2583879177809645,
Gungahlin,Burglary - Dwellings,2022,Q3,27,77403,0.3488236890043021,
Gungahlin,Burglary - Dwellings,2022,Q4,17,77403,0.2196297301138198,
Gungahlin,Burglary - Dwellings,2023,Q1,31,77779,0.3985651654045437,
Gungahlin,Burglary - Dwellings,2023,Q2,22,77779,0.282852698029031,
Gungahlin,Burglary - Dwellings,2023,Q3,33,77779,0.4242790470435464,
Gungahlin,Burglary - Dwellings,2023,Q4,30,77779,0.3857082245850423,
Gungahlin,Burglary - Dwellings,2024,Q1,24,77823,0.3083921205813191,
Gungahlin,Burglary - Dwellings,2024,Q2,26,77823,0.3340914639630957,
Gungahlin,Burglary - Dwellings,2024,Q3,11,77823,0.1413463885997712,
Gungahlin,Burglary - Dwellings,2024,Q4,28,77823,0.3597908073448723,
Gungahlin,Burglary - Dwellings,2025,Q1,46,78089,0.5890714441214512,
Gungahlin,Burglary - Dwellings,2025,Q2,29,78089,0.3713711278156975,
Gungahlin,Burglary - Other,2014,Q1,13,63410,0.2050149818640593,
Gungahlin,Burglary - Other,2014,Q2,13,63410,0.2050149818640593,
Gungahlin,Burglary - Other,2014,Q3,15,63410,0.2365557483046838,
Gungahlin,Burglary - Other,2014,Q4,19,63410,0.2996372811859328,
Gungahlin,Burglary - Other,2015,Q1,9,67959,0.1324327903588928,
Gungahlin,Burglary - Other,2015,Q2,12,67959,0.1765770538118571,
Gungahlin,Burglary - Other,2015,Q3,11,67959,0.1618622993275357,
Gungahlin,Burglary - Other,2015,Q4,32,67959,0.4708721434982857,
Gungahlin,Burglary - Other,2016,Q1,17,71582,0.2374898717554692,
Gungahlin,Burglary - Other,2016,Q2,24,71582,0.3352798189488978,
Gungahlin,Burglary - Other,2016,Q3,16,71582,0.2235198792992652,
Gungahlin,Burglary - Other,2016,Q4,16,71582,0.2235198792992652,
Gungahlin,Burglary - Other,2017,Q1,15,74291,0.2019087103417641,
Gungahlin,Burglary - Other,2017,Q2,17,74291,0.228829871720666,
Gungahlin,Burglary - Other,2017,Q3,15,74291,0.2019087103417641,
Gungahlin,Burglary - Other,2017,Q4,11,74291,0.1480663875839603,
Gungahlin,Burglary - Other,2018,Q1,11,75663,0.145381494257431,
Gungahlin,Burglary - Other,2018,Q2,12,75663,0.1585979937353792,
Gungahlin,Burglary - Other,2018,Q3,8,75663,0.1057319958235861,
Gungahlin,Burglary - Other,2018,Q4,5,75663,0.0660824973897413,
Gungahlin,Burglary - Other,2019,Q1,18,76492,0.2353187261412958,
Gungahlin,Burglary - Other,2019,Q2,16,76492,0.2091722010144851,
Gungahlin,Burglary - Other,2019,Q3,19,76492,0.2483919887047011,
Gungahlin,Burglary - Other,2019,Q4,18,76492,0.2353187261412958,
Gungahlin,Burglary - Other,2020,Q1,12,77063,0.1557167512295135,
Gungahlin,Burglary - Other,2020,Q2,4,77063,0.0519055837431711,
Gungahlin,Burglary - Other,2020,Q3,8,77063,0.1038111674863423,
Gungahlin,Burglary - Other,2020,Q4,10,77063,0.1297639593579279,
Gungahlin,Burglary - Other,2021,Q1,14,77021,0.1817686085613014,
Gungahlin,Burglary - Other,2021,Q2,11,77021,0.1428181924410226,
Gungahlin,Burglary - Other,2021,Q3,14,77021,0.1817686085613014,
Gungahlin,Burglary - Other,2021,Q4,8,77021,0.1038677763207436,
Gungahlin,Burglary - Other,2022,Q1,15,77403,0.1937909383357234,
Gungahlin,Burglary - Other,2022,Q2,12,77403,0.1550327506685787,
Gungahlin,Burglary - Other,2022,Q3,11,77403,0.1421133547795305,
Gungahlin,Burglary - Other,2022,Q4,4,77403,0.0516775835561929,
Gungahlin,Burglary - Other,2023,Q1,17,77779,0.2185679939315239,
Gungahlin,Burglary - Other,2023,Q2,8,77779,0.1028555265560112,
Gungahlin,Burglary - Other,2023,Q3,8,77779,0.1028555265560112,
Gungahlin,Burglary - Other,2023,Q4,2,77779,0.0257138816390028,
Gungahlin,Burglary - Other,2024,Q1,9,77823,0.1156470452179947,
Gungahlin,Burglary - Other,2024,Q2,44,77823,0.5653855543990851,
Gungahlin,Burglary - Other,2024,Q3,13,77823,0.1670457319815478,
Gungahlin,Burglary - Other,2024,Q4,18,77823,0.2312940904359894,
Gungahlin,Burglary - Other,2025,Q1,29,78089,0.3713711278156975,
Gungahlin,Burglary - Other,2025,Q2,36,78089,0.4610124345298313,
Gungahlin,Burglary - Shops,2014,Q1,8,63410,0.126163065762498,
Gungahlin,Burglary - Shops,2014,Q2,3,63410,0.0473111496609367,
Gungahlin,Burglary - Shops,2014,Q3,4,63410,0.063081532881249,
Gungahlin,Burglary - Shops,2014,Q4,6,63410,0.0946222993218735,
Gungahlin,Burglary - Shops,2015,Q1,7,67959,0.10300328139025,
Gungahlin,Burglary - Shops,2015,Q2,15,67959,0.2207213172648214,
Gungahlin,Burglary - Shops,2015,Q3,6,67959,0.0882885269059285,
Gungahlin,Burglary - Shops,2015,Q4,13,67959,0.1912918082961785,
Gungahlin,Burglary - Shops,2016,Q1,5,71582,0.0698499622810203,
Gungahlin,Burglary - Shops,2016,Q2,9,71582,0.1257299321058366,
Gungahlin,Burglary - Shops,2016,Q3,18,71582,0.2514598642116733,
Gungahlin,Burglary - Shops,2016,Q4,12,71582,0.1676399094744489,
Gungahlin,Burglary - Shops,2017,Q1,14,74291,0.1884481296523132,
Gungahlin,Burglary - Shops,2017,Q2,7,74291,0.0942240648261566,
Gungahlin,Burglary - Shops,2017,Q3,16,74291,0.2153692910312151,
Gungahlin,Burglary - Shops,2017,Q4,4,74291,0.0538423227578037,
Gungahlin,Burglary - Shops,2018,Q1,9,75663,0.1189484953015344,
Gungahlin,Burglary - Shops,2018,Q2,12,75663,0.1585979937353792,
Gungahlin,Burglary - Shops,2018,Q3,7,75663,0.0925154963456379,
Gungahlin,Burglary - Shops,2018,Q4,11,75663,0.145381494257431,
Gungahlin,Burglary - Shops,2019,Q1,11,76492,0.1438058881974585,
Gungahlin,Burglary - Shops,2019,Q2,14,76492,0.1830256758876745,
Gungahlin,Burglary - Shops,2019,Q3,18,76492,0.2353187261412958,
Gungahlin,Burglary - Shops,2019,Q4,9,76492,0.1176593630706479,
Gungahlin,Burglary - Shops,2020,Q1,14,77063,0.1816695431010991,
Gungahlin,Burglary - Shops,2020,Q2,3,77063,0.0389291878073783,
Gungahlin,Burglary - Shops,2020,Q3,5,77063,0.0648819796789639,
Gungahlin,Burglary - Shops,2020,Q4,7,77063,0.0908347715505495,
Gungahlin,Burglary - Shops,2021,Q1,5,77021,0.0649173602004648,
Gungahlin,Burglary - Shops,2021,Q2,8,77021,0.1038677763207436,
Gungahlin,Burglary - Shops,2021,Q3,5,77021,0.0649173602004648,
Gungahlin,Burglary - Shops,2021,Q4,14,77021,0.1817686085613014,
Gungahlin,Burglary - Shops,2022,Q1,9,77403,0.116274563001434,
Gungahlin,Burglary - Shops,2022,Q2,7,77403,0.0904357712233376,
Gungahlin,Burglary - Shops,2022,Q3,16,77403,0.2067103342247716,
Gungahlin,Burglary - Shops,2022,Q4,19,77403,0.2454685218919163,
Gungahlin,Burglary - Shops,2023,Q1,47,77779,0.6042762185165662,
Gungahlin,Burglary - Shops,2023,Q2,8,77779,0.1028555265560112,
Gungahlin,Burglary - Shops,2023,Q3,16,77779,0.2057110531120225,
Gungahlin,Burglary - Shops,2023,Q4,11,77779,0.1414263490145155,
Gungahlin,Burglary - Shops,2024,Q1,5,77823,0.0642483584544414,
Gungahlin,Burglary - Shops,2024,Q2,12,77823,0.1541960602906595,
Gungahlin,Burglary - Shops,2024,Q3,8,77823,0.1027973735271064,
Gungahlin,Burglary - Shops,2024,Q4,15,77823,0.1927450753633245,
Gungahlin,Burglary - Shops,2025,Q1,3,78089,0.0384177028774859,
Gungahlin,Burglary - Shops,2025,Q2,5,78089,0.0640295047958099,
Gungahlin,CINs,2014,Q1,1,63410,0.0157703832203122,
Gungahlin,CINs,2014,Q2,3,63410,0.0473111496609367,
Gungahlin,CINs,2014,Q3,1,63410,0.0157703832203122,
Gungahlin,CINs,2014,Q4,4,63410,0.063081532881249,
Gungahlin,CINs,2015,Q1,1,67959,0.0147147544843214,
Gungahlin,CINs,2015,Q2,2,67959,0.0294295089686428,
Gungahlin,CINs,2015,Q3,3,67959,0.0441442634529642,
Gungahlin,CINs,2015,Q4,3,67959,0.0441442634529642,
Gungahlin,CINs,2016,Q1,3,71582,0.0419099773686122,
Gungahlin,CINs,2016,Q2,4,71582,0.0558799698248163,
Gungahlin,CINs,2016,Q3,1,71582,0.013969992456204,
Gungahlin,CINs,2016,Q4,5,71582,0.0698499622810203,
Gungahlin,CINs,2017,Q1,1,74291,0.0134605806894509,
Gungahlin,CINs,2017,Q2,0,74291,0.0,
Gungahlin,CINs,2017,Q3,6,74291,0.0807634841367056,
Gungahlin,CINs,2017,Q4,0,74291,0.0,
Gungahlin,CINs,2018,Q1,5,75663,0.0660824973897413,
Gungahlin,CINs,2018,Q2,0,75663,0.0,
Gungahlin,CINs,2018,Q3,0,75663,0.0,
Gungahlin,CINs,2018,Q4,2,75663,0.0264329989558965,
Gungahlin,CINs,2019,Q1,0,76492,0.0,
Gungahlin,CINs,2019,Q2,3,76492,0.0392197876902159,
Gungahlin,CINs,2019,Q3,2,76492,0.0261465251268106,
Gungahlin,CINs,2019,Q4,0,76492,0.0,
Gungahlin,CINs,2020,Q1,0,77063,0.0,
Gungahlin,CINs,2020,Q2,0,77063,0.0,
Gungahlin,CINs,2020,Q3,4,77063,0.0519055837431711,
Gungahlin,CINs,2020,Q4,2,77063,0.0259527918715855,
Gungahlin,CINs,2021,Q1,0,77021,0.0,
Gungahlin,CINs,2021,Q2,0,77021,0.0,
Gungahlin,CINs,2021,Q3,4,77021,0.0519338881603718,
Gungahlin,CINs,2021,Q4,0,77021,0.0,
Gungahlin,CINs,2022,Q1,0,77403,0.0,
Gungahlin,CINs,2022,Q2,0,77403,0.0,
Gungahlin,CINs,2022,Q3,0,77403,0.0,
Gungahlin,CINs,2022,Q4,1,77403,0.0129193958890482,
Gungahlin,CINs,2023,Q1,0,77779,0.0,
Gungahlin,CINs,2023,Q2,1,77779,0.0128569408195014,
Gungahlin,CINs,2023,Q3,1,77779,0.0128569408195014,
Gungahlin,CINs,2023,Q4,0,77779,0.0,
Gungahlin,CINs,2024,Q1,0,77823,0.0,
Gungahlin,CINs,2024,Q2,0,77823,0.0,
Gungahlin,CINs,2024,Q3,0,77823,0.0,
Gungahlin,CINs,2024,Q4,1,77823,0.0128496716908883,
Gungahlin,CINs,2025,Q1,0,78089,0.0,
Gungahlin,CINs,2025,Q2,0,78089,0.0,
Gungahlin,Family Violence,2014,Q1,13,63410,0.2050149818640593,
Gungahlin,Family Violence,2014,Q2,27,63410,0.4258003469484309,
Gungahlin,Family Violence,2014,Q3,21,63410,0.3311780476265573,
Gungahlin,Family Violence,2014,Q4,19,63410,0.2996372811859328,
Gungahlin,Family Violence,2015,Q1,21,67959,0.30900984417075,
Gungahlin,Family Violence,2015,Q2,18,67959,0.2648655807177857,
Gungahlin,Family Violence,2015,Q3,24,67959,0.3531541076237143,
Gungahlin,Family Violence,2015,Q4,52,67959,0.7651672331847142,
Gungahlin,Family Violence,2016,Q1,40,71582,0.558799698248163,
Gungahlin,Family Violence,2016,Q2,45,71582,0.6286496605291834,
Gungahlin,Family Violence,2016,Q3,52,71582,0.7264396077226118,
Gungahlin,Family Violence,2016,Q4,52,71582,0.7264396077226118,
Gungahlin,Family Violence,2017,Q1,71,74291,0.955701228951017,
Gungahlin,Family Violence,2017,Q2,24,74291,0.3230539365468226,
Gungahlin,Family Violence,2017,Q3,39,74291,0.5249626468885868,
Gungahlin,Family Violence,2017,Q4,52,74291,0.699950195851449,
Gungahlin,Family Violence,2018,Q1,31,75663,0.4097114838163964,
Gungahlin,Family Violence,2018,Q2,53,75663,0.7004744723312584,
Gungahlin,Family Violence,2018,Q3,69,75663,0.9119384639784308,
Gungahlin,Family Violence,2018,Q4,55,75663,0.7269074712871549,
Gungahlin,Family Violence,2019,Q1,39,76492,0.5098572399728076,
Gungahlin,Family Violence,2019,Q2,52,76492,0.6798096532970768,
Gungahlin,Family Violence,2019,Q3,53,76492,0.6928829158604821,
Gungahlin,Family Violence,2019,Q4,48,76492,0.6275166030434555,
Gungahlin,Family Violence,2020,Q1,50,77063,0.6488197967896396,
Gungahlin,Family Violence,2020,Q2,38,77063,0.4931030455601261,
Gungahlin,Family Violence,2020,Q3,42,77063,0.5450086293032973,
Gungahlin,Family Violence,2020,Q4,51,77063,0.6617961927254324,
Gungahlin,Family Violence,2021,Q1,53,77021,0.688124018124927,
Gungahlin,Family Violence,2021,Q2,56,77021,0.7270744342452058,
Gungahlin,Family Violence,2021,Q3,60,77021,0.7790083224055777,
Gungahlin,Family Violence,2021,Q4,79,77021,1.025694291167344,
Gungahlin,Family Violence,2022,Q1,60,77403,0.7751637533428937,
Gungahlin,Family Violence,2022,Q2,32,77403,0.4134206684495433,
Gungahlin,Family Violence,2022,Q3,55,77403,0.7105667738976524,
Gungahlin,Family Violence,2022,Q4,65,77403,0.8397607327881348,
Gungahlin,Family Violence,2023,Q1,75,77779,0.9642705614626056,
Gungahlin,Family Violence,2023,Q2,69,77779,0.8871289165455972,
Gungahlin,Family Violence,2023,Q3,69,77779,0.8871289165455972,
Gungahlin,Family Violence,2023,Q4,57,77779,0.7328456267115803,
Gungahlin,Family Violence,2024,Q1,69,77823,0.8866273466712926,
Gungahlin,Family Violence,2024,Q2,37,77823,0.4754378525628671,
Gungahlin,Family Violence,2024,Q3,63,77823,0.8095293165259628,
Gungahlin,Family Violence,2024,Q4,51,77823,0.6553332562353033,
Gungahlin,Family Violence,2025,Q1,58,78089,0.742742255631395,
Gungahlin,Family Violence,2025,Q2,58,78089,0.742742255631395,
Gungahlin,Homicide,2014,Q1,0,63410,0.0,
Gungahlin,Homicide,2014,Q2,0,63410,0.0,
Gungahlin,Homicide,2014,Q3,0,63410,0.0,
Gungahlin,Homicide,2014,Q4,0,63410,0.0,
Gungahlin,Homicide,2015,Q1,0,67959,0.0,
Gungahlin,Homicide,2015,Q2,0,67959,0.0,
Gungahlin,Homicide,2015,Q3,0,67959,0.0,
Gungahlin,Homicide,2015,Q4,0,67959,0.0,
Gungahlin,Homicide,2016,Q1,0,71582,0.0,
Gungahlin,Homicide,2016,Q2,0,71582,0.0,
Gungahlin,Homicide,2016,Q3,0,71582,0.0,
Gungahlin,Homicide,2016,Q4,0,71582,0.0,
Gungahlin,Homicide,2017,Q1,0,74291,0.0,
Gungahlin,Homicide,2017,Q2,0,74291,0.0,
Gungahlin,Homicide,2017,Q3,0,74291,0.0,
Gungahlin,Homicide,2017,Q4,0,74291,0.0,
Gungahlin,Homicide,2018,Q1,1,75663,0.0132164994779482,
Gungahlin,Homicide,2018,Q2,0,75663,0.0,
Gungahlin,Homicide,2018,Q3,0,75663,0.0,
Gungahlin,Homicide,2018,Q4,0,75663,0.0,
Gungahlin,Homicide,2019,Q1,2,76492,0.0261465251268106,
Gungahlin,Homicide,2019,Q2,0,76492,0.0,
Gungahlin,Homicide,2019,Q3,0,76492,0.0,
Gungahlin,Homicide,2019,Q4,1,76492,0.0130732625634053,
Gungahlin,Homicide,2020,Q1,0,77063,0.0,
Gungahlin,Homicide,2020,Q2,0,77063,0.0,
Gungahlin,Homicide,2020,Q3,0,77063,0.0,
Gungahlin,Homicide,2020,Q4,0,77063,0.0,
Gungahlin,Homicide,2021,Q1,0,77021,0.0,
Gungahlin,Homicide,2021,Q2,0,77021,0.0,
Gungahlin,Homicide,2021,Q3,0,77021,0.0,
Gungahlin,Homicide,2021,Q4,1,77021,0.0129834720400929,
Gungahlin,Homicide,2022,Q1,0,77403,0.0,
Gungahlin,Homicide,2022,Q2,0,77403,0.0,
Gungahlin,Homicide,2022,Q3,0,77403,0.0,
Gungahlin,Homicide,2022,Q4,2,77403,0.0258387917780964,
Gungahlin,Homicide,2023,Q1,0,77779,0.0,
Gungahlin,Homicide,2023,Q2,0,77779,0.0,
Gungahlin,Homicide,2023,Q3,0,77779,0.0,
Gungahlin,Homicide,2023,Q4,0,77779,0.0,
Gungahlin,Homicide,2024,Q1,0,77823,0.0,
Gungahlin,Homicide,2024,Q2,0,77823,0.0,
Gungahlin,Homicide,2024,Q3,1,77823,0.0128496716908883,
Gungahlin,Homicide,2024,Q4,0,77823,0.0,
Gungahlin,Homicide,2025,Q1,1,78089,0.0128059009591619,
Gungahlin,Homicide,2025,Q2,0,78089,0.0,
Gungahlin,Other,2014,Q1,207,63410,3.2644693266046367,
Gungahlin,Other,2014,Q2,226,63410,3.5641066077905696,
Gungahlin,Other,2014,Q3,239,63410,3.769121589654629,
Gungahlin,Other,2014,Q4,225,63410,3.548336224570257,
Gungahlin,Other,2015,Q1,203,67959,2.9870951603172498,
Gungahlin,Other,2015,Q2,240,67959,3.531541076237142,
Gungahlin,Other,2015,Q3,214,67959,3.1489574596447856,
Gungahlin,Other,2015,Q4,230,67959,3.3843935313939286,
Gungahlin,Other,2016,Q1,294,71582,4.107177782123998,
Gungahlin,Other,2016,Q2,291,71582,4.065267804755385,
Gungahlin,Other,2016,Q3,299,71582,4.177027744405018,
Gungahlin,Other,2016,Q4,274,71582,3.8277779329999166,
Gungahlin,Other,2017,Q1,239,74291,3.217078784778776,
Gungahlin,Other,2017,Q2,319,74291,4.293925239934851,
Gungahlin,Other,2017,Q3,351,74291,4.724663821997281,
Gungahlin,Other,2017,Q4,362,74291,4.872730209581242,
Gungahlin,Other,2018,Q1,268,75663,3.5420218600901365,
Gungahlin,Other,2018,Q2,294,75663,3.885650846516792,
Gungahlin,Other,2018,Q3,488,75663,6.449651745238756,
Gungahlin,Other,2018,Q4,270,75663,3.568454859046033,
Gungahlin,Other,2019,Q1,328,76492,4.288030120796946,
Gungahlin,Other,2019,Q2,369,76492,4.824033885896564,
Gungahlin,Other,2019,Q3,276,76492,3.608220467499869,
Gungahlin,Other,2019,Q4,290,76492,3.791246143387544,
Gungahlin,Other,2020,Q1,354,77063,4.593644161270649,
Gungahlin,Other,2020,Q2,406,77063,5.268416749931874,
Gungahlin,Other,2020,Q3,381,77063,4.944006851537054,
Gungahlin,Other,2020,Q4,282,77063,3.659343653893568,
Gungahlin,Other,2021,Q1,302,77021,3.9210085561080734,
Gungahlin,Other,2021,Q2,334,77021,4.336479661391049,
Gungahlin,Other,2021,Q3,241,77021,3.129016761662404,
Gungahlin,Other,2021,Q4,237,77021,3.077082873502032,
Gungahlin,Other,2022,Q1,329,77403,4.250481247496866,
Gungahlin,Other,2022,Q2,281,77403,3.630350244822552,
Gungahlin,Other,2022,Q3,248,77403,3.2040101804839605,
Gungahlin,Other,2022,Q4,284,77403,3.669108432489697,
Gungahlin,Other,2023,Q1,296,77779,3.805654482572417,
Gungahlin,Other,2023,Q2,307,77779,3.947080831586932,
Gungahlin,Other,2023,Q3,289,77779,3.7156558968359072,
Gungahlin,Other,2023,Q4,242,77779,3.111379678319341,
Gungahlin,Other,2024,Q1,222,77823,2.8526271153772025,
Gungahlin,Other,2024,Q2,185,77823,2.377189262814335,
Gungahlin,Other,2024,Q3,199,77823,2.557084666486772,
Gungahlin,Other,2024,Q4,260,77823,3.3409146396309577,
Gungahlin,Other,2025,Q1,290,78089,3.713711278156975,
Gungahlin,Other,2025,Q2,212,78089,2.71485100334234,
Gungahlin,Other - Against A Person,2014,Q1,6,63410,0.0946222993218735,
Gungahlin,Other - Against A Person,2014,Q2,6,63410,0.0946222993218735,
Gungahlin,Other - Against A Person,2014,Q3,6,63410,0.0946222993218735,
Gungahlin,Other - Against A Person,2014,Q4,2,63410,0.0315407664406245,
Gungahlin,Other - Against A Person,2015,Q1,1,67959,0.0147147544843214,
Gungahlin,Other - Against A Person,2015,Q2,1,67959,0.0147147544843214,
Gungahlin,Other - Against A Person,2015,Q3,1,67959,0.0147147544843214,
Gungahlin,Other - Against A Person,2015,Q4,7,67959,0.10300328139025,
Gungahlin,Other - Against A Person,2016,Q1,2,71582,0.0279399849124081,
Gungahlin,Other - Against A Person,2016,Q2,10,71582,0.1396999245620407,
Gungahlin,Other - Against A Person,2016,Q3,0,71582,0.0,
Gungahlin,Other - Against A Person,2016,Q4,9,71582,0.1257299321058366,
Gungahlin,Other - Against A Person,2017,Q1,4,74291,0.0538423227578037,
Gungahlin,Other - Against A Person,2017,Q2,6,74291,0.0807634841367056,
Gungahlin,Other - Against A Person,2017,Q3,2,74291,0.0269211613789018,
Gungahlin,Other - Against A Person,2017,Q4,9,74291,0.1211452262050584,
Gungahlin,Other - Against A Person,2018,Q1,3,75663,0.0396494984338448,
Gungahlin,Other - Against A Person,2018,Q2,9,75663,0.1189484953015344,
Gungahlin,Other - Against A Person,2018,Q3,7,75663,0.0925154963456379,
Gungahlin,Other - Against A Person,2018,Q4,12,75663,0.1585979937353792,
Gungahlin,Other - Against A Person,2019,Q1,6,76492,0.0784395753804319,
Gungahlin,Other - Against A Person,2019,Q2,6,76492,0.0784395753804319,
Gungahlin,Other - Against A Person,2019,Q3,10,76492,0.1307326256340532,
Gungahlin,Other - Against A Person,2019,Q4,12,76492,0.1568791507608638,
Gungahlin,Other - Against A Person,2020,Q1,13,77063,0.1686931471653063,
Gungahlin,Other - Against A Person,2020,Q2,8,77063,0.1038111674863423,
Gungahlin,Other - Against A Person,2020,Q3,13,77063,0.1686931471653063,
Gungahlin,Other - Against A Person,2020,Q4,6,77063,0.0778583756147567,
Gungahlin,Other - Against A Person,2021,Q1,9,77021,0.1168512483608366,
Gungahlin,Other - Against A Person,2021,Q2,9,77021,0.1168512483608366,
Gungahlin,Other - Against A Person,2021,Q3,14,77021,0.1817686085613014,
Gungahlin,Other - Against A Person,2021,Q4,15,77021,0.1947520806013944,
Gungahlin,Other - Against A Person,2022,Q1,15,77403,0.1937909383357234,
Gungahlin,Other - Against A Person,2022,Q2,11,77403,0.1421133547795305,
Gungahlin,Other - Against A Person,2022,Q3,19,77403,0.2454685218919163,
Gungahlin,Other - Against A Person,2022,Q4,18,77403,0.2325491260028681,
Gungahlin,Other - Against A Person,2023,Q1,17,77779,0.2185679939315239,
Gungahlin,Other - Against A Person,2023,Q2,19,77779,0.2442818755705267,
Gungahlin,Other - Against A Person,2023,Q3,12,77779,0.1542832898340169,
Gungahlin,Other - Against A Person,2023,Q4,10,77779,0.128569408195014,
Gungahlin,Other - Against A Person,2024,Q1,12,77823,0.1541960602906595,
Gungahlin,Other - Against A Person,2024,Q2,10,77823,0.1284967169088829,
Gungahlin,Other - Against A Person,2024,Q3,18,77823,0.2312940904359894,
Gungahlin,Other - Against A Person,2024,Q4,7,77823,0.089947701836218,
Gungahlin,Other - Against A Person,2025,Q1,10,78089,0.1280590095916198,
Gungahlin,Other - Against A Person,2025,Q2,9,78089,0.1152531086324578,
Gungahlin,Property Damage,2014,Q1,129,63410,2.0343794354202807,
Gungahlin,Property Damage,2014,Q2,112,63410,1.7662829206749724,
Gungahlin,Property Damage,2014,Q3,69,63410,1.0881564422015455,
Gungahlin,Property Damage,2014,Q4,69,63410,1.0881564422015455,
Gungahlin,Property Damage,2015,Q1,79,67959,1.1624656042613928,
Gungahlin,Property Damage,2015,Q2,132,67959,1.9423475919304285,
Gungahlin,Property Damage,2015,Q3,88,67959,1.2948983946202857,
Gungahlin,Property Damage,2015,Q4,153,67959,2.2513574361011783,
Gungahlin,Property Damage,2016,Q1,104,71582,1.4528792154452237,
Gungahlin,Property Damage,2016,Q2,120,71582,1.676399094744489,
Gungahlin,Property Damage,2016,Q3,123,71582,1.7183090721131011,
Gungahlin,Property Damage,2016,Q4,128,71582,1.7881590343941216,
Gungahlin,Property Damage,2017,Q1,187,74291,2.5171285889273265,
Gungahlin,Property Damage,2017,Q2,152,74291,2.0460082647965434,
Gungahlin,Property Damage,2017,Q3,131,74291,1.7633360703180736,
Gungahlin,Property Damage,2017,Q4,146,74291,1.9652447806598377,
Gungahlin,Property Damage,2018,Q1,88,75663,1.163051954059448,
Gungahlin,Property Damage,2018,Q2,108,75663,1.4273819436184132,
Gungahlin,Property Damage,2018,Q3,117,75663,1.5463304389199477,
Gungahlin,Property Damage,2018,Q4,93,75663,1.229134451449189,
Gungahlin,Property Damage,2019,Q1,130,76492,1.699524133242692,
Gungahlin,Property Damage,2019,Q2,146,76492,1.9086963342571768,
Gungahlin,Property Damage,2019,Q3,161,76492,2.104795272708257,
Gungahlin,Property Damage,2019,Q4,208,76492,2.719238613188307,
Gungahlin,Property Damage,2020,Q1,128,77063,1.6609786797814774,
Gungahlin,Property Damage,2020,Q2,93,77063,1.2068048220287295,
Gungahlin,Property Damage,2020,Q3,104,77063,1.3495451773224505,
Gungahlin,Property Damage,2020,Q4,135,77063,1.751813451332027,
Gungahlin,Property Damage,2021,Q1,107,77021,1.389231508289947,
Gungahlin,Property Damage,2021,Q2,140,77021,1.8176860856130144,
Gungahlin,Property Damage,2021,Q3,100,77021,1.2983472040092965,
Gungahlin,Property Damage,2021,Q4,92,77021,1.1944794276885524,
Gungahlin,Property Damage,2022,Q1,107,77403,1.3823753601281603,
Gungahlin,Property Damage,2022,Q2,88,77403,1.136906838236244,
Gungahlin,Property Damage,2022,Q3,113,77403,1.4598917354624497,
Gungahlin,Property Damage,2022,Q4,74,77403,0.9560352957895688,
Gungahlin,Property Damage,2023,Q1,67,77779,0.8614150349065943,
Gungahlin,Property Damage,2023,Q2,67,77779,0.8614150349065943,
Gungahlin,Property Damage,2023,Q3,95,77779,1.2214093778526338,
Gungahlin,Property Damage,2023,Q4,78,77779,1.00284138392111,
Gungahlin,Property Damage,2024,Q1,102,77823,1.3106665124706065,
Gungahlin,Property Damage,2024,Q2,101,77823,1.2978168407797182,
Gungahlin,Property Damage,2024,Q3,74,77823,0.9508757051257342,
Gungahlin,Property Damage,2024,Q4,98,77823,1.259267825707053,
Gungahlin,Property Damage,2025,Q1,80,78089,1.0244720767329585,
Gungahlin,Property Damage,2025,Q2,80,78089,1.0244720767329585,
Gungahlin,Robbery - Armed,2014,Q1,3,63410,0.0473111496609367,
Gungahlin,Robbery - Armed,2014,Q2,1,63410,0.0157703832203122,
Gungahlin,Robbery - Armed,2014,Q3,1,63410,0.0157703832203122,
Gungahlin,Robbery - Armed,2014,Q4,3,63410,0.0473111496609367,
Gungahlin,Robbery - Armed,2015,Q1,1,67959,0.0147147544843214,
Gungahlin,Robbery - Armed,2015,Q2,0,67959,0.0,
Gungahlin,Robbery - Armed,2015,Q3,2,67959,0.0294295089686428,
Gungahlin,Robbery - Armed,2015,Q4,1,67959,0.0147147544843214,
Gungahlin,Robbery - Armed,2016,Q1,0,71582,0.0,
Gungahlin,Robbery - Armed,2016,Q2,3,71582,0.0419099773686122,
Gungahlin,Robbery - Armed,2016,Q3,2,71582,0.0279399849124081,
Gungahlin,Robbery - Armed,2016,Q4,0,71582,0.0,
Gungahlin,Robbery - Armed,2017,Q1,4,74291,0.0538423227578037,
Gungahlin,Robbery - Armed,2017,Q2,2,74291,0.0269211613789018,
Gungahlin,Robbery - Armed,2017,Q3,1,74291,0.0134605806894509,
Gungahlin,Robbery - Armed,2017,Q4,0,74291,0.0,
Gungahlin,Robbery - Armed,2018,Q1,1,75663,0.0132164994779482,
Gungahlin,Robbery - Armed,2018,Q2,0,75663,0.0,
Gungahlin,Robbery - Armed,2018,Q3,1,75663,0.0132164994779482,
Gungahlin,Robbery - Armed,2018,Q4,2,75663,0.0264329989558965,
Gungahlin,Robbery - Armed,2019,Q1,2,76492,0.0261465251268106,
Gungahlin,Robbery - Armed,2019,Q2,3,76492,0.0392197876902159,
Gungahlin,Robbery - Armed,2019,Q3,1,76492,0.0130732625634053,
Gungahlin,Robbery - Armed,2019,Q4,2,76492,0.0261465251268106,
Gungahlin,Robbery - Armed,2020,Q1,1,77063,0.0129763959357927,
Gungahlin,Robbery - Armed,2020,Q2,0,77063,0.0,
Gungahlin,Robbery - Armed,2020,Q3,0,77063,0.0,
Gungahlin,Robbery - Armed,2020,Q4,0,77063,0.0,
Gungahlin,Robbery - Armed,2021,Q1,0,77021,0.0,
Gungahlin,Robbery - Armed,2021,Q2,3,77021,0.0389504161202788,
Gungahlin,Robbery - Armed,2021,Q3,7,77021,0.0908843042806507,
Gungahlin,Robbery - Armed,2021,Q4,0,77021,0.0,
Gungahlin,Robbery - Armed,2022,Q1,1,77403,0.0129193958890482,
Gungahlin,Robbery - Armed,2022,Q2,1,77403,0.0129193958890482,
Gungahlin,Robbery - Armed,2022,Q3,8,77403,0.1033551671123858,
Gungahlin,Robbery - Armed,2022,Q4,0,77403,0.0,
Gungahlin,Robbery - Armed,2023,Q1,3,77779,0.0385708224585042,
Gungahlin,Robbery - Armed,2023,Q2,0,77779,0.0,
Gungahlin,Robbery - Armed,2023,Q3,1,77779,0.0128569408195014,
Gungahlin,Robbery - Armed,2023,Q4,2,77779,0.0257138816390028,
Gungahlin,Robbery - Armed,2024,Q1,3,77823,0.0385490150726648,
Gungahlin,Robbery - Armed,2024,Q2,0,77823,0.0,
Gungahlin,Robbery - Armed,2024,Q3,1,77823,0.0128496716908883,
Gungahlin,Robbery - Armed,2024,Q4,3,77823,0.0385490150726648,
Gungahlin,Robbery - Armed,2025,Q1,1,78089,0.0128059009591619,
Gungahlin,Robbery - Armed,2025,Q2,3,78089,0.0384177028774859,
Gungahlin,Robbery - Other,2014,Q1,0,63410,0.0,
Gungahlin,Robbery - Other,2014,Q2,1,63410,0.0157703832203122,
Gungahlin,Robbery - Other,2014,Q3,0,63410,0.0,
Gungahlin,Robbery - Other,2014,Q4,0,63410,0.0,
Gungahlin,Robbery - Other,2015,Q1,2,67959,0.0294295089686428,
Gungahlin,Robbery - Other,2015,Q2,1,67959,0.0147147544843214,
Gungahlin,Robbery - Other,2015,Q3,3,67959,0.0441442634529642,
Gungahlin,Robbery - Other,2015,Q4,0,67959,0.0,
Gungahlin,Robbery - Other,2016,Q1,2,71582,0.0279399849124081,
Gungahlin,Robbery - Other,2016,Q2,0,71582,0.0,
Gungahlin,Robbery - Other,2016,Q3,0,71582,0.0,
Gungahlin,Robbery - Other,2016,Q4,1,71582,0.013969992456204,
Gungahlin,Robbery - Other,2017,Q1,2,74291,0.0269211613789018,
Gungahlin,Robbery - Other,2017,Q2,0,74291,0.0,
Gungahlin,Robbery - Other,2017,Q3,5,74291,0.0673029034472547,
Gungahlin,Robbery - Other,2017,Q4,1,74291,0.0134605806894509,
Gungahlin,Robbery - Other,2018,Q1,3,75663,0.0396494984338448,
Gungahlin,Robbery - Other,2018,Q2,0,75663,0.0,
Gungahlin,Robbery - Other,2018,Q3,1,75663,0.0132164994779482,
Gungahlin,Robbery - Other,2018,Q4,2,75663,0.0264329989558965,
Gungahlin,Robbery - Other,2019,Q1,1,76492,0.0130732625634053,
Gungahlin,Robbery - Other,2019,Q2,3,76492,0.0392197876902159,
Gungahlin,Robbery - Other,2019,Q3,4,76492,0.0522930502536212,
Gungahlin,Robbery - Other,2019,Q4,0,76492,0.0,
Gungahlin,Robbery - Other,2020,Q1,3,77063,0.0389291878073783,
Gungahlin,Robbery - Other,2020,Q2,4,77063,0.0519055837431711,
Gungahlin,Robbery - Other,2020,Q3,4,77063,0.0519055837431711,
Gungahlin,Robbery - Other,2020,Q4,1,77063,0.0129763959357927,
Gungahlin,Robbery - Other,2021,Q1,2,77021,0.0259669440801859,
Gungahlin,Robbery - Other,2021,Q2,1,77021,0.0129834720400929,
Gungahlin,Robbery - Other,2021,Q3,5,77021,0.0649173602004648,
Gungahlin,Robbery - Other,2021,Q4,0,77021,0.0,
Gungahlin,Robbery - Other,2022,Q1,3,77403,0.0387581876671446,
Gungahlin,Robbery - Other,2022,Q2,0,77403,0.0,
Gungahlin,Robbery - Other,2022,Q3,5,77403,0.0645969794452411,
Gungahlin,Robbery - Other,2022,Q4,2,77403,0.0258387917780964,
Gungahlin,Robbery - Other,2023,Q1,5,77779,0.064284704097507,
Gungahlin,Robbery - Other,2023,Q2,1,77779,0.0128569408195014,
Gungahlin,Robbery - Other,2023,Q3,7,77779,0.0899985857365098,
Gungahlin,Robbery - Other,2023,Q4,2,77779,0.0257138816390028,
Gungahlin,Robbery - Other,2024,Q1,6,77823,0.0770980301453297,
Gungahlin,Robbery - Other,2024,Q2,0,77823,0.0,
Gungahlin,Robbery - Other,2024,Q3,4,77823,0.0513986867635532,
Gungahlin,Robbery - Other,2024,Q4,6,77823,0.0770980301453297,
Gungahlin,Robbery - Other,2025,Q1,9,78089,0.1152531086324578,
Gungahlin,Robbery - Other,2025,Q2,5,78089,0.0640295047958099,
Gungahlin,Sexual Assault,2014,Q1,5,63410,0.0788519161015612,
Gungahlin,Sexual Assault,2014,Q2,6,63410,0.0946222993218735,
Gungahlin,Sexual Assault,2014,Q3,6,63410,0.0946222993218735,
Gungahlin,Sexual Assault,2014,Q4,7,63410,0.1103926825421857,
Gungahlin,Sexual Assault,2015,Q1,3,67959,0.0441442634529642,
Gungahlin,Sexual Assault,2015,Q2,5,67959,0.0735737724216071,
Gungahlin,Sexual Assault,2015,Q3,5,67959,0.0735737724216071,
Gungahlin,Sexual Assault,2015,Q4,5,67959,0.0735737724216071,
Gungahlin,Sexual Assault,2016,Q1,6,71582,0.0838199547372244,
Gungahlin,Sexual Assault,2016,Q2,20,71582,0.2793998491240815,
Gungahlin,Sexual Assault,2016,Q3,14,71582,0.195579894386857,
Gungahlin,Sexual Assault,2016,Q4,10,71582,0.1396999245620407,
Gungahlin,Sexual Assault,2017,Q1,17,74291,0.228829871720666,
Gungahlin,Sexual Assault,2017,Q2,12,74291,0.1615269682734113,
Gungahlin,Sexual Assault,2017,Q3,9,74291,0.1211452262050584,
Gungahlin,Sexual Assault,2017,Q4,8,74291,0.1076846455156075,
Gungahlin,Sexual Assault,2018,Q1,14,75663,0.1850309926912758,
Gungahlin,Sexual Assault,2018,Q2,5,75663,0.0660824973897413,
Gungahlin,Sexual Assault,2018,Q3,24,75663,0.3171959874707585,
Gungahlin,Sexual Assault,2018,Q4,11,75663,0.145381494257431,
Gungahlin,Sexual Assault,2019,Q1,36,76492,0.4706374522825916,
Gungahlin,Sexual Assault,2019,Q2,39,76492,0.5098572399728076,
Gungahlin,Sexual Assault,2019,Q3,16,76492,0.2091722010144851,
Gungahlin,Sexual Assault,2019,Q4,24,76492,0.3137583015217277,
Gungahlin,Sexual Assault,2020,Q1,18,77063,0.2335751268442702,
Gungahlin,Sexual Assault,2020,Q2,23,77063,0.2984571065232342,
Gungahlin,Sexual Assault,2020,Q3,26,77063,0.3373862943306126,
Gungahlin,Sexual Assault,2020,Q4,16,77063,0.2076223349726846,
Gungahlin,Sexual Assault,2021,Q1,18,77021,0.2337024967216733,
Gungahlin,Sexual Assault,2021,Q2,13,77021,0.1687851365212085,
Gungahlin,Sexual Assault,2021,Q3,10,77021,0.1298347204009296,
Gungahlin,Sexual Assault,2021,Q4,35,77021,0.4544215214032536,
Gungahlin,Sexual Assault,2022,Q1,36,77403,0.4650982520057362,
Gungahlin,Sexual Assault,2022,Q2,30,77403,0.3875818766714468,
Gungahlin,Sexual Assault,2022,Q3,17,77403,0.2196297301138198,
Gungahlin,Sexual Assault,2022,Q4,32,77403,0.4134206684495433,
Gungahlin,Sexual Assault,2023,Q1,27,77779,0.347137402126538,
Gungahlin,Sexual Assault,2023,Q2,20,77779,0.2571388163900281,
Gungahlin,Sexual Assault,2023,Q3,20,77779,0.2571388163900281,
Gungahlin,Sexual Assault,2023,Q4,20,77779,0.2571388163900281,
Gungahlin,Sexual Assault,2024,Q1,21,77823,0.2698431055086542,
Gungahlin,Sexual Assault,2024,Q2,12,77823,0.1541960602906595,
Gungahlin,Sexual Assault,2024,Q3,14,77823,0.1798954036724361,
Gungahlin,Sexual Assault,2024,Q4,13,77823,0.1670457319815478,
Gungahlin,Sexual Assault,2025,Q1,23,78089,0.2945357220607256,
Gungahlin,Sexual Assault,2025,Q2,18,78089,0.2305062172649156,
Gungahlin,TINs - Mobile Use,2014,Q1,33,63410,0.5204226462703044,
Gungahlin,TINs - Mobile Use,2014,Q2,28,63410,0.4415707301687431,
Gungahlin,TINs - Mobile Use,2014,Q3,30,63410,0.4731114966093676,
Gungahlin,TINs - Mobile Use,2014,Q4,35,63410,0.5519634127109289,
Gungahlin,TINs - Mobile Use,2015,Q1,27,67959,0.3972983710766786,
Gungahlin,TINs - Mobile Use,2015,Q2,32,67959,0.4708721434982857,
Gungahlin,TINs - Mobile Use,2015,Q3,25,67959,0.3678688621080357,
Gungahlin,TINs - Mobile Use,2015,Q4,30,67959,0.4414426345296428,
Gungahlin,TINs - Mobile Use,2016,Q1,23,71582,0.3213098264926937,
Gungahlin,TINs - Mobile Use,2016,Q2,19,71582,0.2654298566678774,
Gungahlin,TINs - Mobile Use,2016,Q3,34,71582,0.4749797435109385,
Gungahlin,TINs - Mobile Use,2016,Q4,36,71582,0.5029197284233466,
Gungahlin,TINs - Mobile Use,2017,Q1,18,74291,0.2422904524101169,
Gungahlin,TINs - Mobile Use,2017,Q2,25,74291,0.3365145172362735,
Gungahlin,TINs - Mobile Use,2017,Q3,16,74291,0.2153692910312151,
Gungahlin,TINs - Mobile Use,2017,Q4,20,74291,0.2692116137890188,
Gungahlin,TINs - Mobile Use,2018,Q1,16,75663,0.2114639916471723,
Gungahlin,TINs - Mobile Use,2018,Q2,12,75663,0.1585979937353792,
Gungahlin,TINs - Mobile Use,2018,Q3,16,75663,0.2114639916471723,
Gungahlin,TINs - Mobile Use,2018,Q4,14,75663,0.1850309926912758,
Gungahlin,TINs - Mobile Use,2019,Q1,8,76492,0.1045861005072425,
Gungahlin,TINs - Mobile Use,2019,Q2,11,76492,0.1438058881974585,
Gungahlin,TINs - Mobile Use,2019,Q3,18,76492,0.2353187261412958,
Gungahlin,TINs - Mobile Use,2019,Q4,5,76492,0.0653663128170266,
Gungahlin,TINs - Mobile Use,2020,Q1,14,77063,0.1816695431010991,
Gungahlin,TINs - Mobile Use,2020,Q2,20,77063,0.2595279187158558,
Gungahlin,TINs - Mobile Use,2020,Q3,7,77063,0.0908347715505495,
Gungahlin,TINs - Mobile Use,2020,Q4,14,77063,0.1816695431010991,
Gungahlin,TINs - Mobile Use,2021,Q1,12,77021,0.1558016644811155,
Gungahlin,TINs - Mobile Use,2021,Q2,15,77021,0.1947520806013944,
Gungahlin,TINs - Mobile Use,2021,Q3,12,77021,0.1558016644811155,
Gungahlin,TINs - Mobile Use,2021,Q4,13,77021,0.1687851365212085,
Gungahlin,TINs - Mobile Use,2022,Q1,8,77403,0.1033551671123858,
Gungahlin,TINs - Mobile Use,2022,Q2,5,77403,0.0645969794452411,
Gungahlin,TINs - Mobile Use,2022,Q3,12,77403,0.1550327506685787,
Gungahlin,TINs - Mobile Use,2022,Q4,16,77403,0.2067103342247716,
Gungahlin,TINs - Mobile Use,2023,Q1,4,77779,0.0514277632780056,
Gungahlin,TINs - Mobile Use,2023,Q2,5,77779,0.064284704097507,
Gungahlin,TINs - Mobile Use,2023,Q3,4,77779,0.0514277632780056,
Gungahlin,TINs - Mobile Use,2023,Q4,2,77779,0.0257138816390028,
Gungahlin,TINs - Mobile Use,2024,Q1,0,77823,0.0,
Gungahlin,TINs - Mobile Use,2024,Q2,0,77823,0.0,
Gungahlin,TINs - Mobile Use,2024,Q3,0,77823,0.0,
Gungahlin,TINs - Mobile Use,2024,Q4,0,77823,0.0,
Gungahlin,TINs - Mobile Use,2025,Q1,0,78089,0.0,
Gungahlin,TINs - Mobile Use,2025,Q2,0,78089,0.0,
Gungahlin,TINs - Other,2014,Q1,271,63410,4.273773852704621,
Gungahlin,TINs - Other,2014,Q2,284,63410,4.478788834568681,
Gungahlin,TINs - Other,2014,Q3,258,63410,4.068758870840561,
Gungahlin,TINs - Other,2014,Q4,287,63410,4.526099984229617,
Gungahlin,TINs - Other,2015,Q1,249,67959,3.663973866596036,
Gungahlin,TINs - Other,2015,Q2,233,67959,3.4285377948468927,
Gungahlin,TINs - Other,2015,Q3,203,67959,2.9870951603172498,
Gungahlin,TINs - Other,2015,Q4,224,67959,3.296105004488,
Gungahlin,TINs - Other,2016,Q1,236,71582,3.2969182196641618,
Gungahlin,TINs - Other,2016,Q2,235,71582,3.282948227207957,
Gungahlin,TINs - Other,2016,Q3,248,71582,3.4645581291386107,
Gungahlin,TINs - Other,2016,Q4,220,71582,3.0733983403648963,
Gungahlin,TINs - Other,2017,Q1,195,74291,2.624813234442934,
Gungahlin,TINs - Other,2017,Q2,214,74291,2.880564267542502,
Gungahlin,TINs - Other,2017,Q3,280,74291,3.768962593046264,
Gungahlin,TINs - Other,2017,Q4,163,74291,2.194074652380504,
Gungahlin,TINs - Other,2018,Q1,201,75663,2.6565163950676025,
Gungahlin,TINs - Other,2018,Q2,145,75663,1.9163924243024992,
Gungahlin,TINs - Other,2018,Q3,135,75663,1.7842274295230167,
Gungahlin,TINs - Other,2018,Q4,105,75663,1.3877324451845685,
Gungahlin,TINs - Other,2019,Q1,129,76492,1.686450870679287,
Gungahlin,TINs - Other,2019,Q2,170,76492,2.222454635778905,
Gungahlin,TINs - Other,2019,Q3,118,76492,1.542644982481828,
Gungahlin,TINs - Other,2019,Q4,146,76492,1.9086963342571768,
Gungahlin,TINs - Other,2020,Q1,141,77063,1.829671826946784,
Gungahlin,TINs - Other,2020,Q2,192,77063,2.491468019672216,
Gungahlin,TINs - Other,2020,Q3,177,77063,2.2968220806353243,
Gungahlin,TINs - Other,2020,Q4,225,77063,2.919689085553378,
Gungahlin,TINs - Other,2021,Q1,122,77021,1.5839835888913414,
Gungahlin,TINs - Other,2021,Q2,187,77021,2.427909271497384,
Gungahlin,TINs - Other,2021,Q3,94,77021,1.2204463717687384,
Gungahlin,TINs - Other,2021,Q4,172,77021,2.233157190895989,
Gungahlin,TINs - Other,2022,Q1,92,77403,1.1885844217924368,
Gungahlin,TINs - Other,2022,Q2,146,77403,1.8862317998010407,
Gungahlin,TINs - Other,2022,Q3,94,77403,1.2144232135705333,
Gungahlin,TINs - Other,2022,Q4,177,77403,2.286733072361536,
Gungahlin,TINs - Other,2023,Q1,163,77779,2.0956813535787298,
Gungahlin,TINs - Other,2023,Q2,172,77779,2.211393820954242,
Gungahlin,TINs - Other,2023,Q3,121,77779,1.5556898391596703,
Gungahlin,TINs - Other,2023,Q4,95,77779,1.2214093778526338,
Gungahlin,TINs - Other,2024,Q1,140,77823,1.798954036724362,
Gungahlin,TINs - Other,2024,Q2,111,77823,1.4263135576886012,
Gungahlin,TINs - Other,2024,Q3,173,77823,2.222993202523676,
Gungahlin,TINs - Other,2024,Q4,218,77823,2.801228428613649,
Gungahlin,TINs - Other,2025,Q1,241,78089,3.0862221311580376,
Gungahlin,TINs - Other,2025,Q2,249,78089,3.1886693388313336,
Gungahlin,TINs - Seatbelts,2014,Q1,14,63410,0.2207853650843715,
Gungahlin,TINs - Seatbelts,2014,Q2,5,63410,0.0788519161015612,
Gungahlin,TINs - Seatbelts,2014,Q3,10,63410,0.1577038322031225,
Gungahlin,TINs - Seatbelts,2014,Q4,9,63410,0.1419334489828103,
Gungahlin,TINs - Seatbelts,2015,Q1,11,67959,0.1618622993275357,
Gungahlin,TINs - Seatbelts,2015,Q2,4,67959,0.0588590179372857,
Gungahlin,TINs - Seatbelts,2015,Q3,12,67959,0.1765770538118571,
Gungahlin,TINs - Seatbelts,2015,Q4,11,67959,0.1618622993275357,
Gungahlin,TINs - Seatbelts,2016,Q1,9,71582,0.1257299321058366,
Gungahlin,TINs - Seatbelts,2016,Q2,5,71582,0.0698499622810203,
Gungahlin,TINs - Seatbelts,2016,Q3,4,71582,0.0558799698248163,
Gungahlin,TINs - Seatbelts,2016,Q4,8,71582,0.1117599396496326,
Gungahlin,TINs - Seatbelts,2017,Q1,6,74291,0.0807634841367056,
Gungahlin,TINs - Seatbelts,2017,Q2,4,74291,0.0538423227578037,
Gungahlin,TINs - Seatbelts,2017,Q3,5,74291,0.0673029034472547,
Gungahlin,TINs - Seatbelts,2017,Q4,9,74291,0.1211452262050584,
Gungahlin,TINs - Seatbelts,2018,Q1,6,75663,0.0792989968676896,
Gungahlin,TINs - Seatbelts,2018,Q2,1,75663,0.0132164994779482,
Gungahlin,TINs - Seatbelts,2018,Q3,6,75663,0.0792989968676896,
Gungahlin,TINs - Seatbelts,2018,Q4,7,75663,0.0925154963456379,
Gungahlin,TINs - Seatbelts,2019,Q1,1,76492,0.0130732625634053,
Gungahlin,TINs - Seatbelts,2019,Q2,3,76492,0.0392197876902159,
Gungahlin,TINs - Seatbelts,2019,Q3,1,76492,0.0130732625634053,
Gungahlin,TINs - Seatbelts,2019,Q4,1,76492,0.0130732625634053,
Gungahlin,TINs - Seatbelts,2020,Q1,4,77063,0.0519055837431711,
Gungahlin,TINs - Seatbelts,2020,Q2,3,77063,0.0389291878073783,
Gungahlin,TINs - Seatbelts,2020,Q3,3,77063,0.0389291878073783,
Gungahlin,TINs - Seatbelts,2020,Q4,5,77063,0.0648819796789639,
Gungahlin,TINs - Seatbelts,2021,Q1,2,77021,0.0259669440801859,
Gungahlin,TINs - Seatbelts,2021,Q2,3,77021,0.0389504161202788,
Gungahlin,TINs - Seatbelts,2021,Q3,0,77021,0.0,
Gungahlin,TINs - Seatbelts,2021,Q4,1,77021,0.0129834720400929,
Gungahlin,TINs - Seatbelts,2022,Q1,0,77403,0.0,
Gungahlin,TINs - Seatbelts,2022,Q2,1,77403,0.0129193958890482,
Gungahlin,TINs - Seatbelts,2022,Q3,1,77403,0.0129193958890482,
Gungahlin,TINs - Seatbelts,2022,Q4,2,77403,0.0258387917780964,
Gungahlin,TINs - Seatbelts,2023,Q1,0,77779,0.0,
Gungahlin,TINs - Seatbelts,2023,Q2,1,77779,0.0128569408195014,
Gungahlin,TINs - Seatbelts,2023,Q3,1,77779,0.0128569408195014,
Gungahlin,TINs - Seatbelts,2023,Q4,1,77779,0.0128569408195014,
Gungahlin,TINs - Seatbelts,2024,Q1,3,77823,0.0385490150726648,
Gungahlin,TINs - Seatbelts,2024,Q2,0,77823,0.0,
Gungahlin,TINs - Seatbelts,2024,Q3,0,77823,0.0,
Gungahlin,TINs - Seatbelts,2024,Q4,6,77823,0.0770980301453297,
Gungahlin,TINs - Seatbelts,2025,Q1,1,78089,0.0128059009591619,
Gungahlin,TINs - Seatbelts,2025,Q2,1,78089,0.0128059009591619,
Gungahlin,TINs - Speeding,2014,Q1,70,63410,1.1039268254218575,
Gungahlin,TINs - Speeding,2014,Q2,88,63410,1.3877937233874784,
Gungahlin,TINs - Speeding,2014,Q3,95,63410,1.498186405929664,
Gungahlin,TINs - Speeding,2014,Q4,77,63410,1.2143195079640436,
Gungahlin,TINs - Speeding,2015,Q1,67,67959,0.9858885504495356,
Gungahlin,TINs - Speeding,2015,Q2,92,67959,1.353757412557571,
Gungahlin,TINs - Speeding,2015,Q3,105,67959,1.54504922085375,
Gungahlin,TINs - Speeding,2015,Q4,124,67959,1.8246295560558567,
Gungahlin,TINs - Speeding,2016,Q1,137,71582,1.9138889664999583,
Gungahlin,TINs - Speeding,2016,Q2,93,71582,1.299209298426979,
Gungahlin,TINs - Speeding,2016,Q3,145,71582,2.025648906149591,
Gungahlin,TINs - Speeding,2016,Q4,92,71582,1.285239305970775,
Gungahlin,TINs - Speeding,2017,Q1,53,74291,0.7134107765409,
Gungahlin,TINs - Speeding,2017,Q2,143,74291,1.9248630385914849,
Gungahlin,TINs - Speeding,2017,Q3,154,74291,2.0729294261754454,
Gungahlin,TINs - Speeding,2017,Q4,111,74291,1.4941244565290548,
Gungahlin,TINs - Speeding,2018,Q1,99,75663,1.308433448316879,
Gungahlin,TINs - Speeding,2018,Q2,82,75663,1.0837529571917583,
Gungahlin,TINs - Speeding,2018,Q3,67,75663,0.8855054650225341,
Gungahlin,TINs - Speeding,2018,Q4,25,75663,0.3304124869487068,
Gungahlin,TINs - Speeding,2019,Q1,33,76492,0.4314176645923756,
Gungahlin,TINs - Speeding,2019,Q2,33,76492,0.4314176645923756,
Gungahlin,TINs - Speeding,2019,Q3,109,76492,1.42498561941118,
Gungahlin,TINs - Speeding,2019,Q4,144,76492,1.8825498091303663,
Gungahlin,TINs - Speeding,2020,Q1,118,77063,1.5312147204235496,
Gungahlin,TINs - Speeding,2020,Q2,137,77063,1.7777662432036123,
Gungahlin,TINs - Speeding,2020,Q3,49,77063,0.6358434008538468,
Gungahlin,TINs - Speeding,2020,Q4,108,77063,1.4014507610656215,
Gungahlin,TINs - Speeding,2021,Q1,46,77021,0.5972397138442762,
Gungahlin,TINs - Speeding,2021,Q2,80,77021,1.0386777632074369,
Gungahlin,TINs - Speeding,2021,Q3,38,77021,0.4933719375235325,
Gungahlin,TINs - Speeding,2021,Q4,75,77021,0.973760403006972,
Gungahlin,TINs - Speeding,2022,Q1,37,77403,0.4780176478947844,
Gungahlin,TINs - Speeding,2022,Q2,69,77403,0.8914383163443277,
Gungahlin,TINs - Speeding,2022,Q3,46,77403,0.5942922108962184,
Gungahlin,TINs - Speeding,2022,Q4,61,77403,0.7880831492319419,
Gungahlin,TINs - Speeding,2023,Q1,42,77779,0.5399915144190591,
Gungahlin,TINs - Speeding,2023,Q2,61,77779,0.784273389989586,
Gungahlin,TINs - Speeding,2023,Q3,35,77779,0.4499929286825493,
Gungahlin,TINs - Speeding,2023,Q4,49,77779,0.629990100155569,
Gungahlin,TINs - Speeding,2024,Q1,33,77823,0.4240391657993139,
Gungahlin,TINs - Speeding,2024,Q2,34,77823,0.4368888374902022,
Gungahlin,TINs - Speeding,2024,Q3,28,77823,0.3597908073448723,
Gungahlin,TINs - Speeding,2024,Q4,95,77823,1.2207188106343885,
Gungahlin,TINs - Speeding,2025,Q1,74,78089,0.9476366709779868,
Gungahlin,TINs - Speeding,2025,Q2,75,78089,0.9604425719371488,
Gungahlin,Theft - Motor Vehicles,2014,Q1,16,63410,0.252326131524996,
Gungahlin,Theft - Motor Vehicles,2014,Q2,18,63410,0.2838668979656206,
Gungahlin,Theft - Motor Vehicles,2014,Q3,16,63410,0.252326131524996,
Gungahlin,Theft - Motor Vehicles,2014,Q4,28,63410,0.4415707301687431,
Gungahlin,Theft - Motor Vehicles,2015,Q1,22,67959,0.3237245986550714,
Gungahlin,Theft - Motor Vehicles,2015,Q2,32,67959,0.4708721434982857,
Gungahlin,Theft - Motor Vehicles,2015,Q3,27,67959,0.3972983710766786,
Gungahlin,Theft - Motor Vehicles,2015,Q4,31,67959,0.4561573890139643,
Gungahlin,Theft - Motor Vehicles,2016,Q1,23,71582,0.3213098264926937,
Gungahlin,Theft - Motor Vehicles,2016,Q2,26,71582,0.3632198038613059,
Gungahlin,Theft - Motor Vehicles,2016,Q3,42,71582,0.5867396831605711,
Gungahlin,Theft - Motor Vehicles,2016,Q4,17,71582,0.2374898717554692,
Gungahlin,Theft - Motor Vehicles,2017,Q1,26,74291,0.3499750979257245,
Gungahlin,Theft - Motor Vehicles,2017,Q2,32,74291,0.4307385820624302,
Gungahlin,Theft - Motor Vehicles,2017,Q3,51,74291,0.6864896151619981,
Gungahlin,Theft - Motor Vehicles,2017,Q4,40,74291,0.5384232275780377,
Gungahlin,Theft - Motor Vehicles,2018,Q1,29,75663,0.3832784848604998,
Gungahlin,Theft - Motor Vehicles,2018,Q2,39,75663,0.5154434796399826,
Gungahlin,Theft - Motor Vehicles,2018,Q3,38,75663,0.5022269801620343,
Gungahlin,Theft - Motor Vehicles,2018,Q4,31,75663,0.4097114838163964,
Gungahlin,Theft - Motor Vehicles,2019,Q1,31,76492,0.405271139465565,
Gungahlin,Theft - Motor Vehicles,2019,Q2,24,76492,0.3137583015217277,
Gungahlin,Theft - Motor Vehicles,2019,Q3,27,76492,0.3529780892119437,
Gungahlin,Theft - Motor Vehicles,2019,Q4,39,76492,0.5098572399728076,
Gungahlin,Theft - Motor Vehicles,2020,Q1,31,77063,0.4022682740095765,
Gungahlin,Theft - Motor Vehicles,2020,Q2,21,77063,0.2725043146516486,
Gungahlin,Theft - Motor Vehicles,2020,Q3,39,77063,0.5060794414959189,
Gungahlin,Theft - Motor Vehicles,2020,Q4,51,77063,0.6617961927254324,
Gungahlin,Theft - Motor Vehicles,2021,Q1,27,77021,0.3505537450825099,
Gungahlin,Theft - Motor Vehicles,2021,Q2,43,77021,0.5582892977239974,
Gungahlin,Theft - Motor Vehicles,2021,Q3,34,77021,0.4414380493631606,
Gungahlin,Theft - Motor Vehicles,2021,Q4,47,77021,0.6102231858843692,
Gungahlin,Theft - Motor Vehicles,2022,Q1,42,77403,0.5426146273400255,
Gungahlin,Theft - Motor Vehicles,2022,Q2,44,77403,0.568453419118122,
Gungahlin,Theft - Motor Vehicles,2022,Q3,34,77403,0.4392594602276397,
Gungahlin,Theft - Motor Vehicles,2022,Q4,24,77403,0.3100655013371574,
Gungahlin,Theft - Motor Vehicles,2023,Q1,39,77779,0.5014206919605549,
Gungahlin,Theft - Motor Vehicles,2023,Q2,35,77779,0.4499929286825493,
Gungahlin,Theft - Motor Vehicles,2023,Q3,33,77779,0.4242790470435464,
Gungahlin,Theft - Motor Vehicles,2023,Q4,19,77779,0.2442818755705267,
Gungahlin,Theft - Motor Vehicles,2024,Q1,38,77823,0.4882875242537554,
Gungahlin,Theft - Motor Vehicles,2024,Q2,35,77823,0.4497385091810905,
Gungahlin,Theft - Motor Vehicles,2024,Q3,24,77823,0.3083921205813191,
Gungahlin,Theft - Motor Vehicles,2024,Q4,37,77823,0.4754378525628671,
Gungahlin,Theft - Motor Vehicles,2025,Q1,43,78089,0.5506537412439653,
Gungahlin,Theft - Motor Vehicles,2025,Q2,26,78089,0.3329534249382115,
Gungahlin,Theft - Other,2014,Q1,237,63410,3.737580823214005,
Gungahlin,Theft - Other,2014,Q2,188,63410,2.964832045418704,
Gungahlin,Theft - Other,2014,Q3,144,63410,2.2709351837249647,
Gungahlin,Theft - Other,2014,Q4,177,63410,2.791357829995269,
Gungahlin,Theft - Other,2015,Q1,186,67959,2.736944334083786,
Gungahlin,Theft - Other,2015,Q2,245,67959,3.60511484865875,
Gungahlin,Theft - Other,2015,Q3,184,67959,2.707514825115142,
Gungahlin,Theft - Other,2015,Q4,324,67959,4.767580452920143,
Gungahlin,Theft - Other,2016,Q1,231,71582,3.227068257383141,
Gungahlin,Theft - Other,2016,Q2,271,71582,3.785867955631304,
Gungahlin,Theft - Other,2016,Q3,306,71582,4.274817691598447,
Gungahlin,Theft - Other,2016,Q4,221,71582,3.087368332821101,
Gungahlin,Theft - Other,2017,Q1,295,74291,3.970871303388028,
Gungahlin,Theft - Other,2017,Q2,212,74291,2.8536431061636,
Gungahlin,Theft - Other,2017,Q3,249,74291,3.351684591673285,
Gungahlin,Theft - Other,2017,Q4,398,74291,5.357311114401475,
Gungahlin,Theft - Other,2018,Q1,230,75663,3.0397948799281025,
Gungahlin,Theft - Other,2018,Q2,287,75663,3.7931353501711538,
Gungahlin,Theft - Other,2018,Q3,203,75663,2.682949394023499,
Gungahlin,Theft - Other,2018,Q4,233,75663,3.079444378361947,
Gungahlin,Theft - Other,2019,Q1,321,76492,4.196517282853109,
Gungahlin,Theft - Other,2019,Q2,230,76492,3.0068503895832244,
Gungahlin,Theft - Other,2019,Q3,242,76492,3.163729540344088,
Gungahlin,Theft - Other,2019,Q4,365,76492,4.771740835642943,
Gungahlin,Theft - Other,2020,Q1,319,77063,4.139470303517901,
Gungahlin,Theft - Other,2020,Q2,163,77063,2.1151525375342253,
Gungahlin,Theft - Other,2020,Q3,199,77063,2.582302791222766,
Gungahlin,Theft - Other,2020,Q4,201,77063,2.6082555830943512,
Gungahlin,Theft - Other,2021,Q1,219,77021,2.8433803767803587,
Gungahlin,Theft - Other,2021,Q2,273,77021,3.5444878669453783,
Gungahlin,Theft - Other,2021,Q3,181,77021,2.350008439256826,
Gungahlin,Theft - Other,2021,Q4,147,77021,1.9085703898936648,
Gungahlin,Theft - Other,2022,Q1,197,77403,2.5451209901425007,
Gungahlin,Theft - Other,2022,Q2,215,77403,2.777670116145369,
Gungahlin,Theft - Other,2022,Q3,168,77403,2.170458509360102,
Gungahlin,Theft - Other,2022,Q4,180,77403,2.325491260028681,
Gungahlin,Theft - Other,2023,Q1,213,77779,2.7385283945538,
Gungahlin,Theft - Other,2023,Q2,126,77779,1.6199745432571775,
Gungahlin,Theft - Other,2023,Q3,215,77779,2.7642422761928027,
Gungahlin,Theft - Other,2023,Q4,197,77779,2.5328173414417776,
Gungahlin,Theft - Other,2024,Q1,189,77823,2.4285879495778886,
Gungahlin,Theft - Other,2024,Q2,197,77823,2.531385323104995,
Gungahlin,Theft - Other,2024,Q3,195,77823,2.5056859797232183,
Gungahlin,Theft - Other,2024,Q4,183,77823,2.351489919432559,
Gungahlin,Theft - Other,2025,Q1,159,78089,2.036138252506756,
Gungahlin,Theft - Other,2025,Q2,193,78089,2.4715388851182625,
Inner North,Assault,2014,Q1,111,52833,2.1009596275055364,
Inner North,Assault,2014,Q2,91,52833,1.7224083432703046,
Inner North,Assault,2014,Q3,105,52833,1.9873942422349669,
Inner North,Assault,2014,Q4,112,52833,2.119887191717298,
Inner North,Assault,2015,Q1,130,53534,2.4283632831471587,
Inner North,Assault,2015,Q2,157,53534,2.932715657339261,
Inner North,Assault,2015,Q3,125,53534,2.334964695333807,
Inner North,Assault,2015,Q4,148,53534,2.764598199275227,
Inner North,Assault,2016,Q1,137,54528,2.5124706572769955,
Inner North,Assault,2016,Q2,143,54528,2.622505868544601,
Inner North,Assault,2016,Q3,134,54528,2.4574530516431925,
Inner North,Assault,2016,Q4,182,54528,3.337734741784037,
Inner North,Assault,2017,Q1,167,56374,2.9623585340759924,
Inner North,Assault,2017,Q2,132,56374,2.3415049490900057,
Inner North,Assault,2017,Q3,137,56374,2.4301983183737184,
Inner North,Assault,2017,Q4,134,56374,2.376982296803491,
Inner North,Assault,2018,Q1,171,57892,2.95377599668348,
Inner North,Assault,2018,Q2,139,57892,2.401022593795343,
Inner North,Assault,2018,Q3,129,57892,2.2282871553928003,
Inner North,Assault,2018,Q4,145,57892,2.5046638568368684,
Inner North,Assault,2019,Q1,171,59464,2.875689492802368,
Inner North,Assault,2019,Q2,138,59464,2.320731871384367,
Inner North,Assault,2019,Q3,127,59464,2.1357459975783666,
Inner North,Assault,2019,Q4,134,59464,2.253464280909458,
Inner North,Assault,2020,Q1,135,60845,2.218752568000657,
Inner North,Assault,2020,Q2,65,60845,1.068288273481798,
Inner North,Assault,2020,Q3,108,60845,1.775002054400526,
Inner North,Assault,2020,Q4,115,60845,1.890048483852412,
Inner North,Assault,2021,Q1,158,61455,2.5709869009844604,
Inner North,Assault,2021,Q2,139,61455,2.261817590106582,
Inner North,Assault,2021,Q3,112,61455,1.822471727280124,
Inner North,Assault,2021,Q4,109,61455,1.7736555202994062,
Inner North,Assault,2022,Q1,144,63742,2.259107025195319,
Inner North,Assault,2022,Q2,144,63742,2.259107025195319,
Inner North,Assault,2022,Q3,154,63742,2.415989457500549,
Inner North,Assault,2022,Q4,170,63742,2.6670013491889177,
Inner North,Assault,2023,Q1,137,65920,2.0782766990291264,
Inner North,Assault,2023,Q2,140,65920,2.1237864077669903,
Inner North,Assault,2023,Q3,143,65920,2.1692961165048543,
Inner North,Assault,2023,Q4,170,65920,2.578883495145631,
Inner North,Assault,2024,Q1,137,67309,2.035389026727481,
Inner North,Assault,2024,Q2,115,67309,1.7085382341143087,
Inner North,Assault,2024,Q3,130,67309,1.9313910472596527,
Inner North,Assault,2024,Q4,136,67309,2.020532172517791,
Inner North,Assault,2025,Q1,118,68221,1.7296726814324035,
Inner North,Assault,2025,Q2,127,68221,1.8615968689992817,
Inner North,Burglary - Dwellings,2014,Q1,63,52833,1.1924365453409802,
Inner North,Burglary - Dwellings,2014,Q2,90,52833,1.7034807790585431,
Inner North,Burglary - Dwellings,2014,Q3,92,52833,1.7413359074820662,
Inner North,Burglary - Dwellings,2014,Q4,76,52833,1.4384948800938808,
Inner North,Burglary - Dwellings,2015,Q1,69,53534,1.2889005118242614,
Inner North,Burglary - Dwellings,2015,Q2,57,53534,1.0647439010722155,
Inner North,Burglary - Dwellings,2015,Q3,70,53534,1.3075802293869316,
Inner North,Burglary - Dwellings,2015,Q4,77,53534,1.438338252325625,
Inner North,Burglary - Dwellings,2016,Q1,48,54528,0.8802816901408451,
Inner North,Burglary - Dwellings,2016,Q2,71,54528,1.3020833333333333,
Inner North,Burglary - Dwellings,2016,Q3,63,54528,1.1553697183098592,
Inner North,Burglary - Dwellings,2016,Q4,76,54528,1.3937793427230047,
Inner North,Burglary - Dwellings,2017,Q1,100,56374,1.7738673856742468,
Inner North,Burglary - Dwellings,2017,Q2,75,56374,1.3304005392556852,
Inner North,Burglary - Dwellings,2017,Q3,62,56374,1.0997977791180331,
Inner North,Burglary - Dwellings,2017,Q4,86,56374,1.5255259516798525,
Inner North,Burglary - Dwellings,2018,Q1,74,57892,1.2782422441788155,
Inner North,Burglary - Dwellings,2018,Q2,76,57892,1.3127893318593242,
Inner North,Burglary - Dwellings,2018,Q3,67,57892,1.157327437297036,
Inner North,Burglary - Dwellings,2018,Q4,91,57892,1.571892489463138,
Inner North,Burglary - Dwellings,2019,Q1,141,59464,2.371182564240549,
Inner North,Burglary - Dwellings,2019,Q2,94,59464,1.580788376160366,
Inner North,Burglary - Dwellings,2019,Q3,90,59464,1.513520785685457,
Inner North,Burglary - Dwellings,2019,Q4,82,59464,1.3789856047356384,
Inner North,Burglary - Dwellings,2020,Q1,65,60845,1.068288273481798,
Inner North,Burglary - Dwellings,2020,Q2,44,60845,0.7231489851261402,
Inner North,Burglary - Dwellings,2020,Q3,65,60845,1.068288273481798,
Inner North,Burglary - Dwellings,2020,Q4,77,60845,1.2655107239707453,
Inner North,Burglary - Dwellings,2021,Q1,53,61455,0.8624196566593443,
Inner North,Burglary - Dwellings,2021,Q2,33,61455,0.5369782767878936,
Inner North,Burglary - Dwellings,2021,Q3,54,61455,0.8786917256529168,
Inner North,Burglary - Dwellings,2021,Q4,69,61455,1.1227727605565048,
Inner North,Burglary - Dwellings,2022,Q1,58,63742,0.9099181073703368,
Inner North,Burglary - Dwellings,2022,Q2,68,63742,1.066800539675567,
Inner North,Burglary - Dwellings,2022,Q3,41,63742,0.643217972451445,
Inner North,Burglary - Dwellings,2022,Q4,62,63742,0.9726710802924288,
Inner North,Burglary - Dwellings,2023,Q1,78,65920,1.183252427184466,
Inner North,Burglary - Dwellings,2023,Q2,56,65920,0.8495145631067961,
Inner North,Burglary - Dwellings,2023,Q3,61,65920,0.9253640776699028,
Inner North,Burglary - Dwellings,2023,Q4,38,65920,0.5764563106796117,
Inner North,Burglary - Dwellings,2024,Q1,63,67309,0.9359818152104472,
Inner North,Burglary - Dwellings,2024,Q2,33,67309,0.4902761889197581,
Inner North,Burglary - Dwellings,2024,Q3,31,67309,0.4605624805003788,
Inner North,Burglary - Dwellings,2024,Q4,49,67309,0.7279858562747924,
Inner North,Burglary - Dwellings,2025,Q1,46,68221,0.6742791808973776,
Inner North,Burglary - Dwellings,2025,Q2,31,68221,0.4544055349525805,
Inner North,Burglary - Other,2014,Q1,34,52833,0.6435371831998941,
Inner North,Burglary - Other,2014,Q2,42,52833,0.7949576968939868,
Inner North,Burglary - Other,2014,Q3,26,52833,0.4921166695058013,
Inner North,Burglary - Other,2014,Q4,35,52833,0.6624647474116556,
Inner North,Burglary - Other,2015,Q1,27,53534,0.5043523741921022,
Inner North,Burglary - Other,2015,Q2,66,53534,1.2328613591362498,
Inner North,Burglary - Other,2015,Q3,35,53534,0.6537901146934658,
Inner North,Burglary - Other,2015,Q4,48,53534,0.8966264430081817,
Inner North,Burglary - Other,2016,Q1,29,54528,0.5318368544600939,
Inner North,Burglary - Other,2016,Q2,32,54528,0.5868544600938967,
Inner North,Burglary - Other,2016,Q3,32,54528,0.5868544600938967,
Inner North,Burglary - Other,2016,Q4,26,54528,0.476819248826291,
Inner North,Burglary - Other,2017,Q1,37,56374,0.6563309326994714,
Inner North,Burglary - Other,2017,Q2,33,56374,0.5853762372725014,
Inner North,Burglary - Other,2017,Q3,19,56374,0.3370348032781069,
Inner North,Burglary - Other,2017,Q4,34,56374,0.603114911129244,
Inner North,Burglary - Other,2018,Q1,28,57892,0.4836592275271194,
Inner North,Burglary - Other,2018,Q2,44,57892,0.7600359289711877,
Inner North,Burglary - Other,2018,Q3,32,57892,0.5527534028881365,
Inner North,Burglary - Other,2018,Q4,40,57892,0.6909417536101706,
Inner North,Burglary - Other,2019,Q1,37,59464,0.62222521189291,
Inner North,Burglary - Other,2019,Q2,38,59464,0.6390421095116373,
Inner North,Burglary - Other,2019,Q3,44,59464,0.739943495224001,
Inner North,Burglary - Other,2019,Q4,47,59464,0.790394188080183,
Inner North,Burglary - Other,2020,Q1,48,60845,0.7888898019557893,
Inner North,Burglary - Other,2020,Q2,25,60845,0.4108801051853069,
Inner North,Burglary - Other,2020,Q3,26,60845,0.4273153093927192,
Inner North,Burglary - Other,2020,Q4,31,60845,0.5094913304297806,
Inner North,Burglary - Other,2021,Q1,35,61455,0.5695224147750386,
Inner North,Burglary - Other,2021,Q2,56,61455,0.9112358636400618,
Inner North,Burglary - Other,2021,Q3,62,61455,1.008868277601497,
Inner North,Burglary - Other,2021,Q4,33,61455,0.5369782767878936,
Inner North,Burglary - Other,2022,Q1,30,63742,0.4706472969156914,
Inner North,Burglary - Other,2022,Q2,43,63742,0.674594458912491,
Inner North,Burglary - Other,2022,Q3,24,63742,0.3765178375325531,
Inner North,Burglary - Other,2022,Q4,37,63742,0.5804649995293527,
Inner North,Burglary - Other,2023,Q1,39,65920,0.591626213592233,
Inner North,Burglary - Other,2023,Q2,39,65920,0.591626213592233,
Inner North,Burglary - Other,2023,Q3,45,65920,0.6826456310679612,
Inner North,Burglary - Other,2023,Q4,36,65920,0.5461165048543689,
Inner North,Burglary - Other,2024,Q1,50,67309,0.742842710484482,
Inner North,Burglary - Other,2024,Q2,48,67309,0.7131290020651028,
Inner North,Burglary - Other,2024,Q3,49,67309,0.7279858562747924,
Inner North,Burglary - Other,2024,Q4,77,67309,1.1439777741461024,
Inner North,Burglary - Other,2025,Q1,112,68221,1.6417232230544847,
Inner North,Burglary - Other,2025,Q2,57,68221,0.8355198545902288,
Inner North,Burglary - Shops,2014,Q1,8,52833,0.1514205136940927,
Inner North,Burglary - Shops,2014,Q2,11,52833,0.2082032063293774,
Inner North,Burglary - Shops,2014,Q3,5,52833,0.0946378210588079,
Inner North,Burglary - Shops,2014,Q4,15,52833,0.2839134631764238,
Inner North,Burglary - Shops,2015,Q1,5,53534,0.0933985878133522,
Inner North,Burglary - Shops,2015,Q2,13,53534,0.2428363283147158,
Inner North,Burglary - Shops,2015,Q3,11,53534,0.2054768931893749,
Inner North,Burglary - Shops,2015,Q4,21,53534,0.3922740688160795,
Inner North,Burglary - Shops,2016,Q1,11,54528,0.201731220657277,
Inner North,Burglary - Shops,2016,Q2,8,54528,0.1467136150234742,
Inner North,Burglary - Shops,2016,Q3,12,54528,0.2200704225352112,
Inner North,Burglary - Shops,2016,Q4,3,54528,0.0550176056338028,
Inner North,Burglary - Shops,2017,Q1,18,56374,0.3192961294213644,
Inner North,Burglary - Shops,2017,Q2,6,56374,0.1064320431404548,
Inner North,Burglary - Shops,2017,Q3,14,56374,0.2483414339943945,
Inner North,Burglary - Shops,2017,Q4,6,56374,0.1064320431404548,
Inner North,Burglary - Shops,2018,Q1,11,57892,0.1900089822427969,
Inner North,Burglary - Shops,2018,Q2,7,57892,0.1209148068817798,
Inner North,Burglary - Shops,2018,Q3,12,57892,0.2072825260830512,
Inner North,Burglary - Shops,2018,Q4,8,57892,0.1381883507220341,
Inner North,Burglary - Shops,2019,Q1,30,59464,0.5045069285618189,
Inner North,Burglary - Shops,2019,Q2,16,59464,0.2690703618996367,
Inner North,Burglary - Shops,2019,Q3,23,59464,0.3867886452307278,
Inner North,Burglary - Shops,2019,Q4,22,59464,0.3699717476120005,
Inner North,Burglary - Shops,2020,Q1,23,60845,0.3780096967704824,
Inner North,Burglary - Shops,2020,Q2,13,60845,0.2136576546963596,
Inner North,Burglary - Shops,2020,Q3,9,60845,0.1479168378667105,
Inner North,Burglary - Shops,2020,Q4,21,60845,0.3451392883556578,
Inner North,Burglary - Shops,2021,Q1,24,61455,0.3905296558457408,
Inner North,Burglary - Shops,2021,Q2,25,61455,0.4068017248393133,
Inner North,Burglary - Shops,2021,Q3,49,61455,0.7973313806850542,
Inner North,Burglary - Shops,2021,Q4,25,61455,0.4068017248393133,
Inner North,Burglary - Shops,2022,Q1,29,63742,0.4549590536851683,
Inner North,Burglary - Shops,2022,Q2,30,63742,0.4706472969156914,
Inner North,Burglary - Shops,2022,Q3,36,63742,0.5647767562988297,
Inner North,Burglary - Shops,2022,Q4,24,63742,0.3765178375325531,
Inner North,Burglary - Shops,2023,Q1,16,65920,0.2427184466019417,
Inner North,Burglary - Shops,2023,Q2,5,65920,0.0758495145631067,
Inner North,Burglary - Shops,2023,Q3,17,65920,0.2578883495145631,
Inner North,Burglary - Shops,2023,Q4,14,65920,0.212378640776699,
Inner North,Burglary - Shops,2024,Q1,24,67309,0.3565645010325514,
Inner North,Burglary - Shops,2024,Q2,15,67309,0.2228528131453446,
Inner North,Burglary - Shops,2024,Q3,11,67309,0.163425396306586,
Inner North,Burglary - Shops,2024,Q4,17,67309,0.2525665215647238,
Inner North,Burglary - Shops,2025,Q1,7,68221,0.1026077014409053,
Inner North,Burglary - Shops,2025,Q2,14,68221,0.2052154028818106,
Inner North,CINs,2014,Q1,64,52833,1.2113641095527417,
Inner North,CINs,2014,Q2,84,52833,1.5899153937879735,
Inner North,CINs,2014,Q3,79,52833,1.4952775727291656,
Inner North,CINs,2014,Q4,88,52833,1.6656256506350198,
Inner North,CINs,2015,Q1,39,53534,0.7285089849441476,
Inner North,CINs,2015,Q2,73,53534,1.3636193820749432,
Inner North,CINs,2015,Q3,61,53534,1.1394627713228975,
Inner North,CINs,2015,Q4,72,53534,1.3449396645122726,
Inner North,CINs,2016,Q1,132,54528,2.420774647887324,
Inner North,CINs,2016,Q2,63,54528,1.1553697183098592,
Inner North,CINs,2016,Q3,69,54528,1.2654049295774648,
Inner North,CINs,2016,Q4,36,54528,0.6602112676056339,
Inner North,CINs,2017,Q1,49,56374,0.869195018980381,
Inner North,CINs,2017,Q2,40,56374,0.7095469542696987,
Inner North,CINs,2017,Q3,59,56374,1.0465817575478056,
Inner North,CINs,2017,Q4,40,56374,0.7095469542696987,
Inner North,CINs,2018,Q1,30,57892,0.5182063152076279,
Inner North,CINs,2018,Q2,0,57892,0.0,
Inner North,CINs,2018,Q3,13,57892,0.2245560699233054,
Inner North,CINs,2018,Q4,10,57892,0.1727354384025426,
Inner North,CINs,2019,Q1,18,59464,0.3027041571370913,
Inner North,CINs,2019,Q2,18,59464,0.3027041571370913,
Inner North,CINs,2019,Q3,13,59464,0.2186196690434548,
Inner North,CINs,2019,Q4,14,59464,0.2354365666621821,
Inner North,CINs,2020,Q1,7,60845,0.1150464294518859,
Inner North,CINs,2020,Q2,2,60845,0.0328704084148245,
Inner North,CINs,2020,Q3,6,60845,0.0986112252444736,
Inner North,CINs,2020,Q4,5,60845,0.0821760210370613,
Inner North,CINs,2021,Q1,5,61455,0.0813603449678626,
Inner North,CINs,2021,Q2,4,61455,0.0650882759742901,
Inner North,CINs,2021,Q3,28,61455,0.4556179318200309,
Inner North,CINs,2021,Q4,1,61455,0.0162720689935725,
Inner North,CINs,2022,Q1,1,63742,0.015688243230523,
Inner North,CINs,2022,Q2,4,63742,0.0627529729220921,
Inner North,CINs,2022,Q3,9,63742,0.1411941890747074,
Inner North,CINs,2022,Q4,9,63742,0.1411941890747074,
Inner North,CINs,2023,Q1,2,65920,0.0303398058252427,
Inner North,CINs,2023,Q2,22,65920,0.3337378640776699,
Inner North,CINs,2023,Q3,8,65920,0.1213592233009708,
Inner North,CINs,2023,Q4,6,65920,0.0910194174757281,
Inner North,CINs,2024,Q1,8,67309,0.1188548336775171,
Inner North,CINs,2024,Q2,1,67309,0.0148568542096896,
Inner North,CINs,2024,Q3,0,67309,0.0,
Inner North,CINs,2024,Q4,4,67309,0.0594274168387585,
Inner North,CINs,2025,Q1,2,68221,0.0293164861259729,
Inner North,CINs,2025,Q2,3,68221,0.0439747291889594,
Inner North,Family Violence,2014,Q1,34,52833,0.6435371831998941,
Inner North,Family Violence,2014,Q2,35,52833,0.6624647474116556,
Inner North,Family Violence,2014,Q3,25,52833,0.4731891052940397,
Inner North,Family Violence,2014,Q4,37,52833,0.7003198758351787,
Inner North,Family Violence,2015,Q1,25,53534,0.4669929390667613,
Inner North,Family Violence,2015,Q2,17,53534,0.3175551985653977,
Inner North,Family Violence,2015,Q3,33,53534,0.6164306795681249,
Inner North,Family Violence,2015,Q4,38,53534,0.7098292673814772,
Inner North,Family Violence,2016,Q1,31,54528,0.5685152582159625,
Inner North,Family Violence,2016,Q2,38,54528,0.6968896713615024,
Inner North,Family Violence,2016,Q3,22,54528,0.403462441314554,
Inner North,Family Violence,2016,Q4,42,54528,0.7702464788732395,
Inner North,Family Violence,2017,Q1,38,56374,0.6740696065562138,
Inner North,Family Violence,2017,Q2,28,56374,0.4966828679887891,
Inner North,Family Violence,2017,Q3,40,56374,0.7095469542696987,
Inner North,Family Violence,2017,Q4,34,56374,0.603114911129244,
Inner North,Family Violence,2018,Q1,38,57892,0.6563946659296621,
Inner North,Family Violence,2018,Q2,22,57892,0.3800179644855938,
Inner North,Family Violence,2018,Q3,32,57892,0.5527534028881365,
Inner North,Family Violence,2018,Q4,43,57892,0.7427623851309334,
Inner North,Family Violence,2019,Q1,44,59464,0.739943495224001,
Inner North,Family Violence,2019,Q2,29,59464,0.4876900309430916,
Inner North,Family Violence,2019,Q3,40,59464,0.6726759047490919,
Inner North,Family Violence,2019,Q4,31,59464,0.5213238261805462,
Inner North,Family Violence,2020,Q1,42,60845,0.6902785767113157,
Inner North,Family Violence,2020,Q2,31,60845,0.5094913304297806,
Inner North,Family Violence,2020,Q3,22,60845,0.3615744925630701,
Inner North,Family Violence,2020,Q4,43,60845,0.7067137809187279,
Inner North,Family Violence,2021,Q1,18,61455,0.2928972418843056,
Inner North,Family Violence,2021,Q2,30,61455,0.4881620698071759,
Inner North,Family Violence,2021,Q3,38,61455,0.6183386217557563,
Inner North,Family Violence,2021,Q4,30,61455,0.4881620698071759,
Inner North,Family Violence,2022,Q1,55,63742,0.8628533776787676,
Inner North,Family Violence,2022,Q2,53,63742,0.8314768912177215,
Inner North,Family Violence,2022,Q3,33,63742,0.5177120266072606,
Inner North,Family Violence,2022,Q4,68,63742,1.066800539675567,
Inner North,Family Violence,2023,Q1,34,65920,0.5157766990291262,
Inner North,Family Violence,2023,Q2,40,65920,0.6067961165048543,
Inner North,Family Violence,2023,Q3,44,65920,0.6674757281553398,
Inner North,Family Violence,2023,Q4,34,65920,0.5157766990291262,
Inner North,Family Violence,2024,Q1,41,67309,0.6091310225972753,
Inner North,Family Violence,2024,Q2,46,67309,0.6834152936457235,
Inner North,Family Violence,2024,Q3,38,67309,0.5645604599682064,
Inner North,Family Violence,2024,Q4,53,67309,0.7874132731135509,
Inner North,Family Violence,2025,Q1,43,68221,0.6303044517084182,
Inner North,Family Violence,2025,Q2,46,68221,0.6742791808973776,
Inner North,Homicide,2014,Q1,0,52833,0.0,
Inner North,Homicide,2014,Q2,0,52833,0.0,
Inner North,Homicide,2014,Q3,0,52833,0.0,
Inner North,Homicide,2014,Q4,0,52833,0.0,
Inner North,Homicide,2015,Q1,0,53534,0.0,
Inner North,Homicide,2015,Q2,0,53534,0.0,
Inner North,Homicide,2015,Q3,0,53534,0.0,
Inner North,Homicide,2015,Q4,0,53534,0.0,
Inner North,Homicide,2016,Q1,0,54528,0.0,
Inner North,Homicide,2016,Q2,0,54528,0.0,
Inner North,Homicide,2016,Q3,0,54528,0.0,
Inner North,Homicide,2016,Q4,1,54528,0.0183392018779342,
Inner North,Homicide,2017,Q1,0,56374,0.0,
Inner North,Homicide,2017,Q2,0,56374,0.0,
Inner North,Homicide,2017,Q3,4,56374,0.0709546954269698,
Inner North,Homicide,2017,Q4,0,56374,0.0,
Inner North,Homicide,2018,Q1,0,57892,0.0,
Inner North,Homicide,2018,Q2,0,57892,0.0,
Inner North,Homicide,2018,Q3,0,57892,0.0,
Inner North,Homicide,2018,Q4,0,57892,0.0,
Inner North,Homicide,2019,Q1,0,59464,0.0,
Inner North,Homicide,2019,Q2,0,59464,0.0,
Inner North,Homicide,2019,Q3,0,59464,0.0,
Inner North,Homicide,2019,Q4,0,59464,0.0,
Inner North,Homicide,2020,Q1,0,60845,0.0,
Inner North,Homicide,2020,Q2,0,60845,0.0,
Inner North,Homicide,2020,Q3,2,60845,0.0328704084148245,
Inner North,Homicide,2020,Q4,0,60845,0.0,
Inner North,Homicide,2021,Q1,0,61455,0.0,
Inner North,Homicide,2021,Q2,0,61455,0.0,
Inner North,Homicide,2021,Q3,0,61455,0.0,
Inner North,Homicide,2021,Q4,1,61455,0.0162720689935725,
Inner North,Homicide,2022,Q1,0,63742,0.0,
Inner North,Homicide,2022,Q2,0,63742,0.0,
Inner North,Homicide,2022,Q3,1,63742,0.015688243230523,
Inner North,Homicide,2022,Q4,0,63742,0.0,
Inner North,Homicide,2023,Q1,0,65920,0.0,
Inner North,Homicide,2023,Q2,0,65920,0.0,
Inner North,Homicide,2023,Q3,2,65920,0.0303398058252427,
Inner North,Homicide,2023,Q4,0,65920,0.0,
Inner North,Homicide,2024,Q1,1,67309,0.0148568542096896,
Inner North,Homicide,2024,Q2,0,67309,0.0,
Inner North,Homicide,2024,Q3,0,67309,0.0,
Inner North,Homicide,2024,Q4,0,67309,0.0,
Inner North,Homicide,2025,Q1,2,68221,0.0293164861259729,
Inner North,Homicide,2025,Q2,0,68221,0.0,
Inner North,Other,2014,Q1,917,52833,17.356576382185377,
Inner North,Other,2014,Q2,537,52833,10.164101981715971,
Inner North,Other,2014,Q3,659,52833,12.473264815550888,
Inner North,Other,2014,Q4,625,52833,11.829727632350991,
Inner North,Other,2015,Q1,687,53534,12.8329659655546,
Inner North,Other,2015,Q2,600,53534,11.207830537602272,
Inner North,Other,2015,Q3,535,53534,9.993648896028692,
Inner North,Other,2015,Q4,537,53534,10.031008331154034,
Inner North,Other,2016,Q1,640,54528,11.737089201877934,
Inner North,Other,2016,Q2,592,54528,10.85680751173709,
Inner North,Other,2016,Q3,641,54528,11.755428403755868,
Inner North,Other,2016,Q4,646,54528,11.84712441314554,
Inner North,Other,2017,Q1,681,56374,12.08003689644162,
Inner North,Other,2017,Q2,677,56374,12.009082201014651,
Inner North,Other,2017,Q3,767,56374,13.605562848121474,
Inner North,Other,2017,Q4,730,56374,12.949231915422002,
Inner North,Other,2018,Q1,614,57892,10.60595591791612,
Inner North,Other,2018,Q2,703,57892,12.143301319698748,
Inner North,Other,2018,Q3,634,57892,10.951426794721204,
Inner North,Other,2018,Q4,710,57892,12.264216126580529,
Inner North,Other,2019,Q1,676,59464,11.368222790259653,
Inner North,Other,2019,Q2,659,59464,11.08233553074129,
Inner North,Other,2019,Q3,630,59464,10.594645499798196,
Inner North,Other,2019,Q4,684,59464,11.502757971209473,
Inner North,Other,2020,Q1,678,60845,11.143068452625524,
Inner North,Other,2020,Q2,594,60845,9.762511299202894,
Inner North,Other,2020,Q3,638,60845,10.485660284329033,
Inner North,Other,2020,Q4,689,60845,11.323855698907058,
Inner North,Other,2021,Q1,610,61455,9.925962086079243,
Inner North,Other,2021,Q2,557,61455,9.0635424294199,
Inner North,Other,2021,Q3,534,61455,8.689284842567734,
Inner North,Other,2021,Q4,466,61455,7.582784151004801,
Inner North,Other,2022,Q1,497,63742,7.797056885569954,
Inner North,Other,2022,Q2,529,63742,8.299080668946692,
Inner North,Other,2022,Q3,528,63742,8.283392425716169,
Inner North,Other,2022,Q4,520,63742,8.157886479871983,
Inner North,Other,2023,Q1,613,65920,9.299150485436892,
Inner North,Other,2023,Q2,598,65920,9.071601941747572,
Inner North,Other,2023,Q3,524,65920,7.949029126213592,
Inner North,Other,2023,Q4,566,65920,8.58616504854369,
Inner North,Other,2024,Q1,521,67309,7.740421043248303,
Inner North,Other,2024,Q2,384,67309,5.705032016520822,
Inner North,Other,2024,Q3,478,67309,7.101576312231648,
Inner North,Other,2024,Q4,503,67309,7.472997667473889,
Inner North,Other,2025,Q1,529,68221,7.754210580319842,
Inner North,Other,2025,Q2,471,68221,6.904032482666628,
Inner North,Other - Against A Person,2014,Q1,0,52833,0.0,
Inner North,Other - Against A Person,2014,Q2,5,52833,0.0946378210588079,
Inner North,Other - Against A Person,2014,Q3,6,52833,0.1135653852705695,
Inner North,Other - Against A Person,2014,Q4,1,52833,0.0189275642117615,
Inner North,Other - Against A Person,2015,Q1,9,53534,0.168117458064034,
Inner North,Other - Against A Person,2015,Q2,4,53534,0.0747188702506818,
Inner North,Other - Against A Person,2015,Q3,6,53534,0.1120783053760227,
Inner North,Other - Against A Person,2015,Q4,4,53534,0.0747188702506818,
Inner North,Other - Against A Person,2016,Q1,17,54528,0.3117664319248826,
Inner North,Other - Against A Person,2016,Q2,7,54528,0.1283744131455399,
Inner North,Other - Against A Person,2016,Q3,6,54528,0.1100352112676056,
Inner North,Other - Against A Person,2016,Q4,8,54528,0.1467136150234742,
Inner North,Other - Against A Person,2017,Q1,20,56374,0.3547734771348493,
Inner North,Other - Against A Person,2017,Q2,18,56374,0.3192961294213644,
Inner North,Other - Against A Person,2017,Q3,5,56374,0.0886933692837123,
Inner North,Other - Against A Person,2017,Q4,8,56374,0.1419093908539397,
Inner North,Other - Against A Person,2018,Q1,10,57892,0.1727354384025426,
Inner North,Other - Against A Person,2018,Q2,6,57892,0.1036412630415256,
Inner North,Other - Against A Person,2018,Q3,5,57892,0.0863677192012713,
Inner North,Other - Against A Person,2018,Q4,12,57892,0.2072825260830512,
Inner North,Other - Against A Person,2019,Q1,15,59464,0.2522534642809094,
Inner North,Other - Against A Person,2019,Q2,5,59464,0.0840844880936364,
Inner North,Other - Against A Person,2019,Q3,9,59464,0.1513520785685456,
Inner North,Other - Against A Person,2019,Q4,11,59464,0.1849858738060002,
Inner North,Other - Against A Person,2020,Q1,6,60845,0.0986112252444736,
Inner North,Other - Against A Person,2020,Q2,9,60845,0.1479168378667105,
Inner North,Other - Against A Person,2020,Q3,12,60845,0.1972224504889473,
Inner North,Other - Against A Person,2020,Q4,6,60845,0.0986112252444736,
Inner North,Other - Against A Person,2021,Q1,12,61455,0.1952648279228704,
Inner North,Other - Against A Person,2021,Q2,9,61455,0.1464486209421528,
Inner North,Other - Against A Person,2021,Q3,10,61455,0.1627206899357253,
Inner North,Other - Against A Person,2021,Q4,6,61455,0.0976324139614352,
Inner North,Other - Against A Person,2022,Q1,7,63742,0.1098177026136613,
Inner North,Other - Against A Person,2022,Q2,15,63742,0.2353236484578457,
Inner North,Other - Against A Person,2022,Q3,11,63742,0.1725706755357535,
Inner North,Other - Against A Person,2022,Q4,21,63742,0.3294531078409839,
Inner North,Other - Against A Person,2023,Q1,12,65920,0.1820388349514563,
Inner North,Other - Against A Person,2023,Q2,24,65920,0.3640776699029126,
Inner North,Other - Against A Person,2023,Q3,12,65920,0.1820388349514563,
Inner North,Other - Against A Person,2023,Q4,24,65920,0.3640776699029126,
Inner North,Other - Against A Person,2024,Q1,14,67309,0.2079959589356549,
Inner North,Other - Against A Person,2024,Q2,12,67309,0.1782822505162757,
Inner North,Other - Against A Person,2024,Q3,10,67309,0.1485685420968964,
Inner North,Other - Against A Person,2024,Q4,13,67309,0.1931391047259653,
Inner North,Other - Against A Person,2025,Q1,12,68221,0.1758989167558376,
Inner North,Other - Against A Person,2025,Q2,13,68221,0.1905571598188241,
Inner North,Property Damage,2014,Q1,168,52833,3.179830787575947,
Inner North,Property Damage,2014,Q2,203,52833,3.842295534987602,
Inner North,Property Damage,2014,Q3,231,52833,4.372267332916927,
Inner North,Property Damage,2014,Q4,195,52833,3.6908750212935098,
Inner North,Property Damage,2015,Q1,233,53534,4.352374192102215,
Inner North,Property Damage,2015,Q2,268,53534,5.006164306795681,
Inner North,Property Damage,2015,Q3,209,53534,3.904060970598125,
Inner North,Property Damage,2015,Q4,338,53534,6.313744536182613,
Inner North,Property Damage,2016,Q1,181,54528,3.3193955399061035,
Inner North,Property Damage,2016,Q2,222,54528,4.071302816901409,
Inner North,Property Damage,2016,Q3,197,54528,3.612822769953052,
Inner North,Property Damage,2016,Q4,209,54528,3.832893192488263,
Inner North,Property Damage,2017,Q1,302,56374,5.357079504736226,
Inner North,Property Damage,2017,Q2,258,56374,4.576577855039557,
Inner North,Property Damage,2017,Q3,206,56374,3.6541668144889488,
Inner North,Property Damage,2017,Q4,189,56374,3.352609358924327,
Inner North,Property Damage,2018,Q1,215,57892,3.7138119256546673,
Inner North,Property Damage,2018,Q2,195,57892,3.3683410488495817,
Inner North,Property Damage,2018,Q3,229,57892,3.955641539418227,
Inner North,Property Damage,2018,Q4,226,57892,3.903820907897464,
Inner North,Property Damage,2019,Q1,259,59464,4.3555764832503705,
Inner North,Property Damage,2019,Q2,256,59464,4.305125790394188,
Inner North,Property Damage,2019,Q3,199,59464,3.3465626261267323,
Inner North,Property Damage,2019,Q4,204,59464,3.4306471142203687,
Inner North,Property Damage,2020,Q1,199,60845,3.270605637275043,
Inner North,Property Damage,2020,Q2,139,60845,2.2844933848303066,
Inner North,Property Damage,2020,Q3,202,60845,3.31991124989728,
Inner North,Property Damage,2020,Q4,234,60845,3.845837784534473,
Inner North,Property Damage,2021,Q1,162,61455,2.6360751769587503,
Inner North,Property Damage,2021,Q2,229,61455,3.72630379952811,
Inner North,Property Damage,2021,Q3,209,61455,3.40086241965666,
Inner North,Property Damage,2021,Q4,174,61455,2.831340004881621,
Inner North,Property Damage,2022,Q1,172,63742,2.698377835649964,
Inner North,Property Damage,2022,Q2,203,63742,3.1847133757961785,
Inner North,Property Damage,2022,Q3,194,63742,3.043519186721471,
Inner North,Property Damage,2022,Q4,173,63742,2.714066078880487,
Inner North,Property Damage,2023,Q1,188,65920,2.851941747572816,
Inner North,Property Damage,2023,Q2,196,65920,2.9733009708737863,
Inner North,Property Damage,2023,Q3,143,65920,2.1692961165048543,
Inner North,Property Damage,2023,Q4,192,65920,2.912621359223301,
Inner North,Property Damage,2024,Q1,176,67309,2.614806340905377,
Inner North,Property Damage,2024,Q2,154,67309,2.2879555482922047,
Inner North,Property Damage,2024,Q3,184,67309,2.733661174582894,
Inner North,Property Damage,2024,Q4,226,67309,3.357649051389859,
Inner North,Property Damage,2025,Q1,229,68221,3.3567376614239017,
Inner North,Property Damage,2025,Q2,141,68221,2.0668122718810924,
Inner North,Robbery - Armed,2014,Q1,6,52833,0.1135653852705695,
Inner North,Robbery - Armed,2014,Q2,5,52833,0.0946378210588079,
Inner North,Robbery - Armed,2014,Q3,5,52833,0.0946378210588079,
Inner North,Robbery - Armed,2014,Q4,4,52833,0.0757102568470463,
Inner North,Robbery - Armed,2015,Q1,4,53534,0.0747188702506818,
Inner North,Robbery - Armed,2015,Q2,15,53534,0.2801957634400568,
Inner North,Robbery - Armed,2015,Q3,2,53534,0.0373594351253409,
Inner North,Robbery - Armed,2015,Q4,13,53534,0.2428363283147158,
Inner North,Robbery - Armed,2016,Q1,4,54528,0.0733568075117371,
Inner North,Robbery - Armed,2016,Q2,8,54528,0.1467136150234742,
Inner North,Robbery - Armed,2016,Q3,7,54528,0.1283744131455399,
Inner North,Robbery - Armed,2016,Q4,7,54528,0.1283744131455399,
Inner North,Robbery - Armed,2017,Q1,2,56374,0.0354773477134849,
Inner North,Robbery - Armed,2017,Q2,2,56374,0.0354773477134849,
Inner North,Robbery - Armed,2017,Q3,3,56374,0.0532160215702274,
Inner North,Robbery - Armed,2017,Q4,3,56374,0.0532160215702274,
Inner North,Robbery - Armed,2018,Q1,8,57892,0.1381883507220341,
Inner North,Robbery - Armed,2018,Q2,7,57892,0.1209148068817798,
Inner North,Robbery - Armed,2018,Q3,4,57892,0.069094175361017,
Inner North,Robbery - Armed,2018,Q4,4,57892,0.069094175361017,
Inner North,Robbery - Armed,2019,Q1,9,59464,0.1513520785685456,
Inner North,Robbery - Armed,2019,Q2,4,59464,0.0672675904749091,
Inner North,Robbery - Armed,2019,Q3,12,59464,0.2018027714247275,
Inner North,Robbery - Armed,2019,Q4,4,59464,0.0672675904749091,
Inner North,Robbery - Armed,2020,Q1,9,60845,0.1479168378667105,
Inner North,Robbery - Armed,2020,Q2,2,60845,0.0328704084148245,
Inner North,Robbery - Armed,2020,Q3,4,60845,0.0657408168296491,
Inner North,Robbery - Armed,2020,Q4,2,60845,0.0328704084148245,
Inner North,Robbery - Armed,2021,Q1,2,61455,0.032544137987145,
Inner North,Robbery - Armed,2021,Q2,0,61455,0.0,
Inner North,Robbery - Armed,2021,Q3,8,61455,0.1301765519485802,
Inner North,Robbery - Armed,2021,Q4,8,61455,0.1301765519485802,
Inner North,Robbery - Armed,2022,Q1,6,63742,0.0941294593831382,
Inner North,Robbery - Armed,2022,Q2,2,63742,0.031376486461046,
Inner North,Robbery - Armed,2022,Q3,14,63742,0.2196354052273226,
Inner North,Robbery - Armed,2022,Q4,2,63742,0.031376486461046,
Inner North,Robbery - Armed,2023,Q1,7,65920,0.1061893203883495,
Inner North,Robbery - Armed,2023,Q2,4,65920,0.0606796116504854,
Inner North,Robbery - Armed,2023,Q3,4,65920,0.0606796116504854,
Inner North,Robbery - Armed,2023,Q4,4,65920,0.0606796116504854,
Inner North,Robbery - Armed,2024,Q1,2,67309,0.0297137084193792,
Inner North,Robbery - Armed,2024,Q2,8,67309,0.1188548336775171,
Inner North,Robbery - Armed,2024,Q3,6,67309,0.0891411252581378,
Inner North,Robbery - Armed,2024,Q4,7,67309,0.1039979794678274,
Inner North,Robbery - Armed,2025,Q1,6,68221,0.0879494583779188,
Inner North,Robbery - Armed,2025,Q2,4,68221,0.0586329722519458,
Inner North,Robbery - Other,2014,Q1,8,52833,0.1514205136940927,
Inner North,Robbery - Other,2014,Q2,4,52833,0.0757102568470463,
Inner North,Robbery - Other,2014,Q3,4,52833,0.0757102568470463,
Inner North,Robbery - Other,2014,Q4,8,52833,0.1514205136940927,
Inner North,Robbery - Other,2015,Q1,8,53534,0.1494377405013636,
Inner North,Robbery - Other,2015,Q2,2,53534,0.0373594351253409,
Inner North,Robbery - Other,2015,Q3,8,53534,0.1494377405013636,
Inner North,Robbery - Other,2015,Q4,4,53534,0.0747188702506818,
Inner North,Robbery - Other,2016,Q1,5,54528,0.0916960093896713,
Inner North,Robbery - Other,2016,Q2,8,54528,0.1467136150234742,
Inner North,Robbery - Other,2016,Q3,10,54528,0.1833920187793427,
Inner North,Robbery - Other,2016,Q4,19,54528,0.3484448356807512,
Inner North,Robbery - Other,2017,Q1,7,56374,0.1241707169971972,
Inner North,Robbery - Other,2017,Q2,7,56374,0.1241707169971972,
Inner North,Robbery - Other,2017,Q3,6,56374,0.1064320431404548,
Inner North,Robbery - Other,2017,Q4,7,56374,0.1241707169971972,
Inner North,Robbery - Other,2018,Q1,5,57892,0.0863677192012713,
Inner North,Robbery - Other,2018,Q2,4,57892,0.069094175361017,
Inner North,Robbery - Other,2018,Q3,9,57892,0.1554618945622884,
Inner North,Robbery - Other,2018,Q4,8,57892,0.1381883507220341,
Inner North,Robbery - Other,2019,Q1,11,59464,0.1849858738060002,
Inner North,Robbery - Other,2019,Q2,6,59464,0.1009013857123637,
Inner North,Robbery - Other,2019,Q3,10,59464,0.1681689761872729,
Inner North,Robbery - Other,2019,Q4,10,59464,0.1681689761872729,
Inner North,Robbery - Other,2020,Q1,15,60845,0.2465280631111841,
Inner North,Robbery - Other,2020,Q2,5,60845,0.0821760210370613,
Inner North,Robbery - Other,2020,Q3,6,60845,0.0986112252444736,
Inner North,Robbery - Other,2020,Q4,14,60845,0.2300928589037718,
Inner North,Robbery - Other,2021,Q1,4,61455,0.0650882759742901,
Inner North,Robbery - Other,2021,Q2,5,61455,0.0813603449678626,
Inner North,Robbery - Other,2021,Q3,11,61455,0.1789927589292978,
Inner North,Robbery - Other,2021,Q4,2,61455,0.032544137987145,
Inner North,Robbery - Other,2022,Q1,6,63742,0.0941294593831382,
Inner North,Robbery - Other,2022,Q2,9,63742,0.1411941890747074,
Inner North,Robbery - Other,2022,Q3,10,63742,0.1568824323052304,
Inner North,Robbery - Other,2022,Q4,10,63742,0.1568824323052304,
Inner North,Robbery - Other,2023,Q1,12,65920,0.1820388349514563,
Inner North,Robbery - Other,2023,Q2,7,65920,0.1061893203883495,
Inner North,Robbery - Other,2023,Q3,9,65920,0.1365291262135922,
Inner North,Robbery - Other,2023,Q4,8,65920,0.1213592233009708,
Inner North,Robbery - Other,2024,Q1,8,67309,0.1188548336775171,
Inner North,Robbery - Other,2024,Q2,8,67309,0.1188548336775171,
Inner North,Robbery - Other,2024,Q3,4,67309,0.0594274168387585,
Inner North,Robbery - Other,2024,Q4,10,67309,0.1485685420968964,
Inner North,Robbery - Other,2025,Q1,3,68221,0.0439747291889594,
Inner North,Robbery - Other,2025,Q2,6,68221,0.0879494583779188,
Inner North,Sexual Assault,2014,Q1,20,52833,0.3785512842352317,
Inner North,Sexual Assault,2014,Q2,17,52833,0.321768591599947,
Inner North,Sexual Assault,2014,Q3,16,52833,0.3028410273881854,
Inner North,Sexual Assault,2014,Q4,17,52833,0.321768591599947,
Inner North,Sexual Assault,2015,Q1,19,53534,0.3549146336907386,
Inner North,Sexual Assault,2015,Q2,15,53534,0.2801957634400568,
Inner North,Sexual Assault,2015,Q3,16,53534,0.2988754810027272,
Inner North,Sexual Assault,2015,Q4,12,53534,0.2241566107520454,
Inner North,Sexual Assault,2016,Q1,34,54528,0.6235328638497653,
Inner North,Sexual Assault,2016,Q2,24,54528,0.4401408450704225,
Inner North,Sexual Assault,2016,Q3,22,54528,0.403462441314554,
Inner North,Sexual Assault,2016,Q4,22,54528,0.403462441314554,
Inner North,Sexual Assault,2017,Q1,39,56374,0.6918082804129563,
Inner North,Sexual Assault,2017,Q2,41,56374,0.7272856281264413,
Inner North,Sexual Assault,2017,Q3,44,56374,0.7805016496966687,
Inner North,Sexual Assault,2017,Q4,22,56374,0.3902508248483343,
Inner North,Sexual Assault,2018,Q1,25,57892,0.4318385960063566,
Inner North,Sexual Assault,2018,Q2,28,57892,0.4836592275271194,
Inner North,Sexual Assault,2018,Q3,29,57892,0.5009327713673737,
Inner North,Sexual Assault,2018,Q4,23,57892,0.3972915083258481,
Inner North,Sexual Assault,2019,Q1,65,59464,1.0930983452172744,
Inner North,Sexual Assault,2019,Q2,16,59464,0.2690703618996367,
Inner North,Sexual Assault,2019,Q3,26,59464,0.4372393380869097,
Inner North,Sexual Assault,2019,Q4,27,59464,0.454056235705637,
Inner North,Sexual Assault,2020,Q1,28,60845,0.4601857178075437,
Inner North,Sexual Assault,2020,Q2,23,60845,0.3780096967704824,
Inner North,Sexual Assault,2020,Q3,21,60845,0.3451392883556578,
Inner North,Sexual Assault,2020,Q4,20,60845,0.3287040841482455,
Inner North,Sexual Assault,2021,Q1,33,61455,0.5369782767878936,
Inner North,Sexual Assault,2021,Q2,28,61455,0.4556179318200309,
Inner North,Sexual Assault,2021,Q3,34,61455,0.5532503457814661,
Inner North,Sexual Assault,2021,Q4,43,61455,0.699698966723619,
Inner North,Sexual Assault,2022,Q1,20,63742,0.3137648646104609,
Inner North,Sexual Assault,2022,Q2,34,63742,0.5334002698377835,
Inner North,Sexual Assault,2022,Q3,39,63742,0.6118414859903988,
Inner North,Sexual Assault,2022,Q4,56,63742,0.8785416209092907,
Inner North,Sexual Assault,2023,Q1,40,65920,0.6067961165048543,
Inner North,Sexual Assault,2023,Q2,36,65920,0.5461165048543689,
Inner North,Sexual Assault,2023,Q3,34,65920,0.5157766990291262,
Inner North,Sexual Assault,2023,Q4,39,65920,0.591626213592233,
Inner North,Sexual Assault,2024,Q1,37,67309,0.5497036057585167,
Inner North,Sexual Assault,2024,Q2,32,67309,0.4754193347100685,
Inner North,Sexual Assault,2024,Q3,39,67309,0.579417314177896,
Inner North,Sexual Assault,2024,Q4,42,67309,0.6239878768069649,
Inner North,Sexual Assault,2025,Q1,59,68221,0.8648363407162017,
Inner North,Sexual Assault,2025,Q2,24,68221,0.3517978335116752,
Inner North,TINs - Mobile Use,2014,Q1,35,52833,0.6624647474116556,
Inner North,TINs - Mobile Use,2014,Q2,56,52833,1.059943595858649,
Inner North,TINs - Mobile Use,2014,Q3,68,52833,1.287074366399788,
Inner North,TINs - Mobile Use,2014,Q4,52,52833,0.9842333390116026,
Inner North,TINs - Mobile Use,2015,Q1,50,53534,0.9339858781335226,
Inner North,TINs - Mobile Use,2015,Q2,35,53534,0.6537901146934658,
Inner North,TINs - Mobile Use,2015,Q3,44,53534,0.8219075727574999,
Inner North,TINs - Mobile Use,2015,Q4,39,53534,0.7285089849441476,
Inner North,TINs - Mobile Use,2016,Q1,42,54528,0.7702464788732395,
Inner North,TINs - Mobile Use,2016,Q2,54,54528,0.9903169014084507,
Inner North,TINs - Mobile Use,2016,Q3,116,54528,2.1273474178403755,
Inner North,TINs - Mobile Use,2016,Q4,67,54528,1.2287265258215962,
Inner North,TINs - Mobile Use,2017,Q1,127,56374,2.252811579806293,
Inner North,TINs - Mobile Use,2017,Q2,121,56374,2.146379536665839,
Inner North,TINs - Mobile Use,2017,Q3,70,56374,1.2417071699719728,
Inner North,TINs - Mobile Use,2017,Q4,68,56374,1.206229822258488,
Inner North,TINs - Mobile Use,2018,Q1,130,57892,2.2455606992330543,
Inner North,TINs - Mobile Use,2018,Q2,53,57892,0.915497823533476,
Inner North,TINs - Mobile Use,2018,Q3,134,57892,2.314654874594072,
Inner North,TINs - Mobile Use,2018,Q4,116,57892,2.0037310854694947,
Inner North,TINs - Mobile Use,2019,Q1,97,59464,1.631239069016548,
Inner North,TINs - Mobile Use,2019,Q2,95,59464,1.5976052737790931,
Inner North,TINs - Mobile Use,2019,Q3,61,59464,1.025830754742365,
Inner North,TINs - Mobile Use,2019,Q4,159,59464,2.6738867213776403,
Inner North,TINs - Mobile Use,2020,Q1,112,60845,1.840742871230175,
Inner North,TINs - Mobile Use,2020,Q2,41,60845,0.6738433725039034,
Inner North,TINs - Mobile Use,2020,Q3,13,60845,0.2136576546963596,
Inner North,TINs - Mobile Use,2020,Q4,49,60845,0.8053250061632016,
Inner North,TINs - Mobile Use,2021,Q1,37,61455,0.6020665527621837,
Inner North,TINs - Mobile Use,2021,Q2,56,61455,0.9112358636400618,
Inner North,TINs - Mobile Use,2021,Q3,29,61455,0.4718900008136034,
Inner North,TINs - Mobile Use,2021,Q4,14,61455,0.2278089659100154,
Inner North,TINs - Mobile Use,2022,Q1,26,63742,0.4078943239935992,
Inner North,TINs - Mobile Use,2022,Q2,26,63742,0.4078943239935992,
Inner North,TINs - Mobile Use,2022,Q3,21,63742,0.3294531078409839,
Inner North,TINs - Mobile Use,2022,Q4,16,63742,0.2510118916883687,
Inner North,TINs - Mobile Use,2023,Q1,23,65920,0.3489077669902912,
Inner North,TINs - Mobile Use,2023,Q2,18,65920,0.2730582524271844,
Inner North,TINs - Mobile Use,2023,Q3,13,65920,0.1972087378640776,
Inner North,TINs - Mobile Use,2023,Q4,4,65920,0.0606796116504854,
Inner North,TINs - Mobile Use,2024,Q1,1,67309,0.0148568542096896,
Inner North,TINs - Mobile Use,2024,Q2,0,67309,0.0,
Inner North,TINs - Mobile Use,2024,Q3,0,67309,0.0,
Inner North,TINs - Mobile Use,2024,Q4,0,67309,0.0,
Inner North,TINs - Mobile Use,2025,Q1,0,68221,0.0,
Inner North,TINs - Mobile Use,2025,Q2,0,68221,0.0,
Inner North,TINs - Other,2014,Q1,630,52833,11.9243654534098,
Inner North,TINs - Other,2014,Q2,689,52833,13.041091741903736,
Inner North,TINs - Other,2014,Q3,720,52833,13.627846232468343,
Inner North,TINs - Other,2014,Q4,569,52833,10.769784036492345,
Inner North,TINs - Other,2015,Q1,434,53534,8.106997422198976,
Inner North,TINs - Other,2015,Q2,556,53534,10.385922964844772,
Inner North,TINs - Other,2015,Q3,618,53534,11.54406545373034,
Inner North,TINs - Other,2015,Q4,410,53534,7.658684200694886,
Inner North,TINs - Other,2016,Q1,500,54528,9.169600938967136,
Inner North,TINs - Other,2016,Q2,414,54528,7.592429577464789,
Inner North,TINs - Other,2016,Q3,531,54528,9.738116197183098,
Inner North,TINs - Other,2016,Q4,512,54528,9.389671361502348,
Inner North,TINs - Other,2017,Q1,545,56374,9.667577251924646,
Inner North,TINs - Other,2017,Q2,524,56374,9.295065100933051,
Inner North,TINs - Other,2017,Q3,510,56374,9.04672366693866,
Inner North,TINs - Other,2017,Q4,409,56374,7.25511760740767,
Inner North,TINs - Other,2018,Q1,546,57892,9.43135493677883,
Inner North,TINs - Other,2018,Q2,309,57892,5.337525046638568,
Inner North,TINs - Other,2018,Q3,482,57892,8.325848131002555,
Inner North,TINs - Other,2018,Q4,356,57892,6.149381607130518,
Inner North,TINs - Other,2019,Q1,351,59464,5.902731064173281,
Inner North,TINs - Other,2019,Q2,320,59464,5.381407237992735,
Inner North,TINs - Other,2019,Q3,213,59464,3.5819991927889143,
Inner North,TINs - Other,2019,Q4,352,59464,5.919547961792008,
Inner North,TINs - Other,2020,Q1,405,60845,6.656257704001972,
Inner North,TINs - Other,2020,Q2,284,60845,4.667597994905087,
Inner North,TINs - Other,2020,Q3,260,60845,4.273153093927192,
Inner North,TINs - Other,2020,Q4,258,60845,4.240282685512367,
Inner North,TINs - Other,2021,Q1,192,61455,3.1242372467659263,
Inner North,TINs - Other,2021,Q2,289,61455,4.702627939142462,
Inner North,TINs - Other,2021,Q3,205,61455,3.3357741436823694,
Inner North,TINs - Other,2021,Q4,184,61455,2.994060694817346,
Inner North,TINs - Other,2022,Q1,178,63742,2.7925072950331025,
Inner North,TINs - Other,2022,Q2,165,63742,2.5885601330363026,
Inner North,TINs - Other,2022,Q3,191,63742,2.996454457029902,
Inner North,TINs - Other,2022,Q4,228,63742,3.5769194565592546,
Inner North,TINs - Other,2023,Q1,243,65920,3.6862864077669903,
Inner North,TINs - Other,2023,Q2,415,65920,6.295509708737864,
Inner North,TINs - Other,2023,Q3,281,65920,4.262742718446602,
Inner North,TINs - Other,2023,Q4,213,65920,3.2311893203883493,
Inner North,TINs - Other,2024,Q1,318,67309,4.724479638681306,
Inner North,TINs - Other,2024,Q2,244,67309,3.625072427164272,
Inner North,TINs - Other,2024,Q3,277,67309,4.115348616084031,
Inner North,TINs - Other,2024,Q4,253,67309,3.75878411505148,
Inner North,TINs - Other,2025,Q1,423,68221,6.200436815643276,
Inner North,TINs - Other,2025,Q2,338,68221,4.954486155289427,
Inner North,TINs - Seatbelts,2014,Q1,13,52833,0.2460583347529006,
Inner North,TINs - Seatbelts,2014,Q2,10,52833,0.1892756421176158,
Inner North,TINs - Seatbelts,2014,Q3,18,52833,0.3406961558117086,
Inner North,TINs - Seatbelts,2014,Q4,13,52833,0.2460583347529006,
Inner North,TINs - Seatbelts,2015,Q1,11,53534,0.2054768931893749,
Inner North,TINs - Seatbelts,2015,Q2,7,53534,0.1307580229386931,
Inner North,TINs - Seatbelts,2015,Q3,9,53534,0.168117458064034,
Inner North,TINs - Seatbelts,2015,Q4,7,53534,0.1307580229386931,
Inner North,TINs - Seatbelts,2016,Q1,10,54528,0.1833920187793427,
Inner North,TINs - Seatbelts,2016,Q2,10,54528,0.1833920187793427,
Inner North,TINs - Seatbelts,2016,Q3,13,54528,0.2384096244131455,
Inner North,TINs - Seatbelts,2016,Q4,13,54528,0.2384096244131455,
Inner North,TINs - Seatbelts,2017,Q1,11,56374,0.1951254124241671,
Inner North,TINs - Seatbelts,2017,Q2,14,56374,0.2483414339943945,
Inner North,TINs - Seatbelts,2017,Q3,8,56374,0.1419093908539397,
Inner North,TINs - Seatbelts,2017,Q4,15,56374,0.266080107851137,
Inner North,TINs - Seatbelts,2018,Q1,13,57892,0.2245560699233054,
Inner North,TINs - Seatbelts,2018,Q2,13,57892,0.2245560699233054,
Inner North,TINs - Seatbelts,2018,Q3,9,57892,0.1554618945622884,
Inner North,TINs - Seatbelts,2018,Q4,15,57892,0.2591031576038139,
Inner North,TINs - Seatbelts,2019,Q1,11,59464,0.1849858738060002,
Inner North,TINs - Seatbelts,2019,Q2,15,59464,0.2522534642809094,
Inner North,TINs - Seatbelts,2019,Q3,3,59464,0.0504506928561818,
Inner North,TINs - Seatbelts,2019,Q4,24,59464,0.4036055428494551,
Inner North,TINs - Seatbelts,2020,Q1,20,60845,0.3287040841482455,
Inner North,TINs - Seatbelts,2020,Q2,8,60845,0.1314816336592982,
Inner North,TINs - Seatbelts,2020,Q3,2,60845,0.0328704084148245,
Inner North,TINs - Seatbelts,2020,Q4,2,60845,0.0328704084148245,
Inner North,TINs - Seatbelts,2021,Q1,3,61455,0.0488162069807176,
Inner North,TINs - Seatbelts,2021,Q2,3,61455,0.0488162069807176,
Inner North,TINs - Seatbelts,2021,Q3,1,61455,0.0162720689935725,
Inner North,TINs - Seatbelts,2021,Q4,3,61455,0.0488162069807176,
Inner North,TINs - Seatbelts,2022,Q1,2,63742,0.031376486461046,
Inner North,TINs - Seatbelts,2022,Q2,2,63742,0.031376486461046,
Inner North,TINs - Seatbelts,2022,Q3,0,63742,0.0,
Inner North,TINs - Seatbelts,2022,Q4,1,63742,0.015688243230523,
Inner North,TINs - Seatbelts,2023,Q1,2,65920,0.0303398058252427,
Inner North,TINs - Seatbelts,2023,Q2,1,65920,0.0151699029126213,
Inner North,TINs - Seatbelts,2023,Q3,0,65920,0.0,
Inner North,TINs - Seatbelts,2023,Q4,2,65920,0.0303398058252427,
Inner North,TINs - Seatbelts,2024,Q1,6,67309,0.0891411252581378,
Inner North,TINs - Seatbelts,2024,Q2,1,67309,0.0148568542096896,
Inner North,TINs - Seatbelts,2024,Q3,0,67309,0.0,
Inner North,TINs - Seatbelts,2024,Q4,0,67309,0.0,
Inner North,TINs - Seatbelts,2025,Q1,3,68221,0.0439747291889594,
Inner North,TINs - Seatbelts,2025,Q2,0,68221,0.0,
Inner North,TINs - Speeding,2014,Q1,204,52833,3.861223099199364,
Inner North,TINs - Speeding,2014,Q2,147,52833,2.782351939128953,
Inner North,TINs - Speeding,2014,Q3,194,52833,3.671947457081748,
Inner North,TINs - Speeding,2014,Q4,112,52833,2.119887191717298,
Inner North,TINs - Speeding,2015,Q1,112,53534,2.092128367019091,
Inner North,TINs - Speeding,2015,Q2,77,53534,1.438338252325625,
Inner North,TINs - Speeding,2015,Q3,148,53534,2.764598199275227,
Inner North,TINs - Speeding,2015,Q4,95,53534,1.774573168453693,
Inner North,TINs - Speeding,2016,Q1,117,54528,2.14568661971831,
Inner North,TINs - Speeding,2016,Q2,117,54528,2.14568661971831,
Inner North,TINs - Speeding,2016,Q3,167,54528,3.0626467136150235,
Inner North,TINs - Speeding,2016,Q4,137,54528,2.5124706572769955,
Inner North,TINs - Speeding,2017,Q1,116,56374,2.0576861673821263,
Inner North,TINs - Speeding,2017,Q2,148,56374,2.6253237307978856,
Inner North,TINs - Speeding,2017,Q3,156,56374,2.767233121651825,
Inner North,TINs - Speeding,2017,Q4,228,56374,4.044417639337283,
Inner North,TINs - Speeding,2018,Q1,200,57892,3.4547087680508533,
Inner North,TINs - Speeding,2018,Q2,155,57892,2.677399295239411,
Inner North,TINs - Speeding,2018,Q3,126,57892,2.1764665238720373,
Inner North,TINs - Speeding,2018,Q4,115,57892,1.9864575416292405,
Inner North,TINs - Speeding,2019,Q1,153,59464,2.5729853356652765,
Inner North,TINs - Speeding,2019,Q2,92,59464,1.5471545809229117,
Inner North,TINs - Speeding,2019,Q3,78,59464,1.3117180142607292,
Inner North,TINs - Speeding,2019,Q4,138,59464,2.320731871384367,
Inner North,TINs - Speeding,2020,Q1,153,60845,2.5145862437340782,
Inner North,TINs - Speeding,2020,Q2,184,60845,3.0240775741638592,
Inner North,TINs - Speeding,2020,Q3,104,60845,1.709261237570877,
Inner North,TINs - Speeding,2020,Q4,112,60845,1.840742871230175,
Inner North,TINs - Speeding,2021,Q1,42,61455,0.6834268977300464,
Inner North,TINs - Speeding,2021,Q2,122,61455,1.985192417215849,
Inner North,TINs - Speeding,2021,Q3,56,61455,0.9112358636400618,
Inner North,TINs - Speeding,2021,Q4,90,61455,1.464486209421528,
Inner North,TINs - Speeding,2022,Q1,62,63742,0.9726710802924288,
Inner North,TINs - Speeding,2022,Q2,64,63742,1.004047566753475,
Inner North,TINs - Speeding,2022,Q3,58,63742,0.9099181073703368,
Inner North,TINs - Speeding,2022,Q4,64,63742,1.004047566753475,
Inner North,TINs - Speeding,2023,Q1,56,65920,0.8495145631067961,
Inner North,TINs - Speeding,2023,Q2,50,65920,0.7584951456310679,
Inner North,TINs - Speeding,2023,Q3,62,65920,0.9405339805825242,
Inner North,TINs - Speeding,2023,Q4,58,65920,0.8798543689320388,
Inner North,TINs - Speeding,2024,Q1,78,67309,1.158834628355792,
Inner North,TINs - Speeding,2024,Q2,58,67309,0.8616975441619992,
Inner North,TINs - Speeding,2024,Q3,57,67309,0.8468406899523095,
Inner North,TINs - Speeding,2024,Q4,92,67309,1.366830587291447,
Inner North,TINs - Speeding,2025,Q1,68,68221,0.99676052828308,
Inner North,TINs - Speeding,2025,Q2,62,68221,0.9088110699051613,
Inner North,Theft - Motor Vehicles,2014,Q1,26,52833,0.4921166695058013,
Inner North,Theft - Motor Vehicles,2014,Q2,30,52833,0.5678269263528477,
Inner North,Theft - Motor Vehicles,2014,Q3,35,52833,0.6624647474116556,
Inner North,Theft - Motor Vehicles,2014,Q4,52,52833,0.9842333390116026,
Inner North,Theft - Motor Vehicles,2015,Q1,48,53534,0.8966264430081817,
Inner North,Theft - Motor Vehicles,2015,Q2,66,53534,1.2328613591362498,
Inner North,Theft - Motor Vehicles,2015,Q3,33,53534,0.6164306795681249,
Inner North,Theft - Motor Vehicles,2015,Q4,37,53534,0.6911495498188067,
Inner North,Theft - Motor Vehicles,2016,Q1,41,54528,0.7519072769953051,
Inner North,Theft - Motor Vehicles,2016,Q2,62,54528,1.137030516431925,
Inner North,Theft - Motor Vehicles,2016,Q3,51,54528,0.935299295774648,
Inner North,Theft - Motor Vehicles,2016,Q4,46,54528,0.8436032863849765,
Inner North,Theft - Motor Vehicles,2017,Q1,83,56374,1.472309930109625,
Inner North,Theft - Motor Vehicles,2017,Q2,54,56374,0.9578883882640932,
Inner North,Theft - Motor Vehicles,2017,Q3,68,56374,1.206229822258488,
Inner North,Theft - Motor Vehicles,2017,Q4,60,56374,1.0643204314045482,
Inner North,Theft - Motor Vehicles,2018,Q1,46,57892,0.7945830166516962,
Inner North,Theft - Motor Vehicles,2018,Q2,56,57892,0.9673184550542387,
Inner North,Theft - Motor Vehicles,2018,Q3,45,57892,0.7773094728114419,
Inner North,Theft - Motor Vehicles,2018,Q4,46,57892,0.7945830166516962,
Inner North,Theft - Motor Vehicles,2019,Q1,39,59464,0.6558590071303646,
Inner North,Theft - Motor Vehicles,2019,Q2,61,59464,1.025830754742365,
Inner North,Theft - Motor Vehicles,2019,Q3,52,59464,0.8744786761738195,
Inner North,Theft - Motor Vehicles,2019,Q4,52,59464,0.8744786761738195,
Inner North,Theft - Motor Vehicles,2020,Q1,49,60845,0.8053250061632016,
Inner North,Theft - Motor Vehicles,2020,Q2,40,60845,0.6574081682964911,
Inner North,Theft - Motor Vehicles,2020,Q3,38,60845,0.6245377598816665,
Inner North,Theft - Motor Vehicles,2020,Q4,82,60845,1.3476867450078067,
Inner North,Theft - Motor Vehicles,2021,Q1,72,61455,1.1715889675372224,
Inner North,Theft - Motor Vehicles,2021,Q2,69,61455,1.1227727605565048,
Inner North,Theft - Motor Vehicles,2021,Q3,55,61455,0.8949637946464893,
Inner North,Theft - Motor Vehicles,2021,Q4,68,61455,1.1065006915629323,
Inner North,Theft - Motor Vehicles,2022,Q1,77,63742,1.2079947287502746,
Inner North,Theft - Motor Vehicles,2022,Q2,75,63742,1.1766182422892284,
Inner North,Theft - Motor Vehicles,2022,Q3,47,63742,0.7373474318345832,
Inner North,Theft - Motor Vehicles,2022,Q4,50,63742,0.7844121615261523,
Inner North,Theft - Motor Vehicles,2023,Q1,43,65920,0.6523058252427184,
Inner North,Theft - Motor Vehicles,2023,Q2,42,65920,0.6371359223300971,
Inner North,Theft - Motor Vehicles,2023,Q3,55,65920,0.8343446601941747,
Inner North,Theft - Motor Vehicles,2023,Q4,45,65920,0.6826456310679612,
Inner North,Theft - Motor Vehicles,2024,Q1,47,67309,0.6982721478554131,
Inner North,Theft - Motor Vehicles,2024,Q2,32,67309,0.4754193347100685,
Inner North,Theft - Motor Vehicles,2024,Q3,54,67309,0.8022701273232407,
Inner North,Theft - Motor Vehicles,2024,Q4,62,67309,0.9211249610007576,
Inner North,Theft - Motor Vehicles,2025,Q1,55,68221,0.8062033684642558,
Inner North,Theft - Motor Vehicles,2025,Q2,24,68221,0.3517978335116752,
Inner North,Theft - Other,2014,Q1,700,52833,13.249294948233112,
Inner North,Theft - Other,2014,Q2,516,52833,9.76662313326898,
Inner North,Theft - Other,2014,Q3,485,52833,9.17986864270437,
Inner North,Theft - Other,2014,Q4,462,52833,8.744534665833854,
Inner North,Theft - Other,2015,Q1,492,53534,9.190421040833863,
Inner North,Theft - Other,2015,Q2,540,53534,10.087047483842044,
Inner North,Theft - Other,2015,Q3,521,53534,9.732132850151306,
Inner North,Theft - Other,2015,Q4,587,53534,10.964994209287555,
Inner North,Theft - Other,2016,Q1,460,54528,8.436032863849766,
Inner North,Theft - Other,2016,Q2,537,54528,9.848151408450704,
Inner North,Theft - Other,2016,Q3,390,54528,7.152288732394366,
Inner North,Theft - Other,2016,Q4,361,54528,6.620451877934272,
Inner North,Theft - Other,2017,Q1,502,56374,8.90481427608472,
Inner North,Theft - Other,2017,Q2,428,56374,7.592152410685776,
Inner North,Theft - Other,2017,Q3,376,56374,6.669741370135168,
Inner North,Theft - Other,2017,Q4,483,56374,8.567779472806613,
Inner North,Theft - Other,2018,Q1,405,57892,6.995785255302978,
Inner North,Theft - Other,2018,Q2,443,57892,7.65217992123264,
Inner North,Theft - Other,2018,Q3,444,57892,7.669453465072894,
Inner North,Theft - Other,2018,Q4,483,57892,8.343121674842811,
Inner North,Theft - Other,2019,Q1,542,59464,9.114758509350196,
Inner North,Theft - Other,2019,Q2,585,59464,9.837885106955468,
Inner North,Theft - Other,2019,Q3,470,59464,7.90394188080183,
Inner North,Theft - Other,2019,Q4,426,59464,7.163998385577829,
Inner North,Theft - Other,2020,Q1,474,60845,7.7902867943134195,
Inner North,Theft - Other,2020,Q2,269,60845,4.421069931793903,
Inner North,Theft - Other,2020,Q3,341,60845,5.604404634727587,
Inner North,Theft - Other,2020,Q4,469,60845,7.708110773276358,
Inner North,Theft - Other,2021,Q1,494,61455,8.038402082824831,
Inner North,Theft - Other,2021,Q2,616,61455,10.02359450004068,
Inner North,Theft - Other,2021,Q3,514,61455,8.363843462696282,
Inner North,Theft - Other,2021,Q4,533,61455,8.67301277357416,
Inner North,Theft - Other,2022,Q1,580,63742,9.099181073703368,
Inner North,Theft - Other,2022,Q2,536,63742,8.408898371560353,
Inner North,Theft - Other,2022,Q3,450,63742,7.059709453735371,
Inner North,Theft - Other,2022,Q4,458,63742,7.185215399579556,
Inner North,Theft - Other,2023,Q1,571,65920,8.662014563106796,
Inner North,Theft - Other,2023,Q2,477,65920,7.236043689320388,
Inner North,Theft - Other,2023,Q3,491,65920,7.448422330097087,
Inner North,Theft - Other,2023,Q4,493,65920,7.47876213592233,
Inner North,Theft - Other,2024,Q1,508,67309,7.547281938522338,
Inner North,Theft - Other,2024,Q2,408,67309,6.061596517553373,
Inner North,Theft - Other,2024,Q3,535,67309,7.948417002183958,
Inner North,Theft - Other,2024,Q4,572,67309,8.498120607942475,
Inner North,Theft - Other,2025,Q1,538,68221,7.886134767886721,
Inner North,Theft - Other,2025,Q2,490,68221,7.18253910086337,
Inner South,Assault,2014,Q1,36,26468,1.3601329907813209,
Inner South,Assault,2014,Q2,30,26468,1.133444158984434,
Inner South,Assault,2014,Q3,34,26468,1.284570046849025,
Inner South,Assault,2014,Q4,26,26468,0.9823182711198428,
Inner South,Assault,2015,Q1,28,27010,1.036653091447612,
Inner South,Assault,2015,Q2,30,27010,1.1106997408367272,
Inner South,Assault,2015,Q3,29,27010,1.0736764161421697,
Inner South,Assault,2015,Q4,34,27010,1.2587930396149574,
Inner South,Assault,2016,Q1,30,27757,1.080808444716648,
Inner South,Assault,2016,Q2,29,27757,1.0447814965594264,
Inner South,Assault,2016,Q3,28,27757,1.008754548402205,
Inner South,Assault,2016,Q4,31,27757,1.1168353928738697,
Inner South,Assault,2017,Q1,35,28992,1.2072295805739517,
Inner South,Assault,2017,Q2,42,28992,1.4486754966887416,
Inner South,Assault,2017,Q3,27,28992,0.9312913907284768,
Inner South,Assault,2017,Q4,48,28992,1.6556291390728477,
Inner South,Assault,2018,Q1,38,29857,1.2727333623605854,
Inner South,Assault,2018,Q2,33,29857,1.1052684462605085,
Inner South,Assault,2018,Q3,31,29857,1.0382824798204775,
Inner South,Assault,2018,Q4,40,29857,1.3397193288006164,
Inner South,Assault,2019,Q1,36,30576,1.1773940345368916,
Inner South,Assault,2019,Q2,33,30576,1.0792778649921506,
Inner South,Assault,2019,Q3,28,30576,0.9157509157509156,
Inner South,Assault,2019,Q4,43,30576,1.4063317634746206,
Inner South,Assault,2020,Q1,21,31091,0.6754366215303463,
Inner South,Assault,2020,Q2,24,31091,0.771927567463253,
Inner South,Assault,2020,Q3,16,31091,0.5146183783088354,
Inner South,Assault,2020,Q4,30,31091,0.9649094593290662,
Inner South,Assault,2021,Q1,36,31498,1.142929709822846,
Inner South,Assault,2021,Q2,34,31498,1.0794336148326875,
Inner South,Assault,2021,Q3,28,31498,0.8889453298622134,
Inner South,Assault,2021,Q4,35,31498,1.1111816623277668,
Inner South,Assault,2022,Q1,37,32580,1.1356660527931246,
Inner South,Assault,2022,Q2,23,32580,0.7059545733578884,
Inner South,Assault,2022,Q3,25,32580,0.7673419275629221,
Inner South,Assault,2022,Q4,23,32580,0.7059545733578884,
Inner South,Assault,2023,Q1,19,33702,0.5637647617352086,
Inner South,Assault,2023,Q2,20,33702,0.5934365913002196,
Inner South,Assault,2023,Q3,31,33702,0.9198267165153404,
Inner South,Assault,2023,Q4,33,33702,0.9791703756453624,
Inner South,Assault,2024,Q1,26,34408,0.7556382236689142,
Inner South,Assault,2024,Q2,29,34408,0.8428272494768658,
Inner South,Assault,2024,Q3,17,34408,0.4940711462450592,
Inner South,Assault,2024,Q4,9,34408,0.2615670774238549,
Inner South,Assault,2025,Q1,21,34815,0.6031882809133995,
Inner South,Assault,2025,Q2,12,34815,0.3446790176647997,
Inner South,Burglary - Dwellings,2014,Q1,23,26468,0.8689738552213995,
Inner South,Burglary - Dwellings,2014,Q2,47,26468,1.7757291824089467,
Inner South,Burglary - Dwellings,2014,Q3,22,26468,0.8311923832552516,
Inner South,Burglary - Dwellings,2014,Q4,28,26468,1.0578812150521384,
Inner South,Burglary - Dwellings,2015,Q1,26,27010,0.9626064420584968,
Inner South,Burglary - Dwellings,2015,Q2,33,27010,1.2217697149204,
Inner South,Burglary - Dwellings,2015,Q3,32,27010,1.1847463902258422,
Inner South,Burglary - Dwellings,2015,Q4,38,27010,1.4068863383931876,
Inner South,Burglary - Dwellings,2016,Q1,36,27757,1.2969701336599777,
Inner South,Burglary - Dwellings,2016,Q2,50,27757,1.80134740786108,
Inner South,Burglary - Dwellings,2016,Q3,27,27757,0.9727276002449832,
Inner South,Burglary - Dwellings,2016,Q4,44,27757,1.5851857189177505,
Inner South,Burglary - Dwellings,2017,Q1,29,28992,1.0002759381898454,
Inner South,Burglary - Dwellings,2017,Q2,39,28992,1.3451986754966887,
Inner South,Burglary - Dwellings,2017,Q3,30,28992,1.0347682119205297,
Inner South,Burglary - Dwellings,2017,Q4,44,28992,1.5176600441501102,
Inner South,Burglary - Dwellings,2018,Q1,26,29857,0.8708175637204006,
Inner South,Burglary - Dwellings,2018,Q2,42,29857,1.4067052952406471,
Inner South,Burglary - Dwellings,2018,Q3,38,29857,1.2727333623605854,
Inner South,Burglary - Dwellings,2018,Q4,29,29857,0.9712965133804468,
Inner South,Burglary - Dwellings,2019,Q1,27,30576,0.8830455259026687,
Inner South,Burglary - Dwellings,2019,Q2,19,30576,0.6214024071166928,
Inner South,Burglary - Dwellings,2019,Q3,17,30576,0.5559916274201988,
Inner South,Burglary - Dwellings,2019,Q4,21,30576,0.6868131868131868,
Inner South,Burglary - Dwellings,2020,Q1,27,31091,0.8684185133961596,
Inner South,Burglary - Dwellings,2020,Q2,19,31091,0.6111093242417419,
Inner South,Burglary - Dwellings,2020,Q3,18,31091,0.5789456755974397,
Inner South,Burglary - Dwellings,2020,Q4,25,31091,0.8040912161075552,
Inner South,Burglary - Dwellings,2021,Q1,14,31498,0.4444726649311067,
Inner South,Burglary - Dwellings,2021,Q2,22,31498,0.6984570448917391,
Inner South,Burglary - Dwellings,2021,Q3,23,31498,0.7302050923868182,
Inner South,Burglary - Dwellings,2021,Q4,33,31498,1.0476855673376086,
Inner South,Burglary - Dwellings,2022,Q1,18,32580,0.5524861878453039,
Inner South,Burglary - Dwellings,2022,Q2,23,32580,0.7059545733578884,
Inner South,Burglary - Dwellings,2022,Q3,23,32580,0.7059545733578884,
Inner South,Burglary - Dwellings,2022,Q4,11,32580,0.3376304481276857,
Inner South,Burglary - Dwellings,2023,Q1,15,33702,0.4450774434751647,
Inner South,Burglary - Dwellings,2023,Q2,21,33702,0.6231084208652306,
Inner South,Burglary - Dwellings,2023,Q3,24,33702,0.7121239095602635,
Inner South,Burglary - Dwellings,2023,Q4,19,33702,0.5637647617352086,
Inner South,Burglary - Dwellings,2024,Q1,21,34408,0.6103231806556615,
Inner South,Burglary - Dwellings,2024,Q2,18,34408,0.5231341548477099,
Inner South,Burglary - Dwellings,2024,Q3,10,34408,0.2906300860265055,
Inner South,Burglary - Dwellings,2024,Q4,7,34408,0.2034410602185538,
Inner South,Burglary - Dwellings,2025,Q1,38,34815,1.0914835559385323,
Inner South,Burglary - Dwellings,2025,Q2,12,34815,0.3446790176647997,
Inner South,Burglary - Other,2014,Q1,24,26468,0.9067553271875473,
Inner South,Burglary - Other,2014,Q2,19,26468,0.7178479673568082,
Inner South,Burglary - Other,2014,Q3,16,26468,0.6045035514583649,
Inner South,Burglary - Other,2014,Q4,26,26468,0.9823182711198428,
Inner South,Burglary - Other,2015,Q1,22,27010,0.8145131432802665,
Inner South,Burglary - Other,2015,Q2,60,27010,2.2213994816734544,
Inner South,Burglary - Other,2015,Q3,30,27010,1.1106997408367272,
Inner South,Burglary - Other,2015,Q4,48,27010,1.7771195853387634,
Inner South,Burglary - Other,2016,Q1,41,27757,1.4771048744460855,
Inner South,Burglary - Other,2016,Q2,39,27757,1.4050509781316425,
Inner South,Burglary - Other,2016,Q3,34,27757,1.2249162373455345,
Inner South,Burglary - Other,2016,Q4,25,27757,0.90067370393054,
Inner South,Burglary - Other,2017,Q1,35,28992,1.2072295805739517,
Inner South,Burglary - Other,2017,Q2,21,28992,0.7243377483443708,
Inner South,Burglary - Other,2017,Q3,27,28992,0.9312913907284768,
Inner South,Burglary - Other,2017,Q4,39,28992,1.3451986754966887,
Inner South,Burglary - Other,2018,Q1,30,29857,1.0047894966004622,
Inner South,Burglary - Other,2018,Q2,47,29857,1.574170211340724,
Inner South,Burglary - Other,2018,Q3,32,29857,1.071775463040493,
Inner South,Burglary - Other,2018,Q4,19,29857,0.6363666811802927,
Inner South,Burglary - Other,2019,Q1,34,30576,1.1119832548403976,
Inner South,Burglary - Other,2019,Q2,22,30576,0.7195185766614338,
Inner South,Burglary - Other,2019,Q3,19,30576,0.6214024071166928,
Inner South,Burglary - Other,2019,Q4,17,30576,0.5559916274201988,
Inner South,Burglary - Other,2020,Q1,31,31091,0.9970731079733685,
Inner South,Burglary - Other,2020,Q2,13,31091,0.4181274323759287,
Inner South,Burglary - Other,2020,Q3,16,31091,0.5146183783088354,
Inner South,Burglary - Other,2020,Q4,36,31091,1.1578913511948794,
Inner South,Burglary - Other,2021,Q1,36,31498,1.142929709822846,
Inner South,Burglary - Other,2021,Q2,28,31498,0.8889453298622134,
Inner South,Burglary - Other,2021,Q3,35,31498,1.1111816623277668,
Inner South,Burglary - Other,2021,Q4,18,31498,0.571464854911423,
Inner South,Burglary - Other,2022,Q1,18,32580,0.5524861878453039,
Inner South,Burglary - Other,2022,Q2,20,32580,0.6138735420503376,
Inner South,Burglary - Other,2022,Q3,18,32580,0.5524861878453039,
Inner South,Burglary - Other,2022,Q4,13,32580,0.3990178023327195,
Inner South,Burglary - Other,2023,Q1,15,33702,0.4450774434751647,
Inner South,Burglary - Other,2023,Q2,12,33702,0.3560619547801317,
Inner South,Burglary - Other,2023,Q3,33,33702,0.9791703756453624,
Inner South,Burglary - Other,2023,Q4,29,33702,0.8604830573853184,
Inner South,Burglary - Other,2024,Q1,22,34408,0.639386189258312,
Inner South,Burglary - Other,2024,Q2,21,34408,0.6103231806556615,
Inner South,Burglary - Other,2024,Q3,28,34408,0.8137642408742153,
Inner South,Burglary - Other,2024,Q4,18,34408,0.5231341548477099,
Inner South,Burglary - Other,2025,Q1,33,34815,0.9478672985781992,
Inner South,Burglary - Other,2025,Q2,26,34815,0.7468045382737326,
Inner South,Burglary - Shops,2014,Q1,37,26468,1.3979144627474689,
Inner South,Burglary - Shops,2014,Q2,12,26468,0.4533776635937736,
Inner South,Burglary - Shops,2014,Q3,8,26468,0.3022517757291824,
Inner South,Burglary - Shops,2014,Q4,15,26468,0.566722079492217,
Inner South,Burglary - Shops,2015,Q1,19,27010,0.7034431691965938,
Inner South,Burglary - Shops,2015,Q2,24,27010,0.8885597926693817,
Inner South,Burglary - Shops,2015,Q3,22,27010,0.8145131432802665,
Inner South,Burglary - Shops,2015,Q4,54,27010,1.9992595335061087,
Inner South,Burglary - Shops,2016,Q1,44,27757,1.5851857189177505,
Inner South,Burglary - Shops,2016,Q2,22,27757,0.7925928594588751,
Inner South,Burglary - Shops,2016,Q3,20,27757,0.720538963144432,
Inner South,Burglary - Shops,2016,Q4,23,27757,0.8286198076160968,
Inner South,Burglary - Shops,2017,Q1,29,28992,1.0002759381898454,
Inner South,Burglary - Shops,2017,Q2,12,28992,0.4139072847682119,
Inner South,Burglary - Shops,2017,Q3,25,28992,0.8623068432671082,
Inner South,Burglary - Shops,2017,Q4,14,28992,0.4828918322295805,
Inner South,Burglary - Shops,2018,Q1,30,29857,1.0047894966004622,
Inner South,Burglary - Shops,2018,Q2,21,29857,0.7033526476203236,
Inner South,Burglary - Shops,2018,Q3,25,29857,0.8373245805003852,
Inner South,Burglary - Shops,2018,Q4,17,29857,0.569380714740262,
Inner South,Burglary - Shops,2019,Q1,35,30576,1.1446886446886446,
Inner South,Burglary - Shops,2019,Q2,16,30576,0.5232862375719518,
Inner South,Burglary - Shops,2019,Q3,17,30576,0.5559916274201988,
Inner South,Burglary - Shops,2019,Q4,15,30576,0.4905808477237048,
Inner South,Burglary - Shops,2020,Q1,26,31091,0.8362548647518574,
Inner South,Burglary - Shops,2020,Q2,13,31091,0.4181274323759287,
Inner South,Burglary - Shops,2020,Q3,11,31091,0.3538001350873243,
Inner South,Burglary - Shops,2020,Q4,24,31091,0.771927567463253,
Inner South,Burglary - Shops,2021,Q1,15,31498,0.4762207124261858,
Inner South,Burglary - Shops,2021,Q2,14,31498,0.4444726649311067,
Inner South,Burglary - Shops,2021,Q3,9,31498,0.2857324274557115,
Inner South,Burglary - Shops,2021,Q4,15,31498,0.4762207124261858,
Inner South,Burglary - Shops,2022,Q1,30,32580,0.9208103130755064,
Inner South,Burglary - Shops,2022,Q2,11,32580,0.3376304481276857,
Inner South,Burglary - Shops,2022,Q3,20,32580,0.6138735420503376,
Inner South,Burglary - Shops,2022,Q4,34,32580,1.043585021485574,
Inner South,Burglary - Shops,2023,Q1,11,33702,0.3263901252151208,
Inner South,Burglary - Shops,2023,Q2,8,33702,0.2373746365200878,
Inner South,Burglary - Shops,2023,Q3,14,33702,0.4154056139101537,
Inner South,Burglary - Shops,2023,Q4,19,33702,0.5637647617352086,
Inner South,Burglary - Shops,2024,Q1,28,34408,0.8137642408742153,
Inner South,Burglary - Shops,2024,Q2,7,34408,0.2034410602185538,
Inner South,Burglary - Shops,2024,Q3,19,34408,0.5521971634503604,
Inner South,Burglary - Shops,2024,Q4,8,34408,0.2325040688212043,
Inner South,Burglary - Shops,2025,Q1,7,34815,0.2010627603044665,
Inner South,Burglary - Shops,2025,Q2,7,34815,0.2010627603044665,
Inner South,CINs,2014,Q1,2,26468,0.0755629439322956,
Inner South,CINs,2014,Q2,0,26468,0.0,
Inner South,CINs,2014,Q3,2,26468,0.0755629439322956,
Inner South,CINs,2014,Q4,10,26468,0.377814719661478,
Inner South,CINs,2015,Q1,5,27010,0.1851166234727878,
Inner South,CINs,2015,Q2,0,27010,0.0,
Inner South,CINs,2015,Q3,2,27010,0.0740466493891151,
Inner South,CINs,2015,Q4,4,27010,0.1480932987782302,
Inner South,CINs,2016,Q1,5,27757,0.180134740786108,
Inner South,CINs,2016,Q2,2,27757,0.0720538963144432,
Inner South,CINs,2016,Q3,1,27757,0.0360269481572216,
Inner South,CINs,2016,Q4,1,27757,0.0360269481572216,
Inner South,CINs,2017,Q1,0,28992,0.0,
Inner South,CINs,2017,Q2,1,28992,0.0344922737306843,
Inner South,CINs,2017,Q3,0,28992,0.0,
Inner South,CINs,2017,Q4,2,28992,0.0689845474613686,
Inner South,CINs,2018,Q1,4,29857,0.1339719328800616,
Inner South,CINs,2018,Q2,0,29857,0.0,
Inner South,CINs,2018,Q3,0,29857,0.0,
Inner South,CINs,2018,Q4,4,29857,0.1339719328800616,
Inner South,CINs,2019,Q1,1,30576,0.0327053898482469,
Inner South,CINs,2019,Q2,0,30576,0.0,
Inner South,CINs,2019,Q3,0,30576,0.0,
Inner South,CINs,2019,Q4,1,30576,0.0327053898482469,
Inner South,CINs,2020,Q1,0,31091,0.0,
Inner South,CINs,2020,Q2,0,31091,0.0,
Inner South,CINs,2020,Q3,1,31091,0.0321636486443022,
Inner South,CINs,2020,Q4,1,31091,0.0321636486443022,
Inner South,CINs,2021,Q1,1,31498,0.031748047495079,
Inner South,CINs,2021,Q2,0,31498,0.0,
Inner South,CINs,2021,Q3,6,31498,0.1904882849704743,
Inner South,CINs,2021,Q4,2,31498,0.0634960949901581,
Inner South,CINs,2022,Q1,0,32580,0.0,
Inner South,CINs,2022,Q2,0,32580,0.0,
Inner South,CINs,2022,Q3,1,32580,0.0306936771025168,
Inner South,CINs,2022,Q4,0,32580,0.0,
Inner South,CINs,2023,Q1,0,33702,0.0,
Inner South,CINs,2023,Q2,0,33702,0.0,
Inner South,CINs,2023,Q3,0,33702,0.0,
Inner South,CINs,2023,Q4,0,33702,0.0,
Inner South,CINs,2024,Q1,0,34408,0.0,
Inner South,CINs,2024,Q2,0,34408,0.0,
Inner South,CINs,2024,Q3,0,34408,0.0,
Inner South,CINs,2024,Q4,0,34408,0.0,
Inner South,CINs,2025,Q1,0,34815,0.0,
Inner South,CINs,2025,Q2,0,34815,0.0,
Inner South,Family Violence,2014,Q1,13,26468,0.4911591355599214,
Inner South,Family Violence,2014,Q2,14,26468,0.5289406075260692,
Inner South,Family Violence,2014,Q3,9,26468,0.3400332476953302,
Inner South,Family Violence,2014,Q4,15,26468,0.566722079492217,
Inner South,Family Violence,2015,Q1,9,27010,0.3332099222510181,
Inner South,Family Violence,2015,Q2,16,27010,0.5923731951129211,
Inner South,Family Violence,2015,Q3,10,27010,0.3702332469455757,
Inner South,Family Violence,2015,Q4,13,27010,0.4813032210292484,
Inner South,Family Violence,2016,Q1,19,27757,0.6845120149872104,
Inner South,Family Violence,2016,Q2,19,27757,0.6845120149872104,
Inner South,Family Violence,2016,Q3,28,27757,1.008754548402205,
Inner South,Family Violence,2016,Q4,23,27757,0.8286198076160968,
Inner South,Family Violence,2017,Q1,15,28992,0.5173841059602649,
Inner South,Family Violence,2017,Q2,37,28992,1.27621412803532,
Inner South,Family Violence,2017,Q3,13,28992,0.4483995584988962,
Inner South,Family Violence,2017,Q4,20,28992,0.6898454746136865,
Inner South,Family Violence,2018,Q1,9,29857,0.3014368489801386,
Inner South,Family Violence,2018,Q2,5,29857,0.167464916100077,
Inner South,Family Violence,2018,Q3,10,29857,0.3349298322001541,
Inner South,Family Violence,2018,Q4,14,29857,0.4689017650802157,
Inner South,Family Violence,2019,Q1,19,30576,0.6214024071166928,
Inner South,Family Violence,2019,Q2,18,30576,0.5886970172684458,
Inner South,Family Violence,2019,Q3,26,30576,0.8503401360544217,
Inner South,Family Violence,2019,Q4,18,30576,0.5886970172684458,
Inner South,Family Violence,2020,Q1,20,31091,0.6432729728860441,
Inner South,Family Violence,2020,Q2,11,31091,0.3538001350873243,
Inner South,Family Violence,2020,Q3,25,31091,0.8040912161075552,
Inner South,Family Violence,2020,Q4,19,31091,0.6111093242417419,
Inner South,Family Violence,2021,Q1,18,31498,0.571464854911423,
Inner South,Family Violence,2021,Q2,19,31498,0.6032129024065019,
Inner South,Family Violence,2021,Q3,21,31498,0.6667089973966601,
Inner South,Family Violence,2021,Q4,18,31498,0.571464854911423,
Inner South,Family Violence,2022,Q1,14,32580,0.4297114794352363,
Inner South,Family Violence,2022,Q2,17,32580,0.521792510742787,
Inner South,Family Violence,2022,Q3,26,32580,0.798035604665439,
Inner South,Family Violence,2022,Q4,13,32580,0.3990178023327195,
Inner South,Family Violence,2023,Q1,13,33702,0.3857337843451427,
Inner South,Family Violence,2023,Q2,19,33702,0.5637647617352086,
Inner South,Family Violence,2023,Q3,16,33702,0.4747492730401756,
Inner South,Family Violence,2023,Q4,18,33702,0.5340929321701976,
Inner South,Family Violence,2024,Q1,13,34408,0.3778191118344571,
Inner South,Family Violence,2024,Q2,16,34408,0.4650081376424087,
Inner South,Family Violence,2024,Q3,12,34408,0.3487561032318065,
Inner South,Family Violence,2024,Q4,10,34408,0.2906300860265055,
Inner South,Family Violence,2025,Q1,23,34815,0.6606347838575327,
Inner South,Family Violence,2025,Q2,10,34815,0.2872325147206664,
Inner South,Homicide,2014,Q1,0,26468,0.0,
Inner South,Homicide,2014,Q2,0,26468,0.0,
Inner South,Homicide,2014,Q3,1,26468,0.0377814719661478,
Inner South,Homicide,2014,Q4,0,26468,0.0,
Inner South,Homicide,2015,Q1,0,27010,0.0,
Inner South,Homicide,2015,Q2,0,27010,0.0,
Inner South,Homicide,2015,Q3,0,27010,0.0,
Inner South,Homicide,2015,Q4,3,27010,0.1110699740836727,
Inner South,Homicide,2016,Q1,1,27757,0.0360269481572216,
Inner South,Homicide,2016,Q2,0,27757,0.0,
Inner South,Homicide,2016,Q3,0,27757,0.0,
Inner South,Homicide,2016,Q4,0,27757,0.0,
Inner South,Homicide,2017,Q1,0,28992,0.0,
Inner South,Homicide,2017,Q2,1,28992,0.0344922737306843,
Inner South,Homicide,2017,Q3,0,28992,0.0,
Inner South,Homicide,2017,Q4,0,28992,0.0,
Inner South,Homicide,2018,Q1,0,29857,0.0,
Inner South,Homicide,2018,Q2,0,29857,0.0,
Inner South,Homicide,2018,Q3,0,29857,0.0,
Inner South,Homicide,2018,Q4,0,29857,0.0,
Inner South,Homicide,2019,Q1,1,30576,0.0327053898482469,
Inner South,Homicide,2019,Q2,0,30576,0.0,
Inner South,Homicide,2019,Q3,0,30576,0.0,
Inner South,Homicide,2019,Q4,0,30576,0.0,
Inner South,Homicide,2020,Q1,0,31091,0.0,
Inner South,Homicide,2020,Q2,0,31091,0.0,
Inner South,Homicide,2020,Q3,2,31091,0.0643272972886044,
Inner South,Homicide,2020,Q4,0,31091,0.0,
Inner South,Homicide,2021,Q1,0,31498,0.0,
Inner South,Homicide,2021,Q2,0,31498,0.0,
Inner South,Homicide,2021,Q3,0,31498,0.0,
Inner South,Homicide,2021,Q4,0,31498,0.0,
Inner South,Homicide,2022,Q1,1,32580,0.0306936771025168,
Inner South,Homicide,2022,Q2,0,32580,0.0,
Inner South,Homicide,2022,Q3,0,32580,0.0,
Inner South,Homicide,2022,Q4,0,32580,0.0,
Inner South,Homicide,2023,Q1,0,33702,0.0,
Inner South,Homicide,2023,Q2,0,33702,0.0,
Inner South,Homicide,2023,Q3,0,33702,0.0,
Inner South,Homicide,2023,Q4,1,33702,0.0296718295650109,
Inner South,Homicide,2024,Q1,0,34408,0.0,
Inner South,Homicide,2024,Q2,1,34408,0.0290630086026505,
Inner South,Homicide,2024,Q3,0,34408,0.0,
Inner South,Homicide,2024,Q4,0,34408,0.0,
Inner South,Homicide,2025,Q1,0,34815,0.0,
Inner South,Homicide,2025,Q2,0,34815,0.0,
Inner South,Other,2014,Q1,296,26468,11.18331570197975,
Inner South,Other,2014,Q2,311,26468,11.750037781471969,
Inner South,Other,2014,Q3,227,26468,8.576394136315551,
Inner South,Other,2014,Q4,242,26468,9.143116215807767,
Inner South,Other,2015,Q1,296,27010,10.95890410958904,
Inner South,Other,2015,Q2,227,27010,8.404294705664569,
Inner South,Other,2015,Q3,243,27010,8.996667900777489,
Inner South,Other,2015,Q4,248,27010,9.181784524250276,
Inner South,Other,2016,Q1,256,27757,9.22289872824873,
Inner South,Other,2016,Q2,288,27757,10.37576106927982,
Inner South,Other,2016,Q3,369,27757,13.29394387001477,
Inner South,Other,2016,Q4,331,27757,11.92491984004035,
Inner South,Other,2017,Q1,264,28992,9.105960264900665,
Inner South,Other,2017,Q2,354,28992,12.210264900662253,
Inner South,Other,2017,Q3,355,28992,12.244757174392936,
Inner South,Other,2017,Q4,359,28992,12.382726269315674,
Inner South,Other,2018,Q1,300,29857,10.047894966004622,
Inner South,Other,2018,Q2,311,29857,10.416317781424793,
Inner South,Other,2018,Q3,350,29857,11.722544127005392,
Inner South,Other,2018,Q4,382,29857,12.794319590045886,
Inner South,Other,2019,Q1,216,30576,7.06436420722135,
Inner South,Other,2019,Q2,233,30576,7.620355834641549,
Inner South,Other,2019,Q3,194,30576,6.344845630559917,
Inner South,Other,2019,Q4,224,30576,7.326007326007326,
Inner South,Other,2020,Q1,295,31091,9.488276350069151,
Inner South,Other,2020,Q2,263,31091,8.45903959345148,
Inner South,Other,2020,Q3,324,31091,10.421022160753916,
Inner South,Other,2020,Q4,239,31091,7.6871120259882275,
Inner South,Other,2021,Q1,265,31498,8.41323258619595,
Inner South,Other,2021,Q2,334,31498,10.603847863356403,
Inner South,Other,2021,Q3,251,31498,7.968759921264842,
Inner South,Other,2021,Q4,224,31498,7.111562638897707,
Inner South,Other,2022,Q1,200,32580,6.138735420503377,
Inner South,Other,2022,Q2,216,32580,6.629834254143646,
Inner South,Other,2022,Q3,238,32580,7.305095150399018,
Inner South,Other,2022,Q4,151,32580,4.634745242480049,
Inner South,Other,2023,Q1,182,33702,5.400272980831998,
Inner South,Other,2023,Q2,125,33702,3.7089786956263726,
Inner South,Other,2023,Q3,121,33702,3.5902913773663285,
Inner South,Other,2023,Q4,150,33702,4.450774434751647,
Inner South,Other,2024,Q1,143,34408,4.156010230179028,
Inner South,Other,2024,Q2,159,34408,4.621018367821437,
Inner South,Other,2024,Q3,121,34408,3.516624040920716,
Inner South,Other,2024,Q4,201,34408,5.841664729132759,
Inner South,Other,2025,Q1,168,34815,4.825506247307196,
Inner South,Other,2025,Q2,152,34815,4.365934223754129,
Inner South,Other - Against A Person,2014,Q1,3,26468,0.1133444158984434,
Inner South,Other - Against A Person,2014,Q2,3,26468,0.1133444158984434,
Inner South,Other - Against A Person,2014,Q3,4,26468,0.1511258878645912,
Inner South,Other - Against A Person,2014,Q4,2,26468,0.0755629439322956,
Inner South,Other - Against A Person,2015,Q1,1,27010,0.0370233246945575,
Inner South,Other - Against A Person,2015,Q2,0,27010,0.0,
Inner South,Other - Against A Person,2015,Q3,1,27010,0.0370233246945575,
Inner South,Other - Against A Person,2015,Q4,3,27010,0.1110699740836727,
Inner South,Other - Against A Person,2016,Q1,4,27757,0.1441077926288864,
Inner South,Other - Against A Person,2016,Q2,5,27757,0.180134740786108,
Inner South,Other - Against A Person,2016,Q3,6,27757,0.2161616889433296,
Inner South,Other - Against A Person,2016,Q4,16,27757,0.5764311705155456,
Inner South,Other - Against A Person,2017,Q1,6,28992,0.2069536423841059,
Inner South,Other - Against A Person,2017,Q2,4,28992,0.1379690949227373,
Inner South,Other - Against A Person,2017,Q3,3,28992,0.1034768211920529,
Inner South,Other - Against A Person,2017,Q4,3,28992,0.1034768211920529,
Inner South,Other - Against A Person,2018,Q1,2,29857,0.0669859664400308,
Inner South,Other - Against A Person,2018,Q2,9,29857,0.3014368489801386,
Inner South,Other - Against A Person,2018,Q3,4,29857,0.1339719328800616,
Inner South,Other - Against A Person,2018,Q4,5,29857,0.167464916100077,
Inner South,Other - Against A Person,2019,Q1,9,30576,0.2943485086342229,
Inner South,Other - Against A Person,2019,Q2,2,30576,0.0654107796964939,
Inner South,Other - Against A Person,2019,Q3,2,30576,0.0654107796964939,
Inner South,Other - Against A Person,2019,Q4,7,30576,0.2289377289377289,
Inner South,Other - Against A Person,2020,Q1,2,31091,0.0643272972886044,
Inner South,Other - Against A Person,2020,Q2,6,31091,0.1929818918658132,
Inner South,Other - Against A Person,2020,Q3,6,31091,0.1929818918658132,
Inner South,Other - Against A Person,2020,Q4,3,31091,0.0964909459329066,
Inner South,Other - Against A Person,2021,Q1,1,31498,0.031748047495079,
Inner South,Other - Against A Person,2021,Q2,4,31498,0.1269921899803162,
Inner South,Other - Against A Person,2021,Q3,6,31498,0.1904882849704743,
Inner South,Other - Against A Person,2021,Q4,3,31498,0.0952441424852371,
Inner South,Other - Against A Person,2022,Q1,6,32580,0.1841620626151013,
Inner South,Other - Against A Person,2022,Q2,2,32580,0.0613873542050337,
Inner South,Other - Against A Person,2022,Q3,4,32580,0.1227747084100675,
Inner South,Other - Against A Person,2022,Q4,10,32580,0.3069367710251688,
Inner South,Other - Against A Person,2023,Q1,7,33702,0.2077028069550768,
Inner South,Other - Against A Person,2023,Q2,7,33702,0.2077028069550768,
Inner South,Other - Against A Person,2023,Q3,5,33702,0.1483591478250549,
Inner South,Other - Against A Person,2023,Q4,4,33702,0.1186873182600439,
Inner South,Other - Against A Person,2024,Q1,5,34408,0.1453150430132527,
Inner South,Other - Against A Person,2024,Q2,12,34408,0.3487561032318065,
Inner South,Other - Against A Person,2024,Q3,5,34408,0.1453150430132527,
Inner South,Other - Against A Person,2024,Q4,3,34408,0.0871890258079516,
Inner South,Other - Against A Person,2025,Q1,3,34815,0.0861697544161999,
Inner South,Other - Against A Person,2025,Q2,21,34815,0.6031882809133995,
Inner South,Property Damage,2014,Q1,128,26468,4.836028411666919,
Inner South,Property Damage,2014,Q2,109,26468,4.11818044431011,
Inner South,Property Damage,2014,Q3,112,26468,4.231524860208554,
Inner South,Property Damage,2014,Q4,179,26468,6.762883481940456,
Inner South,Property Damage,2015,Q1,111,27010,4.10958904109589,
Inner South,Property Damage,2015,Q2,207,27010,7.663828211773417,
Inner South,Property Damage,2015,Q3,200,27010,7.404664938911514,
Inner South,Property Damage,2015,Q4,194,27010,7.182524990744168,
Inner South,Property Damage,2016,Q1,170,27757,6.124581186727672,
Inner South,Property Damage,2016,Q2,175,27757,6.30471592751378,
Inner South,Property Damage,2016,Q3,142,27757,5.115826638325467,
Inner South,Property Damage,2016,Q4,166,27757,5.9804733940987855,
Inner South,Property Damage,2017,Q1,193,28992,6.657008830022074,
Inner South,Property Damage,2017,Q2,210,28992,7.243377483443709,
Inner South,Property Damage,2017,Q3,137,28992,4.725441501103752,
Inner South,Property Damage,2017,Q4,157,28992,5.415286975717439,
Inner South,Property Damage,2018,Q1,160,29857,5.358877315202466,
Inner South,Property Damage,2018,Q2,113,29857,3.784707103861741,
Inner South,Property Damage,2018,Q3,201,29857,6.732089627223097,
Inner South,Property Damage,2018,Q4,133,29857,4.454566768262049,
Inner South,Property Damage,2019,Q1,155,30576,5.069335426478284,
Inner South,Property Damage,2019,Q2,88,30576,2.878074306645736,
Inner South,Property Damage,2019,Q3,116,30576,3.793825222396651,
Inner South,Property Damage,2019,Q4,105,30576,3.434065934065934,
Inner South,Property Damage,2020,Q1,101,31091,3.248528513074523,
Inner South,Property Damage,2020,Q2,97,31091,3.1198739184973143,
Inner South,Property Damage,2020,Q3,95,31091,3.05554662120871,
Inner South,Property Damage,2020,Q4,118,31091,3.795310540027661,
Inner South,Property Damage,2021,Q1,132,31498,4.190742269350435,
Inner South,Property Damage,2021,Q2,140,31498,4.444726649311067,
Inner South,Property Damage,2021,Q3,113,31498,3.587529366943933,
Inner South,Property Damage,2021,Q4,136,31498,4.317734459330751,
Inner South,Property Damage,2022,Q1,147,32580,4.511970534069982,
Inner South,Property Damage,2022,Q2,175,32580,5.371393492940455,
Inner South,Property Damage,2022,Q3,135,32580,4.143646408839779,
Inner South,Property Damage,2022,Q4,85,32580,2.608962553713935,
Inner South,Property Damage,2023,Q1,60,33702,1.7803097739006588,
Inner South,Property Damage,2023,Q2,77,33702,2.2847308765058454,
Inner South,Property Damage,2023,Q3,94,33702,2.789151979111032,
Inner South,Property Damage,2023,Q4,96,33702,2.848495638241054,
Inner South,Property Damage,2024,Q1,82,34408,2.3831667054173447,
Inner South,Property Damage,2024,Q2,44,34408,1.278772378516624,
Inner South,Property Damage,2024,Q3,68,34408,1.976284584980237,
Inner South,Property Damage,2024,Q4,63,34408,1.830969541966984,
Inner South,Property Damage,2025,Q1,55,34815,1.5797788309636651,
Inner South,Property Damage,2025,Q2,44,34815,1.263823064770932,
Inner South,Robbery - Armed,2014,Q1,1,26468,0.0377814719661478,
Inner South,Robbery - Armed,2014,Q2,1,26468,0.0377814719661478,
Inner South,Robbery - Armed,2014,Q3,0,26468,0.0,
Inner South,Robbery - Armed,2014,Q4,3,26468,0.1133444158984434,
Inner South,Robbery - Armed,2015,Q1,1,27010,0.0370233246945575,
Inner South,Robbery - Armed,2015,Q2,3,27010,0.1110699740836727,
Inner South,Robbery - Armed,2015,Q3,3,27010,0.1110699740836727,
Inner South,Robbery - Armed,2015,Q4,2,27010,0.0740466493891151,
Inner South,Robbery - Armed,2016,Q1,2,27757,0.0720538963144432,
Inner South,Robbery - Armed,2016,Q2,4,27757,0.1441077926288864,
Inner South,Robbery - Armed,2016,Q3,1,27757,0.0360269481572216,
Inner South,Robbery - Armed,2016,Q4,3,27757,0.1080808444716648,
Inner South,Robbery - Armed,2017,Q1,9,28992,0.3104304635761589,
Inner South,Robbery - Armed,2017,Q2,6,28992,0.2069536423841059,
Inner South,Robbery - Armed,2017,Q3,4,28992,0.1379690949227373,
Inner South,Robbery - Armed,2017,Q4,3,28992,0.1034768211920529,
Inner South,Robbery - Armed,2018,Q1,3,29857,0.1004789496600462,
Inner South,Robbery - Armed,2018,Q2,3,29857,0.1004789496600462,
Inner South,Robbery - Armed,2018,Q3,0,29857,0.0,
Inner South,Robbery - Armed,2018,Q4,1,29857,0.0334929832200154,
Inner South,Robbery - Armed,2019,Q1,3,30576,0.0981161695447409,
Inner South,Robbery - Armed,2019,Q2,2,30576,0.0654107796964939,
Inner South,Robbery - Armed,2019,Q3,3,30576,0.0981161695447409,
Inner South,Robbery - Armed,2019,Q4,4,30576,0.1308215593929879,
Inner South,Robbery - Armed,2020,Q1,3,31091,0.0964909459329066,
Inner South,Robbery - Armed,2020,Q2,3,31091,0.0964909459329066,
Inner South,Robbery - Armed,2020,Q3,2,31091,0.0643272972886044,
Inner South,Robbery - Armed,2020,Q4,1,31091,0.0321636486443022,
Inner South,Robbery - Armed,2021,Q1,1,31498,0.031748047495079,
Inner South,Robbery - Armed,2021,Q2,2,31498,0.0634960949901581,
Inner South,Robbery - Armed,2021,Q3,2,31498,0.0634960949901581,
Inner South,Robbery - Armed,2021,Q4,5,31498,0.1587402374753952,
Inner South,Robbery - Armed,2022,Q1,3,32580,0.0920810313075506,
Inner South,Robbery - Armed,2022,Q2,0,32580,0.0,
Inner South,Robbery - Armed,2022,Q3,1,32580,0.0306936771025168,
Inner South,Robbery - Armed,2022,Q4,1,32580,0.0306936771025168,
Inner South,Robbery - Armed,2023,Q1,2,33702,0.0593436591300219,
Inner South,Robbery - Armed,2023,Q2,1,33702,0.0296718295650109,
Inner South,Robbery - Armed,2023,Q3,0,33702,0.0,
Inner South,Robbery - Armed,2023,Q4,1,33702,0.0296718295650109,
Inner South,Robbery - Armed,2024,Q1,2,34408,0.058126017205301,
Inner South,Robbery - Armed,2024,Q2,3,34408,0.0871890258079516,
Inner South,Robbery - Armed,2024,Q3,2,34408,0.058126017205301,
Inner South,Robbery - Armed,2024,Q4,0,34408,0.0,
Inner South,Robbery - Armed,2025,Q1,2,34815,0.0574465029441332,
Inner South,Robbery - Armed,2025,Q2,0,34815,0.0,
Inner South,Robbery - Other,2014,Q1,3,26468,0.1133444158984434,
Inner South,Robbery - Other,2014,Q2,4,26468,0.1511258878645912,
Inner South,Robbery - Other,2014,Q3,1,26468,0.0377814719661478,
Inner South,Robbery - Other,2014,Q4,2,26468,0.0755629439322956,
Inner South,Robbery - Other,2015,Q1,1,27010,0.0370233246945575,
Inner South,Robbery - Other,2015,Q2,4,27010,0.1480932987782302,
Inner South,Robbery - Other,2015,Q3,3,27010,0.1110699740836727,
Inner South,Robbery - Other,2015,Q4,0,27010,0.0,
Inner South,Robbery - Other,2016,Q1,2,27757,0.0720538963144432,
Inner South,Robbery - Other,2016,Q2,3,27757,0.1080808444716648,
Inner South,Robbery - Other,2016,Q3,2,27757,0.0720538963144432,
Inner South,Robbery - Other,2016,Q4,0,27757,0.0,
Inner South,Robbery - Other,2017,Q1,1,28992,0.0344922737306843,
Inner South,Robbery - Other,2017,Q2,2,28992,0.0689845474613686,
Inner South,Robbery - Other,2017,Q3,4,28992,0.1379690949227373,
Inner South,Robbery - Other,2017,Q4,2,28992,0.0689845474613686,
Inner South,Robbery - Other,2018,Q1,2,29857,0.0669859664400308,
Inner South,Robbery - Other,2018,Q2,0,29857,0.0,
Inner South,Robbery - Other,2018,Q3,1,29857,0.0334929832200154,
Inner South,Robbery - Other,2018,Q4,2,29857,0.0669859664400308,
Inner South,Robbery - Other,2019,Q1,1,30576,0.0327053898482469,
Inner South,Robbery - Other,2019,Q2,1,30576,0.0327053898482469,
Inner South,Robbery - Other,2019,Q3,1,30576,0.0327053898482469,
Inner South,Robbery - Other,2019,Q4,2,30576,0.0654107796964939,
Inner South,Robbery - Other,2020,Q1,5,31091,0.160818243221511,
Inner South,Robbery - Other,2020,Q2,0,31091,0.0,
Inner South,Robbery - Other,2020,Q3,0,31091,0.0,
Inner South,Robbery - Other,2020,Q4,0,31091,0.0,
Inner South,Robbery - Other,2021,Q1,1,31498,0.031748047495079,
Inner South,Robbery - Other,2021,Q2,4,31498,0.1269921899803162,
Inner South,Robbery - Other,2021,Q3,1,31498,0.031748047495079,
Inner South,Robbery - Other,2021,Q4,1,31498,0.031748047495079,
Inner South,Robbery - Other,2022,Q1,0,32580,0.0,
Inner South,Robbery - Other,2022,Q2,1,32580,0.0306936771025168,
Inner South,Robbery - Other,2022,Q3,1,32580,0.0306936771025168,
Inner South,Robbery - Other,2022,Q4,2,32580,0.0613873542050337,
Inner South,Robbery - Other,2023,Q1,5,33702,0.1483591478250549,
Inner South,Robbery - Other,2023,Q2,2,33702,0.0593436591300219,
Inner South,Robbery - Other,2023,Q3,5,33702,0.1483591478250549,
Inner South,Robbery - Other,2023,Q4,1,33702,0.0296718295650109,
Inner South,Robbery - Other,2024,Q1,2,34408,0.058126017205301,
Inner South,Robbery - Other,2024,Q2,2,34408,0.058126017205301,
Inner South,Robbery - Other,2024,Q3,0,34408,0.0,
Inner South,Robbery - Other,2024,Q4,1,34408,0.0290630086026505,
Inner South,Robbery - Other,2025,Q1,2,34815,0.0574465029441332,
Inner South,Robbery - Other,2025,Q2,2,34815,0.0574465029441332,
Inner South,Sexual Assault,2014,Q1,3,26468,0.1133444158984434,
Inner South,Sexual Assault,2014,Q2,4,26468,0.1511258878645912,
Inner South,Sexual Assault,2014,Q3,6,26468,0.2266888317968868,
Inner South,Sexual Assault,2014,Q4,7,26468,0.2644703037630346,
Inner South,Sexual Assault,2015,Q1,17,27010,0.6293965198074787,
Inner South,Sexual Assault,2015,Q2,7,27010,0.259163272861903,
Inner South,Sexual Assault,2015,Q3,3,27010,0.1110699740836727,
Inner South,Sexual Assault,2015,Q4,15,27010,0.5553498704183636,
Inner South,Sexual Assault,2016,Q1,5,27757,0.180134740786108,
Inner South,Sexual Assault,2016,Q2,3,27757,0.1080808444716648,
Inner South,Sexual Assault,2016,Q3,17,27757,0.6124581186727672,
Inner South,Sexual Assault,2016,Q4,16,27757,0.5764311705155456,
Inner South,Sexual Assault,2017,Q1,7,28992,0.2414459161147902,
Inner South,Sexual Assault,2017,Q2,12,28992,0.4139072847682119,
Inner South,Sexual Assault,2017,Q3,19,28992,0.6553532008830022,
Inner South,Sexual Assault,2017,Q4,18,28992,0.6208609271523179,
Inner South,Sexual Assault,2018,Q1,12,29857,0.4019157986401849,
Inner South,Sexual Assault,2018,Q2,5,29857,0.167464916100077,
Inner South,Sexual Assault,2018,Q3,7,29857,0.2344508825401078,
Inner South,Sexual Assault,2018,Q4,8,29857,0.2679438657601232,
Inner South,Sexual Assault,2019,Q1,9,30576,0.2943485086342229,
Inner South,Sexual Assault,2019,Q2,13,30576,0.4251700680272108,
Inner South,Sexual Assault,2019,Q3,22,30576,0.7195185766614338,
Inner South,Sexual Assault,2019,Q4,16,30576,0.5232862375719518,
Inner South,Sexual Assault,2020,Q1,18,31091,0.5789456755974397,
Inner South,Sexual Assault,2020,Q2,6,31091,0.1929818918658132,
Inner South,Sexual Assault,2020,Q3,12,31091,0.3859637837316265,
Inner South,Sexual Assault,2020,Q4,13,31091,0.4181274323759287,
Inner South,Sexual Assault,2021,Q1,10,31498,0.3174804749507905,
Inner South,Sexual Assault,2021,Q2,6,31498,0.1904882849704743,
Inner South,Sexual Assault,2021,Q3,4,31498,0.1269921899803162,
Inner South,Sexual Assault,2021,Q4,5,31498,0.1587402374753952,
Inner South,Sexual Assault,2022,Q1,5,32580,0.1534683855125844,
Inner South,Sexual Assault,2022,Q2,18,32580,0.5524861878453039,
Inner South,Sexual Assault,2022,Q3,13,32580,0.3990178023327195,
Inner South,Sexual Assault,2022,Q4,9,32580,0.2762430939226519,
Inner South,Sexual Assault,2023,Q1,12,33702,0.3560619547801317,
Inner South,Sexual Assault,2023,Q2,14,33702,0.4154056139101537,
Inner South,Sexual Assault,2023,Q3,7,33702,0.2077028069550768,
Inner South,Sexual Assault,2023,Q4,10,33702,0.2967182956501098,
Inner South,Sexual Assault,2024,Q1,8,34408,0.2325040688212043,
Inner South,Sexual Assault,2024,Q2,18,34408,0.5231341548477099,
Inner South,Sexual Assault,2024,Q3,10,34408,0.2906300860265055,
Inner South,Sexual Assault,2024,Q4,17,34408,0.4940711462450592,
Inner South,Sexual Assault,2025,Q1,3,34815,0.0861697544161999,
Inner South,Sexual Assault,2025,Q2,9,34815,0.2585092632485997,
Inner South,TINs - Mobile Use,2014,Q1,25,26468,0.944536799153695,
Inner South,TINs - Mobile Use,2014,Q2,25,26468,0.944536799153695,
Inner South,TINs - Mobile Use,2014,Q3,39,26468,1.4734774066797642,
Inner South,TINs - Mobile Use,2014,Q4,35,26468,1.322351518815173,
Inner South,TINs - Mobile Use,2015,Q1,19,27010,0.7034431691965938,
Inner South,TINs - Mobile Use,2015,Q2,23,27010,0.8515364679748241,
Inner South,TINs - Mobile Use,2015,Q3,33,27010,1.2217697149204,
Inner South,TINs - Mobile Use,2015,Q4,14,27010,0.518326545723806,
Inner South,TINs - Mobile Use,2016,Q1,20,27757,0.720538963144432,
Inner South,TINs - Mobile Use,2016,Q2,27,27757,0.9727276002449832,
Inner South,TINs - Mobile Use,2016,Q3,29,27757,1.0447814965594264,
Inner South,TINs - Mobile Use,2016,Q4,25,27757,0.90067370393054,
Inner South,TINs - Mobile Use,2017,Q1,22,28992,0.7588300220750551,
Inner South,TINs - Mobile Use,2017,Q2,23,28992,0.7933222958057395,
Inner South,TINs - Mobile Use,2017,Q3,21,28992,0.7243377483443708,
Inner South,TINs - Mobile Use,2017,Q4,22,28992,0.7588300220750551,
Inner South,TINs - Mobile Use,2018,Q1,25,29857,0.8373245805003852,
Inner South,TINs - Mobile Use,2018,Q2,16,29857,0.5358877315202465,
Inner South,TINs - Mobile Use,2018,Q3,29,29857,0.9712965133804468,
Inner South,TINs - Mobile Use,2018,Q4,20,29857,0.6698596644003082,
Inner South,TINs - Mobile Use,2019,Q1,10,30576,0.3270538984824699,
Inner South,TINs - Mobile Use,2019,Q2,11,30576,0.3597592883307169,
Inner South,TINs - Mobile Use,2019,Q3,9,30576,0.2943485086342229,
Inner South,TINs - Mobile Use,2019,Q4,9,30576,0.2943485086342229,
Inner South,TINs - Mobile Use,2020,Q1,11,31091,0.3538001350873243,
Inner South,TINs - Mobile Use,2020,Q2,21,31091,0.6754366215303463,
Inner South,TINs - Mobile Use,2020,Q3,18,31091,0.5789456755974397,
Inner South,TINs - Mobile Use,2020,Q4,7,31091,0.2251455405101154,
Inner South,TINs - Mobile Use,2021,Q1,9,31498,0.2857324274557115,
Inner South,TINs - Mobile Use,2021,Q2,15,31498,0.4762207124261858,
Inner South,TINs - Mobile Use,2021,Q3,6,31498,0.1904882849704743,
Inner South,TINs - Mobile Use,2021,Q4,5,31498,0.1587402374753952,
Inner South,TINs - Mobile Use,2022,Q1,12,32580,0.3683241252302026,
Inner South,TINs - Mobile Use,2022,Q2,5,32580,0.1534683855125844,
Inner South,TINs - Mobile Use,2022,Q3,10,32580,0.3069367710251688,
Inner South,TINs - Mobile Use,2022,Q4,4,32580,0.1227747084100675,
Inner South,TINs - Mobile Use,2023,Q1,2,33702,0.0593436591300219,
Inner South,TINs - Mobile Use,2023,Q2,8,33702,0.2373746365200878,
Inner South,TINs - Mobile Use,2023,Q3,5,33702,0.1483591478250549,
Inner South,TINs - Mobile Use,2023,Q4,4,33702,0.1186873182600439,
Inner South,TINs - Mobile Use,2024,Q1,0,34408,0.0,
Inner South,TINs - Mobile Use,2024,Q2,0,34408,0.0,
Inner South,TINs - Mobile Use,2024,Q3,0,34408,0.0,
Inner South,TINs - Mobile Use,2024,Q4,0,34408,0.0,
Inner South,TINs - Mobile Use,2025,Q1,0,34815,0.0,
Inner South,TINs - Mobile Use,2025,Q2,0,34815,0.0,
Inner South,TINs - Other,2014,Q1,192,26468,7.254042617500378,
Inner South,TINs - Other,2014,Q2,250,26468,9.44536799153695,
Inner South,TINs - Other,2014,Q3,299,26468,11.296660117878192,
Inner South,TINs - Other,2014,Q4,167,26468,6.309505818346683,
Inner South,TINs - Other,2015,Q1,137,27010,5.072195483154387,
Inner South,TINs - Other,2015,Q2,184,27010,6.812291743798593,
Inner South,TINs - Other,2015,Q3,225,27010,8.330248056275453,
Inner South,TINs - Other,2015,Q4,146,27010,5.405405405405405,
Inner South,TINs - Other,2016,Q1,169,27757,6.088554238570451,
Inner South,TINs - Other,2016,Q2,138,27757,4.97171884569658,
Inner South,TINs - Other,2016,Q3,222,27757,7.997982490903195,
Inner South,TINs - Other,2016,Q4,162,27757,5.8363656014699,
Inner South,TINs - Other,2017,Q1,130,28992,4.483995584988962,
Inner South,TINs - Other,2017,Q2,266,28992,9.17494481236203,
Inner South,TINs - Other,2017,Q3,190,28992,6.553532008830022,
Inner South,TINs - Other,2017,Q4,139,28992,4.794426048565121,
Inner South,TINs - Other,2018,Q1,174,29857,5.8277790802826805,
Inner South,TINs - Other,2018,Q2,121,29857,4.052650969621864,
Inner South,TINs - Other,2018,Q3,200,29857,6.698596644003081,
Inner South,TINs - Other,2018,Q4,128,29857,4.287101852161972,
Inner South,TINs - Other,2019,Q1,139,30576,4.546049188906332,
Inner South,TINs - Other,2019,Q2,117,30576,3.826530612244898,
Inner South,TINs - Other,2019,Q3,98,30576,3.2051282051282053,
Inner South,TINs - Other,2019,Q4,117,30576,3.826530612244898,
Inner South,TINs - Other,2020,Q1,166,31091,5.339165674954167,
Inner South,TINs - Other,2020,Q2,121,31091,3.891801485960568,
Inner South,TINs - Other,2020,Q3,159,31091,5.114020134444052,
Inner South,TINs - Other,2020,Q4,132,31091,4.245601621047892,
Inner South,TINs - Other,2021,Q1,87,31498,2.762080132071877,
Inner South,TINs - Other,2021,Q2,112,31498,3.5557813194488537,
Inner South,TINs - Other,2021,Q3,47,31498,1.4921582322687157,
Inner South,TINs - Other,2021,Q4,71,31498,2.2541113721506125,
Inner South,TINs - Other,2022,Q1,91,32580,2.7931246163290364,
Inner South,TINs - Other,2022,Q2,62,32580,1.903007980356047,
Inner South,TINs - Other,2022,Q3,87,32580,2.6703499079189688,
Inner South,TINs - Other,2022,Q4,86,32580,2.639656230816452,
Inner South,TINs - Other,2023,Q1,89,33702,2.640792831285977,
Inner South,TINs - Other,2023,Q2,144,33702,4.272743457361581,
Inner South,TINs - Other,2023,Q3,122,33702,3.619963206931339,
Inner South,TINs - Other,2023,Q4,90,33702,2.670464660850988,
Inner South,TINs - Other,2024,Q1,115,34408,3.342245989304813,
Inner South,TINs - Other,2024,Q2,123,34408,3.574750058126017,
Inner South,TINs - Other,2024,Q3,110,34408,3.19693094629156,
Inner South,TINs - Other,2024,Q4,168,34408,4.882585445245292,
Inner South,TINs - Other,2025,Q1,208,34815,5.974436306189861,
Inner South,TINs - Other,2025,Q2,198,34815,5.687203791469194,
Inner South,TINs - Seatbelts,2014,Q1,12,26468,0.4533776635937736,
Inner South,TINs - Seatbelts,2014,Q2,5,26468,0.188907359830739,
Inner South,TINs - Seatbelts,2014,Q3,17,26468,0.6422850234245127,
Inner South,TINs - Seatbelts,2014,Q4,7,26468,0.2644703037630346,
Inner South,TINs - Seatbelts,2015,Q1,2,27010,0.0740466493891151,
Inner South,TINs - Seatbelts,2015,Q2,1,27010,0.0370233246945575,
Inner South,TINs - Seatbelts,2015,Q3,6,27010,0.2221399481673454,
Inner South,TINs - Seatbelts,2015,Q4,3,27010,0.1110699740836727,
Inner South,TINs - Seatbelts,2016,Q1,1,27757,0.0360269481572216,
Inner South,TINs - Seatbelts,2016,Q2,4,27757,0.1441077926288864,
Inner South,TINs - Seatbelts,2016,Q3,9,27757,0.3242425334149943,
Inner South,TINs - Seatbelts,2016,Q4,6,27757,0.2161616889433296,
Inner South,TINs - Seatbelts,2017,Q1,6,28992,0.2069536423841059,
Inner South,TINs - Seatbelts,2017,Q2,12,28992,0.4139072847682119,
Inner South,TINs - Seatbelts,2017,Q3,12,28992,0.4139072847682119,
Inner South,TINs - Seatbelts,2017,Q4,6,28992,0.2069536423841059,
Inner South,TINs - Seatbelts,2018,Q1,9,29857,0.3014368489801386,
Inner South,TINs - Seatbelts,2018,Q2,2,29857,0.0669859664400308,
Inner South,TINs - Seatbelts,2018,Q3,9,29857,0.3014368489801386,
Inner South,TINs - Seatbelts,2018,Q4,4,29857,0.1339719328800616,
Inner South,TINs - Seatbelts,2019,Q1,2,30576,0.0654107796964939,
Inner South,TINs - Seatbelts,2019,Q2,1,30576,0.0327053898482469,
Inner South,TINs - Seatbelts,2019,Q3,1,30576,0.0327053898482469,
Inner South,TINs - Seatbelts,2019,Q4,5,30576,0.1635269492412349,
Inner South,TINs - Seatbelts,2020,Q1,5,31091,0.160818243221511,
Inner South,TINs - Seatbelts,2020,Q2,2,31091,0.0643272972886044,
Inner South,TINs - Seatbelts,2020,Q3,5,31091,0.160818243221511,
Inner South,TINs - Seatbelts,2020,Q4,5,31091,0.160818243221511,
Inner South,TINs - Seatbelts,2021,Q1,2,31498,0.0634960949901581,
Inner South,TINs - Seatbelts,2021,Q2,1,31498,0.031748047495079,
Inner South,TINs - Seatbelts,2021,Q3,2,31498,0.0634960949901581,
Inner South,TINs - Seatbelts,2021,Q4,1,31498,0.031748047495079,
Inner South,TINs - Seatbelts,2022,Q1,2,32580,0.0613873542050337,
Inner South,TINs - Seatbelts,2022,Q2,1,32580,0.0306936771025168,
Inner South,TINs - Seatbelts,2022,Q3,1,32580,0.0306936771025168,
Inner South,TINs - Seatbelts,2022,Q4,2,32580,0.0613873542050337,
Inner South,TINs - Seatbelts,2023,Q1,0,33702,0.0,
Inner South,TINs - Seatbelts,2023,Q2,1,33702,0.0296718295650109,
Inner South,TINs - Seatbelts,2023,Q3,3,33702,0.0890154886950329,
Inner South,TINs - Seatbelts,2023,Q4,5,33702,0.1483591478250549,
Inner South,TINs - Seatbelts,2024,Q1,0,34408,0.0,
Inner South,TINs - Seatbelts,2024,Q2,0,34408,0.0,
Inner South,TINs - Seatbelts,2024,Q3,0,34408,0.0,
Inner South,TINs - Seatbelts,2024,Q4,0,34408,0.0,
Inner South,TINs - Seatbelts,2025,Q1,1,34815,0.0287232514720666,
Inner South,TINs - Seatbelts,2025,Q2,2,34815,0.0574465029441332,
Inner South,TINs - Speeding,2014,Q1,64,26468,2.4180142058334595,
Inner South,TINs - Speeding,2014,Q2,62,26468,2.3424512619011635,
Inner South,TINs - Speeding,2014,Q3,109,26468,4.11818044431011,
Inner South,TINs - Speeding,2014,Q4,85,26468,3.211425117122563,
Inner South,TINs - Speeding,2015,Q1,66,27010,2.4435394298408,
Inner South,TINs - Speeding,2015,Q2,72,27010,2.665679378008145,
Inner South,TINs - Speeding,2015,Q3,138,27010,5.109218807848944,
Inner South,TINs - Speeding,2015,Q4,54,27010,1.9992595335061087,
Inner South,TINs - Speeding,2016,Q1,38,27757,1.3690240299744207,
Inner South,TINs - Speeding,2016,Q2,38,27757,1.3690240299744207,
Inner South,TINs - Speeding,2016,Q3,61,27757,2.1976438375905176,
Inner South,TINs - Speeding,2016,Q4,32,27757,1.1528623410310912,
Inner South,TINs - Speeding,2017,Q1,41,28992,1.414183222958057,
Inner South,TINs - Speeding,2017,Q2,29,28992,1.0002759381898454,
Inner South,TINs - Speeding,2017,Q3,49,28992,1.690121412803532,
Inner South,TINs - Speeding,2017,Q4,48,28992,1.6556291390728477,
Inner South,TINs - Speeding,2018,Q1,38,29857,1.2727333623605854,
Inner South,TINs - Speeding,2018,Q2,30,29857,1.0047894966004622,
Inner South,TINs - Speeding,2018,Q3,18,29857,0.6028736979602773,
Inner South,TINs - Speeding,2018,Q4,44,29857,1.473691261680678,
Inner South,TINs - Speeding,2019,Q1,241,30576,7.881998953427525,
Inner South,TINs - Speeding,2019,Q2,87,30576,2.8453689167974883,
Inner South,TINs - Speeding,2019,Q3,65,30576,2.1258503401360542,
Inner South,TINs - Speeding,2019,Q4,106,30576,3.466771323914181,
Inner South,TINs - Speeding,2020,Q1,117,31091,3.763146891383359,
Inner South,TINs - Speeding,2020,Q2,69,31091,2.2192917564568524,
Inner South,TINs - Speeding,2020,Q3,53,31091,1.704673378148017,
Inner South,TINs - Speeding,2020,Q4,40,31091,1.2865459457720885,
Inner South,TINs - Speeding,2021,Q1,19,31498,0.6032129024065019,
Inner South,TINs - Speeding,2021,Q2,37,31498,1.174677757317925,
Inner South,TINs - Speeding,2021,Q3,13,31498,0.4127246174360277,
Inner South,TINs - Speeding,2021,Q4,18,31498,0.571464854911423,
Inner South,TINs - Speeding,2022,Q1,13,32580,0.3990178023327195,
Inner South,TINs - Speeding,2022,Q2,8,32580,0.245549416820135,
Inner South,TINs - Speeding,2022,Q3,19,32580,0.5831798649478208,
Inner South,TINs - Speeding,2022,Q4,7,32580,0.2148557397176181,
Inner South,TINs - Speeding,2023,Q1,16,33702,0.4747492730401756,
Inner South,TINs - Speeding,2023,Q2,30,33702,0.8901548869503294,
Inner South,TINs - Speeding,2023,Q3,19,33702,0.5637647617352086,
Inner South,TINs - Speeding,2023,Q4,14,33702,0.4154056139101537,
Inner South,TINs - Speeding,2024,Q1,16,34408,0.4650081376424087,
Inner South,TINs - Speeding,2024,Q2,17,34408,0.4940711462450592,
Inner South,TINs - Speeding,2024,Q3,21,34408,0.6103231806556615,
Inner South,TINs - Speeding,2024,Q4,33,34408,0.959079283887468,
Inner South,TINs - Speeding,2025,Q1,33,34815,0.9478672985781992,
Inner South,TINs - Speeding,2025,Q2,27,34815,0.7755277897457993,
Inner South,Theft - Motor Vehicles,2014,Q1,22,26468,0.8311923832552516,
Inner South,Theft - Motor Vehicles,2014,Q2,32,26468,1.2090071029167295,
Inner South,Theft - Motor Vehicles,2014,Q3,11,26468,0.4155961916276258,
Inner South,Theft - Motor Vehicles,2014,Q4,29,26468,1.0956626870182862,
Inner South,Theft - Motor Vehicles,2015,Q1,35,27010,1.2958163643095149,
Inner South,Theft - Motor Vehicles,2015,Q2,39,27010,1.4439096630877453,
Inner South,Theft - Motor Vehicles,2015,Q3,33,27010,1.2217697149204,
Inner South,Theft - Motor Vehicles,2015,Q4,35,27010,1.2958163643095149,
Inner South,Theft - Motor Vehicles,2016,Q1,23,27757,0.8286198076160968,
Inner South,Theft - Motor Vehicles,2016,Q2,41,27757,1.4771048744460855,
Inner South,Theft - Motor Vehicles,2016,Q3,24,27757,0.8646467557733184,
Inner South,Theft - Motor Vehicles,2016,Q4,32,27757,1.1528623410310912,
Inner South,Theft - Motor Vehicles,2017,Q1,49,28992,1.690121412803532,
Inner South,Theft - Motor Vehicles,2017,Q2,48,28992,1.6556291390728477,
Inner South,Theft - Motor Vehicles,2017,Q3,37,28992,1.27621412803532,
Inner South,Theft - Motor Vehicles,2017,Q4,49,28992,1.690121412803532,
Inner South,Theft - Motor Vehicles,2018,Q1,53,29857,1.7751281106608163,
Inner South,Theft - Motor Vehicles,2018,Q2,38,29857,1.2727333623605854,
Inner South,Theft - Motor Vehicles,2018,Q3,66,29857,2.210536892521017,
Inner South,Theft - Motor Vehicles,2018,Q4,52,29857,1.7416351274408013,
Inner South,Theft - Motor Vehicles,2019,Q1,46,30576,1.5044479330193616,
Inner South,Theft - Motor Vehicles,2019,Q2,21,30576,0.6868131868131868,
Inner South,Theft - Motor Vehicles,2019,Q3,28,30576,0.9157509157509156,
Inner South,Theft - Motor Vehicles,2019,Q4,22,30576,0.7195185766614338,
Inner South,Theft - Motor Vehicles,2020,Q1,34,31091,1.093564053906275,
Inner South,Theft - Motor Vehicles,2020,Q2,24,31091,0.771927567463253,
Inner South,Theft - Motor Vehicles,2020,Q3,19,31091,0.6111093242417419,
Inner South,Theft - Motor Vehicles,2020,Q4,40,31091,1.2865459457720885,
Inner South,Theft - Motor Vehicles,2021,Q1,33,31498,1.0476855673376086,
Inner South,Theft - Motor Vehicles,2021,Q2,62,31498,1.9683789446949007,
Inner South,Theft - Motor Vehicles,2021,Q3,68,31498,2.1588672296653755,
Inner South,Theft - Motor Vehicles,2021,Q4,57,31498,1.809638707219506,
Inner South,Theft - Motor Vehicles,2022,Q1,45,32580,1.3812154696132597,
Inner South,Theft - Motor Vehicles,2022,Q2,48,32580,1.4732965009208103,
Inner South,Theft - Motor Vehicles,2022,Q3,53,32580,1.6267648864333948,
Inner South,Theft - Motor Vehicles,2022,Q4,28,32580,0.8594229588704727,
Inner South,Theft - Motor Vehicles,2023,Q1,18,33702,0.5340929321701976,
Inner South,Theft - Motor Vehicles,2023,Q2,11,33702,0.3263901252151208,
Inner South,Theft - Motor Vehicles,2023,Q3,40,33702,1.1868731826004393,
Inner South,Theft - Motor Vehicles,2023,Q4,41,33702,1.2165450121654502,
Inner South,Theft - Motor Vehicles,2024,Q1,49,34408,1.4240874215298769,
Inner South,Theft - Motor Vehicles,2024,Q2,31,34408,0.9009532666821668,
Inner South,Theft - Motor Vehicles,2024,Q3,23,34408,0.6684491978609626,
Inner South,Theft - Motor Vehicles,2024,Q4,33,34408,0.959079283887468,
Inner South,Theft - Motor Vehicles,2025,Q1,38,34815,1.0914835559385323,
Inner South,Theft - Motor Vehicles,2025,Q2,20,34815,0.5744650294413328,
Inner South,Theft - Other,2014,Q1,289,26468,10.918845398216714,
Inner South,Theft - Other,2014,Q2,300,26468,11.33444158984434,
Inner South,Theft - Other,2014,Q3,286,26468,10.805500982318271,
Inner South,Theft - Other,2014,Q4,307,26468,11.598911893607374,
Inner South,Theft - Other,2015,Q1,264,27010,9.7741577193632,
Inner South,Theft - Other,2015,Q2,439,27010,16.253239540910773,
Inner South,Theft - Other,2015,Q3,427,27010,15.80895964457608,
Inner South,Theft - Other,2015,Q4,486,27010,17.993335801554977,
Inner South,Theft - Other,2016,Q1,342,27757,12.321216269769788,
Inner South,Theft - Other,2016,Q2,428,27757,15.419533811290846,
Inner South,Theft - Other,2016,Q3,357,27757,12.861620492128113,
Inner South,Theft - Other,2016,Q4,359,27757,12.933674388442554,
Inner South,Theft - Other,2017,Q1,368,28992,12.693156732891833,
Inner South,Theft - Other,2017,Q2,374,28992,12.900110375275938,
Inner South,Theft - Other,2017,Q3,323,28992,11.141004415011038,
Inner South,Theft - Other,2017,Q4,400,28992,13.79690949227373,
Inner South,Theft - Other,2018,Q1,338,29857,11.320628328365208,
Inner South,Theft - Other,2018,Q2,398,29857,13.330207321566132,
Inner South,Theft - Other,2018,Q3,396,29857,13.2632213551261,
Inner South,Theft - Other,2018,Q4,293,29857,9.813444083464514,
Inner South,Theft - Other,2019,Q1,312,30576,10.20408163265306,
Inner South,Theft - Other,2019,Q2,220,30576,7.195185766614338,
Inner South,Theft - Other,2019,Q3,249,30576,8.1436420722135,
Inner South,Theft - Other,2019,Q4,286,30576,9.35374149659864,
Inner South,Theft - Other,2020,Q1,295,31091,9.488276350069151,
Inner South,Theft - Other,2020,Q2,164,31091,5.274838377665562,
Inner South,Theft - Other,2020,Q3,225,31091,7.236820944967997,
Inner South,Theft - Other,2020,Q4,233,31091,7.494130134122415,
Inner South,Theft - Other,2021,Q1,265,31498,8.41323258619595,
Inner South,Theft - Other,2021,Q2,343,31498,10.889580290812114,
Inner South,Theft - Other,2021,Q3,204,31498,6.476601688996126,
Inner South,Theft - Other,2021,Q4,247,31498,7.841767731284525,
Inner South,Theft - Other,2022,Q1,228,32580,6.99815837937385,
Inner South,Theft - Other,2022,Q2,305,32580,9.361571516267649,
Inner South,Theft - Other,2022,Q3,251,32580,7.704112952731737,
Inner South,Theft - Other,2022,Q4,152,32580,4.665438919582567,
Inner South,Theft - Other,2023,Q1,150,33702,4.450774434751647,
Inner South,Theft - Other,2023,Q2,156,33702,4.628805412141713,
Inner South,Theft - Other,2023,Q3,186,33702,5.5189602990920426,
Inner South,Theft - Other,2023,Q4,168,33702,4.984867366921844,
Inner South,Theft - Other,2024,Q1,182,34408,5.289467565682399,
Inner South,Theft - Other,2024,Q2,119,34408,3.458498023715415,
Inner South,Theft - Other,2024,Q3,143,34408,4.156010230179028,
Inner South,Theft - Other,2024,Q4,122,34408,3.5456870495233663,
Inner South,Theft - Other,2025,Q1,168,34815,4.825506247307196,
Inner South,Theft - Other,2025,Q2,149,34815,4.2797644693379295,
Molonglo District,Assault,2014,Q1,0,1065,0.0,
Molonglo District,Assault,2014,Q2,0,1065,0.0,
Molonglo District,Assault,2014,Q3,6,1065,5.633802816901409,
Molonglo District,Assault,2014,Q4,0,1065,0.0,
Molonglo District,Assault,2015,Q1,0,3098,0.0,
Molonglo District,Assault,2015,Q2,0,3098,0.0,
Molonglo District,Assault,2015,Q3,0,3098,0.0,
Molonglo District,Assault,2015,Q4,0,3098,0.0,
Molonglo District,Assault,2016,Q1,0,4579,0.0,
Molonglo District,Assault,2016,Q2,2,4579,0.4367765887748417,
Molonglo District,Assault,2016,Q3,1,4579,0.2183882943874208,
Molonglo District,Assault,2016,Q4,0,4579,0.0,
Molonglo District,Assault,2017,Q1,0,5789,0.0,
Molonglo District,Assault,2017,Q2,2,5789,0.3454828122300916,
Molonglo District,Assault,2017,Q3,1,5789,0.1727414061150458,
Molonglo District,Assault,2017,Q4,5,5789,0.8637070305752289,
Molonglo District,Assault,2018,Q1,0,6591,0.0,
Molonglo District,Assault,2018,Q2,1,6591,0.1517220452131694,
Molonglo District,Assault,2018,Q3,0,6591,0.0,
Molonglo District,Assault,2018,Q4,0,6591,0.0,
Molonglo District,Assault,2019,Q1,2,7233,0.2765104382690446,
Molonglo District,Assault,2019,Q2,2,7233,0.2765104382690446,
Molonglo District,Assault,2019,Q3,1,7233,0.1382552191345223,
Molonglo District,Assault,2019,Q4,2,7233,0.2765104382690446,
Molonglo District,Assault,2020,Q1,3,7925,0.3785488958990536,
Molonglo District,Assault,2020,Q2,0,7925,0.0,
Molonglo District,Assault,2020,Q3,6,7925,0.7570977917981073,
Molonglo District,Assault,2020,Q4,2,7925,0.252365930599369,
Molonglo District,Assault,2021,Q1,5,8643,0.5785028346638899,
Molonglo District,Assault,2021,Q2,2,8643,0.2314011338655559,
Molonglo District,Assault,2021,Q3,3,8643,0.3471017007983339,
Molonglo District,Assault,2021,Q4,1,8643,0.1157005669327779,
Molonglo District,Assault,2022,Q1,0,9155,0.0,
Molonglo District,Assault,2022,Q2,0,9155,0.0,
Molonglo District,Assault,2022,Q3,3,9155,0.3276897870016385,
Molonglo District,Assault,2022,Q4,2,9155,0.2184598580010923,
Molonglo District,Assault,2023,Q1,2,9780,0.2044989775051124,
Molonglo District,Assault,2023,Q2,1,9780,0.1022494887525562,
Molonglo District,Assault,2023,Q3,4,9780,0.4089979550102249,
Molonglo District,Assault,2023,Q4,6,9780,0.6134969325153374,
Molonglo District,Assault,2024,Q1,2,10337,0.1934797329979684,
Molonglo District,Assault,2024,Q2,2,10337,0.1934797329979684,
Molonglo District,Assault,2024,Q3,5,10337,0.4836993324949211,
Molonglo District,Assault,2024,Q4,1,10337,0.0967398664989842,
Molonglo District,Assault,2025,Q1,1,10916,0.0916086478563576,
Molonglo District,Assault,2025,Q2,3,10916,0.2748259435690729,
Molonglo District,Burglary - Dwellings,2014,Q1,0,1065,0.0,
Molonglo District,Burglary - Dwellings,2014,Q2,2,1065,1.8779342723004693,
Molonglo District,Burglary - Dwellings,2014,Q3,2,1065,1.8779342723004693,
Molonglo District,Burglary - Dwellings,2014,Q4,3,1065,2.8169014084507045,
Molonglo District,Burglary - Dwellings,2015,Q1,1,3098,0.3227888960619754,
Molonglo District,Burglary - Dwellings,2015,Q2,5,3098,1.6139444803098777,
Molonglo District,Burglary - Dwellings,2015,Q3,5,3098,1.6139444803098777,
Molonglo District,Burglary - Dwellings,2015,Q4,6,3098,1.9367333763718528,
Molonglo District,Burglary - Dwellings,2016,Q1,13,4579,2.839047827036471,
Molonglo District,Burglary - Dwellings,2016,Q2,11,4579,2.4022712382616294,
Molonglo District,Burglary - Dwellings,2016,Q3,15,4579,3.275824415811313,
Molonglo District,Burglary - Dwellings,2016,Q4,4,4579,0.8735531775496834,
Molonglo District,Burglary - Dwellings,2017,Q1,6,5789,1.0364484366902746,
Molonglo District,Burglary - Dwellings,2017,Q2,17,5789,2.9366039039557785,
Molonglo District,Burglary - Dwellings,2017,Q3,13,5789,2.245638279495595,
Molonglo District,Burglary - Dwellings,2017,Q4,11,5789,1.900155467265504,
Molonglo District,Burglary - Dwellings,2018,Q1,5,6591,0.7586102260658474,
Molonglo District,Burglary - Dwellings,2018,Q2,5,6591,0.7586102260658474,
Molonglo District,Burglary - Dwellings,2018,Q3,6,6591,0.9103322712790168,
Molonglo District,Burglary - Dwellings,2018,Q4,2,6591,0.3034440904263389,
Molonglo District,Burglary - Dwellings,2019,Q1,9,7233,1.2442969722107011,
Molonglo District,Burglary - Dwellings,2019,Q2,10,7233,1.3825521913452234,
Molonglo District,Burglary - Dwellings,2019,Q3,4,7233,0.5530208765380893,
Molonglo District,Burglary - Dwellings,2019,Q4,25,7233,3.4563804783630583,
Molonglo District,Burglary - Dwellings,2020,Q1,14,7925,1.7665615141955835,
Molonglo District,Burglary - Dwellings,2020,Q2,5,7925,0.6309148264984227,
Molonglo District,Burglary - Dwellings,2020,Q3,9,7925,1.135646687697161,
Molonglo District,Burglary - Dwellings,2020,Q4,7,7925,0.8832807570977919,
Molonglo District,Burglary - Dwellings,2021,Q1,4,8643,0.4628022677311118,
Molonglo District,Burglary - Dwellings,2021,Q2,1,8643,0.1157005669327779,
Molonglo District,Burglary - Dwellings,2021,Q3,1,8643,0.1157005669327779,
Molonglo District,Burglary - Dwellings,2021,Q4,4,8643,0.4628022677311118,
Molonglo District,Burglary - Dwellings,2022,Q1,7,9155,0.7646095030038231,
Molonglo District,Burglary - Dwellings,2022,Q2,4,9155,0.4369197160021846,
Molonglo District,Burglary - Dwellings,2022,Q3,5,9155,0.5461496450027308,
Molonglo District,Burglary - Dwellings,2022,Q4,4,9155,0.4369197160021846,
Molonglo District,Burglary - Dwellings,2023,Q1,2,9780,0.2044989775051124,
Molonglo District,Burglary - Dwellings,2023,Q2,4,9780,0.4089979550102249,
Molonglo District,Burglary - Dwellings,2023,Q3,2,9780,0.2044989775051124,
Molonglo District,Burglary - Dwellings,2023,Q4,4,9780,0.4089979550102249,
Molonglo District,Burglary - Dwellings,2024,Q1,14,10337,1.3543581309857793,
Molonglo District,Burglary - Dwellings,2024,Q2,5,10337,0.4836993324949211,
Molonglo District,Burglary - Dwellings,2024,Q3,1,10337,0.0967398664989842,
Molonglo District,Burglary - Dwellings,2024,Q4,6,10337,0.5804391989939054,
Molonglo District,Burglary - Dwellings,2025,Q1,4,10916,0.3664345914254305,
Molonglo District,Burglary - Dwellings,2025,Q2,1,10916,0.0916086478563576,
Molonglo District,Burglary - Other,2014,Q1,2,1065,1.8779342723004693,
Molonglo District,Burglary - Other,2014,Q2,0,1065,0.0,
Molonglo District,Burglary - Other,2014,Q3,0,1065,0.0,
Molonglo District,Burglary - Other,2014,Q4,1,1065,0.9389671361502347,
Molonglo District,Burglary - Other,2015,Q1,4,3098,1.291155584247902,
Molonglo District,Burglary - Other,2015,Q2,3,3098,0.9683666881859264,
Molonglo District,Burglary - Other,2015,Q3,2,3098,0.6455777921239509,
Molonglo District,Burglary - Other,2015,Q4,4,3098,1.291155584247902,
Molonglo District,Burglary - Other,2016,Q1,9,4579,1.9654946494867875,
Molonglo District,Burglary - Other,2016,Q2,10,4579,2.1838829438742087,
Molonglo District,Burglary - Other,2016,Q3,7,4579,1.528718060711946,
Molonglo District,Burglary - Other,2016,Q4,2,4579,0.4367765887748417,
Molonglo District,Burglary - Other,2017,Q1,1,5789,0.1727414061150458,
Molonglo District,Burglary - Other,2017,Q2,3,5789,0.5182242183451373,
Molonglo District,Burglary - Other,2017,Q3,7,5789,1.2091898428053205,
Molonglo District,Burglary - Other,2017,Q4,3,5789,0.5182242183451373,
Molonglo District,Burglary - Other,2018,Q1,2,6591,0.3034440904263389,
Molonglo District,Burglary - Other,2018,Q2,3,6591,0.4551661356395084,
Molonglo District,Burglary - Other,2018,Q3,1,6591,0.1517220452131694,
Molonglo District,Burglary - Other,2018,Q4,0,6591,0.0,
Molonglo District,Burglary - Other,2019,Q1,0,7233,0.0,
Molonglo District,Burglary - Other,2019,Q2,1,7233,0.1382552191345223,
Molonglo District,Burglary - Other,2019,Q3,2,7233,0.2765104382690446,
Molonglo District,Burglary - Other,2019,Q4,2,7233,0.2765104382690446,
Molonglo District,Burglary - Other,2020,Q1,6,7925,0.7570977917981073,
Molonglo District,Burglary - Other,2020,Q2,4,7925,0.5047318611987381,
Molonglo District,Burglary - Other,2020,Q3,3,7925,0.3785488958990536,
Molonglo District,Burglary - Other,2020,Q4,5,7925,0.6309148264984227,
Molonglo District,Burglary - Other,2021,Q1,4,8643,0.4628022677311118,
Molonglo District,Burglary - Other,2021,Q2,3,8643,0.3471017007983339,
Molonglo District,Burglary - Other,2021,Q3,3,8643,0.3471017007983339,
Molonglo District,Burglary - Other,2021,Q4,1,8643,0.1157005669327779,
Molonglo District,Burglary - Other,2022,Q1,1,9155,0.1092299290005461,
Molonglo District,Burglary - Other,2022,Q2,1,9155,0.1092299290005461,
Molonglo District,Burglary - Other,2022,Q3,0,9155,0.0,
Molonglo District,Burglary - Other,2022,Q4,2,9155,0.2184598580010923,
Molonglo District,Burglary - Other,2023,Q1,3,9780,0.3067484662576687,
Molonglo District,Burglary - Other,2023,Q2,4,9780,0.4089979550102249,
Molonglo District,Burglary - Other,2023,Q3,1,9780,0.1022494887525562,
Molonglo District,Burglary - Other,2023,Q4,2,9780,0.2044989775051124,
Molonglo District,Burglary - Other,2024,Q1,2,10337,0.1934797329979684,
Molonglo District,Burglary - Other,2024,Q2,1,10337,0.0967398664989842,
Molonglo District,Burglary - Other,2024,Q3,1,10337,0.0967398664989842,
Molonglo District,Burglary - Other,2024,Q4,3,10337,0.2902195994969527,
Molonglo District,Burglary - Other,2025,Q1,3,10916,0.2748259435690729,
Molonglo District,Burglary - Other,2025,Q2,3,10916,0.2748259435690729,
Molonglo District,Burglary - Shops,2014,Q1,0,1065,0.0,
Molonglo District,Burglary - Shops,2014,Q2,0,1065,0.0,
Molonglo District,Burglary - Shops,2014,Q3,0,1065,0.0,
Molonglo District,Burglary - Shops,2014,Q4,0,1065,0.0,
Molonglo District,Burglary - Shops,2015,Q1,0,3098,0.0,
Molonglo District,Burglary - Shops,2015,Q2,0,3098,0.0,
Molonglo District,Burglary - Shops,2015,Q3,0,3098,0.0,
Molonglo District,Burglary - Shops,2015,Q4,0,3098,0.0,
Molonglo District,Burglary - Shops,2016,Q1,0,4579,0.0,
Molonglo District,Burglary - Shops,2016,Q2,0,4579,0.0,
Molonglo District,Burglary - Shops,2016,Q3,0,4579,0.0,
Molonglo District,Burglary - Shops,2016,Q4,0,4579,0.0,
Molonglo District,Burglary - Shops,2017,Q1,0,5789,0.0,
Molonglo District,Burglary - Shops,2017,Q2,0,5789,0.0,
Molonglo District,Burglary - Shops,2017,Q3,0,5789,0.0,
Molonglo District,Burglary - Shops,2017,Q4,0,5789,0.0,
Molonglo District,Burglary - Shops,2018,Q1,0,6591,0.0,
Molonglo District,Burglary - Shops,2018,Q2,0,6591,0.0,
Molonglo District,Burglary - Shops,2018,Q3,0,6591,0.0,
Molonglo District,Burglary - Shops,2018,Q4,0,6591,0.0,
Molonglo District,Burglary - Shops,2019,Q1,0,7233,0.0,
Molonglo District,Burglary - Shops,2019,Q2,1,7233,0.1382552191345223,
Molonglo District,Burglary - Shops,2019,Q3,0,7233,0.0,
Molonglo District,Burglary - Shops,2019,Q4,0,7233,0.0,
Molonglo District,Burglary - Shops,2020,Q1,2,7925,0.252365930599369,
Molonglo District,Burglary - Shops,2020,Q2,0,7925,0.0,
Molonglo District,Burglary - Shops,2020,Q3,0,7925,0.0,
Molonglo District,Burglary - Shops,2020,Q4,0,7925,0.0,
Molonglo District,Burglary - Shops,2021,Q1,0,8643,0.0,
Molonglo District,Burglary - Shops,2021,Q2,0,8643,0.0,
Molonglo District,Burglary - Shops,2021,Q3,0,8643,0.0,
Molonglo District,Burglary - Shops,2021,Q4,0,8643,0.0,
Molonglo District,Burglary - Shops,2022,Q1,0,9155,0.0,
Molonglo District,Burglary - Shops,2022,Q2,1,9155,0.1092299290005461,
Molonglo District,Burglary - Shops,2022,Q3,0,9155,0.0,
Molonglo District,Burglary - Shops,2022,Q4,1,9155,0.1092299290005461,
Molonglo District,Burglary - Shops,2023,Q1,0,9780,0.0,
Molonglo District,Burglary - Shops,2023,Q2,0,9780,0.0,
Molonglo District,Burglary - Shops,2023,Q3,0,9780,0.0,
Molonglo District,Burglary - Shops,2023,Q4,4,9780,0.4089979550102249,
Molonglo District,Burglary - Shops,2024,Q1,0,10337,0.0,
Molonglo District,Burglary - Shops,2024,Q2,0,10337,0.0,
Molonglo District,Burglary - Shops,2024,Q3,1,10337,0.0967398664989842,
Molonglo District,Burglary - Shops,2024,Q4,3,10337,0.2902195994969527,
Molonglo District,Burglary - Shops,2025,Q1,0,10916,0.0,
Molonglo District,Burglary - Shops,2025,Q2,1,10916,0.0916086478563576,
Molonglo District,CINs,2014,Q1,0,1065,0.0,
Molonglo District,CINs,2014,Q2,0,1065,0.0,
Molonglo District,CINs,2014,Q3,0,1065,0.0,
Molonglo District,CINs,2014,Q4,0,1065,0.0,
Molonglo District,CINs,2015,Q1,0,3098,0.0,
Molonglo District,CINs,2015,Q2,0,3098,0.0,
Molonglo District,CINs,2015,Q3,0,3098,0.0,
Molonglo District,CINs,2015,Q4,0,3098,0.0,
Molonglo District,CINs,2016,Q1,0,4579,0.0,
Molonglo District,CINs,2016,Q2,0,4579,0.0,
Molonglo District,CINs,2016,Q3,0,4579,0.0,
Molonglo District,CINs,2016,Q4,0,4579,0.0,
Molonglo District,CINs,2017,Q1,0,5789,0.0,
Molonglo District,CINs,2017,Q2,0,5789,0.0,
Molonglo District,CINs,2017,Q3,0,5789,0.0,
Molonglo District,CINs,2017,Q4,0,5789,0.0,
Molonglo District,CINs,2018,Q1,0,6591,0.0,
Molonglo District,CINs,2018,Q2,0,6591,0.0,
Molonglo District,CINs,2018,Q3,0,6591,0.0,
Molonglo District,CINs,2018,Q4,0,6591,0.0,
Molonglo District,CINs,2019,Q1,0,7233,0.0,
Molonglo District,CINs,2019,Q2,0,7233,0.0,
Molonglo District,CINs,2019,Q3,0,7233,0.0,
Molonglo District,CINs,2019,Q4,0,7233,0.0,
Molonglo District,CINs,2020,Q1,0,7925,0.0,
Molonglo District,CINs,2020,Q2,0,7925,0.0,
Molonglo District,CINs,2020,Q3,0,7925,0.0,
Molonglo District,CINs,2020,Q4,0,7925,0.0,
Molonglo District,CINs,2021,Q1,0,8643,0.0,
Molonglo District,CINs,2021,Q2,0,8643,0.0,
Molonglo District,CINs,2021,Q3,1,8643,0.1157005669327779,
Molonglo District,CINs,2021,Q4,0,8643,0.0,
Molonglo District,CINs,2022,Q1,0,9155,0.0,
Molonglo District,CINs,2022,Q2,0,9155,0.0,
Molonglo District,CINs,2022,Q3,0,9155,0.0,
Molonglo District,CINs,2022,Q4,0,9155,0.0,
Molonglo District,CINs,2023,Q1,0,9780,0.0,
Molonglo District,CINs,2023,Q2,0,9780,0.0,
Molonglo District,CINs,2023,Q3,0,9780,0.0,
Molonglo District,CINs,2023,Q4,0,9780,0.0,
Molonglo District,CINs,2024,Q1,0,10337,0.0,
Molonglo District,CINs,2024,Q2,0,10337,0.0,
Molonglo District,CINs,2024,Q3,0,10337,0.0,
Molonglo District,CINs,2024,Q4,0,10337,0.0,
Molonglo District,CINs,2025,Q1,0,10916,0.0,
Molonglo District,CINs,2025,Q2,0,10916,0.0,
Molonglo District,Family Violence,2014,Q1,0,1065,0.0,
Molonglo District,Family Violence,2014,Q2,0,1065,0.0,
Molonglo District,Family Violence,2014,Q3,0,1065,0.0,
Molonglo District,Family Violence,2014,Q4,0,1065,0.0,
Molonglo District,Family Violence,2015,Q1,0,3098,0.0,
Molonglo District,Family Violence,2015,Q2,0,3098,0.0,
Molonglo District,Family Violence,2015,Q3,1,3098,0.3227888960619754,
Molonglo District,Family Violence,2015,Q4,0,3098,0.0,
Molonglo District,Family Violence,2016,Q1,1,4579,0.2183882943874208,
Molonglo District,Family Violence,2016,Q2,1,4579,0.2183882943874208,
Molonglo District,Family Violence,2016,Q3,6,4579,1.310329766324525,
Molonglo District,Family Violence,2016,Q4,3,4579,0.6551648831622625,
Molonglo District,Family Violence,2017,Q1,4,5789,0.6909656244601832,
Molonglo District,Family Violence,2017,Q2,6,5789,1.0364484366902746,
Molonglo District,Family Violence,2017,Q3,1,5789,0.1727414061150458,
Molonglo District,Family Violence,2017,Q4,9,5789,1.554672655035412,
Molonglo District,Family Violence,2018,Q1,1,6591,0.1517220452131694,
Molonglo District,Family Violence,2018,Q2,5,6591,0.7586102260658474,
Molonglo District,Family Violence,2018,Q3,1,6591,0.1517220452131694,
Molonglo District,Family Violence,2018,Q4,0,6591,0.0,
Molonglo District,Family Violence,2019,Q1,7,7233,0.9677865339416564,
Molonglo District,Family Violence,2019,Q2,7,7233,0.9677865339416564,
Molonglo District,Family Violence,2019,Q3,8,7233,1.1060417530761786,
Molonglo District,Family Violence,2019,Q4,4,7233,0.5530208765380893,
Molonglo District,Family Violence,2020,Q1,8,7925,1.0094637223974765,
Molonglo District,Family Violence,2020,Q2,2,7925,0.252365930599369,
Molonglo District,Family Violence,2020,Q3,2,7925,0.252365930599369,
Molonglo District,Family Violence,2020,Q4,6,7925,0.7570977917981073,
Molonglo District,Family Violence,2021,Q1,13,8643,1.5041073701261134,
Molonglo District,Family Violence,2021,Q2,8,8643,0.9256045354622237,
Molonglo District,Family Violence,2021,Q3,4,8643,0.4628022677311118,
Molonglo District,Family Violence,2021,Q4,5,8643,0.5785028346638899,
Molonglo District,Family Violence,2022,Q1,8,9155,0.8738394320043693,
Molonglo District,Family Violence,2022,Q2,2,9155,0.2184598580010923,
Molonglo District,Family Violence,2022,Q3,4,9155,0.4369197160021846,
Molonglo District,Family Violence,2022,Q4,3,9155,0.3276897870016385,
Molonglo District,Family Violence,2023,Q1,5,9780,0.5112474437627812,
Molonglo District,Family Violence,2023,Q2,7,9780,0.7157464212678937,
Molonglo District,Family Violence,2023,Q3,14,9780,1.4314928425357871,
Molonglo District,Family Violence,2023,Q4,10,9780,1.0224948875255624,
Molonglo District,Family Violence,2024,Q1,9,10337,0.8706587984908581,
Molonglo District,Family Violence,2024,Q2,4,10337,0.3869594659959369,
Molonglo District,Family Violence,2024,Q3,3,10337,0.2902195994969527,
Molonglo District,Family Violence,2024,Q4,7,10337,0.6771790654928896,
Molonglo District,Family Violence,2025,Q1,5,10916,0.4580432392817882,
Molonglo District,Family Violence,2025,Q2,5,10916,0.4580432392817882,
Molonglo District,Homicide,2014,Q1,0,1065,0.0,
Molonglo District,Homicide,2014,Q2,0,1065,0.0,
Molonglo District,Homicide,2014,Q3,0,1065,0.0,
Molonglo District,Homicide,2014,Q4,0,1065,0.0,
Molonglo District,Homicide,2015,Q1,0,3098,0.0,
Molonglo District,Homicide,2015,Q2,0,3098,0.0,
Molonglo District,Homicide,2015,Q3,0,3098,0.0,
Molonglo District,Homicide,2015,Q4,0,3098,0.0,
Molonglo District,Homicide,2016,Q1,0,4579,0.0,
Molonglo District,Homicide,2016,Q2,0,4579,0.0,
Molonglo District,Homicide,2016,Q3,0,4579,0.0,
Molonglo District,Homicide,2016,Q4,0,4579,0.0,
Molonglo District,Homicide,2017,Q1,0,5789,0.0,
Molonglo District,Homicide,2017,Q2,0,5789,0.0,
Molonglo District,Homicide,2017,Q3,0,5789,0.0,
Molonglo District,Homicide,2017,Q4,0,5789,0.0,
Molonglo District,Homicide,2018,Q1,0,6591,0.0,
Molonglo District,Homicide,2018,Q2,0,6591,0.0,
Molonglo District,Homicide,2018,Q3,0,6591,0.0,
Molonglo District,Homicide,2018,Q4,0,6591,0.0,
Molonglo District,Homicide,2019,Q1,0,7233,0.0,
Molonglo District,Homicide,2019,Q2,0,7233,0.0,
Molonglo District,Homicide,2019,Q3,0,7233,0.0,
Molonglo District,Homicide,2019,Q4,0,7233,0.0,
Molonglo District,Homicide,2020,Q1,0,7925,0.0,
Molonglo District,Homicide,2020,Q2,0,7925,0.0,
Molonglo District,Homicide,2020,Q3,0,7925,0.0,
Molonglo District,Homicide,2020,Q4,0,7925,0.0,
Molonglo District,Homicide,2021,Q1,0,8643,0.0,
Molonglo District,Homicide,2021,Q2,0,8643,0.0,
Molonglo District,Homicide,2021,Q3,0,8643,0.0,
Molonglo District,Homicide,2021,Q4,0,8643,0.0,
Molonglo District,Homicide,2022,Q1,0,9155,0.0,
Molonglo District,Homicide,2022,Q2,0,9155,0.0,
Molonglo District,Homicide,2022,Q3,0,9155,0.0,
Molonglo District,Homicide,2022,Q4,0,9155,0.0,
Molonglo District,Homicide,2023,Q1,0,9780,0.0,
Molonglo District,Homicide,2023,Q2,0,9780,0.0,
Molonglo District,Homicide,2023,Q3,0,9780,0.0,
Molonglo District,Homicide,2023,Q4,0,9780,0.0,
Molonglo District,Homicide,2024,Q1,0,10337,0.0,
Molonglo District,Homicide,2024,Q2,0,10337,0.0,
Molonglo District,Homicide,2024,Q3,0,10337,0.0,
Molonglo District,Homicide,2024,Q4,0,10337,0.0,
Molonglo District,Homicide,2025,Q1,0,10916,0.0,
Molonglo District,Homicide,2025,Q2,0,10916,0.0,
Molonglo District,Other,2014,Q1,1,1065,0.9389671361502347,
Molonglo District,Other,2014,Q2,4,1065,3.755868544600939,
Molonglo District,Other,2014,Q3,3,1065,2.8169014084507045,
Molonglo District,Other,2014,Q4,2,1065,1.8779342723004693,
Molonglo District,Other,2015,Q1,6,3098,1.9367333763718528,
Molonglo District,Other,2015,Q2,9,3098,2.905100064557779,
Molonglo District,Other,2015,Q3,4,3098,1.291155584247902,
Molonglo District,Other,2015,Q4,9,3098,2.905100064557779,
Molonglo District,Other,2016,Q1,9,4579,1.9654946494867875,
Molonglo District,Other,2016,Q2,20,4579,4.367765887748417,
Molonglo District,Other,2016,Q3,14,4579,3.057436121423892,
Molonglo District,Other,2016,Q4,8,4579,1.7471063550993668,
Molonglo District,Other,2017,Q1,29,5789,5.009500777336328,
Molonglo District,Other,2017,Q2,10,5789,1.7274140611504578,
Molonglo District,Other,2017,Q3,46,5789,7.946104681292106,
Molonglo District,Other,2017,Q4,37,5789,6.391432026256694,
Molonglo District,Other,2018,Q1,17,6591,2.579274768623881,
Molonglo District,Other,2018,Q2,35,6591,5.310271582460931,
Molonglo District,Other,2018,Q3,25,6591,3.793051130329237,
Molonglo District,Other,2018,Q4,28,6591,4.248217265968745,
Molonglo District,Other,2019,Q1,13,7233,1.7973178487487904,
Molonglo District,Other,2019,Q2,17,7233,2.35033872528688,
Molonglo District,Other,2019,Q3,28,7233,3.8711461357666255,
Molonglo District,Other,2019,Q4,27,7233,3.732890916632103,
Molonglo District,Other,2020,Q1,20,7925,2.5236593059936907,
Molonglo District,Other,2020,Q2,22,7925,2.77602523659306,
Molonglo District,Other,2020,Q3,16,7925,2.018927444794953,
Molonglo District,Other,2020,Q4,24,7925,3.0283911671924293,
Molonglo District,Other,2021,Q1,25,8643,2.892514173319449,
Molonglo District,Other,2021,Q2,20,8643,2.3140113386555594,
Molonglo District,Other,2021,Q3,22,8643,2.545412472521116,
Molonglo District,Other,2021,Q4,24,8643,2.776813606386672,
Molonglo District,Other,2022,Q1,36,9155,3.9322774440196615,
Molonglo District,Other,2022,Q2,20,9155,2.184598580010923,
Molonglo District,Other,2022,Q3,20,9155,2.184598580010923,
Molonglo District,Other,2022,Q4,26,9155,2.8399781540142,
Molonglo District,Other,2023,Q1,20,9780,2.044989775051125,
Molonglo District,Other,2023,Q2,22,9780,2.2494887525562373,
Molonglo District,Other,2023,Q3,23,9780,2.351738241308793,
Molonglo District,Other,2023,Q4,28,9780,2.8629856850715747,
Molonglo District,Other,2024,Q1,20,10337,1.9347973299796848,
Molonglo District,Other,2024,Q2,14,10337,1.3543581309857793,
Molonglo District,Other,2024,Q3,25,10337,2.418496662474606,
Molonglo District,Other,2024,Q4,42,10337,4.063074392957338,
Molonglo District,Other,2025,Q1,33,10916,3.023085379259802,
Molonglo District,Other,2025,Q2,23,10916,2.106998900696225,
Molonglo District,Other - Against A Person,2014,Q1,0,1065,0.0,
Molonglo District,Other - Against A Person,2014,Q2,0,1065,0.0,
Molonglo District,Other - Against A Person,2014,Q3,0,1065,0.0,
Molonglo District,Other - Against A Person,2014,Q4,1,1065,0.9389671361502347,
Molonglo District,Other - Against A Person,2015,Q1,0,3098,0.0,
Molonglo District,Other - Against A Person,2015,Q2,0,3098,0.0,
Molonglo District,Other - Against A Person,2015,Q3,2,3098,0.6455777921239509,
Molonglo District,Other - Against A Person,2015,Q4,0,3098,0.0,
Molonglo District,Other - Against A Person,2016,Q1,1,4579,0.2183882943874208,
Molonglo District,Other - Against A Person,2016,Q2,0,4579,0.0,
Molonglo District,Other - Against A Person,2016,Q3,0,4579,0.0,
Molonglo District,Other - Against A Person,2016,Q4,5,4579,1.0919414719371043,
Molonglo District,Other - Against A Person,2017,Q1,2,5789,0.3454828122300916,
Molonglo District,Other - Against A Person,2017,Q2,1,5789,0.1727414061150458,
Molonglo District,Other - Against A Person,2017,Q3,0,5789,0.0,
Molonglo District,Other - Against A Person,2017,Q4,0,5789,0.0,
Molonglo District,Other - Against A Person,2018,Q1,1,6591,0.1517220452131694,
Molonglo District,Other - Against A Person,2018,Q2,2,6591,0.3034440904263389,
Molonglo District,Other - Against A Person,2018,Q3,2,6591,0.3034440904263389,
Molonglo District,Other - Against A Person,2018,Q4,0,6591,0.0,
Molonglo District,Other - Against A Person,2019,Q1,1,7233,0.1382552191345223,
Molonglo District,Other - Against A Person,2019,Q2,0,7233,0.0,
Molonglo District,Other - Against A Person,2019,Q3,1,7233,0.1382552191345223,
Molonglo District,Other - Against A Person,2019,Q4,0,7233,0.0,
Molonglo District,Other - Against A Person,2020,Q1,1,7925,0.1261829652996845,
Molonglo District,Other - Against A Person,2020,Q2,1,7925,0.1261829652996845,
Molonglo District,Other - Against A Person,2020,Q3,1,7925,0.1261829652996845,
Molonglo District,Other - Against A Person,2020,Q4,0,7925,0.0,
Molonglo District,Other - Against A Person,2021,Q1,2,8643,0.2314011338655559,
Molonglo District,Other - Against A Person,2021,Q2,0,8643,0.0,
Molonglo District,Other - Against A Person,2021,Q3,0,8643,0.0,
Molonglo District,Other - Against A Person,2021,Q4,2,8643,0.2314011338655559,
Molonglo District,Other - Against A Person,2022,Q1,4,9155,0.4369197160021846,
Molonglo District,Other - Against A Person,2022,Q2,0,9155,0.0,
Molonglo District,Other - Against A Person,2022,Q3,1,9155,0.1092299290005461,
Molonglo District,Other - Against A Person,2022,Q4,1,9155,0.1092299290005461,
Molonglo District,Other - Against A Person,2023,Q1,1,9780,0.1022494887525562,
Molonglo District,Other - Against A Person,2023,Q2,4,9780,0.4089979550102249,
Molonglo District,Other - Against A Person,2023,Q3,3,9780,0.3067484662576687,
Molonglo District,Other - Against A Person,2023,Q4,4,9780,0.4089979550102249,
Molonglo District,Other - Against A Person,2024,Q1,1,10337,0.0967398664989842,
Molonglo District,Other - Against A Person,2024,Q2,2,10337,0.1934797329979684,
Molonglo District,Other - Against A Person,2024,Q3,0,10337,0.0,
Molonglo District,Other - Against A Person,2024,Q4,1,10337,0.0967398664989842,
Molonglo District,Other - Against A Person,2025,Q1,1,10916,0.0916086478563576,
Molonglo District,Other - Against A Person,2025,Q2,1,10916,0.0916086478563576,
Molonglo District,Property Damage,2014,Q1,2,1065,1.8779342723004693,
Molonglo District,Property Damage,2014,Q2,0,1065,0.0,
Molonglo District,Property Damage,2014,Q3,3,1065,2.8169014084507045,
Molonglo District,Property Damage,2014,Q4,3,1065,2.8169014084507045,
Molonglo District,Property Damage,2015,Q1,5,3098,1.6139444803098777,
Molonglo District,Property Damage,2015,Q2,5,3098,1.6139444803098777,
Molonglo District,Property Damage,2015,Q3,23,3098,7.424144609425436,
Molonglo District,Property Damage,2015,Q4,8,3098,2.582311168495804,
Molonglo District,Property Damage,2016,Q1,11,4579,2.4022712382616294,
Molonglo District,Property Damage,2016,Q2,15,4579,3.275824415811313,
Molonglo District,Property Damage,2016,Q3,27,4579,5.896483948460363,
Molonglo District,Property Damage,2016,Q4,10,4579,2.1838829438742087,
Molonglo District,Property Damage,2017,Q1,24,5789,4.145793746761099,
Molonglo District,Property Damage,2017,Q2,14,5789,2.418379685610641,
Molonglo District,Property Damage,2017,Q3,32,5789,5.527724995681465,
Molonglo District,Property Damage,2017,Q4,15,5789,2.591121091725687,
Molonglo District,Property Damage,2018,Q1,8,6591,1.213776361705356,
Molonglo District,Property Damage,2018,Q2,10,6591,1.5172204521316948,
Molonglo District,Property Damage,2018,Q3,19,6591,2.88271885905022,
Molonglo District,Property Damage,2018,Q4,15,6591,2.275830678197542,
Molonglo District,Property Damage,2019,Q1,13,7233,1.7973178487487904,
Molonglo District,Property Damage,2019,Q2,33,7233,4.562422231439237,
Molonglo District,Property Damage,2019,Q3,15,7233,2.073828287017835,
Molonglo District,Property Damage,2019,Q4,23,7233,3.1798700400940136,
Molonglo District,Property Damage,2020,Q1,22,7925,2.77602523659306,
Molonglo District,Property Damage,2020,Q2,10,7925,1.2618296529968454,
Molonglo District,Property Damage,2020,Q3,18,7925,2.271293375394322,
Molonglo District,Property Damage,2020,Q4,17,7925,2.145110410094637,
Molonglo District,Property Damage,2021,Q1,25,8643,2.892514173319449,
Molonglo District,Property Damage,2021,Q2,25,8643,2.892514173319449,
Molonglo District,Property Damage,2021,Q3,12,8643,1.3884068031933356,
Molonglo District,Property Damage,2021,Q4,10,8643,1.1570056693277797,
Molonglo District,Property Damage,2022,Q1,12,9155,1.310759148006554,
Molonglo District,Property Damage,2022,Q2,11,9155,1.2015292190060076,
Molonglo District,Property Damage,2022,Q3,8,9155,0.8738394320043693,
Molonglo District,Property Damage,2022,Q4,6,9155,0.655379574003277,
Molonglo District,Property Damage,2023,Q1,7,9780,0.7157464212678937,
Molonglo District,Property Damage,2023,Q2,12,9780,1.2269938650306749,
Molonglo District,Property Damage,2023,Q3,14,9780,1.4314928425357871,
Molonglo District,Property Damage,2023,Q4,23,9780,2.351738241308793,
Molonglo District,Property Damage,2024,Q1,11,10337,1.0641385314888263,
Molonglo District,Property Damage,2024,Q2,15,10337,1.4510979974847635,
Molonglo District,Property Damage,2024,Q3,9,10337,0.8706587984908581,
Molonglo District,Property Damage,2024,Q4,13,10337,1.257618264486795,
Molonglo District,Property Damage,2025,Q1,10,10916,0.9160864785635764,
Molonglo District,Property Damage,2025,Q2,5,10916,0.4580432392817882,
Molonglo District,Robbery - Armed,2014,Q1,0,1065,0.0,
Molonglo District,Robbery - Armed,2014,Q2,0,1065,0.0,
Molonglo District,Robbery - Armed,2014,Q3,0,1065,0.0,
Molonglo District,Robbery - Armed,2014,Q4,0,1065,0.0,
Molonglo District,Robbery - Armed,2015,Q1,0,3098,0.0,
Molonglo District,Robbery - Armed,2015,Q2,0,3098,0.0,
Molonglo District,Robbery - Armed,2015,Q3,0,3098,0.0,
Molonglo District,Robbery - Armed,2015,Q4,0,3098,0.0,
Molonglo District,Robbery - Armed,2016,Q1,0,4579,0.0,
Molonglo District,Robbery - Armed,2016,Q2,0,4579,0.0,
Molonglo District,Robbery - Armed,2016,Q3,0,4579,0.0,
Molonglo District,Robbery - Armed,2016,Q4,0,4579,0.0,
Molonglo District,Robbery - Armed,2017,Q1,0,5789,0.0,
Molonglo District,Robbery - Armed,2017,Q2,0,5789,0.0,
Molonglo District,Robbery - Armed,2017,Q3,0,5789,0.0,
Molonglo District,Robbery - Armed,2017,Q4,0,5789,0.0,
Molonglo District,Robbery - Armed,2018,Q1,1,6591,0.1517220452131694,
Molonglo District,Robbery - Armed,2018,Q2,0,6591,0.0,
Molonglo District,Robbery - Armed,2018,Q3,0,6591,0.0,
Molonglo District,Robbery - Armed,2018,Q4,0,6591,0.0,
Molonglo District,Robbery - Armed,2019,Q1,0,7233,0.0,
Molonglo District,Robbery - Armed,2019,Q2,0,7233,0.0,
Molonglo District,Robbery - Armed,2019,Q3,0,7233,0.0,
Molonglo District,Robbery - Armed,2019,Q4,0,7233,0.0,
Molonglo District,Robbery - Armed,2020,Q1,0,7925,0.0,
Molonglo District,Robbery - Armed,2020,Q2,0,7925,0.0,
Molonglo District,Robbery - Armed,2020,Q3,0,7925,0.0,
Molonglo District,Robbery - Armed,2020,Q4,0,7925,0.0,
Molonglo District,Robbery - Armed,2021,Q1,0,8643,0.0,
Molonglo District,Robbery - Armed,2021,Q2,0,8643,0.0,
Molonglo District,Robbery - Armed,2021,Q3,0,8643,0.0,
Molonglo District,Robbery - Armed,2021,Q4,0,8643,0.0,
Molonglo District,Robbery - Armed,2022,Q1,0,9155,0.0,
Molonglo District,Robbery - Armed,2022,Q2,1,9155,0.1092299290005461,
Molonglo District,Robbery - Armed,2022,Q3,0,9155,0.0,
Molonglo District,Robbery - Armed,2022,Q4,0,9155,0.0,
Molonglo District,Robbery - Armed,2023,Q1,0,9780,0.0,
Molonglo District,Robbery - Armed,2023,Q2,0,9780,0.0,
Molonglo District,Robbery - Armed,2023,Q3,0,9780,0.0,
Molonglo District,Robbery - Armed,2023,Q4,1,9780,0.1022494887525562,
Molonglo District,Robbery - Armed,2024,Q1,0,10337,0.0,
Molonglo District,Robbery - Armed,2024,Q2,0,10337,0.0,
Molonglo District,Robbery - Armed,2024,Q3,0,10337,0.0,
Molonglo District,Robbery - Armed,2024,Q4,0,10337,0.0,
Molonglo District,Robbery - Armed,2025,Q1,0,10916,0.0,
Molonglo District,Robbery - Armed,2025,Q2,0,10916,0.0,
Molonglo District,Robbery - Other,2014,Q1,0,1065,0.0,
Molonglo District,Robbery - Other,2014,Q2,0,1065,0.0,
Molonglo District,Robbery - Other,2014,Q3,0,1065,0.0,
Molonglo District,Robbery - Other,2014,Q4,0,1065,0.0,
Molonglo District,Robbery - Other,2015,Q1,0,3098,0.0,
Molonglo District,Robbery - Other,2015,Q2,0,3098,0.0,
Molonglo District,Robbery - Other,2015,Q3,0,3098,0.0,
Molonglo District,Robbery - Other,2015,Q4,0,3098,0.0,
Molonglo District,Robbery - Other,2016,Q1,0,4579,0.0,
Molonglo District,Robbery - Other,2016,Q2,0,4579,0.0,
Molonglo District,Robbery - Other,2016,Q3,0,4579,0.0,
Molonglo District,Robbery - Other,2016,Q4,0,4579,0.0,
Molonglo District,Robbery - Other,2017,Q1,0,5789,0.0,
Molonglo District,Robbery - Other,2017,Q2,0,5789,0.0,
Molonglo District,Robbery - Other,2017,Q3,0,5789,0.0,
Molonglo District,Robbery - Other,2017,Q4,0,5789,0.0,
Molonglo District,Robbery - Other,2018,Q1,0,6591,0.0,
Molonglo District,Robbery - Other,2018,Q2,0,6591,0.0,
Molonglo District,Robbery - Other,2018,Q3,0,6591,0.0,
Molonglo District,Robbery - Other,2018,Q4,0,6591,0.0,
Molonglo District,Robbery - Other,2019,Q1,0,7233,0.0,
Molonglo District,Robbery - Other,2019,Q2,0,7233,0.0,
Molonglo District,Robbery - Other,2019,Q3,0,7233,0.0,
Molonglo District,Robbery - Other,2019,Q4,0,7233,0.0,
Molonglo District,Robbery - Other,2020,Q1,2,7925,0.252365930599369,
Molonglo District,Robbery - Other,2020,Q2,0,7925,0.0,
Molonglo District,Robbery - Other,2020,Q3,1,7925,0.1261829652996845,
Molonglo District,Robbery - Other,2020,Q4,0,7925,0.0,
Molonglo District,Robbery - Other,2021,Q1,1,8643,0.1157005669327779,
Molonglo District,Robbery - Other,2021,Q2,0,8643,0.0,
Molonglo District,Robbery - Other,2021,Q3,0,8643,0.0,
Molonglo District,Robbery - Other,2021,Q4,0,8643,0.0,
Molonglo District,Robbery - Other,2022,Q1,0,9155,0.0,
Molonglo District,Robbery - Other,2022,Q2,0,9155,0.0,
Molonglo District,Robbery - Other,2022,Q3,0,9155,0.0,
Molonglo District,Robbery - Other,2022,Q4,0,9155,0.0,
Molonglo District,Robbery - Other,2023,Q1,0,9780,0.0,
Molonglo District,Robbery - Other,2023,Q2,1,9780,0.1022494887525562,
Molonglo District,Robbery - Other,2023,Q3,0,9780,0.0,
Molonglo District,Robbery - Other,2023,Q4,0,9780,0.0,
Molonglo District,Robbery - Other,2024,Q1,0,10337,0.0,
Molonglo District,Robbery - Other,2024,Q2,0,10337,0.0,
Molonglo District,Robbery - Other,2024,Q3,0,10337,0.0,
Molonglo District,Robbery - Other,2024,Q4,0,10337,0.0,
Molonglo District,Robbery - Other,2025,Q1,0,10916,0.0,
Molonglo District,Robbery - Other,2025,Q2,0,10916,0.0,
Molonglo District,Sexual Assault,2014,Q1,0,1065,0.0,
Molonglo District,Sexual Assault,2014,Q2,0,1065,0.0,
Molonglo District,Sexual Assault,2014,Q3,0,1065,0.0,
Molonglo District,Sexual Assault,2014,Q4,0,1065,0.0,
Molonglo District,Sexual Assault,2015,Q1,0,3098,0.0,
Molonglo District,Sexual Assault,2015,Q2,0,3098,0.0,
Molonglo District,Sexual Assault,2015,Q3,0,3098,0.0,
Molonglo District,Sexual Assault,2015,Q4,0,3098,0.0,
Molonglo District,Sexual Assault,2016,Q1,0,4579,0.0,
Molonglo District,Sexual Assault,2016,Q2,0,4579,0.0,
Molonglo District,Sexual Assault,2016,Q3,0,4579,0.0,
Molonglo District,Sexual Assault,2016,Q4,9,4579,1.9654946494867875,
Molonglo District,Sexual Assault,2017,Q1,0,5789,0.0,
Molonglo District,Sexual Assault,2017,Q2,0,5789,0.0,
Molonglo District,Sexual Assault,2017,Q3,1,5789,0.1727414061150458,
Molonglo District,Sexual Assault,2017,Q4,0,5789,0.0,
Molonglo District,Sexual Assault,2018,Q1,0,6591,0.0,
Molonglo District,Sexual Assault,2018,Q2,0,6591,0.0,
Molonglo District,Sexual Assault,2018,Q3,0,6591,0.0,
Molonglo District,Sexual Assault,2018,Q4,0,6591,0.0,
Molonglo District,Sexual Assault,2019,Q1,0,7233,0.0,
Molonglo District,Sexual Assault,2019,Q2,1,7233,0.1382552191345223,
Molonglo District,Sexual Assault,2019,Q3,4,7233,0.5530208765380893,
Molonglo District,Sexual Assault,2019,Q4,1,7233,0.1382552191345223,
Molonglo District,Sexual Assault,2020,Q1,0,7925,0.0,
Molonglo District,Sexual Assault,2020,Q2,0,7925,0.0,
Molonglo District,Sexual Assault,2020,Q3,3,7925,0.3785488958990536,
Molonglo District,Sexual Assault,2020,Q4,1,7925,0.1261829652996845,
Molonglo District,Sexual Assault,2021,Q1,1,8643,0.1157005669327779,
Molonglo District,Sexual Assault,2021,Q2,2,8643,0.2314011338655559,
Molonglo District,Sexual Assault,2021,Q3,2,8643,0.2314011338655559,
Molonglo District,Sexual Assault,2021,Q4,0,8643,0.0,
Molonglo District,Sexual Assault,2022,Q1,3,9155,0.3276897870016385,
Molonglo District,Sexual Assault,2022,Q2,3,9155,0.3276897870016385,
Molonglo District,Sexual Assault,2022,Q3,0,9155,0.0,
Molonglo District,Sexual Assault,2022,Q4,0,9155,0.0,
Molonglo District,Sexual Assault,2023,Q1,2,9780,0.2044989775051124,
Molonglo District,Sexual Assault,2023,Q2,1,9780,0.1022494887525562,
Molonglo District,Sexual Assault,2023,Q3,0,9780,0.0,
Molonglo District,Sexual Assault,2023,Q4,0,9780,0.0,
Molonglo District,Sexual Assault,2024,Q1,0,10337,0.0,
Molonglo District,Sexual Assault,2024,Q2,9,10337,0.8706587984908581,
Molonglo District,Sexual Assault,2024,Q3,1,10337,0.0967398664989842,
Molonglo District,Sexual Assault,2024,Q4,2,10337,0.1934797329979684,
Molonglo District,Sexual Assault,2025,Q1,0,10916,0.0,
Molonglo District,Sexual Assault,2025,Q2,0,10916,0.0,
Molonglo District,TINs - Mobile Use,2014,Q1,0,1065,0.0,
Molonglo District,TINs - Mobile Use,2014,Q2,1,1065,0.9389671361502347,
Molonglo District,TINs - Mobile Use,2014,Q3,1,1065,0.9389671361502347,
Molonglo District,TINs - Mobile Use,2014,Q4,1,1065,0.9389671361502347,
Molonglo District,TINs - Mobile Use,2015,Q1,1,3098,0.3227888960619754,
Molonglo District,TINs - Mobile Use,2015,Q2,2,3098,0.6455777921239509,
Molonglo District,TINs - Mobile Use,2015,Q3,0,3098,0.0,
Molonglo District,TINs - Mobile Use,2015,Q4,1,3098,0.3227888960619754,
Molonglo District,TINs - Mobile Use,2016,Q1,1,4579,0.2183882943874208,
Molonglo District,TINs - Mobile Use,2016,Q2,0,4579,0.0,
Molonglo District,TINs - Mobile Use,2016,Q3,1,4579,0.2183882943874208,
Molonglo District,TINs - Mobile Use,2016,Q4,0,4579,0.0,
Molonglo District,TINs - Mobile Use,2017,Q1,3,5789,0.5182242183451373,
Molonglo District,TINs - Mobile Use,2017,Q2,3,5789,0.5182242183451373,
Molonglo District,TINs - Mobile Use,2017,Q3,0,5789,0.0,
Molonglo District,TINs - Mobile Use,2017,Q4,1,5789,0.1727414061150458,
Molonglo District,TINs - Mobile Use,2018,Q1,1,6591,0.1517220452131694,
Molonglo District,TINs - Mobile Use,2018,Q2,1,6591,0.1517220452131694,
Molonglo District,TINs - Mobile Use,2018,Q3,2,6591,0.3034440904263389,
Molonglo District,TINs - Mobile Use,2018,Q4,0,6591,0.0,
Molonglo District,TINs - Mobile Use,2019,Q1,0,7233,0.0,
Molonglo District,TINs - Mobile Use,2019,Q2,0,7233,0.0,
Molonglo District,TINs - Mobile Use,2019,Q3,0,7233,0.0,
Molonglo District,TINs - Mobile Use,2019,Q4,2,7233,0.2765104382690446,
Molonglo District,TINs - Mobile Use,2020,Q1,1,7925,0.1261829652996845,
Molonglo District,TINs - Mobile Use,2020,Q2,0,7925,0.0,
Molonglo District,TINs - Mobile Use,2020,Q3,1,7925,0.1261829652996845,
Molonglo District,TINs - Mobile Use,2020,Q4,0,7925,0.0,
Molonglo District,TINs - Mobile Use,2021,Q1,0,8643,0.0,
Molonglo District,TINs - Mobile Use,2021,Q2,1,8643,0.1157005669327779,
Molonglo District,TINs - Mobile Use,2021,Q3,0,8643,0.0,
Molonglo District,TINs - Mobile Use,2021,Q4,0,8643,0.0,
Molonglo District,TINs - Mobile Use,2022,Q1,1,9155,0.1092299290005461,
Molonglo District,TINs - Mobile Use,2022,Q2,1,9155,0.1092299290005461,
Molonglo District,TINs - Mobile Use,2022,Q3,1,9155,0.1092299290005461,
Molonglo District,TINs - Mobile Use,2022,Q4,0,9155,0.0,
Molonglo District,TINs - Mobile Use,2023,Q1,1,9780,0.1022494887525562,
Molonglo District,TINs - Mobile Use,2023,Q2,0,9780,0.0,
Molonglo District,TINs - Mobile Use,2023,Q3,1,9780,0.1022494887525562,
Molonglo District,TINs - Mobile Use,2023,Q4,0,9780,0.0,
Molonglo District,TINs - Mobile Use,2024,Q1,0,10337,0.0,
Molonglo District,TINs - Mobile Use,2024,Q2,0,10337,0.0,
Molonglo District,TINs - Mobile Use,2024,Q3,0,10337,0.0,
Molonglo District,TINs - Mobile Use,2024,Q4,0,10337,0.0,
Molonglo District,TINs - Mobile Use,2025,Q1,0,10916,0.0,
Molonglo District,TINs - Mobile Use,2025,Q2,0,10916,0.0,
Molonglo District,TINs - Other,2014,Q1,2,1065,1.8779342723004693,
Molonglo District,TINs - Other,2014,Q2,2,1065,1.8779342723004693,
Molonglo District,TINs - Other,2014,Q3,2,1065,1.8779342723004693,
Molonglo District,TINs - Other,2014,Q4,2,1065,1.8779342723004693,
Molonglo District,TINs - Other,2015,Q1,7,3098,2.2595222724338284,
Molonglo District,TINs - Other,2015,Q2,6,3098,1.9367333763718528,
Molonglo District,TINs - Other,2015,Q3,17,3098,5.487411233053583,
Molonglo District,TINs - Other,2015,Q4,8,3098,2.582311168495804,
Molonglo District,TINs - Other,2016,Q1,4,4579,0.8735531775496834,
Molonglo District,TINs - Other,2016,Q2,7,4579,1.528718060711946,
Molonglo District,TINs - Other,2016,Q3,15,4579,3.275824415811313,
Molonglo District,TINs - Other,2016,Q4,11,4579,2.4022712382616294,
Molonglo District,TINs - Other,2017,Q1,9,5789,1.554672655035412,
Molonglo District,TINs - Other,2017,Q2,6,5789,1.0364484366902746,
Molonglo District,TINs - Other,2017,Q3,14,5789,2.418379685610641,
Molonglo District,TINs - Other,2017,Q4,11,5789,1.900155467265504,
Molonglo District,TINs - Other,2018,Q1,11,6591,1.668942497344864,
Molonglo District,TINs - Other,2018,Q2,18,6591,2.7309968138370504,
Molonglo District,TINs - Other,2018,Q3,13,6591,1.972386587771203,
Molonglo District,TINs - Other,2018,Q4,12,6591,1.8206645425580337,
Molonglo District,TINs - Other,2019,Q1,10,7233,1.3825521913452234,
Molonglo District,TINs - Other,2019,Q2,8,7233,1.1060417530761786,
Molonglo District,TINs - Other,2019,Q3,3,7233,0.414765657403567,
Molonglo District,TINs - Other,2019,Q4,6,7233,0.829531314807134,
Molonglo District,TINs - Other,2020,Q1,7,7925,0.8832807570977919,
Molonglo District,TINs - Other,2020,Q2,8,7925,1.0094637223974765,
Molonglo District,TINs - Other,2020,Q3,5,7925,0.6309148264984227,
Molonglo District,TINs - Other,2020,Q4,9,7925,1.135646687697161,
Molonglo District,TINs - Other,2021,Q1,2,8643,0.2314011338655559,
Molonglo District,TINs - Other,2021,Q2,4,8643,0.4628022677311118,
Molonglo District,TINs - Other,2021,Q3,4,8643,0.4628022677311118,
Molonglo District,TINs - Other,2021,Q4,10,8643,1.1570056693277797,
Molonglo District,TINs - Other,2022,Q1,1,9155,0.1092299290005461,
Molonglo District,TINs - Other,2022,Q2,0,9155,0.0,
Molonglo District,TINs - Other,2022,Q3,2,9155,0.2184598580010923,
Molonglo District,TINs - Other,2022,Q4,13,9155,1.4199890770071,
Molonglo District,TINs - Other,2023,Q1,10,9780,1.0224948875255624,
Molonglo District,TINs - Other,2023,Q2,2,9780,0.2044989775051124,
Molonglo District,TINs - Other,2023,Q3,2,9780,0.2044989775051124,
Molonglo District,TINs - Other,2023,Q4,3,9780,0.3067484662576687,
Molonglo District,TINs - Other,2024,Q1,13,10337,1.257618264486795,
Molonglo District,TINs - Other,2024,Q2,6,10337,0.5804391989939054,
Molonglo District,TINs - Other,2024,Q3,14,10337,1.3543581309857793,
Molonglo District,TINs - Other,2024,Q4,19,10337,1.8380574634807003,
Molonglo District,TINs - Other,2025,Q1,30,10916,2.7482594356907293,
Molonglo District,TINs - Other,2025,Q2,19,10916,1.7405643092707952,
Molonglo District,TINs - Seatbelts,2014,Q1,0,1065,0.0,
Molonglo District,TINs - Seatbelts,2014,Q2,1,1065,0.9389671361502347,
Molonglo District,TINs - Seatbelts,2014,Q3,0,1065,0.0,
Molonglo District,TINs - Seatbelts,2014,Q4,0,1065,0.0,
Molonglo District,TINs - Seatbelts,2015,Q1,0,3098,0.0,
Molonglo District,TINs - Seatbelts,2015,Q2,0,3098,0.0,
Molonglo District,TINs - Seatbelts,2015,Q3,0,3098,0.0,
Molonglo District,TINs - Seatbelts,2015,Q4,1,3098,0.3227888960619754,
Molonglo District,TINs - Seatbelts,2016,Q1,0,4579,0.0,
Molonglo District,TINs - Seatbelts,2016,Q2,0,4579,0.0,
Molonglo District,TINs - Seatbelts,2016,Q3,0,4579,0.0,
Molonglo District,TINs - Seatbelts,2016,Q4,0,4579,0.0,
Molonglo District,TINs - Seatbelts,2017,Q1,0,5789,0.0,
Molonglo District,TINs - Seatbelts,2017,Q2,1,5789,0.1727414061150458,
Molonglo District,TINs - Seatbelts,2017,Q3,0,5789,0.0,
Molonglo District,TINs - Seatbelts,2017,Q4,0,5789,0.0,
Molonglo District,TINs - Seatbelts,2018,Q1,0,6591,0.0,
Molonglo District,TINs - Seatbelts,2018,Q2,0,6591,0.0,
Molonglo District,TINs - Seatbelts,2018,Q3,2,6591,0.3034440904263389,
Molonglo District,TINs - Seatbelts,2018,Q4,0,6591,0.0,
Molonglo District,TINs - Seatbelts,2019,Q1,0,7233,0.0,
Molonglo District,TINs - Seatbelts,2019,Q2,0,7233,0.0,
Molonglo District,TINs - Seatbelts,2019,Q3,0,7233,0.0,
Molonglo District,TINs - Seatbelts,2019,Q4,0,7233,0.0,
Molonglo District,TINs - Seatbelts,2020,Q1,0,7925,0.0,
Molonglo District,TINs - Seatbelts,2020,Q2,0,7925,0.0,
Molonglo District,TINs - Seatbelts,2020,Q3,0,7925,0.0,
Molonglo District,TINs - Seatbelts,2020,Q4,0,7925,0.0,
Molonglo District,TINs - Seatbelts,2021,Q1,0,8643,0.0,
Molonglo District,TINs - Seatbelts,2021,Q2,0,8643,0.0,
Molonglo District,TINs - Seatbelts,2021,Q3,0,8643,0.0,
Molonglo District,TINs - Seatbelts,2021,Q4,1,8643,0.1157005669327779,
Molonglo District,TINs - Seatbelts,2022,Q1,0,9155,0.0,
Molonglo District,TINs - Seatbelts,2022,Q2,0,9155,0.0,
Molonglo District,TINs - Seatbelts,2022,Q3,0,9155,0.0,
Molonglo District,TINs - Seatbelts,2022,Q4,0,9155,0.0,
Molonglo District,TINs - Seatbelts,2023,Q1,0,9780,0.0,
Molonglo District,TINs - Seatbelts,2023,Q2,1,9780,0.1022494887525562,
Molonglo District,TINs - Seatbelts,2023,Q3,0,9780,0.0,
Molonglo District,TINs - Seatbelts,2023,Q4,0,9780,0.0,
Molonglo District,TINs - Seatbelts,2024,Q1,0,10337,0.0,
Molonglo District,TINs - Seatbelts,2024,Q2,0,10337,0.0,
Molonglo District,TINs - Seatbelts,2024,Q3,0,10337,0.0,
Molonglo District,TINs - Seatbelts,2024,Q4,0,10337,0.0,
Molonglo District,TINs - Seatbelts,2025,Q1,0,10916,0.0,
Molonglo District,TINs - Seatbelts,2025,Q2,0,10916,0.0,
Molonglo District,TINs - Speeding,2014,Q1,1,1065,0.9389671361502347,
Molonglo District,TINs - Speeding,2014,Q2,0,1065,0.0,
Molonglo District,TINs - Speeding,2014,Q3,2,1065,1.8779342723004693,
Molonglo District,TINs - Speeding,2014,Q4,0,1065,0.0,
Molonglo District,TINs - Speeding,2015,Q1,5,3098,1.6139444803098777,
Molonglo District,TINs - Speeding,2015,Q2,4,3098,1.291155584247902,
Molonglo District,TINs - Speeding,2015,Q3,30,3098,9.683666881859263,
Molonglo District,TINs - Speeding,2015,Q4,15,3098,4.841833440929633,
Molonglo District,TINs - Speeding,2016,Q1,8,4579,1.7471063550993668,
Molonglo District,TINs - Speeding,2016,Q2,8,4579,1.7471063550993668,
Molonglo District,TINs - Speeding,2016,Q3,14,4579,3.057436121423892,
Molonglo District,TINs - Speeding,2016,Q4,5,4579,1.0919414719371043,
Molonglo District,TINs - Speeding,2017,Q1,13,5789,2.245638279495595,
Molonglo District,TINs - Speeding,2017,Q2,10,5789,1.7274140611504578,
Molonglo District,TINs - Speeding,2017,Q3,14,5789,2.418379685610641,
Molonglo District,TINs - Speeding,2017,Q4,11,5789,1.900155467265504,
Molonglo District,TINs - Speeding,2018,Q1,4,6591,0.6068881808526779,
Molonglo District,TINs - Speeding,2018,Q2,4,6591,0.6068881808526779,
Molonglo District,TINs - Speeding,2018,Q3,6,6591,0.9103322712790168,
Molonglo District,TINs - Speeding,2018,Q4,2,6591,0.3034440904263389,
Molonglo District,TINs - Speeding,2019,Q1,3,7233,0.414765657403567,
Molonglo District,TINs - Speeding,2019,Q2,10,7233,1.3825521913452234,
Molonglo District,TINs - Speeding,2019,Q3,1,7233,0.1382552191345223,
Molonglo District,TINs - Speeding,2019,Q4,2,7233,0.2765104382690446,
Molonglo District,TINs - Speeding,2020,Q1,4,7925,0.5047318611987381,
Molonglo District,TINs - Speeding,2020,Q2,3,7925,0.3785488958990536,
Molonglo District,TINs - Speeding,2020,Q3,2,7925,0.252365930599369,
Molonglo District,TINs - Speeding,2020,Q4,0,7925,0.0,
Molonglo District,TINs - Speeding,2021,Q1,0,8643,0.0,
Molonglo District,TINs - Speeding,2021,Q2,4,8643,0.4628022677311118,
Molonglo District,TINs - Speeding,2021,Q3,0,8643,0.0,
Molonglo District,TINs - Speeding,2021,Q4,2,8643,0.2314011338655559,
Molonglo District,TINs - Speeding,2022,Q1,0,9155,0.0,
Molonglo District,TINs - Speeding,2022,Q2,2,9155,0.2184598580010923,
Molonglo District,TINs - Speeding,2022,Q3,3,9155,0.3276897870016385,
Molonglo District,TINs - Speeding,2022,Q4,1,9155,0.1092299290005461,
Molonglo District,TINs - Speeding,2023,Q1,3,9780,0.3067484662576687,
Molonglo District,TINs - Speeding,2023,Q2,0,9780,0.0,
Molonglo District,TINs - Speeding,2023,Q3,1,9780,0.1022494887525562,
Molonglo District,TINs - Speeding,2023,Q4,0,9780,0.0,
Molonglo District,TINs - Speeding,2024,Q1,0,10337,0.0,
Molonglo District,TINs - Speeding,2024,Q2,1,10337,0.0967398664989842,
Molonglo District,TINs - Speeding,2024,Q3,2,10337,0.1934797329979684,
Molonglo District,TINs - Speeding,2024,Q4,3,10337,0.2902195994969527,
Molonglo District,TINs - Speeding,2025,Q1,1,10916,0.0916086478563576,
Molonglo District,TINs - Speeding,2025,Q2,1,10916,0.0916086478563576,
Molonglo District,Theft - Motor Vehicles,2014,Q1,0,1065,0.0,
Molonglo District,Theft - Motor Vehicles,2014,Q2,0,1065,0.0,
Molonglo District,Theft - Motor Vehicles,2014,Q3,0,1065,0.0,
Molonglo District,Theft - Motor Vehicles,2014,Q4,0,1065,0.0,
Molonglo District,Theft - Motor Vehicles,2015,Q1,2,3098,0.6455777921239509,
Molonglo District,Theft - Motor Vehicles,2015,Q2,0,3098,0.0,
Molonglo District,Theft - Motor Vehicles,2015,Q3,2,3098,0.6455777921239509,
Molonglo District,Theft - Motor Vehicles,2015,Q4,1,3098,0.3227888960619754,
Molonglo District,Theft - Motor Vehicles,2016,Q1,0,4579,0.0,
Molonglo District,Theft - Motor Vehicles,2016,Q2,4,4579,0.8735531775496834,
Molonglo District,Theft - Motor Vehicles,2016,Q3,10,4579,2.1838829438742087,
Molonglo District,Theft - Motor Vehicles,2016,Q4,0,4579,0.0,
Molonglo District,Theft - Motor Vehicles,2017,Q1,10,5789,1.7274140611504578,
Molonglo District,Theft - Motor Vehicles,2017,Q2,8,5789,1.3819312489203663,
Molonglo District,Theft - Motor Vehicles,2017,Q3,7,5789,1.2091898428053205,
Molonglo District,Theft - Motor Vehicles,2017,Q4,8,5789,1.3819312489203663,
Molonglo District,Theft - Motor Vehicles,2018,Q1,2,6591,0.3034440904263389,
Molonglo District,Theft - Motor Vehicles,2018,Q2,8,6591,1.213776361705356,
Molonglo District,Theft - Motor Vehicles,2018,Q3,7,6591,1.0620543164921863,
Molonglo District,Theft - Motor Vehicles,2018,Q4,5,6591,0.7586102260658474,
Molonglo District,Theft - Motor Vehicles,2019,Q1,1,7233,0.1382552191345223,
Molonglo District,Theft - Motor Vehicles,2019,Q2,10,7233,1.3825521913452234,
Molonglo District,Theft - Motor Vehicles,2019,Q3,11,7233,1.5208074104797458,
Molonglo District,Theft - Motor Vehicles,2019,Q4,20,7233,2.765104382690447,
Molonglo District,Theft - Motor Vehicles,2020,Q1,5,7925,0.6309148264984227,
Molonglo District,Theft - Motor Vehicles,2020,Q2,0,7925,0.0,
Molonglo District,Theft - Motor Vehicles,2020,Q3,9,7925,1.135646687697161,
Molonglo District,Theft - Motor Vehicles,2020,Q4,10,7925,1.2618296529968454,
Molonglo District,Theft - Motor Vehicles,2021,Q1,3,8643,0.3471017007983339,
Molonglo District,Theft - Motor Vehicles,2021,Q2,10,8643,1.1570056693277797,
Molonglo District,Theft - Motor Vehicles,2021,Q3,4,8643,0.4628022677311118,
Molonglo District,Theft - Motor Vehicles,2021,Q4,4,8643,0.4628022677311118,
Molonglo District,Theft - Motor Vehicles,2022,Q1,10,9155,1.0922992900054616,
Molonglo District,Theft - Motor Vehicles,2022,Q2,16,9155,1.7476788640087386,
Molonglo District,Theft - Motor Vehicles,2022,Q3,6,9155,0.655379574003277,
Molonglo District,Theft - Motor Vehicles,2022,Q4,7,9155,0.7646095030038231,
Molonglo District,Theft - Motor Vehicles,2023,Q1,1,9780,0.1022494887525562,
Molonglo District,Theft - Motor Vehicles,2023,Q2,6,9780,0.6134969325153374,
Molonglo District,Theft - Motor Vehicles,2023,Q3,4,9780,0.4089979550102249,
Molonglo District,Theft - Motor Vehicles,2023,Q4,3,9780,0.3067484662576687,
Molonglo District,Theft - Motor Vehicles,2024,Q1,16,10337,1.5478378639837478,
Molonglo District,Theft - Motor Vehicles,2024,Q2,6,10337,0.5804391989939054,
Molonglo District,Theft - Motor Vehicles,2024,Q3,4,10337,0.3869594659959369,
Molonglo District,Theft - Motor Vehicles,2024,Q4,7,10337,0.6771790654928896,
Molonglo District,Theft - Motor Vehicles,2025,Q1,4,10916,0.3664345914254305,
Molonglo District,Theft - Motor Vehicles,2025,Q2,1,10916,0.0916086478563576,
Molonglo District,Theft - Other,2014,Q1,5,1065,4.694835680751174,
Molonglo District,Theft - Other,2014,Q2,4,1065,3.755868544600939,
Molonglo District,Theft - Other,2014,Q3,9,1065,8.450704225352114,
Molonglo District,Theft - Other,2014,Q4,5,1065,4.694835680751174,
Molonglo District,Theft - Other,2015,Q1,17,3098,5.487411233053583,
Molonglo District,Theft - Other,2015,Q2,13,3098,4.196255648805681,
Molonglo District,Theft - Other,2015,Q3,34,3098,10.974822466107168,
Molonglo District,Theft - Other,2015,Q4,19,3098,6.132989025177534,
Molonglo District,Theft - Other,2016,Q1,23,4579,5.02293077091068,
Molonglo District,Theft - Other,2016,Q2,32,4579,6.988425420397467,
Molonglo District,Theft - Other,2016,Q3,30,4579,6.551648831622625,
Molonglo District,Theft - Other,2016,Q4,17,4579,3.7126010045861535,
Molonglo District,Theft - Other,2017,Q1,26,5789,4.49127655899119,
Molonglo District,Theft - Other,2017,Q2,49,5789,8.464328899637243,
Molonglo District,Theft - Other,2017,Q3,74,5789,12.782864052513387,
Molonglo District,Theft - Other,2017,Q4,52,5789,8.98255311798238,
Molonglo District,Theft - Other,2018,Q1,25,6591,3.793051130329237,
Molonglo District,Theft - Other,2018,Q2,40,6591,6.068881808526779,
Molonglo District,Theft - Other,2018,Q3,22,6591,3.337884994689728,
Molonglo District,Theft - Other,2018,Q4,18,6591,2.7309968138370504,
Molonglo District,Theft - Other,2019,Q1,25,7233,3.4563804783630583,
Molonglo District,Theft - Other,2019,Q2,39,7233,5.391953546246371,
Molonglo District,Theft - Other,2019,Q3,16,7233,2.212083506152357,
Molonglo District,Theft - Other,2019,Q4,41,7233,5.668463984515416,
Molonglo District,Theft - Other,2020,Q1,30,7925,3.785488958990536,
Molonglo District,Theft - Other,2020,Q2,28,7925,3.5331230283911674,
Molonglo District,Theft - Other,2020,Q3,32,7925,4.037854889589905,
Molonglo District,Theft - Other,2020,Q4,47,7925,5.930599369085174,
Molonglo District,Theft - Other,2021,Q1,23,8643,2.6611130394538933,
Molonglo District,Theft - Other,2021,Q2,41,8643,4.743723244243896,
Molonglo District,Theft - Other,2021,Q3,21,8643,2.4297119055883374,
Molonglo District,Theft - Other,2021,Q4,18,8643,2.0826102047900035,
Molonglo District,Theft - Other,2022,Q1,29,9155,3.1676679410158384,
Molonglo District,Theft - Other,2022,Q2,33,9155,3.604587657018023,
Molonglo District,Theft - Other,2022,Q3,20,9155,2.184598580010923,
Molonglo District,Theft - Other,2022,Q4,17,9155,1.856908793009285,
Molonglo District,Theft - Other,2023,Q1,18,9780,1.8404907975460123,
Molonglo District,Theft - Other,2023,Q2,21,9780,2.147239263803681,
Molonglo District,Theft - Other,2023,Q3,21,9780,2.147239263803681,
Molonglo District,Theft - Other,2023,Q4,22,9780,2.2494887525562373,
Molonglo District,Theft - Other,2024,Q1,28,10337,2.7087162619715586,
Molonglo District,Theft - Other,2024,Q2,17,10337,1.644577730482732,
Molonglo District,Theft - Other,2024,Q3,16,10337,1.5478378639837478,
Molonglo District,Theft - Other,2024,Q4,21,10337,2.031537196478669,
Molonglo District,Theft - Other,2025,Q1,42,10916,3.8475632099670207,
Molonglo District,Theft - Other,2025,Q2,33,10916,3.023085379259802,
Tuggeranong,Assault,2014,Q1,61,87163,0.6998382341130984,
Tuggeranong,Assault,2014,Q2,53,87163,0.608056170622856,
Tuggeranong,Assault,2014,Q3,41,87163,0.4703830753874924,
Tuggeranong,Assault,2014,Q4,50,87163,0.5736378968140151,
Tuggeranong,Assault,2015,Q1,37,86340,0.4285383368079685,
Tuggeranong,Assault,2015,Q2,49,86340,0.5675237433402825,
Tuggeranong,Assault,2015,Q3,67,86340,0.7760018531387537,
Tuggeranong,Assault,2015,Q4,70,86340,0.8107482047718323,
Tuggeranong,Assault,2016,Q1,56,85890,0.6519967400162999,
Tuggeranong,Assault,2016,Q2,34,85890,0.3958551635813249,
Tuggeranong,Assault,2016,Q3,86,85890,1.0012807078821748,
Tuggeranong,Assault,2016,Q4,78,85890,0.9081383164512749,
Tuggeranong,Assault,2017,Q1,79,86305,0.915358322229303,
Tuggeranong,Assault,2017,Q2,76,86305,0.8805978796130003,
Tuggeranong,Assault,2017,Q3,49,86305,0.5677538960662766,
Tuggeranong,Assault,2017,Q4,57,86305,0.6604484097097503,
Tuggeranong,Assault,2018,Q1,47,86846,0.5411878497570412,
Tuggeranong,Assault,2018,Q2,47,86846,0.5411878497570412,
Tuggeranong,Assault,2018,Q3,67,86846,0.771480551781314,
Tuggeranong,Assault,2018,Q4,77,86846,0.8866269027934505,
Tuggeranong,Assault,2019,Q1,76,87450,0.8690680388793596,
Tuggeranong,Assault,2019,Q2,66,87450,0.7547169811320754,
Tuggeranong,Assault,2019,Q3,53,87450,0.6060606060606061,
Tuggeranong,Assault,2019,Q4,69,87450,0.7890222984562607,
Tuggeranong,Assault,2020,Q1,71,88274,0.8043138409950835,
Tuggeranong,Assault,2020,Q2,60,88274,0.679701837460634,
Tuggeranong,Assault,2020,Q3,62,88274,0.7023585653759884,
Tuggeranong,Assault,2020,Q4,62,88274,0.7023585653759884,
Tuggeranong,Assault,2021,Q1,71,89004,0.797716956541279,
Tuggeranong,Assault,2021,Q2,51,89004,0.5730079546986652,
Tuggeranong,Assault,2021,Q3,44,89004,0.4943598040537503,
Tuggeranong,Assault,2021,Q4,38,89004,0.4269471035009662,
Tuggeranong,Assault,2022,Q1,65,89541,0.7259244368501581,
Tuggeranong,Assault,2022,Q2,55,89541,0.6142437542578261,
Tuggeranong,Assault,2022,Q3,44,89541,0.4913950034062608,
Tuggeranong,Assault,2022,Q4,66,89541,0.7370925051093913,
Tuggeranong,Assault,2023,Q1,57,89957,0.6336360705670487,
Tuggeranong,Assault,2023,Q2,61,89957,0.6781017597296487,
Tuggeranong,Assault,2023,Q3,66,89957,0.7336838711828986,
Tuggeranong,Assault,2023,Q4,54,89957,0.6002868036950988,
Tuggeranong,Assault,2024,Q1,68,90057,0.7550773399069478,
Tuggeranong,Assault,2024,Q2,69,90057,0.7661814184349911,
Tuggeranong,Assault,2024,Q3,63,90057,0.699556947266731,
Tuggeranong,Assault,2024,Q4,93,90057,1.0326793031080317,
Tuggeranong,Assault,2025,Q1,68,90149,0.7543067588104139,
Tuggeranong,Assault,2025,Q2,53,90149,0.5879155620139991,
Tuggeranong,Burglary - Dwellings,2014,Q1,84,87163,0.9637116666475456,
Tuggeranong,Burglary - Dwellings,2014,Q2,93,87163,1.066966488074068,
Tuggeranong,Burglary - Dwellings,2014,Q3,83,87163,0.9522389087112652,
Tuggeranong,Burglary - Dwellings,2014,Q4,77,87163,0.8834023610935833,
Tuggeranong,Burglary - Dwellings,2015,Q1,79,86340,0.914987259671068,
Tuggeranong,Burglary - Dwellings,2015,Q2,116,86340,1.3435255964790362,
Tuggeranong,Burglary - Dwellings,2015,Q3,103,86340,1.192958072735696,
Tuggeranong,Burglary - Dwellings,2015,Q4,70,86340,0.8107482047718323,
Tuggeranong,Burglary - Dwellings,2016,Q1,56,85890,0.6519967400162999,
Tuggeranong,Burglary - Dwellings,2016,Q2,74,85890,0.8615671207358249,
Tuggeranong,Burglary - Dwellings,2016,Q3,63,85890,0.7334963325183375,
Tuggeranong,Burglary - Dwellings,2016,Q4,90,85890,1.0478519035976248,
Tuggeranong,Burglary - Dwellings,2017,Q1,116,86305,1.3440704478303689,
Tuggeranong,Burglary - Dwellings,2017,Q2,79,86305,0.915358322229303,
Tuggeranong,Burglary - Dwellings,2017,Q3,61,86305,0.7067956665314871,
Tuggeranong,Burglary - Dwellings,2017,Q4,69,86305,0.7994901801749609,
Tuggeranong,Burglary - Dwellings,2018,Q1,74,86846,0.8520829974898095,
Tuggeranong,Burglary - Dwellings,2018,Q2,66,86846,0.7599659166801004,
Tuggeranong,Burglary - Dwellings,2018,Q3,39,86846,0.449070768947332,
Tuggeranong,Burglary - Dwellings,2018,Q4,45,86846,0.5181585795546139,
Tuggeranong,Burglary - Dwellings,2019,Q1,70,87450,0.8004574042309891,
Tuggeranong,Burglary - Dwellings,2019,Q2,82,87450,0.9376786735277302,
Tuggeranong,Burglary - Dwellings,2019,Q3,62,87450,0.7089765580331617,
Tuggeranong,Burglary - Dwellings,2019,Q4,73,87450,0.8347627215551744,
Tuggeranong,Burglary - Dwellings,2020,Q1,81,88274,0.9175974805718558,
Tuggeranong,Burglary - Dwellings,2020,Q2,63,88274,0.7136869293336656,
Tuggeranong,Burglary - Dwellings,2020,Q3,47,88274,0.5324331060108299,
Tuggeranong,Burglary - Dwellings,2020,Q4,61,88274,0.6910302014183112,
Tuggeranong,Burglary - Dwellings,2021,Q1,51,89004,0.5730079546986652,
Tuggeranong,Burglary - Dwellings,2021,Q2,40,89004,0.4494180036852276,
Tuggeranong,Burglary - Dwellings,2021,Q3,31,89004,0.3482989528560514,
Tuggeranong,Burglary - Dwellings,2021,Q4,58,89004,0.65165610534358,
Tuggeranong,Burglary - Dwellings,2022,Q1,45,89541,0.5025630716654941,
Tuggeranong,Burglary - Dwellings,2022,Q2,35,89541,0.390882389073162,
Tuggeranong,Burglary - Dwellings,2022,Q3,32,89541,0.3573781842954624,
Tuggeranong,Burglary - Dwellings,2022,Q4,34,89541,0.3797143208139288,
Tuggeranong,Burglary - Dwellings,2023,Q1,50,89957,0.5558211145324989,
Tuggeranong,Burglary - Dwellings,2023,Q2,32,89957,0.3557255133007993,
Tuggeranong,Burglary - Dwellings,2023,Q3,25,89957,0.2779105572662494,
Tuggeranong,Burglary - Dwellings,2023,Q4,30,89957,0.3334926687194993,
Tuggeranong,Burglary - Dwellings,2024,Q1,38,90057,0.4219549840656473,
Tuggeranong,Burglary - Dwellings,2024,Q2,24,90057,0.2664978846730404,
Tuggeranong,Burglary - Dwellings,2024,Q3,17,90057,0.1887693349767369,
Tuggeranong,Burglary - Dwellings,2024,Q4,22,90057,0.2442897276169537,
Tuggeranong,Burglary - Dwellings,2025,Q1,32,90149,0.3549678864990183,
Tuggeranong,Burglary - Dwellings,2025,Q2,17,90149,0.1885766897026034,
Tuggeranong,Burglary - Other,2014,Q1,17,87163,0.1950368849167651,
Tuggeranong,Burglary - Other,2014,Q2,13,87163,0.1491458531716439,
Tuggeranong,Burglary - Other,2014,Q3,14,87163,0.1606186111079242,
Tuggeranong,Burglary - Other,2014,Q4,12,87163,0.1376730952353636,
Tuggeranong,Burglary - Other,2015,Q1,10,86340,0.1158211721102617,
Tuggeranong,Burglary - Other,2015,Q2,31,86340,0.3590456335418114,
Tuggeranong,Burglary - Other,2015,Q3,19,86340,0.2200602270094973,
Tuggeranong,Burglary - Other,2015,Q4,30,86340,0.3474635163307852,
Tuggeranong,Burglary - Other,2016,Q1,25,85890,0.2910699732215625,
Tuggeranong,Burglary - Other,2016,Q2,17,85890,0.1979275817906624,
Tuggeranong,Burglary - Other,2016,Q3,19,85890,0.2212131796483874,
Tuggeranong,Burglary - Other,2016,Q4,11,85890,0.1280707882174875,
Tuggeranong,Burglary - Other,2017,Q1,13,86305,0.1506285846706448,
Tuggeranong,Burglary - Other,2017,Q2,43,86305,0.4982330108336712,
Tuggeranong,Burglary - Other,2017,Q3,18,86305,0.2085626556978158,
Tuggeranong,Burglary - Other,2017,Q4,21,86305,0.2433230983141185,
Tuggeranong,Burglary - Other,2018,Q1,19,86846,0.2187780669230592,
Tuggeranong,Burglary - Other,2018,Q2,22,86846,0.2533219722267001,
Tuggeranong,Burglary - Other,2018,Q3,16,86846,0.1842341616194182,
Tuggeranong,Burglary - Other,2018,Q4,14,86846,0.161204891416991,
Tuggeranong,Burglary - Other,2019,Q1,21,87450,0.2401372212692967,
Tuggeranong,Burglary - Other,2019,Q2,14,87450,0.1600914808461978,
Tuggeranong,Burglary - Other,2019,Q3,17,87450,0.194396798170383,
Tuggeranong,Burglary - Other,2019,Q4,18,87450,0.2058319039451114,
Tuggeranong,Burglary - Other,2020,Q1,12,88274,0.1359403674921268,
Tuggeranong,Burglary - Other,2020,Q2,14,88274,0.1585970954074812,
Tuggeranong,Burglary - Other,2020,Q3,3,88274,0.0339850918730317,
Tuggeranong,Burglary - Other,2020,Q4,18,88274,0.2039105512381901,
Tuggeranong,Burglary - Other,2021,Q1,17,89004,0.1910026515662217,
Tuggeranong,Burglary - Other,2021,Q2,9,89004,0.1011190508291762,
Tuggeranong,Burglary - Other,2021,Q3,6,89004,0.0674127005527841,
Tuggeranong,Burglary - Other,2021,Q4,10,89004,0.1123545009213069,
Tuggeranong,Burglary - Other,2022,Q1,16,89541,0.1786890921477312,
Tuggeranong,Burglary - Other,2022,Q2,13,89541,0.1451848873700316,
Tuggeranong,Burglary - Other,2022,Q3,6,89541,0.0670084095553992,
Tuggeranong,Burglary - Other,2022,Q4,7,89541,0.0781764778146324,
Tuggeranong,Burglary - Other,2023,Q1,23,89957,0.2556777126849495,
Tuggeranong,Burglary - Other,2023,Q2,15,89957,0.1667463343597496,
Tuggeranong,Burglary - Other,2023,Q3,12,89957,0.1333970674877997,
Tuggeranong,Burglary - Other,2023,Q4,17,89957,0.1889791789410496,
Tuggeranong,Burglary - Other,2024,Q1,10,90057,0.1110407852804335,
Tuggeranong,Burglary - Other,2024,Q2,4,90057,0.0444163141121734,
Tuggeranong,Burglary - Other,2024,Q3,14,90057,0.1554570993926069,
Tuggeranong,Burglary - Other,2024,Q4,10,90057,0.1110407852804335,
Tuggeranong,Burglary - Other,2025,Q1,21,90149,0.2329476755149807,
Tuggeranong,Burglary - Other,2025,Q2,17,90149,0.1885766897026034,
Tuggeranong,Burglary - Shops,2014,Q1,16,87163,0.1835641269804848,
Tuggeranong,Burglary - Shops,2014,Q2,16,87163,0.1835641269804848,
Tuggeranong,Burglary - Shops,2014,Q3,13,87163,0.1491458531716439,
Tuggeranong,Burglary - Shops,2014,Q4,8,87163,0.0917820634902424,
Tuggeranong,Burglary - Shops,2015,Q1,6,86340,0.069492703266157,
Tuggeranong,Burglary - Shops,2015,Q2,16,86340,0.1853138753764188,
Tuggeranong,Burglary - Shops,2015,Q3,16,86340,0.1853138753764188,
Tuggeranong,Burglary - Shops,2015,Q4,17,86340,0.1968959925874449,
Tuggeranong,Burglary - Shops,2016,Q1,20,85890,0.2328559785772499,
Tuggeranong,Burglary - Shops,2016,Q2,13,85890,0.1513563860752124,
Tuggeranong,Burglary - Shops,2016,Q3,11,85890,0.1280707882174875,
Tuggeranong,Burglary - Shops,2016,Q4,10,85890,0.1164279892886249,
Tuggeranong,Burglary - Shops,2017,Q1,11,86305,0.1274549562597763,
Tuggeranong,Burglary - Shops,2017,Q2,12,86305,0.1390417704652105,
Tuggeranong,Burglary - Shops,2017,Q3,5,86305,0.057934071027171,
Tuggeranong,Burglary - Shops,2017,Q4,4,86305,0.0463472568217368,
Tuggeranong,Burglary - Shops,2018,Q1,11,86846,0.12666098611335,
Tuggeranong,Burglary - Shops,2018,Q2,9,86846,0.1036317159109227,
Tuggeranong,Burglary - Shops,2018,Q3,12,86846,0.1381756212145637,
Tuggeranong,Burglary - Shops,2018,Q4,13,86846,0.1496902563157773,
Tuggeranong,Burglary - Shops,2019,Q1,19,87450,0.2172670097198399,
Tuggeranong,Burglary - Shops,2019,Q2,20,87450,0.2287021154945683,
Tuggeranong,Burglary - Shops,2019,Q3,9,87450,0.1029159519725557,
Tuggeranong,Burglary - Shops,2019,Q4,4,87450,0.0457404230989136,
Tuggeranong,Burglary - Shops,2020,Q1,7,88274,0.0792985477037406,
Tuggeranong,Burglary - Shops,2020,Q2,7,88274,0.0792985477037406,
Tuggeranong,Burglary - Shops,2020,Q3,6,88274,0.0679701837460634,
Tuggeranong,Burglary - Shops,2020,Q4,17,88274,0.1925821872805129,
Tuggeranong,Burglary - Shops,2021,Q1,10,89004,0.1123545009213069,
Tuggeranong,Burglary - Shops,2021,Q2,9,89004,0.1011190508291762,
Tuggeranong,Burglary - Shops,2021,Q3,4,89004,0.0449418003685227,
Tuggeranong,Burglary - Shops,2021,Q4,2,89004,0.0224709001842613,
Tuggeranong,Burglary - Shops,2022,Q1,10,89541,0.111680682592332,
Tuggeranong,Burglary - Shops,2022,Q2,9,89541,0.1005126143330988,
Tuggeranong,Burglary - Shops,2022,Q3,10,89541,0.111680682592332,
Tuggeranong,Burglary - Shops,2022,Q4,14,89541,0.1563529556292648,
Tuggeranong,Burglary - Shops,2023,Q1,10,89957,0.1111642229064997,
Tuggeranong,Burglary - Shops,2023,Q2,8,89957,0.0889313783251998,
Tuggeranong,Burglary - Shops,2023,Q3,17,89957,0.1889791789410496,
Tuggeranong,Burglary - Shops,2023,Q4,15,89957,0.1667463343597496,
Tuggeranong,Burglary - Shops,2024,Q1,4,90057,0.0444163141121734,
Tuggeranong,Burglary - Shops,2024,Q2,8,90057,0.0888326282243468,
Tuggeranong,Burglary - Shops,2024,Q3,6,90057,0.0666244711682601,
Tuggeranong,Burglary - Shops,2024,Q4,7,90057,0.0777285496963034,
Tuggeranong,Burglary - Shops,2025,Q1,2,90149,0.0221854929061886,
Tuggeranong,Burglary - Shops,2025,Q2,2,90149,0.0221854929061886,
Tuggeranong,CINs,2014,Q1,3,87163,0.0344182738088409,
Tuggeranong,CINs,2014,Q2,5,87163,0.0573637896814015,
Tuggeranong,CINs,2014,Q3,2,87163,0.0229455158725606,
Tuggeranong,CINs,2014,Q4,6,87163,0.0688365476176818,
Tuggeranong,CINs,2015,Q1,4,86340,0.0463284688441047,
Tuggeranong,CINs,2015,Q2,1,86340,0.0115821172110261,
Tuggeranong,CINs,2015,Q3,0,86340,0.0,
Tuggeranong,CINs,2015,Q4,1,86340,0.0115821172110261,
Tuggeranong,CINs,2016,Q1,7,85890,0.0814995925020374,
Tuggeranong,CINs,2016,Q2,1,85890,0.0116427989288624,
Tuggeranong,CINs,2016,Q3,3,85890,0.0349283967865875,
Tuggeranong,CINs,2016,Q4,4,85890,0.0465711957154499,
Tuggeranong,CINs,2017,Q1,4,86305,0.0463472568217368,
Tuggeranong,CINs,2017,Q2,1,86305,0.0115868142054342,
Tuggeranong,CINs,2017,Q3,1,86305,0.0115868142054342,
Tuggeranong,CINs,2017,Q4,0,86305,0.0,
Tuggeranong,CINs,2018,Q1,2,86846,0.0230292702024272,
Tuggeranong,CINs,2018,Q2,3,86846,0.0345439053036409,
Tuggeranong,CINs,2018,Q3,0,86846,0.0,
Tuggeranong,CINs,2018,Q4,0,86846,0.0,
Tuggeranong,CINs,2019,Q1,0,87450,0.0,
Tuggeranong,CINs,2019,Q2,1,87450,0.0114351057747284,
Tuggeranong,CINs,2019,Q3,1,87450,0.0114351057747284,
Tuggeranong,CINs,2019,Q4,1,87450,0.0114351057747284,
Tuggeranong,CINs,2020,Q1,0,88274,0.0,
Tuggeranong,CINs,2020,Q2,1,88274,0.0113283639576772,
Tuggeranong,CINs,2020,Q3,0,88274,0.0,
Tuggeranong,CINs,2020,Q4,2,88274,0.0226567279153544,
Tuggeranong,CINs,2021,Q1,0,89004,0.0,
Tuggeranong,CINs,2021,Q2,0,89004,0.0,
Tuggeranong,CINs,2021,Q3,7,89004,0.0786481506449148,
Tuggeranong,CINs,2021,Q4,1,89004,0.0112354500921306,
Tuggeranong,CINs,2022,Q1,2,89541,0.0223361365184664,
Tuggeranong,CINs,2022,Q2,0,89541,0.0,
Tuggeranong,CINs,2022,Q3,0,89541,0.0,
Tuggeranong,CINs,2022,Q4,0,89541,0.0,
Tuggeranong,CINs,2023,Q1,0,89957,0.0,
Tuggeranong,CINs,2023,Q2,0,89957,0.0,
Tuggeranong,CINs,2023,Q3,1,89957,0.0111164222906499,
Tuggeranong,CINs,2023,Q4,0,89957,0.0,
Tuggeranong,CINs,2024,Q1,0,90057,0.0,
Tuggeranong,CINs,2024,Q2,1,90057,0.0111040785280433,
Tuggeranong,CINs,2024,Q3,0,90057,0.0,
Tuggeranong,CINs,2024,Q4,0,90057,0.0,
Tuggeranong,CINs,2025,Q1,1,90149,0.0110927464530943,
Tuggeranong,CINs,2025,Q2,1,90149,0.0110927464530943,
Tuggeranong,Family Violence,2014,Q1,55,87163,0.6310016864954167,
Tuggeranong,Family Violence,2014,Q2,55,87163,0.6310016864954167,
Tuggeranong,Family Violence,2014,Q3,50,87163,0.5736378968140151,
Tuggeranong,Family Violence,2014,Q4,59,87163,0.6768927182405379,
Tuggeranong,Family Violence,2015,Q1,48,86340,0.5559416261292565,
Tuggeranong,Family Violence,2015,Q2,53,86340,0.6138522121843872,
Tuggeranong,Family Violence,2015,Q3,58,86340,0.6717627982395181,
Tuggeranong,Family Violence,2015,Q4,92,86340,1.065554783414408,
Tuggeranong,Family Violence,2016,Q1,85,85890,0.9896379089533124,
Tuggeranong,Family Violence,2016,Q2,83,85890,0.9663523110955874,
Tuggeranong,Family Violence,2016,Q3,87,85890,1.0129235068110374,
Tuggeranong,Family Violence,2016,Q4,124,85890,1.4437070671789498,
Tuggeranong,Family Violence,2017,Q1,124,86305,1.4367649614738427,
Tuggeranong,Family Violence,2017,Q2,100,86305,1.1586814205434215,
Tuggeranong,Family Violence,2017,Q3,72,86305,0.8342506227912635,
Tuggeranong,Family Violence,2017,Q4,77,86305,0.8921846938184346,
Tuggeranong,Family Violence,2018,Q1,78,86846,0.8981415378946641,
Tuggeranong,Family Violence,2018,Q2,78,86846,0.8981415378946641,
Tuggeranong,Family Violence,2018,Q3,56,86846,0.644819565667964,
Tuggeranong,Family Violence,2018,Q4,96,86846,1.1054049697165096,
Tuggeranong,Family Violence,2019,Q1,74,87450,0.8461978273299028,
Tuggeranong,Family Violence,2019,Q2,69,87450,0.7890222984562607,
Tuggeranong,Family Violence,2019,Q3,81,87450,0.9262435677530017,
Tuggeranong,Family Violence,2019,Q4,83,87450,0.9491137793024584,
Tuggeranong,Family Violence,2020,Q1,92,88274,1.0422094841063054,
Tuggeranong,Family Violence,2020,Q2,91,88274,1.030881120148628,
Tuggeranong,Family Violence,2020,Q3,66,88274,0.7476720212066973,
Tuggeranong,Family Violence,2020,Q4,80,88274,0.9062691166141784,
Tuggeranong,Family Violence,2021,Q1,70,89004,0.7864815064491483,
Tuggeranong,Family Violence,2021,Q2,68,89004,0.7640106062648869,
Tuggeranong,Family Violence,2021,Q3,68,89004,0.7640106062648869,
Tuggeranong,Family Violence,2021,Q4,81,89004,0.910071457462586,
Tuggeranong,Family Violence,2022,Q1,70,89541,0.7817647781463241,
Tuggeranong,Family Violence,2022,Q2,69,89541,0.7705967098870908,
Tuggeranong,Family Violence,2022,Q3,82,89541,0.9157815972571224,
Tuggeranong,Family Violence,2022,Q4,102,89541,1.1391429624417866,
Tuggeranong,Family Violence,2023,Q1,95,89957,1.056060117611748,
Tuggeranong,Family Violence,2023,Q2,94,89957,1.044943695321098,
Tuggeranong,Family Violence,2023,Q3,71,89957,0.7892659826361484,
Tuggeranong,Family Violence,2023,Q4,73,89957,0.8114988272174484,
Tuggeranong,Family Violence,2024,Q1,88,90057,0.9771589104678148,
Tuggeranong,Family Violence,2024,Q2,66,90057,0.7328691828508611,
Tuggeranong,Family Violence,2024,Q3,81,90057,0.8994303607715114,
Tuggeranong,Family Violence,2024,Q4,120,90057,1.332489423365202,
Tuggeranong,Family Violence,2025,Q1,81,90149,0.89851246270064,
Tuggeranong,Family Violence,2025,Q2,61,90149,0.6766575336387536,
Tuggeranong,Homicide,2014,Q1,0,87163,0.0,
Tuggeranong,Homicide,2014,Q2,0,87163,0.0,
Tuggeranong,Homicide,2014,Q3,0,87163,0.0,
Tuggeranong,Homicide,2014,Q4,0,87163,0.0,
Tuggeranong,Homicide,2015,Q1,3,86340,0.0347463516330785,
Tuggeranong,Homicide,2015,Q2,0,86340,0.0,
Tuggeranong,Homicide,2015,Q3,0,86340,0.0,
Tuggeranong,Homicide,2015,Q4,0,86340,0.0,
Tuggeranong,Homicide,2016,Q1,1,85890,0.0116427989288624,
Tuggeranong,Homicide,2016,Q2,0,85890,0.0,
Tuggeranong,Homicide,2016,Q3,0,85890,0.0,
Tuggeranong,Homicide,2016,Q4,0,85890,0.0,
Tuggeranong,Homicide,2017,Q1,0,86305,0.0,
Tuggeranong,Homicide,2017,Q2,0,86305,0.0,
Tuggeranong,Homicide,2017,Q3,0,86305,0.0,
Tuggeranong,Homicide,2017,Q4,0,86305,0.0,
Tuggeranong,Homicide,2018,Q1,0,86846,0.0,
Tuggeranong,Homicide,2018,Q2,1,86846,0.0115146351012136,
Tuggeranong,Homicide,2018,Q3,0,86846,0.0,
Tuggeranong,Homicide,2018,Q4,0,86846,0.0,
Tuggeranong,Homicide,2019,Q1,1,87450,0.0114351057747284,
Tuggeranong,Homicide,2019,Q2,0,87450,0.0,
Tuggeranong,Homicide,2019,Q3,2,87450,0.0228702115494568,
Tuggeranong,Homicide,2019,Q4,0,87450,0.0,
Tuggeranong,Homicide,2020,Q1,0,88274,0.0,
Tuggeranong,Homicide,2020,Q2,1,88274,0.0113283639576772,
Tuggeranong,Homicide,2020,Q3,0,88274,0.0,
Tuggeranong,Homicide,2020,Q4,2,88274,0.0226567279153544,
Tuggeranong,Homicide,2021,Q1,0,89004,0.0,
Tuggeranong,Homicide,2021,Q2,0,89004,0.0,
Tuggeranong,Homicide,2021,Q3,0,89004,0.0,
Tuggeranong,Homicide,2021,Q4,0,89004,0.0,
Tuggeranong,Homicide,2022,Q1,1,89541,0.0111680682592332,
Tuggeranong,Homicide,2022,Q2,1,89541,0.0111680682592332,
Tuggeranong,Homicide,2022,Q3,0,89541,0.0,
Tuggeranong,Homicide,2022,Q4,0,89541,0.0,
Tuggeranong,Homicide,2023,Q1,0,89957,0.0,
Tuggeranong,Homicide,2023,Q2,0,89957,0.0,
Tuggeranong,Homicide,2023,Q3,0,89957,0.0,
Tuggeranong,Homicide,2023,Q4,0,89957,0.0,
Tuggeranong,Homicide,2024,Q1,0,90057,0.0,
Tuggeranong,Homicide,2024,Q2,2,90057,0.0222081570560867,
Tuggeranong,Homicide,2024,Q3,1,90057,0.0111040785280433,
Tuggeranong,Homicide,2024,Q4,0,90057,0.0,
Tuggeranong,Homicide,2025,Q1,0,90149,0.0,
Tuggeranong,Homicide,2025,Q2,0,90149,0.0,
Tuggeranong,Other,2014,Q1,405,87163,4.646466964193523,
Tuggeranong,Other,2014,Q2,492,87163,5.644596904649909,
Tuggeranong,Other,2014,Q3,646,87163,7.411401626837075,
Tuggeranong,Other,2014,Q4,483,87163,5.541342083223387,
Tuggeranong,Other,2015,Q1,591,86340,6.845031271716469,
Tuggeranong,Other,2015,Q2,452,86340,5.235116979383832,
Tuggeranong,Other,2015,Q3,528,86340,6.115357887421821,
Tuggeranong,Other,2015,Q4,474,86340,5.489923558026407,
Tuggeranong,Other,2016,Q1,458,85890,5.3324019094190245,
Tuggeranong,Other,2016,Q2,517,85890,6.019327046221911,
Tuggeranong,Other,2016,Q3,564,85890,6.566538595878449,
Tuggeranong,Other,2016,Q4,545,85890,6.345325416230062,
Tuggeranong,Other,2017,Q1,569,86305,6.592897282892069,
Tuggeranong,Other,2017,Q2,744,86305,8.620589768843056,
Tuggeranong,Other,2017,Q3,686,86305,7.948554544927871,
Tuggeranong,Other,2017,Q4,532,86305,6.164185157291002,
Tuggeranong,Other,2018,Q1,498,86846,5.734288280404393,
Tuggeranong,Other,2018,Q2,660,86846,7.599659166801004,
Tuggeranong,Other,2018,Q3,658,86846,7.576629896598576,
Tuggeranong,Other,2018,Q4,618,86846,7.116044492550031,
Tuggeranong,Other,2019,Q1,607,87450,6.941109205260148,
Tuggeranong,Other,2019,Q2,576,87450,6.586620926243567,
Tuggeranong,Other,2019,Q3,595,87450,6.803887935963408,
Tuggeranong,Other,2019,Q4,697,87450,7.970268724985706,
Tuggeranong,Other,2020,Q1,648,88274,7.340779844574846,
Tuggeranong,Other,2020,Q2,662,88274,7.499376939982327,
Tuggeranong,Other,2020,Q3,559,88274,6.332555452341572,
Tuggeranong,Other,2020,Q4,562,88274,6.366540544214605,
Tuggeranong,Other,2021,Q1,491,89004,5.516605995236169,
Tuggeranong,Other,2021,Q2,455,89004,5.112129791919464,
Tuggeranong,Other,2021,Q3,380,89004,4.269471035009662,
Tuggeranong,Other,2021,Q4,429,89004,4.820008089524066,
Tuggeranong,Other,2022,Q1,341,89541,3.8083112763985216,
Tuggeranong,Other,2022,Q2,443,89541,4.947454238840308,
Tuggeranong,Other,2022,Q3,456,89541,5.092639126210339,
Tuggeranong,Other,2022,Q4,411,89541,4.590076054544846,
Tuggeranong,Other,2023,Q1,449,89957,4.9912736085018405,
Tuggeranong,Other,2023,Q2,401,89957,4.457685338550641,
Tuggeranong,Other,2023,Q3,415,89957,4.613315250619741,
Tuggeranong,Other,2023,Q4,408,89957,4.535500294585191,
Tuggeranong,Other,2024,Q1,356,90057,3.9530519559834327,
Tuggeranong,Other,2024,Q2,358,90057,3.97526011303952,
Tuggeranong,Other,2024,Q3,345,90057,3.830907092174956,
Tuggeranong,Other,2024,Q4,446,90057,4.952419023507334,
Tuggeranong,Other,2025,Q1,392,90149,4.348356609612974,
Tuggeranong,Other,2025,Q2,338,90149,3.7493483011458806,
Tuggeranong,Other - Against A Person,2014,Q1,4,87163,0.0458910317451212,
Tuggeranong,Other - Against A Person,2014,Q2,1,87163,0.0114727579362803,
Tuggeranong,Other - Against A Person,2014,Q3,4,87163,0.0458910317451212,
Tuggeranong,Other - Against A Person,2014,Q4,11,87163,0.1262003372990833,
Tuggeranong,Other - Against A Person,2015,Q1,6,86340,0.069492703266157,
Tuggeranong,Other - Against A Person,2015,Q2,13,86340,0.1505675237433403,
Tuggeranong,Other - Against A Person,2015,Q3,12,86340,0.1389854065323141,
Tuggeranong,Other - Against A Person,2015,Q4,15,86340,0.1737317581653926,
Tuggeranong,Other - Against A Person,2016,Q1,17,85890,0.1979275817906624,
Tuggeranong,Other - Against A Person,2016,Q2,15,85890,0.1746419839329374,
Tuggeranong,Other - Against A Person,2016,Q3,20,85890,0.2328559785772499,
Tuggeranong,Other - Against A Person,2016,Q4,21,85890,0.2444987775061124,
Tuggeranong,Other - Against A Person,2017,Q1,25,86305,0.2896703551358554,
Tuggeranong,Other - Against A Person,2017,Q2,31,86305,0.3591912403684607,
Tuggeranong,Other - Against A Person,2017,Q3,7,86305,0.0811076994380395,
Tuggeranong,Other - Against A Person,2017,Q4,7,86305,0.0811076994380395,
Tuggeranong,Other - Against A Person,2018,Q1,16,86846,0.1842341616194182,
Tuggeranong,Other - Against A Person,2018,Q2,13,86846,0.1496902563157773,
Tuggeranong,Other - Against A Person,2018,Q3,12,86846,0.1381756212145637,
Tuggeranong,Other - Against A Person,2018,Q4,22,86846,0.2533219722267001,
Tuggeranong,Other - Against A Person,2019,Q1,27,87450,0.3087478559176672,
Tuggeranong,Other - Against A Person,2019,Q2,16,87450,0.1829616923956546,
Tuggeranong,Other - Against A Person,2019,Q3,22,87450,0.2515723270440251,
Tuggeranong,Other - Against A Person,2019,Q4,24,87450,0.274442538593482,
Tuggeranong,Other - Against A Person,2020,Q1,28,88274,0.3171941908149625,
Tuggeranong,Other - Against A Person,2020,Q2,32,88274,0.3625076466456714,
Tuggeranong,Other - Against A Person,2020,Q3,20,88274,0.2265672791535446,
Tuggeranong,Other - Against A Person,2020,Q4,25,88274,0.2832090989419308,
Tuggeranong,Other - Against A Person,2021,Q1,24,89004,0.2696508022111366,
Tuggeranong,Other - Against A Person,2021,Q2,12,89004,0.1348254011055683,
Tuggeranong,Other - Against A Person,2021,Q3,8,89004,0.0898836007370455,
Tuggeranong,Other - Against A Person,2021,Q4,11,89004,0.1235899510134375,
Tuggeranong,Other - Against A Person,2022,Q1,19,89541,0.2121932969254308,
Tuggeranong,Other - Against A Person,2022,Q2,14,89541,0.1563529556292648,
Tuggeranong,Other - Against A Person,2022,Q3,21,89541,0.2345294334438972,
Tuggeranong,Other - Against A Person,2022,Q4,31,89541,0.3462101160362292,
Tuggeranong,Other - Against A Person,2023,Q1,15,89957,0.1667463343597496,
Tuggeranong,Other - Against A Person,2023,Q2,27,89957,0.3001434018475494,
Tuggeranong,Other - Against A Person,2023,Q3,26,89957,0.2890269795568994,
Tuggeranong,Other - Against A Person,2023,Q4,16,89957,0.1778627566503996,
Tuggeranong,Other - Against A Person,2024,Q1,21,90057,0.2331856490889103,
Tuggeranong,Other - Against A Person,2024,Q2,21,90057,0.2331856490889103,
Tuggeranong,Other - Against A Person,2024,Q3,28,90057,0.3109141987852138,
Tuggeranong,Other - Against A Person,2024,Q4,18,90057,0.1998734135047803,
Tuggeranong,Other - Against A Person,2025,Q1,15,90149,0.1663911967964148,
Tuggeranong,Other - Against A Person,2025,Q2,21,90149,0.2329476755149807,
Tuggeranong,Property Damage,2014,Q1,267,87163,3.063226368986841,
Tuggeranong,Property Damage,2014,Q2,211,87163,2.420751924555144,
Tuggeranong,Property Damage,2014,Q3,236,87163,2.7075708729621515,
Tuggeranong,Property Damage,2014,Q4,222,87163,2.546952261854228,
Tuggeranong,Property Damage,2015,Q1,256,86340,2.965022006022701,
Tuggeranong,Property Damage,2015,Q2,309,86340,3.5788742182070883,
Tuggeranong,Property Damage,2015,Q3,239,86340,2.768126013435256,
Tuggeranong,Property Damage,2015,Q4,284,86340,3.289321287931433,
Tuggeranong,Property Damage,2016,Q1,241,85890,2.805914541855862,
Tuggeranong,Property Damage,2016,Q2,225,85890,2.619629758994062,
Tuggeranong,Property Damage,2016,Q3,266,85890,3.0969845150774247,
Tuggeranong,Property Damage,2016,Q4,236,85890,2.747700547211549,
Tuggeranong,Property Damage,2017,Q1,268,86305,3.1052662070563697,
Tuggeranong,Property Damage,2017,Q2,253,86305,2.931463993974857,
Tuggeranong,Property Damage,2017,Q3,193,86305,2.236255141648804,
Tuggeranong,Property Damage,2017,Q4,204,86305,2.36371009790858,
Tuggeranong,Property Damage,2018,Q1,183,86846,2.1071782235220966,
Tuggeranong,Property Damage,2018,Q2,179,86846,2.061119683117242,
Tuggeranong,Property Damage,2018,Q3,205,86846,2.3605001957487968,
Tuggeranong,Property Damage,2018,Q4,193,86846,2.222324574534233,
Tuggeranong,Property Damage,2019,Q1,185,87450,2.115494568324757,
Tuggeranong,Property Damage,2019,Q2,174,87450,1.9897084048027445,
Tuggeranong,Property Damage,2019,Q3,226,87450,2.584333905088622,
Tuggeranong,Property Damage,2019,Q4,218,87450,2.4928530588907947,
Tuggeranong,Property Damage,2020,Q1,171,88274,1.9371502367628064,
Tuggeranong,Property Damage,2020,Q2,137,88274,1.5519858622017808,
Tuggeranong,Property Damage,2020,Q3,123,88274,1.3933887667942997,
Tuggeranong,Property Damage,2020,Q4,153,88274,1.7332396855246166,
Tuggeranong,Property Damage,2021,Q1,176,89004,1.9774392162150007,
Tuggeranong,Property Damage,2021,Q2,144,89004,1.6179048132668197,
Tuggeranong,Property Damage,2021,Q3,141,89004,1.584198462990427,
Tuggeranong,Property Damage,2021,Q4,144,89004,1.6179048132668197,
Tuggeranong,Property Damage,2022,Q1,98,89541,1.0944706894048537,
Tuggeranong,Property Damage,2022,Q2,134,89541,1.496521146737249,
Tuggeranong,Property Damage,2022,Q3,142,89541,1.5858656928111146,
Tuggeranong,Property Damage,2022,Q4,142,89541,1.5858656928111146,
Tuggeranong,Property Damage,2023,Q1,139,89957,1.545182698400347,
Tuggeranong,Property Damage,2023,Q2,171,89957,1.9009082117011464,
Tuggeranong,Property Damage,2023,Q3,180,89957,2.000956012316996,
Tuggeranong,Property Damage,2023,Q4,173,89957,1.9231410562824465,
Tuggeranong,Property Damage,2024,Q1,127,90057,1.4102179730615054,
Tuggeranong,Property Damage,2024,Q2,103,90057,1.143720088388465,
Tuggeranong,Property Damage,2024,Q3,128,90057,1.4213220515895488,
Tuggeranong,Property Damage,2024,Q4,129,90057,1.4324261301175922,
Tuggeranong,Property Damage,2025,Q1,113,90149,1.2534803491996582,
Tuggeranong,Property Damage,2025,Q2,212,90149,2.3516622480559963,
Tuggeranong,Robbery - Armed,2014,Q1,4,87163,0.0458910317451212,
Tuggeranong,Robbery - Armed,2014,Q2,6,87163,0.0688365476176818,
Tuggeranong,Robbery - Armed,2014,Q3,4,87163,0.0458910317451212,
Tuggeranong,Robbery - Armed,2014,Q4,1,87163,0.0114727579362803,
Tuggeranong,Robbery - Armed,2015,Q1,10,86340,0.1158211721102617,
Tuggeranong,Robbery - Armed,2015,Q2,8,86340,0.0926569376882094,
Tuggeranong,Robbery - Armed,2015,Q3,3,86340,0.0347463516330785,
Tuggeranong,Robbery - Armed,2015,Q4,2,86340,0.0231642344220523,
Tuggeranong,Robbery - Armed,2016,Q1,3,85890,0.0349283967865875,
Tuggeranong,Robbery - Armed,2016,Q2,11,85890,0.1280707882174875,
Tuggeranong,Robbery - Armed,2016,Q3,5,85890,0.0582139946443124,
Tuggeranong,Robbery - Armed,2016,Q4,8,85890,0.0931423914308999,
Tuggeranong,Robbery - Armed,2017,Q1,12,86305,0.1390417704652105,
Tuggeranong,Robbery - Armed,2017,Q2,12,86305,0.1390417704652105,
Tuggeranong,Robbery - Armed,2017,Q3,7,86305,0.0811076994380395,
Tuggeranong,Robbery - Armed,2017,Q4,5,86305,0.057934071027171,
Tuggeranong,Robbery - Armed,2018,Q1,16,86846,0.1842341616194182,
Tuggeranong,Robbery - Armed,2018,Q2,9,86846,0.1036317159109227,
Tuggeranong,Robbery - Armed,2018,Q3,5,86846,0.0575731755060682,
Tuggeranong,Robbery - Armed,2018,Q4,4,86846,0.0460585404048545,
Tuggeranong,Robbery - Armed,2019,Q1,7,87450,0.0800457404230989,
Tuggeranong,Robbery - Armed,2019,Q2,2,87450,0.0228702115494568,
Tuggeranong,Robbery - Armed,2019,Q3,8,87450,0.0914808461978273,
Tuggeranong,Robbery - Armed,2019,Q4,7,87450,0.0800457404230989,
Tuggeranong,Robbery - Armed,2020,Q1,5,88274,0.0566418197883861,
Tuggeranong,Robbery - Armed,2020,Q2,3,88274,0.0339850918730317,
Tuggeranong,Robbery - Armed,2020,Q3,0,88274,0.0,
Tuggeranong,Robbery - Armed,2020,Q4,6,88274,0.0679701837460634,
Tuggeranong,Robbery - Armed,2021,Q1,4,89004,0.0449418003685227,
Tuggeranong,Robbery - Armed,2021,Q2,4,89004,0.0449418003685227,
Tuggeranong,Robbery - Armed,2021,Q3,6,89004,0.0674127005527841,
Tuggeranong,Robbery - Armed,2021,Q4,3,89004,0.033706350276392,
Tuggeranong,Robbery - Armed,2022,Q1,7,89541,0.0781764778146324,
Tuggeranong,Robbery - Armed,2022,Q2,1,89541,0.0111680682592332,
Tuggeranong,Robbery - Armed,2022,Q3,4,89541,0.0446722730369328,
Tuggeranong,Robbery - Armed,2022,Q4,6,89541,0.0670084095553992,
Tuggeranong,Robbery - Armed,2023,Q1,2,89957,0.0222328445812999,
Tuggeranong,Robbery - Armed,2023,Q2,7,89957,0.0778149560345498,
Tuggeranong,Robbery - Armed,2023,Q3,4,89957,0.0444656891625999,
Tuggeranong,Robbery - Armed,2023,Q4,1,89957,0.0111164222906499,
Tuggeranong,Robbery - Armed,2024,Q1,6,90057,0.0666244711682601,
Tuggeranong,Robbery - Armed,2024,Q2,2,90057,0.0222081570560867,
Tuggeranong,Robbery - Armed,2024,Q3,1,90057,0.0111040785280433,
Tuggeranong,Robbery - Armed,2024,Q4,3,90057,0.03331223558413,
Tuggeranong,Robbery - Armed,2025,Q1,4,90149,0.0443709858123772,
Tuggeranong,Robbery - Armed,2025,Q2,1,90149,0.0110927464530943,
Tuggeranong,Robbery - Other,2014,Q1,7,87163,0.0803093055539621,
Tuggeranong,Robbery - Other,2014,Q2,0,87163,0.0,
Tuggeranong,Robbery - Other,2014,Q3,3,87163,0.0344182738088409,
Tuggeranong,Robbery - Other,2014,Q4,2,87163,0.0229455158725606,
Tuggeranong,Robbery - Other,2015,Q1,2,86340,0.0231642344220523,
Tuggeranong,Robbery - Other,2015,Q2,2,86340,0.0231642344220523,
Tuggeranong,Robbery - Other,2015,Q3,0,86340,0.0,
Tuggeranong,Robbery - Other,2015,Q4,1,86340,0.0115821172110261,
Tuggeranong,Robbery - Other,2016,Q1,2,85890,0.0232855978577249,
Tuggeranong,Robbery - Other,2016,Q2,2,85890,0.0232855978577249,
Tuggeranong,Robbery - Other,2016,Q3,2,85890,0.0232855978577249,
Tuggeranong,Robbery - Other,2016,Q4,7,85890,0.0814995925020374,
Tuggeranong,Robbery - Other,2017,Q1,7,86305,0.0811076994380395,
Tuggeranong,Robbery - Other,2017,Q2,5,86305,0.057934071027171,
Tuggeranong,Robbery - Other,2017,Q3,7,86305,0.0811076994380395,
Tuggeranong,Robbery - Other,2017,Q4,2,86305,0.0231736284108684,
Tuggeranong,Robbery - Other,2018,Q1,5,86846,0.0575731755060682,
Tuggeranong,Robbery - Other,2018,Q2,4,86846,0.0460585404048545,
Tuggeranong,Robbery - Other,2018,Q3,6,86846,0.0690878106072818,
Tuggeranong,Robbery - Other,2018,Q4,7,86846,0.0806024457084955,
Tuggeranong,Robbery - Other,2019,Q1,6,87450,0.0686106346483705,
Tuggeranong,Robbery - Other,2019,Q2,11,87450,0.1257861635220125,
Tuggeranong,Robbery - Other,2019,Q3,8,87450,0.0914808461978273,
Tuggeranong,Robbery - Other,2019,Q4,5,87450,0.057175528873642,
Tuggeranong,Robbery - Other,2020,Q1,3,88274,0.0339850918730317,
Tuggeranong,Robbery - Other,2020,Q2,3,88274,0.0339850918730317,
Tuggeranong,Robbery - Other,2020,Q3,3,88274,0.0339850918730317,
Tuggeranong,Robbery - Other,2020,Q4,2,88274,0.0226567279153544,
Tuggeranong,Robbery - Other,2021,Q1,5,89004,0.0561772504606534,
Tuggeranong,Robbery - Other,2021,Q2,5,89004,0.0561772504606534,
Tuggeranong,Robbery - Other,2021,Q3,1,89004,0.0112354500921306,
Tuggeranong,Robbery - Other,2021,Q4,1,89004,0.0112354500921306,
Tuggeranong,Robbery - Other,2022,Q1,4,89541,0.0446722730369328,
Tuggeranong,Robbery - Other,2022,Q2,1,89541,0.0111680682592332,
Tuggeranong,Robbery - Other,2022,Q3,3,89541,0.0335042047776996,
Tuggeranong,Robbery - Other,2022,Q4,2,89541,0.0223361365184664,
Tuggeranong,Robbery - Other,2023,Q1,2,89957,0.0222328445812999,
Tuggeranong,Robbery - Other,2023,Q2,2,89957,0.0222328445812999,
Tuggeranong,Robbery - Other,2023,Q3,3,89957,0.0333492668719499,
Tuggeranong,Robbery - Other,2023,Q4,2,89957,0.0222328445812999,
Tuggeranong,Robbery - Other,2024,Q1,5,90057,0.0555203926402167,
Tuggeranong,Robbery - Other,2024,Q2,4,90057,0.0444163141121734,
Tuggeranong,Robbery - Other,2024,Q3,4,90057,0.0444163141121734,
Tuggeranong,Robbery - Other,2024,Q4,4,90057,0.0444163141121734,
Tuggeranong,Robbery - Other,2025,Q1,2,90149,0.0221854929061886,
Tuggeranong,Robbery - Other,2025,Q2,1,90149,0.0110927464530943,
Tuggeranong,Sexual Assault,2014,Q1,20,87163,0.229455158725606,
Tuggeranong,Sexual Assault,2014,Q2,10,87163,0.114727579362803,
Tuggeranong,Sexual Assault,2014,Q3,29,87163,0.3327099801521287,
Tuggeranong,Sexual Assault,2014,Q4,40,87163,0.4589103174512121,
Tuggeranong,Sexual Assault,2015,Q1,18,86340,0.2084781097984711,
Tuggeranong,Sexual Assault,2015,Q2,31,86340,0.3590456335418114,
Tuggeranong,Sexual Assault,2015,Q3,53,86340,0.6138522121843872,
Tuggeranong,Sexual Assault,2015,Q4,40,86340,0.463284688441047,
Tuggeranong,Sexual Assault,2016,Q1,18,85890,0.2095703807195249,
Tuggeranong,Sexual Assault,2016,Q2,22,85890,0.256141576434975,
Tuggeranong,Sexual Assault,2016,Q3,25,85890,0.2910699732215625,
Tuggeranong,Sexual Assault,2016,Q4,23,85890,0.2677843753638375,
Tuggeranong,Sexual Assault,2017,Q1,23,86305,0.2664967267249869,
Tuggeranong,Sexual Assault,2017,Q2,17,86305,0.1969758414923816,
Tuggeranong,Sexual Assault,2017,Q3,19,86305,0.22014946990325,
Tuggeranong,Sexual Assault,2017,Q4,19,86305,0.22014946990325,
Tuggeranong,Sexual Assault,2018,Q1,33,86846,0.3799829583400502,
Tuggeranong,Sexual Assault,2018,Q2,20,86846,0.2302927020242728,
Tuggeranong,Sexual Assault,2018,Q3,29,86846,0.3339244179351956,
Tuggeranong,Sexual Assault,2018,Q4,33,86846,0.3799829583400502,
Tuggeranong,Sexual Assault,2019,Q1,21,87450,0.2401372212692967,
Tuggeranong,Sexual Assault,2019,Q2,21,87450,0.2401372212692967,
Tuggeranong,Sexual Assault,2019,Q3,27,87450,0.3087478559176672,
Tuggeranong,Sexual Assault,2019,Q4,23,87450,0.2630074328187535,
Tuggeranong,Sexual Assault,2020,Q1,40,88274,0.4531345583070892,
Tuggeranong,Sexual Assault,2020,Q2,18,88274,0.2039105512381901,
Tuggeranong,Sexual Assault,2020,Q3,23,88274,0.2605523710265763,
Tuggeranong,Sexual Assault,2020,Q4,36,88274,0.4078211024763803,
Tuggeranong,Sexual Assault,2021,Q1,42,89004,0.471888903869489,
Tuggeranong,Sexual Assault,2021,Q2,44,89004,0.4943598040537503,
Tuggeranong,Sexual Assault,2021,Q3,45,89004,0.505595254145881,
Tuggeranong,Sexual Assault,2021,Q4,28,89004,0.3145926025796593,
Tuggeranong,Sexual Assault,2022,Q1,24,89541,0.2680336382215968,
Tuggeranong,Sexual Assault,2022,Q2,35,89541,0.390882389073162,
Tuggeranong,Sexual Assault,2022,Q3,72,89541,0.8041009146647905,
Tuggeranong,Sexual Assault,2022,Q4,18,89541,0.2010252286661976,
Tuggeranong,Sexual Assault,2023,Q1,45,89957,0.500239003079249,
Tuggeranong,Sexual Assault,2023,Q2,25,89957,0.2779105572662494,
Tuggeranong,Sexual Assault,2023,Q3,45,89957,0.500239003079249,
Tuggeranong,Sexual Assault,2023,Q4,32,89957,0.3557255133007993,
Tuggeranong,Sexual Assault,2024,Q1,27,90057,0.2998101202571704,
Tuggeranong,Sexual Assault,2024,Q2,24,90057,0.2664978846730404,
Tuggeranong,Sexual Assault,2024,Q3,37,90057,0.4108509055376039,
Tuggeranong,Sexual Assault,2024,Q4,41,90057,0.4552672196497773,
Tuggeranong,Sexual Assault,2025,Q1,30,90149,0.3327823935928296,
Tuggeranong,Sexual Assault,2025,Q2,30,90149,0.3327823935928296,
Tuggeranong,TINs - Mobile Use,2014,Q1,26,87163,0.2982917063432879,
Tuggeranong,TINs - Mobile Use,2014,Q2,23,87163,0.2638734325344469,
Tuggeranong,TINs - Mobile Use,2014,Q3,31,87163,0.3556554960246894,
Tuggeranong,TINs - Mobile Use,2014,Q4,24,87163,0.2753461904707273,
Tuggeranong,TINs - Mobile Use,2015,Q1,26,86340,0.3011350474866806,
Tuggeranong,TINs - Mobile Use,2015,Q2,13,86340,0.1505675237433403,
Tuggeranong,TINs - Mobile Use,2015,Q3,21,86340,0.2432244614315497,
Tuggeranong,TINs - Mobile Use,2015,Q4,19,86340,0.2200602270094973,
Tuggeranong,TINs - Mobile Use,2016,Q1,25,85890,0.2910699732215625,
Tuggeranong,TINs - Mobile Use,2016,Q2,26,85890,0.3027127721504249,
Tuggeranong,TINs - Mobile Use,2016,Q3,36,85890,0.4191407614390499,
Tuggeranong,TINs - Mobile Use,2016,Q4,20,85890,0.2328559785772499,
Tuggeranong,TINs - Mobile Use,2017,Q1,21,86305,0.2433230983141185,
Tuggeranong,TINs - Mobile Use,2017,Q2,19,86305,0.22014946990325,
Tuggeranong,TINs - Mobile Use,2017,Q3,16,86305,0.1853890272869474,
Tuggeranong,TINs - Mobile Use,2017,Q4,17,86305,0.1969758414923816,
Tuggeranong,TINs - Mobile Use,2018,Q1,18,86846,0.2072634318218455,
Tuggeranong,TINs - Mobile Use,2018,Q2,12,86846,0.1381756212145637,
Tuggeranong,TINs - Mobile Use,2018,Q3,14,86846,0.161204891416991,
Tuggeranong,TINs - Mobile Use,2018,Q4,11,86846,0.12666098611335,
Tuggeranong,TINs - Mobile Use,2019,Q1,15,87450,0.1715265866209262,
Tuggeranong,TINs - Mobile Use,2019,Q2,9,87450,0.1029159519725557,
Tuggeranong,TINs - Mobile Use,2019,Q3,8,87450,0.0914808461978273,
Tuggeranong,TINs - Mobile Use,2019,Q4,9,87450,0.1029159519725557,
Tuggeranong,TINs - Mobile Use,2020,Q1,6,88274,0.0679701837460634,
Tuggeranong,TINs - Mobile Use,2020,Q2,10,88274,0.1132836395767723,
Tuggeranong,TINs - Mobile Use,2020,Q3,6,88274,0.0679701837460634,
Tuggeranong,TINs - Mobile Use,2020,Q4,8,88274,0.0906269116614178,
Tuggeranong,TINs - Mobile Use,2021,Q1,6,89004,0.0674127005527841,
Tuggeranong,TINs - Mobile Use,2021,Q2,8,89004,0.0898836007370455,
Tuggeranong,TINs - Mobile Use,2021,Q3,3,89004,0.033706350276392,
Tuggeranong,TINs - Mobile Use,2021,Q4,7,89004,0.0786481506449148,
Tuggeranong,TINs - Mobile Use,2022,Q1,4,89541,0.0446722730369328,
Tuggeranong,TINs - Mobile Use,2022,Q2,5,89541,0.055840341296166,
Tuggeranong,TINs - Mobile Use,2022,Q3,2,89541,0.0223361365184664,
Tuggeranong,TINs - Mobile Use,2022,Q4,0,89541,0.0,
Tuggeranong,TINs - Mobile Use,2023,Q1,5,89957,0.0555821114532498,
Tuggeranong,TINs - Mobile Use,2023,Q2,7,89957,0.0778149560345498,
Tuggeranong,TINs - Mobile Use,2023,Q3,3,89957,0.0333492668719499,
Tuggeranong,TINs - Mobile Use,2023,Q4,7,89957,0.0778149560345498,
Tuggeranong,TINs - Mobile Use,2024,Q1,1,90057,0.0111040785280433,
Tuggeranong,TINs - Mobile Use,2024,Q2,0,90057,0.0,
Tuggeranong,TINs - Mobile Use,2024,Q3,0,90057,0.0,
Tuggeranong,TINs - Mobile Use,2024,Q4,0,90057,0.0,
Tuggeranong,TINs - Mobile Use,2025,Q1,0,90149,0.0,
Tuggeranong,TINs - Mobile Use,2025,Q2,0,90149,0.0,
Tuggeranong,TINs - Other,2014,Q1,301,87163,3.4533001388203712,
Tuggeranong,TINs - Other,2014,Q2,278,87163,3.189426706285924,
Tuggeranong,TINs - Other,2014,Q3,385,87163,4.417011805467917,
Tuggeranong,TINs - Other,2014,Q4,230,87163,2.638734325344469,
Tuggeranong,TINs - Other,2015,Q1,184,86340,2.131109566828816,
Tuggeranong,TINs - Other,2015,Q2,238,86340,2.7565438962242297,
Tuggeranong,TINs - Other,2015,Q3,326,86340,3.775770210794533,
Tuggeranong,TINs - Other,2015,Q4,260,86340,3.0113504748668056,
Tuggeranong,TINs - Other,2016,Q1,205,85890,2.3867737804168123,
Tuggeranong,TINs - Other,2016,Q2,198,85890,2.3052741879147747,
Tuggeranong,TINs - Other,2016,Q3,192,85890,2.2354173943416,
Tuggeranong,TINs - Other,2016,Q4,160,85890,1.862847828618,
Tuggeranong,TINs - Other,2017,Q1,175,86305,2.0276924859509875,
Tuggeranong,TINs - Other,2017,Q2,244,86305,2.8271826661259483,
Tuggeranong,TINs - Other,2017,Q3,288,86305,3.337002491165054,
Tuggeranong,TINs - Other,2017,Q4,164,86305,1.9002375296912115,
Tuggeranong,TINs - Other,2018,Q1,157,86846,1.8077977108905416,
Tuggeranong,TINs - Other,2018,Q2,139,86846,1.6005342790686965,
Tuggeranong,TINs - Other,2018,Q3,216,86846,2.487161181862146,
Tuggeranong,TINs - Other,2018,Q4,180,86846,2.0726343182184555,
Tuggeranong,TINs - Other,2019,Q1,148,87450,1.6923956546598056,
Tuggeranong,TINs - Other,2019,Q2,139,87450,1.5894797026872498,
Tuggeranong,TINs - Other,2019,Q3,96,87450,1.097770154373928,
Tuggeranong,TINs - Other,2019,Q4,124,87450,1.4179531160663237,
Tuggeranong,TINs - Other,2020,Q1,123,88274,1.3933887667942997,
Tuggeranong,TINs - Other,2020,Q2,180,88274,2.039105512381902,
Tuggeranong,TINs - Other,2020,Q3,106,88274,1.2008065795137866,
Tuggeranong,TINs - Other,2020,Q4,93,88274,1.0535378480639823,
Tuggeranong,TINs - Other,2021,Q1,78,89004,0.8763651071861939,
Tuggeranong,TINs - Other,2021,Q2,79,89004,0.8876005572783245,
Tuggeranong,TINs - Other,2021,Q3,75,89004,0.8426587569098017,
Tuggeranong,TINs - Other,2021,Q4,68,89004,0.7640106062648869,
Tuggeranong,TINs - Other,2022,Q1,34,89541,0.3797143208139288,
Tuggeranong,TINs - Other,2022,Q2,78,89541,0.8711093242201897,
Tuggeranong,TINs - Other,2022,Q3,65,89541,0.7259244368501581,
Tuggeranong,TINs - Other,2022,Q4,90,89541,1.0051261433309882,
Tuggeranong,TINs - Other,2023,Q1,113,89957,1.2561557188434476,
Tuggeranong,TINs - Other,2023,Q2,250,89957,2.7791055726624947,
Tuggeranong,TINs - Other,2023,Q3,225,89957,2.501195015396245,
Tuggeranong,TINs - Other,2023,Q4,128,89957,1.4229020532031973,
Tuggeranong,TINs - Other,2024,Q1,185,90057,2.05425452768802,
Tuggeranong,TINs - Other,2024,Q2,193,90057,2.1430871559123665,
Tuggeranong,TINs - Other,2024,Q3,206,90057,2.28744017677693,
Tuggeranong,TINs - Other,2024,Q4,251,90057,2.787123710538881,
Tuggeranong,TINs - Other,2025,Q1,432,90149,4.792066467736747,
Tuggeranong,TINs - Other,2025,Q2,437,90149,4.847530200002218,
Tuggeranong,TINs - Seatbelts,2014,Q1,11,87163,0.1262003372990833,
Tuggeranong,TINs - Seatbelts,2014,Q2,6,87163,0.0688365476176818,
Tuggeranong,TINs - Seatbelts,2014,Q3,6,87163,0.0688365476176818,
Tuggeranong,TINs - Seatbelts,2014,Q4,13,87163,0.1491458531716439,
Tuggeranong,TINs - Seatbelts,2015,Q1,5,86340,0.0579105860551308,
Tuggeranong,TINs - Seatbelts,2015,Q2,9,86340,0.1042390548992355,
Tuggeranong,TINs - Seatbelts,2015,Q3,6,86340,0.069492703266157,
Tuggeranong,TINs - Seatbelts,2015,Q4,9,86340,0.1042390548992355,
Tuggeranong,TINs - Seatbelts,2016,Q1,4,85890,0.0465711957154499,
Tuggeranong,TINs - Seatbelts,2016,Q2,3,85890,0.0349283967865875,
Tuggeranong,TINs - Seatbelts,2016,Q3,5,85890,0.0582139946443124,
Tuggeranong,TINs - Seatbelts,2016,Q4,5,85890,0.0582139946443124,
Tuggeranong,TINs - Seatbelts,2017,Q1,7,86305,0.0811076994380395,
Tuggeranong,TINs - Seatbelts,2017,Q2,9,86305,0.1042813278489079,
Tuggeranong,TINs - Seatbelts,2017,Q3,4,86305,0.0463472568217368,
Tuggeranong,TINs - Seatbelts,2017,Q4,3,86305,0.0347604426163026,
Tuggeranong,TINs - Seatbelts,2018,Q1,3,86846,0.0345439053036409,
Tuggeranong,TINs - Seatbelts,2018,Q2,1,86846,0.0115146351012136,
Tuggeranong,TINs - Seatbelts,2018,Q3,2,86846,0.0230292702024272,
Tuggeranong,TINs - Seatbelts,2018,Q4,7,86846,0.0806024457084955,
Tuggeranong,TINs - Seatbelts,2019,Q1,5,87450,0.057175528873642,
Tuggeranong,TINs - Seatbelts,2019,Q2,3,87450,0.0343053173241852,
Tuggeranong,TINs - Seatbelts,2019,Q3,3,87450,0.0343053173241852,
Tuggeranong,TINs - Seatbelts,2019,Q4,6,87450,0.0686106346483705,
Tuggeranong,TINs - Seatbelts,2020,Q1,1,88274,0.0113283639576772,
Tuggeranong,TINs - Seatbelts,2020,Q2,2,88274,0.0226567279153544,
Tuggeranong,TINs - Seatbelts,2020,Q3,1,88274,0.0113283639576772,
Tuggeranong,TINs - Seatbelts,2020,Q4,2,88274,0.0226567279153544,
Tuggeranong,TINs - Seatbelts,2021,Q1,0,89004,0.0,
Tuggeranong,TINs - Seatbelts,2021,Q2,1,89004,0.0112354500921306,
Tuggeranong,TINs - Seatbelts,2021,Q3,0,89004,0.0,
Tuggeranong,TINs - Seatbelts,2021,Q4,1,89004,0.0112354500921306,
Tuggeranong,TINs - Seatbelts,2022,Q1,0,89541,0.0,
Tuggeranong,TINs - Seatbelts,2022,Q2,1,89541,0.0111680682592332,
Tuggeranong,TINs - Seatbelts,2022,Q3,1,89541,0.0111680682592332,
Tuggeranong,TINs - Seatbelts,2022,Q4,1,89541,0.0111680682592332,
Tuggeranong,TINs - Seatbelts,2023,Q1,8,89957,0.0889313783251998,
Tuggeranong,TINs - Seatbelts,2023,Q2,6,89957,0.0666985337438998,
Tuggeranong,TINs - Seatbelts,2023,Q3,3,89957,0.0333492668719499,
Tuggeranong,TINs - Seatbelts,2023,Q4,7,89957,0.0778149560345498,
Tuggeranong,TINs - Seatbelts,2024,Q1,3,90057,0.03331223558413,
Tuggeranong,TINs - Seatbelts,2024,Q2,0,90057,0.0,
Tuggeranong,TINs - Seatbelts,2024,Q3,1,90057,0.0111040785280433,
Tuggeranong,TINs - Seatbelts,2024,Q4,3,90057,0.03331223558413,
Tuggeranong,TINs - Seatbelts,2025,Q1,0,90149,0.0,
Tuggeranong,TINs - Seatbelts,2025,Q2,2,90149,0.0221854929061886,
Tuggeranong,TINs - Speeding,2014,Q1,86,87163,0.986657182520106,
Tuggeranong,TINs - Speeding,2014,Q2,116,87163,1.330839920608515,
Tuggeranong,TINs - Speeding,2014,Q3,190,87163,2.1798240078932576,
Tuggeranong,TINs - Speeding,2014,Q4,72,87163,0.8260385714121818,
Tuggeranong,TINs - Speeding,2015,Q1,70,86340,0.8107482047718323,
Tuggeranong,TINs - Speeding,2015,Q2,86,86340,0.996062080148251,
Tuggeranong,TINs - Speeding,2015,Q3,125,86340,1.4477646513782718,
Tuggeranong,TINs - Speeding,2015,Q4,66,86340,0.7644197359277276,
Tuggeranong,TINs - Speeding,2016,Q1,65,85890,0.7567819303760625,
Tuggeranong,TINs - Speeding,2016,Q2,74,85890,0.8615671207358249,
Tuggeranong,TINs - Speeding,2016,Q3,74,85890,0.8615671207358249,
Tuggeranong,TINs - Speeding,2016,Q4,63,85890,0.7334963325183375,
Tuggeranong,TINs - Speeding,2017,Q1,36,86305,0.4171253113956317,
Tuggeranong,TINs - Speeding,2017,Q2,113,86305,1.3093100052140665,
Tuggeranong,TINs - Speeding,2017,Q3,110,86305,1.2745495625977636,
Tuggeranong,TINs - Speeding,2017,Q4,54,86305,0.6256879670934477,
Tuggeranong,TINs - Speeding,2018,Q1,91,86846,1.0478317942104414,
Tuggeranong,TINs - Speeding,2018,Q2,39,86846,0.449070768947332,
Tuggeranong,TINs - Speeding,2018,Q3,31,86846,0.3569536881376229,
Tuggeranong,TINs - Speeding,2018,Q4,10,86846,0.1151463510121364,
Tuggeranong,TINs - Speeding,2019,Q1,18,87450,0.2058319039451114,
Tuggeranong,TINs - Speeding,2019,Q2,19,87450,0.2172670097198399,
Tuggeranong,TINs - Speeding,2019,Q3,24,87450,0.274442538593482,
Tuggeranong,TINs - Speeding,2019,Q4,12,87450,0.137221269296741,
Tuggeranong,TINs - Speeding,2020,Q1,25,88274,0.2832090989419308,
Tuggeranong,TINs - Speeding,2020,Q2,37,88274,0.4191494664340576,
Tuggeranong,TINs - Speeding,2020,Q3,16,88274,0.1812538233228357,
Tuggeranong,TINs - Speeding,2020,Q4,11,88274,0.1246120035344495,
Tuggeranong,TINs - Speeding,2021,Q1,5,89004,0.0561772504606534,
Tuggeranong,TINs - Speeding,2021,Q2,26,89004,0.2921217023953979,
Tuggeranong,TINs - Speeding,2021,Q3,11,89004,0.1235899510134375,
Tuggeranong,TINs - Speeding,2021,Q4,18,89004,0.2022381016583524,
Tuggeranong,TINs - Speeding,2022,Q1,3,89541,0.0335042047776996,
Tuggeranong,TINs - Speeding,2022,Q2,7,89541,0.0781764778146324,
Tuggeranong,TINs - Speeding,2022,Q3,10,89541,0.111680682592332,
Tuggeranong,TINs - Speeding,2022,Q4,13,89541,0.1451848873700316,
Tuggeranong,TINs - Speeding,2023,Q1,11,89957,0.1222806451971497,
Tuggeranong,TINs - Speeding,2023,Q2,38,89957,0.4224240470446991,
Tuggeranong,TINs - Speeding,2023,Q3,64,89957,0.7114510266015986,
Tuggeranong,TINs - Speeding,2023,Q4,57,89957,0.6336360705670487,
Tuggeranong,TINs - Speeding,2024,Q1,29,90057,0.3220182773132571,
Tuggeranong,TINs - Speeding,2024,Q2,27,90057,0.2998101202571704,
Tuggeranong,TINs - Speeding,2024,Q3,33,90057,0.3664345914254305,
Tuggeranong,TINs - Speeding,2024,Q4,84,90057,0.9327425963556414,
Tuggeranong,TINs - Speeding,2025,Q1,78,90149,0.865234223341357,
Tuggeranong,TINs - Speeding,2025,Q2,66,90149,0.7321212659042252,
Tuggeranong,Theft - Motor Vehicles,2014,Q1,47,87163,0.5392196230051742,
Tuggeranong,Theft - Motor Vehicles,2014,Q2,34,87163,0.3900737698335303,
Tuggeranong,Theft - Motor Vehicles,2014,Q3,58,87163,0.6654199603042575,
Tuggeranong,Theft - Motor Vehicles,2014,Q4,66,87163,0.7572020237945,
Tuggeranong,Theft - Motor Vehicles,2015,Q1,49,86340,0.5675237433402825,
Tuggeranong,Theft - Motor Vehicles,2015,Q2,89,86340,1.0308084317813295,
Tuggeranong,Theft - Motor Vehicles,2015,Q3,54,86340,0.6254343293954134,
Tuggeranong,Theft - Motor Vehicles,2015,Q4,51,86340,0.590687977762335,
Tuggeranong,Theft - Motor Vehicles,2016,Q1,36,85890,0.4191407614390499,
Tuggeranong,Theft - Motor Vehicles,2016,Q2,69,85890,0.8033531260915124,
Tuggeranong,Theft - Motor Vehicles,2016,Q3,84,85890,0.9779951100244498,
Tuggeranong,Theft - Motor Vehicles,2016,Q4,50,85890,0.582139946443125,
Tuggeranong,Theft - Motor Vehicles,2017,Q1,104,86305,1.2050286773651584,
Tuggeranong,Theft - Motor Vehicles,2017,Q2,80,86305,0.9269451364347372,
Tuggeranong,Theft - Motor Vehicles,2017,Q3,95,86305,1.1007473495162503,
Tuggeranong,Theft - Motor Vehicles,2017,Q4,73,86305,0.8458374369966977,
Tuggeranong,Theft - Motor Vehicles,2018,Q1,79,86846,0.9096561729958778,
Tuggeranong,Theft - Motor Vehicles,2018,Q2,73,86846,0.8405683623885959,
Tuggeranong,Theft - Motor Vehicles,2018,Q3,42,86846,0.483614674250973,
Tuggeranong,Theft - Motor Vehicles,2018,Q4,40,86846,0.4605854040485457,
Tuggeranong,Theft - Motor Vehicles,2019,Q1,78,87450,0.8919382504288165,
Tuggeranong,Theft - Motor Vehicles,2019,Q2,62,87450,0.7089765580331617,
Tuggeranong,Theft - Motor Vehicles,2019,Q3,77,87450,0.8805031446540881,
Tuggeranong,Theft - Motor Vehicles,2019,Q4,69,87450,0.7890222984562607,
Tuggeranong,Theft - Motor Vehicles,2020,Q1,67,88274,0.7590003851643745,
Tuggeranong,Theft - Motor Vehicles,2020,Q2,61,88274,0.6910302014183112,
Tuggeranong,Theft - Motor Vehicles,2020,Q3,61,88274,0.6910302014183112,
Tuggeranong,Theft - Motor Vehicles,2020,Q4,67,88274,0.7590003851643745,
Tuggeranong,Theft - Motor Vehicles,2021,Q1,51,89004,0.5730079546986652,
Tuggeranong,Theft - Motor Vehicles,2021,Q2,51,89004,0.5730079546986652,
Tuggeranong,Theft - Motor Vehicles,2021,Q3,60,89004,0.6741270055278414,
Tuggeranong,Theft - Motor Vehicles,2021,Q4,65,89004,0.7303042559884949,
Tuggeranong,Theft - Motor Vehicles,2022,Q1,31,89541,0.3462101160362292,
Tuggeranong,Theft - Motor Vehicles,2022,Q2,49,89541,0.5472353447024269,
Tuggeranong,Theft - Motor Vehicles,2022,Q3,55,89541,0.6142437542578261,
Tuggeranong,Theft - Motor Vehicles,2022,Q4,45,89541,0.5025630716654941,
Tuggeranong,Theft - Motor Vehicles,2023,Q1,42,89957,0.466889736207299,
Tuggeranong,Theft - Motor Vehicles,2023,Q2,46,89957,0.511355425369899,
Tuggeranong,Theft - Motor Vehicles,2023,Q3,43,89957,0.478006158497949,
Tuggeranong,Theft - Motor Vehicles,2023,Q4,52,89957,0.5780539591137989,
Tuggeranong,Theft - Motor Vehicles,2024,Q1,38,90057,0.4219549840656473,
Tuggeranong,Theft - Motor Vehicles,2024,Q2,27,90057,0.2998101202571704,
Tuggeranong,Theft - Motor Vehicles,2024,Q3,31,90057,0.3442264343693438,
Tuggeranong,Theft - Motor Vehicles,2024,Q4,37,90057,0.4108509055376039,
Tuggeranong,Theft - Motor Vehicles,2025,Q1,48,90149,0.5324518297485274,
Tuggeranong,Theft - Motor Vehicles,2025,Q2,35,90149,0.3882461258583012,
Tuggeranong,Theft - Other,2014,Q1,434,87163,4.979176944345651,
Tuggeranong,Theft - Other,2014,Q2,433,87163,4.967704186409371,
Tuggeranong,Theft - Other,2014,Q3,452,87163,5.185686587198697,
Tuggeranong,Theft - Other,2014,Q4,549,87163,6.298544107017887,
Tuggeranong,Theft - Other,2015,Q1,549,86340,6.35858234885337,
Tuggeranong,Theft - Other,2015,Q2,641,86340,7.424137132267778,
Tuggeranong,Theft - Other,2015,Q3,479,86340,5.547834144081538,
Tuggeranong,Theft - Other,2015,Q4,498,86340,5.767894371091035,
Tuggeranong,Theft - Other,2016,Q1,430,85890,5.006403539410874,
Tuggeranong,Theft - Other,2016,Q2,515,85890,5.996041448364187,
Tuggeranong,Theft - Other,2016,Q3,551,85890,6.415182209803237,
Tuggeranong,Theft - Other,2016,Q4,408,85890,4.750261962975899,
Tuggeranong,Theft - Other,2017,Q1,458,86305,5.30676090608887,
Tuggeranong,Theft - Other,2017,Q2,400,86305,4.634725682173686,
Tuggeranong,Theft - Other,2017,Q3,397,86305,4.599965239557383,
Tuggeranong,Theft - Other,2017,Q4,390,86305,4.518857540119344,
Tuggeranong,Theft - Other,2018,Q1,399,86846,4.594339405384243,
Tuggeranong,Theft - Other,2018,Q2,387,86846,4.45616378416968,
Tuggeranong,Theft - Other,2018,Q3,275,86846,3.1665246528337514,
Tuggeranong,Theft - Other,2018,Q4,242,86846,2.7865416944937014,
Tuggeranong,Theft - Other,2019,Q1,310,87450,3.544882790165809,
Tuggeranong,Theft - Other,2019,Q2,281,87450,3.213264722698685,
Tuggeranong,Theft - Other,2019,Q3,358,87450,4.093767867352773,
Tuggeranong,Theft - Other,2019,Q4,379,87450,4.333905088622069,
Tuggeranong,Theft - Other,2020,Q1,328,88274,3.715703378118132,
Tuggeranong,Theft - Other,2020,Q2,286,88274,3.2399120918956883,
Tuggeranong,Theft - Other,2020,Q3,226,88274,2.5602102544350545,
Tuggeranong,Theft - Other,2020,Q4,239,88274,2.7074789858848587,
Tuggeranong,Theft - Other,2021,Q1,292,89004,3.2807514269021616,
Tuggeranong,Theft - Other,2021,Q2,306,89004,3.4380477281919912,
Tuggeranong,Theft - Other,2021,Q3,276,89004,3.1009842254280704,
Tuggeranong,Theft - Other,2021,Q4,235,89004,2.6403307716507123,
Tuggeranong,Theft - Other,2022,Q1,236,89541,2.635664109179036,
Tuggeranong,Theft - Other,2022,Q2,250,89541,2.7920170648083,
Tuggeranong,Theft - Other,2022,Q3,237,89541,2.646832177438269,
Tuggeranong,Theft - Other,2022,Q4,199,89541,2.222445583587407,
Tuggeranong,Theft - Other,2023,Q1,304,89957,3.3793923763575933,
Tuggeranong,Theft - Other,2023,Q2,246,89957,2.7346398834998946,
Tuggeranong,Theft - Other,2023,Q3,176,89957,1.956490323154396,
Tuggeranong,Theft - Other,2023,Q4,256,89957,2.8458041064063946,
Tuggeranong,Theft - Other,2024,Q1,200,90057,2.22081570560867,
Tuggeranong,Theft - Other,2024,Q2,205,90057,2.276336098248887,
Tuggeranong,Theft - Other,2024,Q3,189,90057,2.0986708418001934,
Tuggeranong,Theft - Other,2024,Q4,215,90057,2.38737688352932,
Tuggeranong,Theft - Other,2025,Q1,210,90149,2.329476755149808,
Tuggeranong,Theft - Other,2025,Q2,261,90149,2.895206824257618,
Weston Creek,Assault,2014,Q1,10,23619,0.4233879503789322,
Weston Creek,Assault,2014,Q2,5,23619,0.2116939751894661,
Weston Creek,Assault,2014,Q3,9,23619,0.381049155341039,
Weston Creek,Assault,2014,Q4,16,23619,0.6774207206062915,
Weston Creek,Assault,2015,Q1,13,23338,0.5570314508526866,
Weston Creek,Assault,2015,Q2,14,23338,0.5998800239952009,
Weston Creek,Assault,2015,Q3,12,23338,0.5141828777101722,
Weston Creek,Assault,2015,Q4,16,23338,0.6855771702802297,
Weston Creek,Assault,2016,Q1,8,23276,0.3437016669530847,
Weston Creek,Assault,2016,Q2,11,23276,0.4725897920604915,
Weston Creek,Assault,2016,Q3,10,23276,0.4296270836913559,
Weston Creek,Assault,2016,Q4,12,23276,0.5155525004296271,
Weston Creek,Assault,2017,Q1,6,23456,0.2557980900409277,
Weston Creek,Assault,2017,Q2,8,23456,0.3410641200545702,
Weston Creek,Assault,2017,Q3,10,23456,0.4263301500682128,
Weston Creek,Assault,2017,Q4,14,23456,0.596862210095498,
Weston Creek,Assault,2018,Q1,10,23575,0.4241781548250265,
Weston Creek,Assault,2018,Q2,16,23575,0.6786850477200425,
Weston Creek,Assault,2018,Q3,9,23575,0.3817603393425238,
Weston Creek,Assault,2018,Q4,14,23575,0.5938494167550371,
Weston Creek,Assault,2019,Q1,14,23876,0.5863628748534092,
Weston Creek,Assault,2019,Q2,5,23876,0.2094153124476461,
Weston Creek,Assault,2019,Q3,9,23876,0.3769475624057631,
Weston Creek,Assault,2019,Q4,21,23876,0.8795443122801139,
Weston Creek,Assault,2020,Q1,15,24190,0.6200909466721786,
Weston Creek,Assault,2020,Q2,8,24190,0.3307151715584952,
Weston Creek,Assault,2020,Q3,23,24190,0.9508061182306736,
Weston Creek,Assault,2020,Q4,7,24190,0.2893757751136833,
Weston Creek,Assault,2021,Q1,13,24487,0.530893943725242,
Weston Creek,Assault,2021,Q2,12,24487,0.4900559480540695,
Weston Creek,Assault,2021,Q3,10,24487,0.4083799567117246,
Weston Creek,Assault,2021,Q4,16,24487,0.6534079307387594,
Weston Creek,Assault,2022,Q1,10,24639,0.4058606274605301,
Weston Creek,Assault,2022,Q2,4,24639,0.162344250984212,
Weston Creek,Assault,2022,Q3,16,24639,0.649377003936848,
Weston Creek,Assault,2022,Q4,12,24639,0.4870327529526361,
Weston Creek,Assault,2023,Q1,13,24860,0.5229283990345938,
Weston Creek,Assault,2023,Q2,22,24860,0.8849557522123894,
Weston Creek,Assault,2023,Q3,13,24860,0.5229283990345938,
Weston Creek,Assault,2023,Q4,15,24860,0.6033789219629928,
Weston Creek,Assault,2024,Q1,9,24917,0.3611991812818557,
Weston Creek,Assault,2024,Q2,11,24917,0.441465666011157,
Weston Creek,Assault,2024,Q3,14,24917,0.561865393105109,
Weston Creek,Assault,2024,Q4,9,24917,0.3611991812818557,
Weston Creek,Assault,2025,Q1,18,24998,0.7200576046083687,
Weston Creek,Assault,2025,Q2,10,24998,0.4000320025602048,
Weston Creek,Burglary - Dwellings,2014,Q1,16,23619,0.6774207206062915,
Weston Creek,Burglary - Dwellings,2014,Q2,21,23619,0.8891146957957576,
Weston Creek,Burglary - Dwellings,2014,Q3,18,23619,0.762098310682078,
Weston Creek,Burglary - Dwellings,2014,Q4,11,23619,0.4657267454168254,
Weston Creek,Burglary - Dwellings,2015,Q1,39,23338,1.6710943525580595,
Weston Creek,Burglary - Dwellings,2015,Q2,24,23338,1.0283657554203445,
Weston Creek,Burglary - Dwellings,2015,Q3,20,23338,0.856971462850287,
Weston Creek,Burglary - Dwellings,2015,Q4,26,23338,1.1140629017053731,
Weston Creek,Burglary - Dwellings,2016,Q1,16,23276,0.6874033339061695,
Weston Creek,Burglary - Dwellings,2016,Q2,31,23276,1.3318439594432032,
Weston Creek,Burglary - Dwellings,2016,Q3,12,23276,0.5155525004296271,
Weston Creek,Burglary - Dwellings,2016,Q4,31,23276,1.3318439594432032,
Weston Creek,Burglary - Dwellings,2017,Q1,8,23456,0.3410641200545702,
Weston Creek,Burglary - Dwellings,2017,Q2,16,23456,0.6821282401091405,
Weston Creek,Burglary - Dwellings,2017,Q3,38,23456,1.6200545702592088,
Weston Creek,Burglary - Dwellings,2017,Q4,48,23456,2.046384720327421,
Weston Creek,Burglary - Dwellings,2018,Q1,29,23575,1.230116648992577,
Weston Creek,Burglary - Dwellings,2018,Q2,20,23575,0.848356309650053,
Weston Creek,Burglary - Dwellings,2018,Q3,13,23575,0.5514316012725344,
Weston Creek,Burglary - Dwellings,2018,Q4,16,23575,0.6786850477200425,
Weston Creek,Burglary - Dwellings,2019,Q1,19,23876,0.7957781873010554,
Weston Creek,Burglary - Dwellings,2019,Q2,26,23876,1.08895962472776,
Weston Creek,Burglary - Dwellings,2019,Q3,21,23876,0.8795443122801139,
Weston Creek,Burglary - Dwellings,2019,Q4,47,23876,1.9685039370078736,
Weston Creek,Burglary - Dwellings,2020,Q1,35,24190,1.4468788755684163,
Weston Creek,Burglary - Dwellings,2020,Q2,29,24190,1.1988424968995453,
Weston Creek,Burglary - Dwellings,2020,Q3,36,24190,1.4882182720132284,
Weston Creek,Burglary - Dwellings,2020,Q4,17,24190,0.7027697395618023,
Weston Creek,Burglary - Dwellings,2021,Q1,16,24487,0.6534079307387594,
Weston Creek,Burglary - Dwellings,2021,Q2,27,24487,1.1026258831216564,
Weston Creek,Burglary - Dwellings,2021,Q3,18,24487,0.7350839220811043,
Weston Creek,Burglary - Dwellings,2021,Q4,18,24487,0.7350839220811043,
Weston Creek,Burglary - Dwellings,2022,Q1,21,24639,0.8523073176671131,
Weston Creek,Burglary - Dwellings,2022,Q2,22,24639,0.8928933804131661,
Weston Creek,Burglary - Dwellings,2022,Q3,18,24639,0.7305491294289541,
Weston Creek,Burglary - Dwellings,2022,Q4,24,24639,0.9740655059052722,
Weston Creek,Burglary - Dwellings,2023,Q1,23,24860,0.9251810136765888,
Weston Creek,Burglary - Dwellings,2023,Q2,16,24860,0.6436041834271923,
Weston Creek,Burglary - Dwellings,2023,Q3,9,24860,0.3620273531777956,
Weston Creek,Burglary - Dwellings,2023,Q4,19,24860,0.7642799678197908,
Weston Creek,Burglary - Dwellings,2024,Q1,16,24917,0.6421318778344102,
Weston Creek,Burglary - Dwellings,2024,Q2,8,24917,0.3210659389172051,
Weston Creek,Burglary - Dwellings,2024,Q3,8,24917,0.3210659389172051,
Weston Creek,Burglary - Dwellings,2024,Q4,8,24917,0.3210659389172051,
Weston Creek,Burglary - Dwellings,2025,Q1,5,24998,0.2000160012801024,
Weston Creek,Burglary - Dwellings,2025,Q2,3,24998,0.1200096007680614,
Weston Creek,Burglary - Other,2014,Q1,2,23619,0.0846775900757864,
Weston Creek,Burglary - Other,2014,Q2,2,23619,0.0846775900757864,
Weston Creek,Burglary - Other,2014,Q3,9,23619,0.381049155341039,
Weston Creek,Burglary - Other,2014,Q4,16,23619,0.6774207206062915,
Weston Creek,Burglary - Other,2015,Q1,5,23338,0.2142428657125717,
Weston Creek,Burglary - Other,2015,Q2,5,23338,0.2142428657125717,
Weston Creek,Burglary - Other,2015,Q3,6,23338,0.2570914388550861,
Weston Creek,Burglary - Other,2015,Q4,17,23338,0.728425743422744,
Weston Creek,Burglary - Other,2016,Q1,12,23276,0.5155525004296271,
Weston Creek,Burglary - Other,2016,Q2,9,23276,0.3866643753222203,
Weston Creek,Burglary - Other,2016,Q3,2,23276,0.0859254167382711,
Weston Creek,Burglary - Other,2016,Q4,4,23276,0.1718508334765423,
Weston Creek,Burglary - Other,2017,Q1,4,23456,0.1705320600272851,
Weston Creek,Burglary - Other,2017,Q2,2,23456,0.0852660300136425,
Weston Creek,Burglary - Other,2017,Q3,4,23456,0.1705320600272851,
Weston Creek,Burglary - Other,2017,Q4,5,23456,0.2131650750341064,
Weston Creek,Burglary - Other,2018,Q1,3,23575,0.1272534464475079,
Weston Creek,Burglary - Other,2018,Q2,3,23575,0.1272534464475079,
Weston Creek,Burglary - Other,2018,Q3,3,23575,0.1272534464475079,
Weston Creek,Burglary - Other,2018,Q4,4,23575,0.1696712619300106,
Weston Creek,Burglary - Other,2019,Q1,3,23876,0.1256491874685877,
Weston Creek,Burglary - Other,2019,Q2,2,23876,0.0837661249790584,
Weston Creek,Burglary - Other,2019,Q3,5,23876,0.2094153124476461,
Weston Creek,Burglary - Other,2019,Q4,11,23876,0.4607136873848215,
Weston Creek,Burglary - Other,2020,Q1,8,24190,0.3307151715584952,
Weston Creek,Burglary - Other,2020,Q2,7,24190,0.2893757751136833,
Weston Creek,Burglary - Other,2020,Q3,2,24190,0.0826787928896238,
Weston Creek,Burglary - Other,2020,Q4,3,24190,0.1240181893344357,
Weston Creek,Burglary - Other,2021,Q1,1,24487,0.0408379956711724,
Weston Creek,Burglary - Other,2021,Q2,3,24487,0.1225139870135173,
Weston Creek,Burglary - Other,2021,Q3,3,24487,0.1225139870135173,
Weston Creek,Burglary - Other,2021,Q4,3,24487,0.1225139870135173,
Weston Creek,Burglary - Other,2022,Q1,1,24639,0.040586062746053,
Weston Creek,Burglary - Other,2022,Q2,3,24639,0.121758188238159,
Weston Creek,Burglary - Other,2022,Q3,1,24639,0.040586062746053,
Weston Creek,Burglary - Other,2022,Q4,2,24639,0.081172125492106,
Weston Creek,Burglary - Other,2023,Q1,4,24860,0.160901045856798,
Weston Creek,Burglary - Other,2023,Q2,0,24860,0.0,
Weston Creek,Burglary - Other,2023,Q3,6,24860,0.2413515687851971,
Weston Creek,Burglary - Other,2023,Q4,3,24860,0.1206757843925985,
Weston Creek,Burglary - Other,2024,Q1,1,24917,0.0401332423646506,
Weston Creek,Burglary - Other,2024,Q2,3,24917,0.1203997270939519,
Weston Creek,Burglary - Other,2024,Q3,2,24917,0.0802664847293012,
Weston Creek,Burglary - Other,2024,Q4,5,24917,0.2006662118232532,
Weston Creek,Burglary - Other,2025,Q1,2,24998,0.0800064005120409,
Weston Creek,Burglary - Other,2025,Q2,1,24998,0.0400032002560204,
Weston Creek,Burglary - Shops,2014,Q1,0,23619,0.0,
Weston Creek,Burglary - Shops,2014,Q2,2,23619,0.0846775900757864,
Weston Creek,Burglary - Shops,2014,Q3,2,23619,0.0846775900757864,
Weston Creek,Burglary - Shops,2014,Q4,1,23619,0.0423387950378932,
Weston Creek,Burglary - Shops,2015,Q1,3,23338,0.128545719427543,
Weston Creek,Burglary - Shops,2015,Q2,1,23338,0.0428485731425143,
Weston Creek,Burglary - Shops,2015,Q3,4,23338,0.1713942925700574,
Weston Creek,Burglary - Shops,2015,Q4,0,23338,0.0,
Weston Creek,Burglary - Shops,2016,Q1,4,23276,0.1718508334765423,
Weston Creek,Burglary - Shops,2016,Q2,2,23276,0.0859254167382711,
Weston Creek,Burglary - Shops,2016,Q3,0,23276,0.0,
Weston Creek,Burglary - Shops,2016,Q4,5,23276,0.2148135418456779,
Weston Creek,Burglary - Shops,2017,Q1,4,23456,0.1705320600272851,
Weston Creek,Burglary - Shops,2017,Q2,3,23456,0.1278990450204638,
Weston Creek,Burglary - Shops,2017,Q3,1,23456,0.0426330150068212,
Weston Creek,Burglary - Shops,2017,Q4,1,23456,0.0426330150068212,
Weston Creek,Burglary - Shops,2018,Q1,4,23575,0.1696712619300106,
Weston Creek,Burglary - Shops,2018,Q2,4,23575,0.1696712619300106,
Weston Creek,Burglary - Shops,2018,Q3,0,23575,0.0,
Weston Creek,Burglary - Shops,2018,Q4,2,23575,0.0848356309650053,
Weston Creek,Burglary - Shops,2019,Q1,0,23876,0.0,
Weston Creek,Burglary - Shops,2019,Q2,3,23876,0.1256491874685877,
Weston Creek,Burglary - Shops,2019,Q3,2,23876,0.0837661249790584,
Weston Creek,Burglary - Shops,2019,Q4,2,23876,0.0837661249790584,
Weston Creek,Burglary - Shops,2020,Q1,3,24190,0.1240181893344357,
Weston Creek,Burglary - Shops,2020,Q2,3,24190,0.1240181893344357,
Weston Creek,Burglary - Shops,2020,Q3,0,24190,0.0,
Weston Creek,Burglary - Shops,2020,Q4,1,24190,0.0413393964448119,
Weston Creek,Burglary - Shops,2021,Q1,1,24487,0.0408379956711724,
Weston Creek,Burglary - Shops,2021,Q2,0,24487,0.0,
Weston Creek,Burglary - Shops,2021,Q3,0,24487,0.0,
Weston Creek,Burglary - Shops,2021,Q4,2,24487,0.0816759913423449,
Weston Creek,Burglary - Shops,2022,Q1,14,24639,0.5682048784447421,
Weston Creek,Burglary - Shops,2022,Q2,8,24639,0.324688501968424,
Weston Creek,Burglary - Shops,2022,Q3,5,24639,0.202930313730265,
Weston Creek,Burglary - Shops,2022,Q4,4,24639,0.162344250984212,
Weston Creek,Burglary - Shops,2023,Q1,4,24860,0.160901045856798,
Weston Creek,Burglary - Shops,2023,Q2,1,24860,0.0402252614641995,
Weston Creek,Burglary - Shops,2023,Q3,2,24860,0.080450522928399,
Weston Creek,Burglary - Shops,2023,Q4,3,24860,0.1206757843925985,
Weston Creek,Burglary - Shops,2024,Q1,0,24917,0.0,
Weston Creek,Burglary - Shops,2024,Q2,1,24917,0.0401332423646506,
Weston Creek,Burglary - Shops,2024,Q3,1,24917,0.0401332423646506,
Weston Creek,Burglary - Shops,2024,Q4,1,24917,0.0401332423646506,
Weston Creek,Burglary - Shops,2025,Q1,1,24998,0.0400032002560204,
Weston Creek,Burglary - Shops,2025,Q2,0,24998,0.0,
Weston Creek,CINs,2014,Q1,0,23619,0.0,
Weston Creek,CINs,2014,Q2,1,23619,0.0423387950378932,
Weston Creek,CINs,2014,Q3,2,23619,0.0846775900757864,
Weston Creek,CINs,2014,Q4,1,23619,0.0423387950378932,
Weston Creek,CINs,2015,Q1,0,23338,0.0,
Weston Creek,CINs,2015,Q2,0,23338,0.0,
Weston Creek,CINs,2015,Q3,0,23338,0.0,
Weston Creek,CINs,2015,Q4,0,23338,0.0,
Weston Creek,CINs,2016,Q1,0,23276,0.0,
Weston Creek,CINs,2016,Q2,2,23276,0.0859254167382711,
Weston Creek,CINs,2016,Q3,0,23276,0.0,
Weston Creek,CINs,2016,Q4,0,23276,0.0,
Weston Creek,CINs,2017,Q1,0,23456,0.0,
Weston Creek,CINs,2017,Q2,0,23456,0.0,
Weston Creek,CINs,2017,Q3,0,23456,0.0,
Weston Creek,CINs,2017,Q4,0,23456,0.0,
Weston Creek,CINs,2018,Q1,1,23575,0.0424178154825026,
Weston Creek,CINs,2018,Q2,0,23575,0.0,
Weston Creek,CINs,2018,Q3,0,23575,0.0,
Weston Creek,CINs,2018,Q4,0,23575,0.0,
Weston Creek,CINs,2019,Q1,0,23876,0.0,
Weston Creek,CINs,2019,Q2,0,23876,0.0,
Weston Creek,CINs,2019,Q3,0,23876,0.0,
Weston Creek,CINs,2019,Q4,1,23876,0.0418830624895292,
Weston Creek,CINs,2020,Q1,0,24190,0.0,
Weston Creek,CINs,2020,Q2,0,24190,0.0,
Weston Creek,CINs,2020,Q3,0,24190,0.0,
Weston Creek,CINs,2020,Q4,0,24190,0.0,
Weston Creek,CINs,2021,Q1,0,24487,0.0,
Weston Creek,CINs,2021,Q2,0,24487,0.0,
Weston Creek,CINs,2021,Q3,1,24487,0.0408379956711724,
Weston Creek,CINs,2021,Q4,4,24487,0.1633519826846898,
Weston Creek,CINs,2022,Q1,0,24639,0.0,
Weston Creek,CINs,2022,Q2,0,24639,0.0,
Weston Creek,CINs,2022,Q3,1,24639,0.040586062746053,
Weston Creek,CINs,2022,Q4,0,24639,0.0,
Weston Creek,CINs,2023,Q1,0,24860,0.0,
Weston Creek,CINs,2023,Q2,0,24860,0.0,
Weston Creek,CINs,2023,Q3,0,24860,0.0,
Weston Creek,CINs,2023,Q4,0,24860,0.0,
Weston Creek,CINs,2024,Q1,0,24917,0.0,
Weston Creek,CINs,2024,Q2,0,24917,0.0,
Weston Creek,CINs,2024,Q3,1,24917,0.0401332423646506,
Weston Creek,CINs,2024,Q4,0,24917,0.0,
Weston Creek,CINs,2025,Q1,0,24998,0.0,
Weston Creek,CINs,2025,Q2,0,24998,0.0,
Weston Creek,Family Violence,2014,Q1,6,23619,0.2540327702273593,
Weston Creek,Family Violence,2014,Q2,7,23619,0.2963715652652525,
Weston Creek,Family Violence,2014,Q3,7,23619,0.2963715652652525,
Weston Creek,Family Violence,2014,Q4,10,23619,0.4233879503789322,
Weston Creek,Family Violence,2015,Q1,10,23338,0.4284857314251435,
Weston Creek,Family Violence,2015,Q2,13,23338,0.5570314508526866,
Weston Creek,Family Violence,2015,Q3,31,23338,1.328305767417945,
Weston Creek,Family Violence,2015,Q4,20,23338,0.856971462850287,
Weston Creek,Family Violence,2016,Q1,17,23276,0.730366042275305,
Weston Creek,Family Violence,2016,Q2,10,23276,0.4296270836913559,
Weston Creek,Family Violence,2016,Q3,15,23276,0.6444406255370339,
Weston Creek,Family Violence,2016,Q4,12,23276,0.5155525004296271,
Weston Creek,Family Violence,2017,Q1,11,23456,0.4689631650750341,
Weston Creek,Family Violence,2017,Q2,22,23456,0.9379263301500682,
Weston Creek,Family Violence,2017,Q3,12,23456,0.5115961800818554,
Weston Creek,Family Violence,2017,Q4,20,23456,0.8526603001364257,
Weston Creek,Family Violence,2018,Q1,21,23575,0.8907741251325557,
Weston Creek,Family Violence,2018,Q2,8,23575,0.3393425238600212,
Weston Creek,Family Violence,2018,Q3,3,23575,0.1272534464475079,
Weston Creek,Family Violence,2018,Q4,14,23575,0.5938494167550371,
Weston Creek,Family Violence,2019,Q1,8,23876,0.3350644999162339,
Weston Creek,Family Violence,2019,Q2,5,23876,0.2094153124476461,
Weston Creek,Family Violence,2019,Q3,20,23876,0.8376612497905846,
Weston Creek,Family Violence,2019,Q4,5,23876,0.2094153124476461,
Weston Creek,Family Violence,2020,Q1,8,24190,0.3307151715584952,
Weston Creek,Family Violence,2020,Q2,6,24190,0.2480363786688714,
Weston Creek,Family Violence,2020,Q3,12,24190,0.4960727573377428,
Weston Creek,Family Violence,2020,Q4,12,24190,0.4960727573377428,
Weston Creek,Family Violence,2021,Q1,5,24487,0.2041899783558623,
Weston Creek,Family Violence,2021,Q2,15,24487,0.612569935067587,
Weston Creek,Family Violence,2021,Q3,14,24487,0.5717319393964144,
Weston Creek,Family Violence,2021,Q4,7,24487,0.2858659696982072,
Weston Creek,Family Violence,2022,Q1,20,24639,0.8117212549210602,
Weston Creek,Family Violence,2022,Q2,11,24639,0.446446690206583,
Weston Creek,Family Violence,2022,Q3,18,24639,0.7305491294289541,
Weston Creek,Family Violence,2022,Q4,19,24639,0.7711351921750071,
Weston Creek,Family Violence,2023,Q1,15,24860,0.6033789219629928,
Weston Creek,Family Violence,2023,Q2,24,24860,0.9654062751407884,
Weston Creek,Family Violence,2023,Q3,20,24860,0.8045052292839904,
Weston Creek,Family Violence,2023,Q4,16,24860,0.6436041834271923,
Weston Creek,Family Violence,2024,Q1,24,24917,0.9631978167516152,
Weston Creek,Family Violence,2024,Q2,15,24917,0.6019986354697595,
Weston Creek,Family Violence,2024,Q3,13,24917,0.5217321507404583,
Weston Creek,Family Violence,2024,Q4,29,24917,1.1638640285748685,
Weston Creek,Family Violence,2025,Q1,20,24998,0.8000640051204096,
Weston Creek,Family Violence,2025,Q2,7,24998,0.2800224017921434,
Weston Creek,Homicide,2014,Q1,0,23619,0.0,
Weston Creek,Homicide,2014,Q2,0,23619,0.0,
Weston Creek,Homicide,2014,Q3,0,23619,0.0,
Weston Creek,Homicide,2014,Q4,0,23619,0.0,
Weston Creek,Homicide,2015,Q1,0,23338,0.0,
Weston Creek,Homicide,2015,Q2,0,23338,0.0,
Weston Creek,Homicide,2015,Q3,0,23338,0.0,
Weston Creek,Homicide,2015,Q4,0,23338,0.0,
Weston Creek,Homicide,2016,Q1,0,23276,0.0,
Weston Creek,Homicide,2016,Q2,0,23276,0.0,
Weston Creek,Homicide,2016,Q3,0,23276,0.0,
Weston Creek,Homicide,2016,Q4,0,23276,0.0,
Weston Creek,Homicide,2017,Q1,0,23456,0.0,
Weston Creek,Homicide,2017,Q2,0,23456,0.0,
Weston Creek,Homicide,2017,Q3,0,23456,0.0,
Weston Creek,Homicide,2017,Q4,1,23456,0.0426330150068212,
Weston Creek,Homicide,2018,Q1,0,23575,0.0,
Weston Creek,Homicide,2018,Q2,0,23575,0.0,
Weston Creek,Homicide,2018,Q3,0,23575,0.0,
Weston Creek,Homicide,2018,Q4,0,23575,0.0,
Weston Creek,Homicide,2019,Q1,0,23876,0.0,
Weston Creek,Homicide,2019,Q2,0,23876,0.0,
Weston Creek,Homicide,2019,Q3,0,23876,0.0,
Weston Creek,Homicide,2019,Q4,0,23876,0.0,
Weston Creek,Homicide,2020,Q1,0,24190,0.0,
Weston Creek,Homicide,2020,Q2,0,24190,0.0,
Weston Creek,Homicide,2020,Q3,1,24190,0.0413393964448119,
Weston Creek,Homicide,2020,Q4,0,24190,0.0,
Weston Creek,Homicide,2021,Q1,0,24487,0.0,
Weston Creek,Homicide,2021,Q2,0,24487,0.0,
Weston Creek,Homicide,2021,Q3,0,24487,0.0,
Weston Creek,Homicide,2021,Q4,0,24487,0.0,
Weston Creek,Homicide,2022,Q1,0,24639,0.0,
Weston Creek,Homicide,2022,Q2,0,24639,0.0,
Weston Creek,Homicide,2022,Q3,0,24639,0.0,
Weston Creek,Homicide,2022,Q4,0,24639,0.0,
Weston Creek,Homicide,2023,Q1,0,24860,0.0,
Weston Creek,Homicide,2023,Q2,0,24860,0.0,
Weston Creek,Homicide,2023,Q3,1,24860,0.0402252614641995,
Weston Creek,Homicide,2023,Q4,0,24860,0.0,
Weston Creek,Homicide,2024,Q1,0,24917,0.0,
Weston Creek,Homicide,2024,Q2,0,24917,0.0,
Weston Creek,Homicide,2024,Q3,0,24917,0.0,
Weston Creek,Homicide,2024,Q4,0,24917,0.0,
Weston Creek,Homicide,2025,Q1,1,24998,0.0400032002560204,
Weston Creek,Homicide,2025,Q2,0,24998,0.0,
Weston Creek,Other,2014,Q1,101,23619,4.276218298827216,
Weston Creek,Other,2014,Q2,77,23619,3.260087217917778,
Weston Creek,Other,2014,Q3,94,23619,3.979846733561963,
Weston Creek,Other,2014,Q4,87,23619,3.6834751682967104,
Weston Creek,Other,2015,Q1,88,23338,3.770674436541263,
Weston Creek,Other,2015,Q2,109,23338,4.670494472534064,
Weston Creek,Other,2015,Q3,105,23338,4.499100179964007,
Weston Creek,Other,2015,Q4,86,23338,3.684977290256234,
Weston Creek,Other,2016,Q1,228,23276,9.795497508162915,
Weston Creek,Other,2016,Q2,70,23276,3.0073895858394915,
Weston Creek,Other,2016,Q3,100,23276,4.296270836913559,
Weston Creek,Other,2016,Q4,97,23276,4.167382711806153,
Weston Creek,Other,2017,Q1,98,23456,4.178035470668486,
Weston Creek,Other,2017,Q2,80,23456,3.4106412005457027,
Weston Creek,Other,2017,Q3,115,23456,4.902796725784447,
Weston Creek,Other,2017,Q4,124,23456,5.286493860845839,
Weston Creek,Other,2018,Q1,103,23575,4.369034994697773,
Weston Creek,Other,2018,Q2,81,23575,3.435843054082715,
Weston Creek,Other,2018,Q3,91,23575,3.8600212089077415,
Weston Creek,Other,2018,Q4,80,23575,3.393425238600212,
Weston Creek,Other,2019,Q1,81,23876,3.392528061651868,
Weston Creek,Other,2019,Q2,80,23876,3.3506449991623386,
Weston Creek,Other,2019,Q3,75,23876,3.1412296867146923,
Weston Creek,Other,2019,Q4,113,23876,4.732786061316803,
Weston Creek,Other,2020,Q1,99,24190,4.092600248036378,
Weston Creek,Other,2020,Q2,148,24190,6.118230673832162,
Weston Creek,Other,2020,Q3,112,24190,4.6300124018189335,
Weston Creek,Other,2020,Q4,101,24190,4.175279040926002,
Weston Creek,Other,2021,Q1,247,24487,10.086984930779598,
Weston Creek,Other,2021,Q2,116,24487,4.737207497856006,
Weston Creek,Other,2021,Q3,90,24487,3.6754196104055215,
Weston Creek,Other,2021,Q4,91,24487,3.716257606076694,
Weston Creek,Other,2022,Q1,62,24639,2.5163358902552866,
Weston Creek,Other,2022,Q2,86,24639,3.4904013961605584,
Weston Creek,Other,2022,Q3,85,24639,3.4498153334145054,
Weston Creek,Other,2022,Q4,101,24639,4.0991923373513535,
Weston Creek,Other,2023,Q1,117,24860,4.706355591311343,
Weston Creek,Other,2023,Q2,85,24860,3.419147224456959,
Weston Creek,Other,2023,Q3,115,24860,4.625905068382945,
Weston Creek,Other,2023,Q4,60,24860,2.4135156878519712,
Weston Creek,Other,2024,Q1,44,24917,1.765862664044628,
Weston Creek,Other,2024,Q2,61,24917,2.448127784243689,
Weston Creek,Other,2024,Q3,72,24917,2.889593450254846,
Weston Creek,Other,2024,Q4,66,24917,2.648793996066942,
Weston Creek,Other,2025,Q1,109,24998,4.360348827906233,
Weston Creek,Other,2025,Q2,125,24998,5.00040003200256,
Weston Creek,Other - Against A Person,2014,Q1,0,23619,0.0,
Weston Creek,Other - Against A Person,2014,Q2,2,23619,0.0846775900757864,
Weston Creek,Other - Against A Person,2014,Q3,3,23619,0.1270163851136796,
Weston Creek,Other - Against A Person,2014,Q4,0,23619,0.0,
Weston Creek,Other - Against A Person,2015,Q1,0,23338,0.0,
Weston Creek,Other - Against A Person,2015,Q2,0,23338,0.0,
Weston Creek,Other - Against A Person,2015,Q3,0,23338,0.0,
Weston Creek,Other - Against A Person,2015,Q4,2,23338,0.0856971462850287,
Weston Creek,Other - Against A Person,2016,Q1,1,23276,0.0429627083691355,
Weston Creek,Other - Against A Person,2016,Q2,1,23276,0.0429627083691355,
Weston Creek,Other - Against A Person,2016,Q3,1,23276,0.0429627083691355,
Weston Creek,Other - Against A Person,2016,Q4,3,23276,0.1288881251074067,
Weston Creek,Other - Against A Person,2017,Q1,1,23456,0.0426330150068212,
Weston Creek,Other - Against A Person,2017,Q2,2,23456,0.0852660300136425,
Weston Creek,Other - Against A Person,2017,Q3,3,23456,0.1278990450204638,
Weston Creek,Other - Against A Person,2017,Q4,1,23456,0.0426330150068212,
Weston Creek,Other - Against A Person,2018,Q1,0,23575,0.0,
Weston Creek,Other - Against A Person,2018,Q2,2,23575,0.0848356309650053,
Weston Creek,Other - Against A Person,2018,Q3,3,23575,0.1272534464475079,
Weston Creek,Other - Against A Person,2018,Q4,2,23575,0.0848356309650053,
Weston Creek,Other - Against A Person,2019,Q1,2,23876,0.0837661249790584,
Weston Creek,Other - Against A Person,2019,Q2,1,23876,0.0418830624895292,
Weston Creek,Other - Against A Person,2019,Q3,2,23876,0.0837661249790584,
Weston Creek,Other - Against A Person,2019,Q4,0,23876,0.0,
Weston Creek,Other - Against A Person,2020,Q1,0,24190,0.0,
Weston Creek,Other - Against A Person,2020,Q2,2,24190,0.0826787928896238,
Weston Creek,Other - Against A Person,2020,Q3,0,24190,0.0,
Weston Creek,Other - Against A Person,2020,Q4,2,24190,0.0826787928896238,
Weston Creek,Other - Against A Person,2021,Q1,1,24487,0.0408379956711724,
Weston Creek,Other - Against A Person,2021,Q2,3,24487,0.1225139870135173,
Weston Creek,Other - Against A Person,2021,Q3,3,24487,0.1225139870135173,
Weston Creek,Other - Against A Person,2021,Q4,7,24487,0.2858659696982072,
Weston Creek,Other - Against A Person,2022,Q1,8,24639,0.324688501968424,
Weston Creek,Other - Against A Person,2022,Q2,0,24639,0.0,
Weston Creek,Other - Against A Person,2022,Q3,1,24639,0.040586062746053,
Weston Creek,Other - Against A Person,2022,Q4,4,24639,0.162344250984212,
Weston Creek,Other - Against A Person,2023,Q1,4,24860,0.160901045856798,
Weston Creek,Other - Against A Person,2023,Q2,4,24860,0.160901045856798,
Weston Creek,Other - Against A Person,2023,Q3,8,24860,0.3218020917135961,
Weston Creek,Other - Against A Person,2023,Q4,8,24860,0.3218020917135961,
Weston Creek,Other - Against A Person,2024,Q1,1,24917,0.0401332423646506,
Weston Creek,Other - Against A Person,2024,Q2,6,24917,0.2407994541879038,
Weston Creek,Other - Against A Person,2024,Q3,6,24917,0.2407994541879038,
Weston Creek,Other - Against A Person,2024,Q4,2,24917,0.0802664847293012,
Weston Creek,Other - Against A Person,2025,Q1,1,24998,0.0400032002560204,
Weston Creek,Other - Against A Person,2025,Q2,4,24998,0.1600128010240819,
Weston Creek,Property Damage,2014,Q1,40,23619,1.693551801515729,
Weston Creek,Property Damage,2014,Q2,45,23619,1.905245776705195,
Weston Creek,Property Damage,2014,Q3,45,23619,1.905245776705195,
Weston Creek,Property Damage,2014,Q4,74,23619,3.1330708328040986,
Weston Creek,Property Damage,2015,Q1,68,23338,2.913702973690976,
Weston Creek,Property Damage,2015,Q2,57,23338,2.442368669123318,
Weston Creek,Property Damage,2015,Q3,49,23338,2.099580083983203,
Weston Creek,Property Damage,2015,Q4,64,23338,2.7423086811209187,
Weston Creek,Property Damage,2016,Q1,53,23276,2.2770235435641863,
Weston Creek,Property Damage,2016,Q2,75,23276,3.222203127685169,
Weston Creek,Property Damage,2016,Q3,48,23276,2.0622100017185083,
Weston Creek,Property Damage,2016,Q4,39,23276,1.675545626396288,
Weston Creek,Property Damage,2017,Q1,53,23456,2.259549795361528,
Weston Creek,Property Damage,2017,Q2,43,23456,1.8332196452933152,
Weston Creek,Property Damage,2017,Q3,54,23456,2.302182810368349,
Weston Creek,Property Damage,2017,Q4,41,23456,1.7479536152796726,
Weston Creek,Property Damage,2018,Q1,41,23575,1.7391304347826086,
Weston Creek,Property Damage,2018,Q2,40,23575,1.696712619300106,
Weston Creek,Property Damage,2018,Q3,34,23575,1.4422057264050905,
Weston Creek,Property Damage,2018,Q4,54,23575,2.290562036055144,
Weston Creek,Property Damage,2019,Q1,44,23876,1.8428547495392864,
Weston Creek,Property Damage,2019,Q2,58,23876,2.429217624392696,
Weston Creek,Property Damage,2019,Q3,66,23876,2.764282124308929,
Weston Creek,Property Damage,2019,Q4,83,23876,3.4762941866309265,
Weston Creek,Property Damage,2020,Q1,48,24190,1.984291029350972,
Weston Creek,Property Damage,2020,Q2,42,24190,1.7362546506821,
Weston Creek,Property Damage,2020,Q3,40,24190,1.6535758577924762,
Weston Creek,Property Damage,2020,Q4,34,24190,1.4055394791236049,
Weston Creek,Property Damage,2021,Q1,34,24487,1.3884918528198638,
Weston Creek,Property Damage,2021,Q2,42,24487,1.7151958181892435,
Weston Creek,Property Damage,2021,Q3,44,24487,1.7968718095315883,
Weston Creek,Property Damage,2021,Q4,42,24487,1.7151958181892435,
Weston Creek,Property Damage,2022,Q1,36,24639,1.4610982588579082,
Weston Creek,Property Damage,2022,Q2,28,24639,1.1364097568894842,
Weston Creek,Property Damage,2022,Q3,47,24639,1.907544949064492,
Weston Creek,Property Damage,2022,Q4,29,24639,1.1769958196355372,
Weston Creek,Property Damage,2023,Q1,44,24860,1.7699115044247788,
Weston Creek,Property Damage,2023,Q2,32,24860,1.2872083668543846,
Weston Creek,Property Damage,2023,Q3,60,24860,2.4135156878519712,
Weston Creek,Property Damage,2023,Q4,38,24860,1.5285599356395816,
Weston Creek,Property Damage,2024,Q1,25,24917,1.003331059116266,
Weston Creek,Property Damage,2024,Q2,17,24917,0.6822651201990608,
Weston Creek,Property Damage,2024,Q3,26,24917,1.0434643014809166,
Weston Creek,Property Damage,2024,Q4,32,24917,1.2842637556688203,
Weston Creek,Property Damage,2025,Q1,13,24998,0.5200416033282662,
Weston Creek,Property Damage,2025,Q2,18,24998,0.7200576046083687,
Weston Creek,Robbery - Armed,2014,Q1,2,23619,0.0846775900757864,
Weston Creek,Robbery - Armed,2014,Q2,2,23619,0.0846775900757864,
Weston Creek,Robbery - Armed,2014,Q3,8,23619,0.3387103603031458,
Weston Creek,Robbery - Armed,2014,Q4,3,23619,0.1270163851136796,
Weston Creek,Robbery - Armed,2015,Q1,2,23338,0.0856971462850287,
Weston Creek,Robbery - Armed,2015,Q2,0,23338,0.0,
Weston Creek,Robbery - Armed,2015,Q3,0,23338,0.0,
Weston Creek,Robbery - Armed,2015,Q4,0,23338,0.0,
Weston Creek,Robbery - Armed,2016,Q1,0,23276,0.0,
Weston Creek,Robbery - Armed,2016,Q2,1,23276,0.0429627083691355,
Weston Creek,Robbery - Armed,2016,Q3,3,23276,0.1288881251074067,
Weston Creek,Robbery - Armed,2016,Q4,2,23276,0.0859254167382711,
Weston Creek,Robbery - Armed,2017,Q1,1,23456,0.0426330150068212,
Weston Creek,Robbery - Armed,2017,Q2,1,23456,0.0426330150068212,
Weston Creek,Robbery - Armed,2017,Q3,1,23456,0.0426330150068212,
Weston Creek,Robbery - Armed,2017,Q4,2,23456,0.0852660300136425,
Weston Creek,Robbery - Armed,2018,Q1,3,23575,0.1272534464475079,
Weston Creek,Robbery - Armed,2018,Q2,2,23575,0.0848356309650053,
Weston Creek,Robbery - Armed,2018,Q3,0,23575,0.0,
Weston Creek,Robbery - Armed,2018,Q4,0,23575,0.0,
Weston Creek,Robbery - Armed,2019,Q1,1,23876,0.0418830624895292,
Weston Creek,Robbery - Armed,2019,Q2,0,23876,0.0,
Weston Creek,Robbery - Armed,2019,Q3,3,23876,0.1256491874685877,
Weston Creek,Robbery - Armed,2019,Q4,1,23876,0.0418830624895292,
Weston Creek,Robbery - Armed,2020,Q1,0,24190,0.0,
Weston Creek,Robbery - Armed,2020,Q2,0,24190,0.0,
Weston Creek,Robbery - Armed,2020,Q3,0,24190,0.0,
Weston Creek,Robbery - Armed,2020,Q4,1,24190,0.0413393964448119,
Weston Creek,Robbery - Armed,2021,Q1,2,24487,0.0816759913423449,
Weston Creek,Robbery - Armed,2021,Q2,1,24487,0.0408379956711724,
Weston Creek,Robbery - Armed,2021,Q3,1,24487,0.0408379956711724,
Weston Creek,Robbery - Armed,2021,Q4,1,24487,0.0408379956711724,
Weston Creek,Robbery - Armed,2022,Q1,0,24639,0.0,
Weston Creek,Robbery - Armed,2022,Q2,4,24639,0.162344250984212,
Weston Creek,Robbery - Armed,2022,Q3,1,24639,0.040586062746053,
Weston Creek,Robbery - Armed,2022,Q4,1,24639,0.040586062746053,
Weston Creek,Robbery - Armed,2023,Q1,3,24860,0.1206757843925985,
Weston Creek,Robbery - Armed,2023,Q2,1,24860,0.0402252614641995,
Weston Creek,Robbery - Armed,2023,Q3,0,24860,0.0,
Weston Creek,Robbery - Armed,2023,Q4,0,24860,0.0,
Weston Creek,Robbery - Armed,2024,Q1,1,24917,0.0401332423646506,
Weston Creek,Robbery - Armed,2024,Q2,0,24917,0.0,
Weston Creek,Robbery - Armed,2024,Q3,0,24917,0.0,
Weston Creek,Robbery - Armed,2024,Q4,0,24917,0.0,
Weston Creek,Robbery - Armed,2025,Q1,1,24998,0.0400032002560204,
Weston Creek,Robbery - Armed,2025,Q2,0,24998,0.0,
Weston Creek,Robbery - Other,2014,Q1,0,23619,0.0,
Weston Creek,Robbery - Other,2014,Q2,1,23619,0.0423387950378932,
Weston Creek,Robbery - Other,2014,Q3,1,23619,0.0423387950378932,
Weston Creek,Robbery - Other,2014,Q4,1,23619,0.0423387950378932,
Weston Creek,Robbery - Other,2015,Q1,0,23338,0.0,
Weston Creek,Robbery - Other,2015,Q2,0,23338,0.0,
Weston Creek,Robbery - Other,2015,Q3,0,23338,0.0,
Weston Creek,Robbery - Other,2015,Q4,0,23338,0.0,
Weston Creek,Robbery - Other,2016,Q1,0,23276,0.0,
Weston Creek,Robbery - Other,2016,Q2,0,23276,0.0,
Weston Creek,Robbery - Other,2016,Q3,0,23276,0.0,
Weston Creek,Robbery - Other,2016,Q4,1,23276,0.0429627083691355,
Weston Creek,Robbery - Other,2017,Q1,2,23456,0.0852660300136425,
Weston Creek,Robbery - Other,2017,Q2,1,23456,0.0426330150068212,
Weston Creek,Robbery - Other,2017,Q3,2,23456,0.0852660300136425,
Weston Creek,Robbery - Other,2017,Q4,1,23456,0.0426330150068212,
Weston Creek,Robbery - Other,2018,Q1,3,23575,0.1272534464475079,
Weston Creek,Robbery - Other,2018,Q2,0,23575,0.0,
Weston Creek,Robbery - Other,2018,Q3,1,23575,0.0424178154825026,
Weston Creek,Robbery - Other,2018,Q4,0,23575,0.0,
Weston Creek,Robbery - Other,2019,Q1,1,23876,0.0418830624895292,
Weston Creek,Robbery - Other,2019,Q2,0,23876,0.0,
Weston Creek,Robbery - Other,2019,Q3,4,23876,0.1675322499581169,
Weston Creek,Robbery - Other,2019,Q4,1,23876,0.0418830624895292,
Weston Creek,Robbery - Other,2020,Q1,1,24190,0.0413393964448119,
Weston Creek,Robbery - Other,2020,Q2,1,24190,0.0413393964448119,
Weston Creek,Robbery - Other,2020,Q3,3,24190,0.1240181893344357,
Weston Creek,Robbery - Other,2020,Q4,0,24190,0.0,
Weston Creek,Robbery - Other,2021,Q1,0,24487,0.0,
Weston Creek,Robbery - Other,2021,Q2,2,24487,0.0816759913423449,
Weston Creek,Robbery - Other,2021,Q3,0,24487,0.0,
Weston Creek,Robbery - Other,2021,Q4,1,24487,0.0408379956711724,
Weston Creek,Robbery - Other,2022,Q1,2,24639,0.081172125492106,
Weston Creek,Robbery - Other,2022,Q2,2,24639,0.081172125492106,
Weston Creek,Robbery - Other,2022,Q3,0,24639,0.0,
Weston Creek,Robbery - Other,2022,Q4,0,24639,0.0,
Weston Creek,Robbery - Other,2023,Q1,0,24860,0.0,
Weston Creek,Robbery - Other,2023,Q2,1,24860,0.0402252614641995,
Weston Creek,Robbery - Other,2023,Q3,0,24860,0.0,
Weston Creek,Robbery - Other,2023,Q4,1,24860,0.0402252614641995,
Weston Creek,Robbery - Other,2024,Q1,0,24917,0.0,
Weston Creek,Robbery - Other,2024,Q2,0,24917,0.0,
Weston Creek,Robbery - Other,2024,Q3,0,24917,0.0,
Weston Creek,Robbery - Other,2024,Q4,1,24917,0.0401332423646506,
Weston Creek,Robbery - Other,2025,Q1,0,24998,0.0,
Weston Creek,Robbery - Other,2025,Q2,1,24998,0.0400032002560204,
Weston Creek,Sexual Assault,2014,Q1,11,23619,0.4657267454168254,
Weston Creek,Sexual Assault,2014,Q2,1,23619,0.0423387950378932,
Weston Creek,Sexual Assault,2014,Q3,2,23619,0.0846775900757864,
Weston Creek,Sexual Assault,2014,Q4,6,23619,0.2540327702273593,
Weston Creek,Sexual Assault,2015,Q1,3,23338,0.128545719427543,
Weston Creek,Sexual Assault,2015,Q2,5,23338,0.2142428657125717,
Weston Creek,Sexual Assault,2015,Q3,23,23338,0.98551718227783,
Weston Creek,Sexual Assault,2015,Q4,8,23338,0.3427885851401148,
Weston Creek,Sexual Assault,2016,Q1,3,23276,0.1288881251074067,
Weston Creek,Sexual Assault,2016,Q2,9,23276,0.3866643753222203,
Weston Creek,Sexual Assault,2016,Q3,5,23276,0.2148135418456779,
Weston Creek,Sexual Assault,2016,Q4,9,23276,0.3866643753222203,
Weston Creek,Sexual Assault,2017,Q1,4,23456,0.1705320600272851,
Weston Creek,Sexual Assault,2017,Q2,4,23456,0.1705320600272851,
Weston Creek,Sexual Assault,2017,Q3,5,23456,0.2131650750341064,
Weston Creek,Sexual Assault,2017,Q4,5,23456,0.2131650750341064,
Weston Creek,Sexual Assault,2018,Q1,1,23575,0.0424178154825026,
Weston Creek,Sexual Assault,2018,Q2,2,23575,0.0848356309650053,
Weston Creek,Sexual Assault,2018,Q3,4,23575,0.1696712619300106,
Weston Creek,Sexual Assault,2018,Q4,7,23575,0.2969247083775185,
Weston Creek,Sexual Assault,2019,Q1,20,23876,0.8376612497905846,
Weston Creek,Sexual Assault,2019,Q2,1,23876,0.0418830624895292,
Weston Creek,Sexual Assault,2019,Q3,5,23876,0.2094153124476461,
Weston Creek,Sexual Assault,2019,Q4,5,23876,0.2094153124476461,
Weston Creek,Sexual Assault,2020,Q1,2,24190,0.0826787928896238,
Weston Creek,Sexual Assault,2020,Q2,15,24190,0.6200909466721786,
Weston Creek,Sexual Assault,2020,Q3,4,24190,0.1653575857792476,
Weston Creek,Sexual Assault,2020,Q4,8,24190,0.3307151715584952,
Weston Creek,Sexual Assault,2021,Q1,8,24487,0.3267039653693797,
Weston Creek,Sexual Assault,2021,Q2,3,24487,0.1225139870135173,
Weston Creek,Sexual Assault,2021,Q3,1,24487,0.0408379956711724,
Weston Creek,Sexual Assault,2021,Q4,5,24487,0.2041899783558623,
Weston Creek,Sexual Assault,2022,Q1,6,24639,0.243516376476318,
Weston Creek,Sexual Assault,2022,Q2,2,24639,0.081172125492106,
Weston Creek,Sexual Assault,2022,Q3,8,24639,0.324688501968424,
Weston Creek,Sexual Assault,2022,Q4,2,24639,0.081172125492106,
Weston Creek,Sexual Assault,2023,Q1,13,24860,0.5229283990345938,
Weston Creek,Sexual Assault,2023,Q2,15,24860,0.6033789219629928,
Weston Creek,Sexual Assault,2023,Q3,3,24860,0.1206757843925985,
Weston Creek,Sexual Assault,2023,Q4,8,24860,0.3218020917135961,
Weston Creek,Sexual Assault,2024,Q1,5,24917,0.2006662118232532,
Weston Creek,Sexual Assault,2024,Q2,2,24917,0.0802664847293012,
Weston Creek,Sexual Assault,2024,Q3,0,24917,0.0,
Weston Creek,Sexual Assault,2024,Q4,7,24917,0.2809326965525545,
Weston Creek,Sexual Assault,2025,Q1,2,24998,0.0800064005120409,
Weston Creek,Sexual Assault,2025,Q2,3,24998,0.1200096007680614,
Weston Creek,TINs - Mobile Use,2014,Q1,10,23619,0.4233879503789322,
Weston Creek,TINs - Mobile Use,2014,Q2,5,23619,0.2116939751894661,
Weston Creek,TINs - Mobile Use,2014,Q3,9,23619,0.381049155341039,
Weston Creek,TINs - Mobile Use,2014,Q4,6,23619,0.2540327702273593,
Weston Creek,TINs - Mobile Use,2015,Q1,5,23338,0.2142428657125717,
Weston Creek,TINs - Mobile Use,2015,Q2,9,23338,0.3856371582826292,
Weston Creek,TINs - Mobile Use,2015,Q3,10,23338,0.4284857314251435,
Weston Creek,TINs - Mobile Use,2015,Q4,6,23338,0.2570914388550861,
Weston Creek,TINs - Mobile Use,2016,Q1,6,23276,0.2577762502148135,
Weston Creek,TINs - Mobile Use,2016,Q2,5,23276,0.2148135418456779,
Weston Creek,TINs - Mobile Use,2016,Q3,9,23276,0.3866643753222203,
Weston Creek,TINs - Mobile Use,2016,Q4,1,23276,0.0429627083691355,
Weston Creek,TINs - Mobile Use,2017,Q1,6,23456,0.2557980900409277,
Weston Creek,TINs - Mobile Use,2017,Q2,4,23456,0.1705320600272851,
Weston Creek,TINs - Mobile Use,2017,Q3,2,23456,0.0852660300136425,
Weston Creek,TINs - Mobile Use,2017,Q4,4,23456,0.1705320600272851,
Weston Creek,TINs - Mobile Use,2018,Q1,1,23575,0.0424178154825026,
Weston Creek,TINs - Mobile Use,2018,Q2,1,23575,0.0424178154825026,
Weston Creek,TINs - Mobile Use,2018,Q3,4,23575,0.1696712619300106,
Weston Creek,TINs - Mobile Use,2018,Q4,4,23575,0.1696712619300106,
Weston Creek,TINs - Mobile Use,2019,Q1,1,23876,0.0418830624895292,
Weston Creek,TINs - Mobile Use,2019,Q2,2,23876,0.0837661249790584,
Weston Creek,TINs - Mobile Use,2019,Q3,1,23876,0.0418830624895292,
Weston Creek,TINs - Mobile Use,2019,Q4,0,23876,0.0,
Weston Creek,TINs - Mobile Use,2020,Q1,2,24190,0.0826787928896238,
Weston Creek,TINs - Mobile Use,2020,Q2,1,24190,0.0413393964448119,
Weston Creek,TINs - Mobile Use,2020,Q3,4,24190,0.1653575857792476,
Weston Creek,TINs - Mobile Use,2020,Q4,2,24190,0.0826787928896238,
Weston Creek,TINs - Mobile Use,2021,Q1,1,24487,0.0408379956711724,
Weston Creek,TINs - Mobile Use,2021,Q2,3,24487,0.1225139870135173,
Weston Creek,TINs - Mobile Use,2021,Q3,1,24487,0.0408379956711724,
Weston Creek,TINs - Mobile Use,2021,Q4,2,24487,0.0816759913423449,
Weston Creek,TINs - Mobile Use,2022,Q1,0,24639,0.0,
Weston Creek,TINs - Mobile Use,2022,Q2,0,24639,0.0,
Weston Creek,TINs - Mobile Use,2022,Q3,0,24639,0.0,
Weston Creek,TINs - Mobile Use,2022,Q4,2,24639,0.081172125492106,
Weston Creek,TINs - Mobile Use,2023,Q1,1,24860,0.0402252614641995,
Weston Creek,TINs - Mobile Use,2023,Q2,0,24860,0.0,
Weston Creek,TINs - Mobile Use,2023,Q3,0,24860,0.0,
Weston Creek,TINs - Mobile Use,2023,Q4,0,24860,0.0,
Weston Creek,TINs - Mobile Use,2024,Q1,0,24917,0.0,
Weston Creek,TINs - Mobile Use,2024,Q2,0,24917,0.0,
Weston Creek,TINs - Mobile Use,2024,Q3,0,24917,0.0,
Weston Creek,TINs - Mobile Use,2024,Q4,0,24917,0.0,
Weston Creek,TINs - Mobile Use,2025,Q1,0,24998,0.0,
Weston Creek,TINs - Mobile Use,2025,Q2,0,24998,0.0,
Weston Creek,TINs - Other,2014,Q1,73,23619,3.0907320377662053,
Weston Creek,TINs - Other,2014,Q2,65,23619,2.7520216774630595,
Weston Creek,TINs - Other,2014,Q3,67,23619,2.836699267538846,
Weston Creek,TINs - Other,2014,Q4,57,23619,2.4133113171599136,
Weston Creek,TINs - Other,2015,Q1,44,23338,1.885337218270632,
Weston Creek,TINs - Other,2015,Q2,59,23338,2.528065815408347,
Weston Creek,TINs - Other,2015,Q3,49,23338,2.099580083983203,
Weston Creek,TINs - Other,2015,Q4,73,23338,3.1279458394035475,
Weston Creek,TINs - Other,2016,Q1,19,23276,0.8162914590135762,
Weston Creek,TINs - Other,2016,Q2,34,23276,1.46073208455061,
Weston Creek,TINs - Other,2016,Q3,47,23276,2.019247293349373,
Weston Creek,TINs - Other,2016,Q4,44,23276,1.890359168241966,
Weston Creek,TINs - Other,2017,Q1,32,23456,1.364256480218281,
Weston Creek,TINs - Other,2017,Q2,42,23456,1.790586630286494,
Weston Creek,TINs - Other,2017,Q3,54,23456,2.302182810368349,
Weston Creek,TINs - Other,2017,Q4,33,23456,1.4068894952251023,
Weston Creek,TINs - Other,2018,Q1,39,23575,1.6542948038176035,
Weston Creek,TINs - Other,2018,Q2,23,23575,0.975609756097561,
Weston Creek,TINs - Other,2018,Q3,46,23575,1.951219512195122,
Weston Creek,TINs - Other,2018,Q4,25,23575,1.0604453870625663,
Weston Creek,TINs - Other,2019,Q1,19,23876,0.7957781873010554,
Weston Creek,TINs - Other,2019,Q2,33,23876,1.3821410621544648,
Weston Creek,TINs - Other,2019,Q3,12,23876,0.5025967498743508,
Weston Creek,TINs - Other,2019,Q4,16,23876,0.6701289998324678,
Weston Creek,TINs - Other,2020,Q1,31,24190,1.281521289789169,
Weston Creek,TINs - Other,2020,Q2,52,24190,2.1496486151302188,
Weston Creek,TINs - Other,2020,Q3,36,24190,1.4882182720132284,
Weston Creek,TINs - Other,2020,Q4,25,24190,1.0334849111202975,
Weston Creek,TINs - Other,2021,Q1,29,24487,1.1843018744640017,
Weston Creek,TINs - Other,2021,Q2,20,24487,0.8167599134234492,
Weston Creek,TINs - Other,2021,Q3,17,24487,0.6942459264099319,
Weston Creek,TINs - Other,2021,Q4,10,24487,0.4083799567117246,
Weston Creek,TINs - Other,2022,Q1,13,24639,0.5276188156986891,
Weston Creek,TINs - Other,2022,Q2,9,24639,0.365274564714477,
Weston Creek,TINs - Other,2022,Q3,17,24639,0.6899630666829011,
Weston Creek,TINs - Other,2022,Q4,10,24639,0.4058606274605301,
Weston Creek,TINs - Other,2023,Q1,18,24860,0.7240547063555913,
Weston Creek,TINs - Other,2023,Q2,34,24860,1.3676588897827835,
Weston Creek,TINs - Other,2023,Q3,25,24860,1.005631536604988,
Weston Creek,TINs - Other,2023,Q4,13,24860,0.5229283990345938,
Weston Creek,TINs - Other,2024,Q1,30,24917,1.203997270939519,
Weston Creek,TINs - Other,2024,Q2,25,24917,1.003331059116266,
Weston Creek,TINs - Other,2024,Q3,28,24917,1.123730786210218,
Weston Creek,TINs - Other,2024,Q4,30,24917,1.203997270939519,
Weston Creek,TINs - Other,2025,Q1,62,24998,2.4801984158732697,
Weston Creek,TINs - Other,2025,Q2,56,24998,2.240179214337147,
Weston Creek,TINs - Seatbelts,2014,Q1,4,23619,0.1693551801515729,
Weston Creek,TINs - Seatbelts,2014,Q2,2,23619,0.0846775900757864,
Weston Creek,TINs - Seatbelts,2014,Q3,2,23619,0.0846775900757864,
Weston Creek,TINs - Seatbelts,2014,Q4,1,23619,0.0423387950378932,
Weston Creek,TINs - Seatbelts,2015,Q1,2,23338,0.0856971462850287,
Weston Creek,TINs - Seatbelts,2015,Q2,2,23338,0.0856971462850287,
Weston Creek,TINs - Seatbelts,2015,Q3,1,23338,0.0428485731425143,
Weston Creek,TINs - Seatbelts,2015,Q4,1,23338,0.0428485731425143,
Weston Creek,TINs - Seatbelts,2016,Q1,0,23276,0.0,
Weston Creek,TINs - Seatbelts,2016,Q2,2,23276,0.0859254167382711,
Weston Creek,TINs - Seatbelts,2016,Q3,0,23276,0.0,
Weston Creek,TINs - Seatbelts,2016,Q4,3,23276,0.1288881251074067,
Weston Creek,TINs - Seatbelts,2017,Q1,1,23456,0.0426330150068212,
Weston Creek,TINs - Seatbelts,2017,Q2,0,23456,0.0,
Weston Creek,TINs - Seatbelts,2017,Q3,1,23456,0.0426330150068212,
Weston Creek,TINs - Seatbelts,2017,Q4,2,23456,0.0852660300136425,
Weston Creek,TINs - Seatbelts,2018,Q1,3,23575,0.1272534464475079,
Weston Creek,TINs - Seatbelts,2018,Q2,1,23575,0.0424178154825026,
Weston Creek,TINs - Seatbelts,2018,Q3,0,23575,0.0,
Weston Creek,TINs - Seatbelts,2018,Q4,1,23575,0.0424178154825026,
Weston Creek,TINs - Seatbelts,2019,Q1,2,23876,0.0837661249790584,
Weston Creek,TINs - Seatbelts,2019,Q2,0,23876,0.0,
Weston Creek,TINs - Seatbelts,2019,Q3,0,23876,0.0,
Weston Creek,TINs - Seatbelts,2019,Q4,2,23876,0.0837661249790584,
Weston Creek,TINs - Seatbelts,2020,Q1,0,24190,0.0,
Weston Creek,TINs - Seatbelts,2020,Q2,1,24190,0.0413393964448119,
Weston Creek,TINs - Seatbelts,2020,Q3,0,24190,0.0,
Weston Creek,TINs - Seatbelts,2020,Q4,0,24190,0.0,
Weston Creek,TINs - Seatbelts,2021,Q1,0,24487,0.0,
Weston Creek,TINs - Seatbelts,2021,Q2,0,24487,0.0,
Weston Creek,TINs - Seatbelts,2021,Q3,0,24487,0.0,
Weston Creek,TINs - Seatbelts,2021,Q4,0,24487,0.0,
Weston Creek,TINs - Seatbelts,2022,Q1,0,24639,0.0,
Weston Creek,TINs - Seatbelts,2022,Q2,0,24639,0.0,
Weston Creek,TINs - Seatbelts,2022,Q3,1,24639,0.040586062746053,
Weston Creek,TINs - Seatbelts,2022,Q4,0,24639,0.0,
Weston Creek,TINs - Seatbelts,2023,Q1,0,24860,0.0,
Weston Creek,TINs - Seatbelts,2023,Q2,0,24860,0.0,
Weston Creek,TINs - Seatbelts,2023,Q3,0,24860,0.0,
Weston Creek,TINs - Seatbelts,2023,Q4,0,24860,0.0,
Weston Creek,TINs - Seatbelts,2024,Q1,0,24917,0.0,
Weston Creek,TINs - Seatbelts,2024,Q2,0,24917,0.0,
Weston Creek,TINs - Seatbelts,2024,Q3,0,24917,0.0,
Weston Creek,TINs - Seatbelts,2024,Q4,0,24917,0.0,
Weston Creek,TINs - Seatbelts,2025,Q1,0,24998,0.0,
Weston Creek,TINs - Seatbelts,2025,Q2,0,24998,0.0,
Weston Creek,TINs - Speeding,2014,Q1,38,23619,1.6088742114399424,
Weston Creek,TINs - Speeding,2014,Q2,15,23619,0.6350819255683984,
Weston Creek,TINs - Speeding,2014,Q3,35,23619,1.4818578263262627,
Weston Creek,TINs - Speeding,2014,Q4,11,23619,0.4657267454168254,
Weston Creek,TINs - Speeding,2015,Q1,12,23338,0.5141828777101722,
Weston Creek,TINs - Speeding,2015,Q2,5,23338,0.2142428657125717,
Weston Creek,TINs - Speeding,2015,Q3,15,23338,0.6427285971377152,
Weston Creek,TINs - Speeding,2015,Q4,3,23338,0.128545719427543,
Weston Creek,TINs - Speeding,2016,Q1,10,23276,0.4296270836913559,
Weston Creek,TINs - Speeding,2016,Q2,10,23276,0.4296270836913559,
Weston Creek,TINs - Speeding,2016,Q3,11,23276,0.4725897920604915,
Weston Creek,TINs - Speeding,2016,Q4,4,23276,0.1718508334765423,
Weston Creek,TINs - Speeding,2017,Q1,8,23456,0.3410641200545702,
Weston Creek,TINs - Speeding,2017,Q2,5,23456,0.2131650750341064,
Weston Creek,TINs - Speeding,2017,Q3,5,23456,0.2131650750341064,
Weston Creek,TINs - Speeding,2017,Q4,2,23456,0.0852660300136425,
Weston Creek,TINs - Speeding,2018,Q1,9,23575,0.3817603393425238,
Weston Creek,TINs - Speeding,2018,Q2,8,23575,0.3393425238600212,
Weston Creek,TINs - Speeding,2018,Q3,3,23575,0.1272534464475079,
Weston Creek,TINs - Speeding,2018,Q4,3,23575,0.1272534464475079,
Weston Creek,TINs - Speeding,2019,Q1,2,23876,0.0837661249790584,
Weston Creek,TINs - Speeding,2019,Q2,6,23876,0.2512983749371754,
Weston Creek,TINs - Speeding,2019,Q3,7,23876,0.2931814374267046,
Weston Creek,TINs - Speeding,2019,Q4,1,23876,0.0418830624895292,
Weston Creek,TINs - Speeding,2020,Q1,3,24190,0.1240181893344357,
Weston Creek,TINs - Speeding,2020,Q2,7,24190,0.2893757751136833,
Weston Creek,TINs - Speeding,2020,Q3,4,24190,0.1653575857792476,
Weston Creek,TINs - Speeding,2020,Q4,0,24190,0.0,
Weston Creek,TINs - Speeding,2021,Q1,1,24487,0.0408379956711724,
Weston Creek,TINs - Speeding,2021,Q2,0,24487,0.0,
Weston Creek,TINs - Speeding,2021,Q3,2,24487,0.0816759913423449,
Weston Creek,TINs - Speeding,2021,Q4,3,24487,0.1225139870135173,
Weston Creek,TINs - Speeding,2022,Q1,1,24639,0.040586062746053,
Weston Creek,TINs - Speeding,2022,Q2,2,24639,0.081172125492106,
Weston Creek,TINs - Speeding,2022,Q3,0,24639,0.0,
Weston Creek,TINs - Speeding,2022,Q4,1,24639,0.040586062746053,
Weston Creek,TINs - Speeding,2023,Q1,2,24860,0.080450522928399,
Weston Creek,TINs - Speeding,2023,Q2,2,24860,0.080450522928399,
Weston Creek,TINs - Speeding,2023,Q3,1,24860,0.0402252614641995,
Weston Creek,TINs - Speeding,2023,Q4,1,24860,0.0402252614641995,
Weston Creek,TINs - Speeding,2024,Q1,0,24917,0.0,
Weston Creek,TINs - Speeding,2024,Q2,1,24917,0.0401332423646506,
Weston Creek,TINs - Speeding,2024,Q3,4,24917,0.1605329694586025,
Weston Creek,TINs - Speeding,2024,Q4,1,24917,0.0401332423646506,
Weston Creek,TINs - Speeding,2025,Q1,2,24998,0.0800064005120409,
Weston Creek,TINs - Speeding,2025,Q2,2,24998,0.0800064005120409,
Weston Creek,Theft - Motor Vehicles,2014,Q1,10,23619,0.4233879503789322,
Weston Creek,Theft - Motor Vehicles,2014,Q2,7,23619,0.2963715652652525,
Weston Creek,Theft - Motor Vehicles,2014,Q3,8,23619,0.3387103603031458,
Weston Creek,Theft - Motor Vehicles,2014,Q4,9,23619,0.381049155341039,
Weston Creek,Theft - Motor Vehicles,2015,Q1,12,23338,0.5141828777101722,
Weston Creek,Theft - Motor Vehicles,2015,Q2,14,23338,0.5998800239952009,
Weston Creek,Theft - Motor Vehicles,2015,Q3,13,23338,0.5570314508526866,
Weston Creek,Theft - Motor Vehicles,2015,Q4,21,23338,0.8998200359928014,
Weston Creek,Theft - Motor Vehicles,2016,Q1,3,23276,0.1288881251074067,
Weston Creek,Theft - Motor Vehicles,2016,Q2,11,23276,0.4725897920604915,
Weston Creek,Theft - Motor Vehicles,2016,Q3,16,23276,0.6874033339061695,
Weston Creek,Theft - Motor Vehicles,2016,Q4,9,23276,0.3866643753222203,
Weston Creek,Theft - Motor Vehicles,2017,Q1,10,23456,0.4263301500682128,
Weston Creek,Theft - Motor Vehicles,2017,Q2,10,23456,0.4263301500682128,
Weston Creek,Theft - Motor Vehicles,2017,Q3,18,23456,0.767394270122783,
Weston Creek,Theft - Motor Vehicles,2017,Q4,22,23456,0.9379263301500682,
Weston Creek,Theft - Motor Vehicles,2018,Q1,17,23575,0.7211028632025451,
Weston Creek,Theft - Motor Vehicles,2018,Q2,11,23575,0.4665959703075292,
Weston Creek,Theft - Motor Vehicles,2018,Q3,6,23575,0.2545068928950159,
Weston Creek,Theft - Motor Vehicles,2018,Q4,18,23575,0.7635206786850477,
Weston Creek,Theft - Motor Vehicles,2019,Q1,17,23876,0.712012062321997,
Weston Creek,Theft - Motor Vehicles,2019,Q2,9,23876,0.3769475624057631,
Weston Creek,Theft - Motor Vehicles,2019,Q3,34,23876,1.424024124643994,
Weston Creek,Theft - Motor Vehicles,2019,Q4,26,23876,1.08895962472776,
Weston Creek,Theft - Motor Vehicles,2020,Q1,28,24190,1.1575031004547334,
Weston Creek,Theft - Motor Vehicles,2020,Q2,16,24190,0.6614303431169904,
Weston Creek,Theft - Motor Vehicles,2020,Q3,16,24190,0.6614303431169904,
Weston Creek,Theft - Motor Vehicles,2020,Q4,23,24190,0.9508061182306736,
Weston Creek,Theft - Motor Vehicles,2021,Q1,15,24487,0.612569935067587,
Weston Creek,Theft - Motor Vehicles,2021,Q2,8,24487,0.3267039653693797,
Weston Creek,Theft - Motor Vehicles,2021,Q3,11,24487,0.4492179523828971,
Weston Creek,Theft - Motor Vehicles,2021,Q4,22,24487,0.8984359047657942,
Weston Creek,Theft - Motor Vehicles,2022,Q1,27,24639,1.0958236941434312,
Weston Creek,Theft - Motor Vehicles,2022,Q2,24,24639,0.9740655059052722,
Weston Creek,Theft - Motor Vehicles,2022,Q3,9,24639,0.365274564714477,
Weston Creek,Theft - Motor Vehicles,2022,Q4,18,24639,0.7305491294289541,
Weston Creek,Theft - Motor Vehicles,2023,Q1,19,24860,0.7642799678197908,
Weston Creek,Theft - Motor Vehicles,2023,Q2,22,24860,0.8849557522123894,
Weston Creek,Theft - Motor Vehicles,2023,Q3,6,24860,0.2413515687851971,
Weston Creek,Theft - Motor Vehicles,2023,Q4,12,24860,0.4827031375703942,
Weston Creek,Theft - Motor Vehicles,2024,Q1,5,24917,0.2006662118232532,
Weston Creek,Theft - Motor Vehicles,2024,Q2,6,24917,0.2407994541879038,
Weston Creek,Theft - Motor Vehicles,2024,Q3,9,24917,0.3611991812818557,
Weston Creek,Theft - Motor Vehicles,2024,Q4,15,24917,0.6019986354697595,
Weston Creek,Theft - Motor Vehicles,2025,Q1,7,24998,0.2800224017921434,
Weston Creek,Theft - Motor Vehicles,2025,Q2,5,24998,0.2000160012801024,
Weston Creek,Theft - Other,2014,Q1,57,23619,2.4133113171599136,
Weston Creek,Theft - Other,2014,Q2,66,23619,2.7943604725009528,
Weston Creek,Theft - Other,2014,Q3,88,23619,3.725813963334604,
Weston Creek,Theft - Other,2014,Q4,104,23619,4.403234683940895,
Weston Creek,Theft - Other,2015,Q1,139,23338,5.955951666809495,
Weston Creek,Theft - Other,2015,Q2,129,23338,5.527465935384352,
Weston Creek,Theft - Other,2015,Q3,128,23338,5.4846173622418375,
Weston Creek,Theft - Other,2015,Q4,177,23338,7.58419744622504,
Weston Creek,Theft - Other,2016,Q1,124,23276,5.327375837772813,
Weston Creek,Theft - Other,2016,Q2,159,23276,6.831070630692559,
Weston Creek,Theft - Other,2016,Q3,84,23276,3.6088675030073896,
Weston Creek,Theft - Other,2016,Q4,81,23276,3.479979377899983,
Weston Creek,Theft - Other,2017,Q1,84,23456,3.581173260572988,
Weston Creek,Theft - Other,2017,Q2,81,23456,3.453274215552524,
Weston Creek,Theft - Other,2017,Q3,90,23456,3.8369713506139154,
Weston Creek,Theft - Other,2017,Q4,102,23456,4.348567530695771,
Weston Creek,Theft - Other,2018,Q1,102,23575,4.326617179215271,
Weston Creek,Theft - Other,2018,Q2,76,23575,3.223753976670201,
Weston Creek,Theft - Other,2018,Q3,55,23575,2.332979851537646,
Weston Creek,Theft - Other,2018,Q4,74,23575,3.1389183457051963,
Weston Creek,Theft - Other,2019,Q1,44,23876,1.8428547495392864,
Weston Creek,Theft - Other,2019,Q2,100,23876,4.188306248952923,
Weston Creek,Theft - Other,2019,Q3,97,23876,4.062657061484336,
Weston Creek,Theft - Other,2019,Q4,129,23876,5.402915061149271,
Weston Creek,Theft - Other,2020,Q1,110,24190,4.54733360892931,
Weston Creek,Theft - Other,2020,Q2,82,24190,3.389830508474576,
Weston Creek,Theft - Other,2020,Q3,64,24190,2.645721372467962,
Weston Creek,Theft - Other,2020,Q4,77,24190,3.1831335262505167,
Weston Creek,Theft - Other,2021,Q1,87,24487,3.552905623392004,
Weston Creek,Theft - Other,2021,Q2,68,24487,2.7769837056397275,
Weston Creek,Theft - Other,2021,Q3,75,24487,3.062849675337935,
Weston Creek,Theft - Other,2021,Q4,57,24487,2.32776575325683,
Weston Creek,Theft - Other,2022,Q1,62,24639,2.5163358902552866,
Weston Creek,Theft - Other,2022,Q2,67,24639,2.719266203985552,
Weston Creek,Theft - Other,2022,Q3,59,24639,2.3945777020171275,
Weston Creek,Theft - Other,2022,Q4,53,24639,2.1510613255408093,
Weston Creek,Theft - Other,2023,Q1,82,24860,3.2984714400643607,
Weston Creek,Theft - Other,2023,Q2,51,24860,2.0514883346741755,
Weston Creek,Theft - Other,2023,Q3,39,24860,1.5687851971037812,
Weston Creek,Theft - Other,2023,Q4,42,24860,1.6894609814963797,
Weston Creek,Theft - Other,2024,Q1,36,24917,1.444796725127423,
Weston Creek,Theft - Other,2024,Q2,38,24917,1.5250632098567245,
Weston Creek,Theft - Other,2024,Q3,38,24917,1.5250632098567245,
Weston Creek,Theft - Other,2024,Q4,51,24917,2.0467953605971827,
Weston Creek,Theft - Other,2025,Q1,44,24998,1.760140811264901,
Weston Creek,Theft - Other,2025,Q2,37,24998,1.4801184094727575,
Woden,Assault,2014,Q1,24,34967,0.6863614264878314,
Woden,Assault,2014,Q2,30,34967,0.8579517831097893,
Woden,Assault,2014,Q3,32,34967,0.915148568650442,
Woden,Assault,2014,Q4,26,34967,0.743558212028484,
Woden,Assault,2015,Q1,34,35112,0.9683299156983368,
Woden,Assault,2015,Q2,30,35112,0.8544087491455912,
Woden,Assault,2015,Q3,22,35112,0.6265664160401002,
Woden,Assault,2015,Q4,32,35112,0.911369332421964,
Woden,Assault,2016,Q1,28,35388,0.7912286650842094,
Woden,Assault,2016,Q2,30,35388,0.84774499830451,
Woden,Assault,2016,Q3,32,35388,0.9042613315248108,
Woden,Assault,2016,Q4,37,35388,1.0455521645755623,
Woden,Assault,2017,Q1,33,36287,0.9094165954749636,
Woden,Assault,2017,Q2,35,36287,0.9645327527764764,
Woden,Assault,2017,Q3,37,36287,1.0196489100779893,
Woden,Assault,2017,Q4,45,36287,1.2401135392840412,
Woden,Assault,2018,Q1,50,37093,1.347963227563152,
Woden,Assault,2018,Q2,28,37093,0.7548594074353651,
Woden,Assault,2018,Q3,45,37093,1.2131669048068368,
Woden,Assault,2018,Q4,48,37093,1.294044698460626,
Woden,Assault,2019,Q1,34,37711,0.9015936994510886,
Woden,Assault,2019,Q2,47,37711,1.2463207021823872,
Woden,Assault,2019,Q3,41,37711,1.0872159316910186,
Woden,Assault,2019,Q4,34,37711,0.9015936994510886,
Woden,Assault,2020,Q1,34,38688,0.8788254755996691,
Woden,Assault,2020,Q2,26,38688,0.6720430107526881,
Woden,Assault,2020,Q3,36,38688,0.9305210918114144,
Woden,Assault,2020,Q4,27,38688,0.6978908188585607,
Woden,Assault,2021,Q1,44,39079,1.1259244095294147,
Woden,Assault,2021,Q2,32,39079,0.8188541160213926,
Woden,Assault,2021,Q3,38,39079,0.9723892627754036,
Woden,Assault,2021,Q4,34,39079,0.8700324982727295,
Woden,Assault,2022,Q1,24,39587,0.6062596306868416,
Woden,Assault,2022,Q2,24,39587,0.6062596306868416,
Woden,Assault,2022,Q3,55,39587,1.3893449869906789,
Woden,Assault,2022,Q4,50,39587,1.2630408972642533,
Woden,Assault,2023,Q1,46,39924,1.1521891594028657,
Woden,Assault,2023,Q2,39,39924,0.9768560264502556,
Woden,Assault,2023,Q3,44,39924,1.1020939785592627,
Woden,Assault,2023,Q4,46,39924,1.1521891594028657,
Woden,Assault,2024,Q1,34,40857,0.8321707418557408,
Woden,Assault,2024,Q2,31,40857,0.758743911691999,
Woden,Assault,2024,Q3,52,40857,1.2727317228381918,
Woden,Assault,2024,Q4,34,40857,0.8321707418557408,
Woden,Assault,2025,Q1,27,41600,0.6490384615384616,
Woden,Assault,2025,Q2,36,41600,0.8653846153846153,
Woden,Burglary - Dwellings,2014,Q1,29,34967,0.829353390339463,
Woden,Burglary - Dwellings,2014,Q2,49,34967,1.4013212457459892,
Woden,Burglary - Dwellings,2014,Q3,43,34967,1.2297308891240313,
Woden,Burglary - Dwellings,2014,Q4,19,34967,0.5433694626361999,
Woden,Burglary - Dwellings,2015,Q1,19,35112,0.5411255411255411,
Woden,Burglary - Dwellings,2015,Q2,51,35112,1.452494873547505,
Woden,Burglary - Dwellings,2015,Q3,24,35112,0.683526999316473,
Woden,Burglary - Dwellings,2015,Q4,49,35112,1.3955342902711323,
Woden,Burglary - Dwellings,2016,Q1,27,35388,0.7629704984740591,
Woden,Burglary - Dwellings,2016,Q2,31,35388,0.8760031649146603,
Woden,Burglary - Dwellings,2016,Q3,21,35388,0.5934214988131571,
Woden,Burglary - Dwellings,2016,Q4,21,35388,0.5934214988131571,
Woden,Burglary - Dwellings,2017,Q1,28,36287,0.7716262022211812,
Woden,Burglary - Dwellings,2017,Q2,27,36287,0.7440681235704247,
Woden,Burglary - Dwellings,2017,Q3,39,36287,1.0747650673795024,
Woden,Burglary - Dwellings,2017,Q4,45,36287,1.2401135392840412,
Woden,Burglary - Dwellings,2018,Q1,23,37093,0.6200630846790499,
Woden,Burglary - Dwellings,2018,Q2,48,37093,1.294044698460626,
Woden,Burglary - Dwellings,2018,Q3,22,37093,0.5931038201277868,
Woden,Burglary - Dwellings,2018,Q4,17,37093,0.4583074973714716,
Woden,Burglary - Dwellings,2019,Q1,20,37711,0.5303492349712285,
Woden,Burglary - Dwellings,2019,Q2,34,37711,0.9015936994510886,
Woden,Burglary - Dwellings,2019,Q3,24,37711,0.6364190819654743,
Woden,Burglary - Dwellings,2019,Q4,31,37711,0.8220413142054043,
Woden,Burglary - Dwellings,2020,Q1,25,38688,0.6461952026468155,
Woden,Burglary - Dwellings,2020,Q2,26,38688,0.6720430107526881,
Woden,Burglary - Dwellings,2020,Q3,15,38688,0.3877171215880893,
Woden,Burglary - Dwellings,2020,Q4,23,38688,0.5944995864350703,
Woden,Burglary - Dwellings,2021,Q1,24,39079,0.6141405870160445,
Woden,Burglary - Dwellings,2021,Q2,16,39079,0.4094270580106963,
Woden,Burglary - Dwellings,2021,Q3,31,39079,0.7932649248957241,
Woden,Burglary - Dwellings,2021,Q4,32,39079,0.8188541160213926,
Woden,Burglary - Dwellings,2022,Q1,22,39587,0.5557379947962715,
Woden,Burglary - Dwellings,2022,Q2,28,39587,0.7073029024679819,
Woden,Burglary - Dwellings,2022,Q3,21,39587,0.5304771768509864,
Woden,Burglary - Dwellings,2022,Q4,19,39587,0.4799555409604162,
Woden,Burglary - Dwellings,2023,Q1,16,39924,0.4007614467488227,
Woden,Burglary - Dwellings,2023,Q2,42,39924,1.0519987977156595,
Woden,Burglary - Dwellings,2023,Q3,34,39924,0.8516180743412484,
Woden,Burglary - Dwellings,2023,Q4,18,39924,0.4508566275924256,
Woden,Burglary - Dwellings,2024,Q1,21,40857,0.5139878111461929,
Woden,Burglary - Dwellings,2024,Q2,15,40857,0.3671341508187091,
Woden,Burglary - Dwellings,2024,Q3,10,40857,0.2447561005458061,
Woden,Burglary - Dwellings,2024,Q4,11,40857,0.2692317106003867,
Woden,Burglary - Dwellings,2025,Q1,6,41600,0.1442307692307692,
Woden,Burglary - Dwellings,2025,Q2,8,41600,0.1923076923076923,
Woden,Burglary - Other,2014,Q1,3,34967,0.0857951783109789,
Woden,Burglary - Other,2014,Q2,12,34967,0.3431807132439157,
Woden,Burglary - Other,2014,Q3,3,34967,0.0857951783109789,
Woden,Burglary - Other,2014,Q4,5,34967,0.1429919638516315,
Woden,Burglary - Other,2015,Q1,2,35112,0.0569605832763727,
Woden,Burglary - Other,2015,Q2,10,35112,0.2848029163818637,
Woden,Burglary - Other,2015,Q3,7,35112,0.1993620414673046,
Woden,Burglary - Other,2015,Q4,14,35112,0.3987240829346092,
Woden,Burglary - Other,2016,Q1,22,35388,0.6216796654233073,
Woden,Burglary - Other,2016,Q2,21,35388,0.5934214988131571,
Woden,Burglary - Other,2016,Q3,12,35388,0.339097999321804,
Woden,Burglary - Other,2016,Q4,10,35388,0.2825816661015033,
Woden,Burglary - Other,2017,Q1,12,36287,0.3306969438090776,
Woden,Burglary - Other,2017,Q2,11,36287,0.3031388651583211,
Woden,Burglary - Other,2017,Q3,6,36287,0.1653484719045388,
Woden,Burglary - Other,2017,Q4,11,36287,0.3031388651583211,
Woden,Burglary - Other,2018,Q1,14,37093,0.3774297037176825,
Woden,Burglary - Other,2018,Q2,16,37093,0.4313482328202086,
Woden,Burglary - Other,2018,Q3,10,37093,0.2695926455126304,
Woden,Burglary - Other,2018,Q4,14,37093,0.3774297037176825,
Woden,Burglary - Other,2019,Q1,9,37711,0.2386571557370528,
Woden,Burglary - Other,2019,Q2,11,37711,0.2916920792341757,
Woden,Burglary - Other,2019,Q3,4,37711,0.1060698469942457,
Woden,Burglary - Other,2019,Q4,11,37711,0.2916920792341757,
Woden,Burglary - Other,2020,Q1,11,38688,0.2843258891645988,
Woden,Burglary - Other,2020,Q2,8,38688,0.2067824648469809,
Woden,Burglary - Other,2020,Q3,9,38688,0.2326302729528535,
Woden,Burglary - Other,2020,Q4,13,38688,0.336021505376344,
Woden,Burglary - Other,2021,Q1,8,39079,0.2047135290053481,
Woden,Burglary - Other,2021,Q2,10,39079,0.2558919112566851,
Woden,Burglary - Other,2021,Q3,12,39079,0.3070702935080222,
Woden,Burglary - Other,2021,Q4,13,39079,0.3326594846336907,
Woden,Burglary - Other,2022,Q1,12,39587,0.3031298153434208,
Woden,Burglary - Other,2022,Q2,15,39587,0.378912269179276,
Woden,Burglary - Other,2022,Q3,17,39587,0.4294339050698461,
Woden,Burglary - Other,2022,Q4,15,39587,0.378912269179276,
Woden,Burglary - Other,2023,Q1,9,39924,0.2254283137962128,
Woden,Burglary - Other,2023,Q2,7,39924,0.1753331329526099,
Woden,Burglary - Other,2023,Q3,8,39924,0.2003807233744113,
Woden,Burglary - Other,2023,Q4,17,39924,0.4258090371706242,
Woden,Burglary - Other,2024,Q1,9,40857,0.2202804904912255,
Woden,Burglary - Other,2024,Q2,7,40857,0.1713292703820642,
Woden,Burglary - Other,2024,Q3,13,40857,0.3181829307095479,
Woden,Burglary - Other,2024,Q4,8,40857,0.1958048804366448,
Woden,Burglary - Other,2025,Q1,15,41600,0.3605769230769231,
Woden,Burglary - Other,2025,Q2,7,41600,0.1682692307692307,
Woden,Burglary - Shops,2014,Q1,7,34967,0.2001887493922841,
Woden,Burglary - Shops,2014,Q2,3,34967,0.0857951783109789,
Woden,Burglary - Shops,2014,Q3,7,34967,0.2001887493922841,
Woden,Burglary - Shops,2014,Q4,6,34967,0.1715903566219578,
Woden,Burglary - Shops,2015,Q1,3,35112,0.0854408749145591,
Woden,Burglary - Shops,2015,Q2,6,35112,0.1708817498291182,
Woden,Burglary - Shops,2015,Q3,11,35112,0.3132832080200501,
Woden,Burglary - Shops,2015,Q4,21,35112,0.5980861244019139,
Woden,Burglary - Shops,2016,Q1,14,35388,0.3956143325421047,
Woden,Burglary - Shops,2016,Q2,9,35388,0.254323499491353,
Woden,Burglary - Shops,2016,Q3,5,35388,0.1412908330507516,
Woden,Burglary - Shops,2016,Q4,9,35388,0.254323499491353,
Woden,Burglary - Shops,2017,Q1,5,36287,0.1377903932537823,
Woden,Burglary - Shops,2017,Q2,13,36287,0.3582550224598341,
Woden,Burglary - Shops,2017,Q3,21,36287,0.5787196516658859,
Woden,Burglary - Shops,2017,Q4,10,36287,0.2755807865075647,
Woden,Burglary - Shops,2018,Q1,6,37093,0.1617555873075782,
Woden,Burglary - Shops,2018,Q2,8,37093,0.2156741164101043,
Woden,Burglary - Shops,2018,Q3,14,37093,0.3774297037176825,
Woden,Burglary - Shops,2018,Q4,6,37093,0.1617555873075782,
Woden,Burglary - Shops,2019,Q1,9,37711,0.2386571557370528,
Woden,Burglary - Shops,2019,Q2,9,37711,0.2386571557370528,
Woden,Burglary - Shops,2019,Q3,12,37711,0.3182095409827371,
Woden,Burglary - Shops,2019,Q4,4,37711,0.1060698469942457,
Woden,Burglary - Shops,2020,Q1,7,38688,0.1809346567411083,
Woden,Burglary - Shops,2020,Q2,5,38688,0.1292390405293631,
Woden,Burglary - Shops,2020,Q3,6,38688,0.1550868486352357,
Woden,Burglary - Shops,2020,Q4,8,38688,0.2067824648469809,
Woden,Burglary - Shops,2021,Q1,5,39079,0.1279459556283425,
Woden,Burglary - Shops,2021,Q2,3,39079,0.0767675733770055,
Woden,Burglary - Shops,2021,Q3,2,39079,0.051178382251337,
Woden,Burglary - Shops,2021,Q4,6,39079,0.1535351467540111,
Woden,Burglary - Shops,2022,Q1,13,39587,0.3283906332887059,
Woden,Burglary - Shops,2022,Q2,9,39587,0.2273473615075656,
Woden,Burglary - Shops,2022,Q3,6,39587,0.1515649076717104,
Woden,Burglary - Shops,2022,Q4,18,39587,0.4546947230151312,
Woden,Burglary - Shops,2023,Q1,19,39924,0.475904218014227,
Woden,Burglary - Shops,2023,Q2,4,39924,0.1001903616872056,
Woden,Burglary - Shops,2023,Q3,21,39924,0.5259993988578299,
Woden,Burglary - Shops,2023,Q4,16,39924,0.4007614467488227,
Woden,Burglary - Shops,2024,Q1,3,40857,0.0734268301637418,
Woden,Burglary - Shops,2024,Q2,5,40857,0.122378050272903,
Woden,Burglary - Shops,2024,Q3,9,40857,0.2202804904912255,
Woden,Burglary - Shops,2024,Q4,10,40857,0.2447561005458061,
Woden,Burglary - Shops,2025,Q1,3,41600,0.0721153846153846,
Woden,Burglary - Shops,2025,Q2,6,41600,0.1442307692307692,
Woden,CINs,2014,Q1,1,34967,0.0285983927703263,
Woden,CINs,2014,Q2,1,34967,0.0285983927703263,
Woden,CINs,2014,Q3,3,34967,0.0857951783109789,
Woden,CINs,2014,Q4,0,34967,0.0,
Woden,CINs,2015,Q1,1,35112,0.0284802916381863,
Woden,CINs,2015,Q2,1,35112,0.0284802916381863,
Woden,CINs,2015,Q3,0,35112,0.0,
Woden,CINs,2015,Q4,0,35112,0.0,
Woden,CINs,2016,Q1,1,35388,0.0282581666101503,
Woden,CINs,2016,Q2,2,35388,0.0565163332203006,
Woden,CINs,2016,Q3,0,35388,0.0,
Woden,CINs,2016,Q4,2,35388,0.0565163332203006,
Woden,CINs,2017,Q1,1,36287,0.0275580786507564,
Woden,CINs,2017,Q2,0,36287,0.0,
Woden,CINs,2017,Q3,3,36287,0.0826742359522694,
Woden,CINs,2017,Q4,0,36287,0.0,
Woden,CINs,2018,Q1,0,37093,0.0,
Woden,CINs,2018,Q2,0,37093,0.0,
Woden,CINs,2018,Q3,0,37093,0.0,
Woden,CINs,2018,Q4,0,37093,0.0,
Woden,CINs,2019,Q1,0,37711,0.0,
Woden,CINs,2019,Q2,1,37711,0.0265174617485614,
Woden,CINs,2019,Q3,0,37711,0.0,
Woden,CINs,2019,Q4,0,37711,0.0,
Woden,CINs,2020,Q1,1,38688,0.0258478081058726,
Woden,CINs,2020,Q2,1,38688,0.0258478081058726,
Woden,CINs,2020,Q3,1,38688,0.0258478081058726,
Woden,CINs,2020,Q4,0,38688,0.0,
Woden,CINs,2021,Q1,0,39079,0.0,
Woden,CINs,2021,Q2,1,39079,0.0255891911256685,
Woden,CINs,2021,Q3,3,39079,0.0767675733770055,
Woden,CINs,2021,Q4,1,39079,0.0255891911256685,
Woden,CINs,2022,Q1,0,39587,0.0,
Woden,CINs,2022,Q2,0,39587,0.0,
Woden,CINs,2022,Q3,0,39587,0.0,
Woden,CINs,2022,Q4,0,39587,0.0,
Woden,CINs,2023,Q1,0,39924,0.0,
Woden,CINs,2023,Q2,0,39924,0.0,
Woden,CINs,2023,Q3,0,39924,0.0,
Woden,CINs,2023,Q4,0,39924,0.0,
Woden,CINs,2024,Q1,0,40857,0.0,
Woden,CINs,2024,Q2,0,40857,0.0,
Woden,CINs,2024,Q3,0,40857,0.0,
Woden,CINs,2024,Q4,0,40857,0.0,
Woden,CINs,2025,Q1,0,41600,0.0,
Woden,CINs,2025,Q2,0,41600,0.0,
Woden,Family Violence,2014,Q1,12,34967,0.3431807132439157,
Woden,Family Violence,2014,Q2,15,34967,0.4289758915548946,
Woden,Family Violence,2014,Q3,9,34967,0.2573855349329367,
Woden,Family Violence,2014,Q4,8,34967,0.2287871421626104,
Woden,Family Violence,2015,Q1,15,35112,0.4272043745727956,
Woden,Family Violence,2015,Q2,12,35112,0.3417634996582365,
Woden,Family Violence,2015,Q3,13,35112,0.3702437912964229,
Woden,Family Violence,2015,Q4,28,35112,0.7974481658692184,
Woden,Family Violence,2016,Q1,22,35388,0.6216796654233073,
Woden,Family Violence,2016,Q2,20,35388,0.5651633322030067,
Woden,Family Violence,2016,Q3,35,35388,0.9890358313552616,
Woden,Family Violence,2016,Q4,23,35388,0.6499378320334577,
Woden,Family Violence,2017,Q1,17,36287,0.46848733706286,
Woden,Family Violence,2017,Q2,17,36287,0.46848733706286,
Woden,Family Violence,2017,Q3,22,36287,0.6062777303166423,
Woden,Family Violence,2017,Q4,30,36287,0.8267423595226941,
Woden,Family Violence,2018,Q1,22,37093,0.5931038201277868,
Woden,Family Violence,2018,Q2,24,37093,0.647022349230313,
Woden,Family Violence,2018,Q3,22,37093,0.5931038201277868,
Woden,Family Violence,2018,Q4,25,37093,0.673981613781576,
Woden,Family Violence,2019,Q1,16,37711,0.4242793879769828,
Woden,Family Violence,2019,Q2,21,37711,0.55686669671979,
Woden,Family Violence,2019,Q3,15,37711,0.3977619262284214,
Woden,Family Violence,2019,Q4,26,37711,0.6894540054625972,
Woden,Family Violence,2020,Q1,26,38688,0.6720430107526881,
Woden,Family Violence,2020,Q2,20,38688,0.5169561621174524,
Woden,Family Violence,2020,Q3,27,38688,0.6978908188585607,
Woden,Family Violence,2020,Q4,12,38688,0.3101736972704714,
Woden,Family Violence,2021,Q1,15,39079,0.3838378668850277,
Woden,Family Violence,2021,Q2,19,39079,0.4861946313877018,
Woden,Family Violence,2021,Q3,15,39079,0.3838378668850277,
Woden,Family Violence,2021,Q4,16,39079,0.4094270580106963,
Woden,Family Violence,2022,Q1,18,39587,0.4546947230151312,
Woden,Family Violence,2022,Q2,33,39587,0.8336069921944071,
Woden,Family Violence,2022,Q3,16,39587,0.404173087124561,
Woden,Family Violence,2022,Q4,59,39587,1.490388258771819,
Woden,Family Violence,2023,Q1,31,39924,0.7764753030758441,
Woden,Family Violence,2023,Q2,40,39924,1.001903616872057,
Woden,Family Violence,2023,Q3,48,39924,1.2022843402464682,
Woden,Family Violence,2023,Q4,20,39924,0.5009518084360285,
Woden,Family Violence,2024,Q1,28,40857,0.6853170815282571,
Woden,Family Violence,2024,Q2,15,40857,0.3671341508187091,
Woden,Family Violence,2024,Q3,35,40857,0.8566463519103213,
Woden,Family Violence,2024,Q4,25,40857,0.6118902513645152,
Woden,Family Violence,2025,Q1,33,41600,0.7932692307692307,
Woden,Family Violence,2025,Q2,28,41600,0.673076923076923,
Woden,Homicide,2014,Q1,1,34967,0.0285983927703263,
Woden,Homicide,2014,Q2,0,34967,0.0,
Woden,Homicide,2014,Q3,0,34967,0.0,
Woden,Homicide,2014,Q4,0,34967,0.0,
Woden,Homicide,2015,Q1,0,35112,0.0,
Woden,Homicide,2015,Q2,0,35112,0.0,
Woden,Homicide,2015,Q3,0,35112,0.0,
Woden,Homicide,2015,Q4,0,35112,0.0,
Woden,Homicide,2016,Q1,0,35388,0.0,
Woden,Homicide,2016,Q2,0,35388,0.0,
Woden,Homicide,2016,Q3,0,35388,0.0,
Woden,Homicide,2016,Q4,0,35388,0.0,
Woden,Homicide,2017,Q1,0,36287,0.0,
Woden,Homicide,2017,Q2,0,36287,0.0,
Woden,Homicide,2017,Q3,0,36287,0.0,
Woden,Homicide,2017,Q4,0,36287,0.0,
Woden,Homicide,2018,Q1,2,37093,0.053918529102526,
Woden,Homicide,2018,Q2,1,37093,0.026959264551263,
Woden,Homicide,2018,Q3,2,37093,0.053918529102526,
Woden,Homicide,2018,Q4,0,37093,0.0,
Woden,Homicide,2019,Q1,1,37711,0.0265174617485614,
Woden,Homicide,2019,Q2,0,37711,0.0,
Woden,Homicide,2019,Q3,0,37711,0.0,
Woden,Homicide,2019,Q4,1,37711,0.0265174617485614,
Woden,Homicide,2020,Q1,0,38688,0.0,
Woden,Homicide,2020,Q2,0,38688,0.0,
Woden,Homicide,2020,Q3,0,38688,0.0,
Woden,Homicide,2020,Q4,2,38688,0.0516956162117452,
Woden,Homicide,2021,Q1,0,39079,0.0,
Woden,Homicide,2021,Q2,1,39079,0.0255891911256685,
Woden,Homicide,2021,Q3,0,39079,0.0,
Woden,Homicide,2021,Q4,0,39079,0.0,
Woden,Homicide,2022,Q1,0,39587,0.0,
Woden,Homicide,2022,Q2,2,39587,0.0505216358905701,
Woden,Homicide,2022,Q3,0,39587,0.0,
Woden,Homicide,2022,Q4,1,39587,0.025260817945285,
Woden,Homicide,2023,Q1,0,39924,0.0,
Woden,Homicide,2023,Q2,0,39924,0.0,
Woden,Homicide,2023,Q3,0,39924,0.0,
Woden,Homicide,2023,Q4,0,39924,0.0,
Woden,Homicide,2024,Q1,0,40857,0.0,
Woden,Homicide,2024,Q2,0,40857,0.0,
Woden,Homicide,2024,Q3,0,40857,0.0,
Woden,Homicide,2024,Q4,0,40857,0.0,
Woden,Homicide,2025,Q1,0,41600,0.0,
Woden,Homicide,2025,Q2,0,41600,0.0,
Woden,Other,2014,Q1,186,34967,5.319301055280693,
Woden,Other,2014,Q2,221,34967,6.320244802242114,
Woden,Other,2014,Q3,269,34967,7.692967655217777,
Woden,Other,2014,Q4,307,34967,8.779706580490176,
Woden,Other,2015,Q1,171,35112,4.87012987012987,
Woden,Other,2015,Q2,173,35112,4.927090453406243,
Woden,Other,2015,Q3,186,35112,5.2973342447026655,
Woden,Other,2015,Q4,207,35112,5.8954203691045794,
Woden,Other,2016,Q1,145,35388,4.097434158471798,
Woden,Other,2016,Q2,174,35388,4.916920990166158,
Woden,Other,2016,Q3,223,35388,6.301571154063525,
Woden,Other,2016,Q4,253,35388,7.149316152368034,
Woden,Other,2017,Q1,241,36287,6.641496954832309,
Woden,Other,2017,Q2,225,36287,6.200567696420205,
Woden,Other,2017,Q3,248,36287,6.834403505387605,
Woden,Other,2017,Q4,219,36287,6.035219224515667,
Woden,Other,2018,Q1,261,37093,7.0363680478796535,
Woden,Other,2018,Q2,251,37093,6.766775402367022,
Woden,Other,2018,Q3,234,37093,6.308467904995551,
Woden,Other,2018,Q4,190,37093,5.122260264739977,
Woden,Other,2019,Q1,176,37711,4.667073267746812,
Woden,Other,2019,Q2,188,37711,4.985282808729549,
Woden,Other,2019,Q3,145,37711,3.8450319535414073,
Woden,Other,2019,Q4,193,37711,5.117870117472355,
Woden,Other,2020,Q1,228,38688,5.893300248138957,
Woden,Other,2020,Q2,209,38688,5.402191894127378,
Woden,Other,2020,Q3,153,38688,3.954714640198511,
Woden,Other,2020,Q4,149,38688,3.85132340777502,
Woden,Other,2021,Q1,176,39079,4.503697638117659,
Woden,Other,2021,Q2,178,39079,4.554876020368996,
Woden,Other,2021,Q3,148,39079,3.787200286598941,
Woden,Other,2021,Q4,190,39079,4.861946313877018,
Woden,Other,2022,Q1,151,39587,3.814383509738045,
Woden,Other,2022,Q2,179,39587,4.5216864122060265,
Woden,Other,2022,Q3,158,39587,3.99120923535504,
Woden,Other,2022,Q4,144,39587,3.6375577841210496,
Woden,Other,2023,Q1,160,39924,4.007614467488228,
Woden,Other,2023,Q2,152,39924,3.807233744113816,
Woden,Other,2023,Q3,158,39924,3.957519286644625,
Woden,Other,2023,Q4,127,39924,3.181043983568781,
Woden,Other,2024,Q1,138,40857,3.377634187532124,
Woden,Other,2024,Q2,134,40857,3.279731747313802,
Woden,Other,2024,Q3,116,40857,2.839170766331351,
Woden,Other,2024,Q4,169,40857,4.136378099224123,
Woden,Other,2025,Q1,171,41600,4.110576923076923,
Woden,Other,2025,Q2,181,41600,4.350961538461538,
Woden,Other - Against A Person,2014,Q1,1,34967,0.0285983927703263,
Woden,Other - Against A Person,2014,Q2,3,34967,0.0857951783109789,
Woden,Other - Against A Person,2014,Q3,4,34967,0.1143935710813052,
Woden,Other - Against A Person,2014,Q4,3,34967,0.0857951783109789,
Woden,Other - Against A Person,2015,Q1,1,35112,0.0284802916381863,
Woden,Other - Against A Person,2015,Q2,3,35112,0.0854408749145591,
Woden,Other - Against A Person,2015,Q3,8,35112,0.2278423331054909,
Woden,Other - Against A Person,2015,Q4,3,35112,0.0854408749145591,
Woden,Other - Against A Person,2016,Q1,6,35388,0.169548999660902,
Woden,Other - Against A Person,2016,Q2,4,35388,0.1130326664406013,
Woden,Other - Against A Person,2016,Q3,4,35388,0.1130326664406013,
Woden,Other - Against A Person,2016,Q4,4,35388,0.1130326664406013,
Woden,Other - Against A Person,2017,Q1,7,36287,0.1929065505552953,
Woden,Other - Against A Person,2017,Q2,2,36287,0.0551161573015129,
Woden,Other - Against A Person,2017,Q3,4,36287,0.1102323146030258,
Woden,Other - Against A Person,2017,Q4,4,36287,0.1102323146030258,
Woden,Other - Against A Person,2018,Q1,1,37093,0.026959264551263,
Woden,Other - Against A Person,2018,Q2,4,37093,0.1078370582050521,
Woden,Other - Against A Person,2018,Q3,3,37093,0.0808777936537891,
Woden,Other - Against A Person,2018,Q4,6,37093,0.1617555873075782,
Woden,Other - Against A Person,2019,Q1,5,37711,0.1325873087428071,
Woden,Other - Against A Person,2019,Q2,4,37711,0.1060698469942457,
Woden,Other - Against A Person,2019,Q3,6,37711,0.1591047704913685,
Woden,Other - Against A Person,2019,Q4,4,37711,0.1060698469942457,
Woden,Other - Against A Person,2020,Q1,7,38688,0.1809346567411083,
Woden,Other - Against A Person,2020,Q2,1,38688,0.0258478081058726,
Woden,Other - Against A Person,2020,Q3,10,38688,0.2584780810587262,
Woden,Other - Against A Person,2020,Q4,6,38688,0.1550868486352357,
Woden,Other - Against A Person,2021,Q1,5,39079,0.1279459556283425,
Woden,Other - Against A Person,2021,Q2,2,39079,0.051178382251337,
Woden,Other - Against A Person,2021,Q3,5,39079,0.1279459556283425,
Woden,Other - Against A Person,2021,Q4,3,39079,0.0767675733770055,
Woden,Other - Against A Person,2022,Q1,2,39587,0.0505216358905701,
Woden,Other - Against A Person,2022,Q2,2,39587,0.0505216358905701,
Woden,Other - Against A Person,2022,Q3,8,39587,0.2020865435622805,
Woden,Other - Against A Person,2022,Q4,11,39587,0.2778689973981357,
Woden,Other - Against A Person,2023,Q1,14,39924,0.3506662659052199,
Woden,Other - Against A Person,2023,Q2,13,39924,0.3256186754834185,
Woden,Other - Against A Person,2023,Q3,9,39924,0.2254283137962128,
Woden,Other - Against A Person,2023,Q4,7,39924,0.1753331329526099,
Woden,Other - Against A Person,2024,Q1,4,40857,0.0979024402183224,
Woden,Other - Against A Person,2024,Q2,10,40857,0.2447561005458061,
Woden,Other - Against A Person,2024,Q3,9,40857,0.2202804904912255,
Woden,Other - Against A Person,2024,Q4,7,40857,0.1713292703820642,
Woden,Other - Against A Person,2025,Q1,9,41600,0.2163461538461538,
Woden,Other - Against A Person,2025,Q2,8,41600,0.1923076923076923,
Woden,Property Damage,2014,Q1,103,34967,2.94563445534361,
Woden,Property Damage,2014,Q2,116,34967,3.317413561357852,
Woden,Property Damage,2014,Q3,119,34967,3.403208739668831,
Woden,Property Damage,2014,Q4,113,34967,3.231618383046873,
Woden,Property Damage,2015,Q1,113,35112,3.21827295511506,
Woden,Property Damage,2015,Q2,148,35112,4.215083162451584,
Woden,Property Damage,2015,Q3,129,35112,3.6739576213260414,
Woden,Property Damage,2015,Q4,126,35112,3.588516746411483,
Woden,Property Damage,2016,Q1,88,35388,2.4867186616932293,
Woden,Property Damage,2016,Q2,129,35388,3.645303492709393,
Woden,Property Damage,2016,Q3,111,35388,3.136656493726687,
Woden,Property Damage,2016,Q4,94,35388,2.656267661354132,
Woden,Property Damage,2017,Q1,115,36287,3.169179044836994,
Woden,Property Damage,2017,Q2,123,36287,3.389643674043046,
Woden,Property Damage,2017,Q3,140,36287,3.8581310111059057,
Woden,Property Damage,2017,Q4,123,36287,3.389643674043046,
Woden,Property Damage,2018,Q1,107,37093,2.884641306985145,
Woden,Property Damage,2018,Q2,113,37093,3.0463968942927235,
Woden,Property Damage,2018,Q3,92,37093,2.4802523387162,
Woden,Property Damage,2018,Q4,137,37093,3.693419243523037,
Woden,Property Damage,2019,Q1,120,37711,3.1820954098273715,
Woden,Property Damage,2019,Q2,107,37711,2.837368407096073,
Woden,Property Damage,2019,Q3,95,37711,2.519158866113336,
Woden,Property Damage,2019,Q4,89,37711,2.360054095621967,
Woden,Property Damage,2020,Q1,100,38688,2.584780810587262,
Woden,Property Damage,2020,Q2,72,38688,1.8610421836228288,
Woden,Property Damage,2020,Q3,65,38688,1.6801075268817205,
Woden,Property Damage,2020,Q4,72,38688,1.8610421836228288,
Woden,Property Damage,2021,Q1,57,39079,1.4585838941631055,
Woden,Property Damage,2021,Q2,62,39079,1.5865298497914482,
Woden,Property Damage,2021,Q3,79,39079,2.021546098927813,
Woden,Property Damage,2021,Q4,72,39079,1.8424217610481333,
Woden,Property Damage,2022,Q1,60,39587,1.515649076717104,
Woden,Property Damage,2022,Q2,75,39587,1.89456134589638,
Woden,Property Damage,2022,Q3,99,39587,2.500820976583221,
Woden,Property Damage,2022,Q4,57,39587,1.439866622881249,
Woden,Property Damage,2023,Q1,81,39924,2.0288548241659154,
Woden,Property Damage,2023,Q2,52,39924,1.302474701933674,
Woden,Property Damage,2023,Q3,80,39924,2.003807233744114,
Woden,Property Damage,2023,Q4,79,39924,1.9787596433223125,
Woden,Property Damage,2024,Q1,67,40857,1.639865873656901,
Woden,Property Damage,2024,Q2,58,40857,1.4195853831656755,
Woden,Property Damage,2024,Q3,70,40857,1.7132927038206427,
Woden,Property Damage,2024,Q4,65,40857,1.5909146535477396,
Woden,Property Damage,2025,Q1,74,41600,1.7788461538461535,
Woden,Property Damage,2025,Q2,40,41600,0.9615384615384616,
Woden,Robbery - Armed,2014,Q1,4,34967,0.1143935710813052,
Woden,Robbery - Armed,2014,Q2,2,34967,0.0571967855406526,
Woden,Robbery - Armed,2014,Q3,2,34967,0.0571967855406526,
Woden,Robbery - Armed,2014,Q4,8,34967,0.2287871421626104,
Woden,Robbery - Armed,2015,Q1,2,35112,0.0569605832763727,
Woden,Robbery - Armed,2015,Q2,4,35112,0.1139211665527454,
Woden,Robbery - Armed,2015,Q3,4,35112,0.1139211665527454,
Woden,Robbery - Armed,2015,Q4,2,35112,0.0569605832763727,
Woden,Robbery - Armed,2016,Q1,0,35388,0.0,
Woden,Robbery - Armed,2016,Q2,1,35388,0.0282581666101503,
Woden,Robbery - Armed,2016,Q3,6,35388,0.169548999660902,
Woden,Robbery - Armed,2016,Q4,3,35388,0.084774499830451,
Woden,Robbery - Armed,2017,Q1,3,36287,0.0826742359522694,
Woden,Robbery - Armed,2017,Q2,1,36287,0.0275580786507564,
Woden,Robbery - Armed,2017,Q3,6,36287,0.1653484719045388,
Woden,Robbery - Armed,2017,Q4,4,36287,0.1102323146030258,
Woden,Robbery - Armed,2018,Q1,7,37093,0.1887148518588412,
Woden,Robbery - Armed,2018,Q2,1,37093,0.026959264551263,
Woden,Robbery - Armed,2018,Q3,3,37093,0.0808777936537891,
Woden,Robbery - Armed,2018,Q4,5,37093,0.1347963227563152,
Woden,Robbery - Armed,2019,Q1,2,37711,0.0530349234971228,
Woden,Robbery - Armed,2019,Q2,3,37711,0.0795523852456842,
Woden,Robbery - Armed,2019,Q3,4,37711,0.1060698469942457,
Woden,Robbery - Armed,2019,Q4,1,37711,0.0265174617485614,
Woden,Robbery - Armed,2020,Q1,0,38688,0.0,
Woden,Robbery - Armed,2020,Q2,1,38688,0.0258478081058726,
Woden,Robbery - Armed,2020,Q3,1,38688,0.0258478081058726,
Woden,Robbery - Armed,2020,Q4,1,38688,0.0258478081058726,
Woden,Robbery - Armed,2021,Q1,2,39079,0.051178382251337,
Woden,Robbery - Armed,2021,Q2,0,39079,0.0,
Woden,Robbery - Armed,2021,Q3,4,39079,0.102356764502674,
Woden,Robbery - Armed,2021,Q4,2,39079,0.051178382251337,
Woden,Robbery - Armed,2022,Q1,2,39587,0.0505216358905701,
Woden,Robbery - Armed,2022,Q2,1,39587,0.025260817945285,
Woden,Robbery - Armed,2022,Q3,3,39587,0.0757824538358552,
Woden,Robbery - Armed,2022,Q4,0,39587,0.0,
Woden,Robbery - Armed,2023,Q1,3,39924,0.0751427712654042,
Woden,Robbery - Armed,2023,Q2,1,39924,0.0250475904218014,
Woden,Robbery - Armed,2023,Q3,2,39924,0.0500951808436028,
Woden,Robbery - Armed,2023,Q4,1,39924,0.0250475904218014,
Woden,Robbery - Armed,2024,Q1,0,40857,0.0,
Woden,Robbery - Armed,2024,Q2,2,40857,0.0489512201091612,
Woden,Robbery - Armed,2024,Q3,2,40857,0.0489512201091612,
Woden,Robbery - Armed,2024,Q4,3,40857,0.0734268301637418,
Woden,Robbery - Armed,2025,Q1,2,41600,0.048076923076923,
Woden,Robbery - Armed,2025,Q2,2,41600,0.048076923076923,
Woden,Robbery - Other,2014,Q1,1,34967,0.0285983927703263,
Woden,Robbery - Other,2014,Q2,1,34967,0.0285983927703263,
Woden,Robbery - Other,2014,Q3,2,34967,0.0571967855406526,
Woden,Robbery - Other,2014,Q4,2,34967,0.0571967855406526,
Woden,Robbery - Other,2015,Q1,1,35112,0.0284802916381863,
Woden,Robbery - Other,2015,Q2,0,35112,0.0,
Woden,Robbery - Other,2015,Q3,2,35112,0.0569605832763727,
Woden,Robbery - Other,2015,Q4,1,35112,0.0284802916381863,
Woden,Robbery - Other,2016,Q1,1,35388,0.0282581666101503,
Woden,Robbery - Other,2016,Q2,0,35388,0.0,
Woden,Robbery - Other,2016,Q3,2,35388,0.0565163332203006,
Woden,Robbery - Other,2016,Q4,1,35388,0.0282581666101503,
Woden,Robbery - Other,2017,Q1,3,36287,0.0826742359522694,
Woden,Robbery - Other,2017,Q2,3,36287,0.0826742359522694,
Woden,Robbery - Other,2017,Q3,3,36287,0.0826742359522694,
Woden,Robbery - Other,2017,Q4,1,36287,0.0275580786507564,
Woden,Robbery - Other,2018,Q1,5,37093,0.1347963227563152,
Woden,Robbery - Other,2018,Q2,6,37093,0.1617555873075782,
Woden,Robbery - Other,2018,Q3,6,37093,0.1617555873075782,
Woden,Robbery - Other,2018,Q4,3,37093,0.0808777936537891,
Woden,Robbery - Other,2019,Q1,1,37711,0.0265174617485614,
Woden,Robbery - Other,2019,Q2,1,37711,0.0265174617485614,
Woden,Robbery - Other,2019,Q3,7,37711,0.18562223223993,
Woden,Robbery - Other,2019,Q4,1,37711,0.0265174617485614,
Woden,Robbery - Other,2020,Q1,0,38688,0.0,
Woden,Robbery - Other,2020,Q2,0,38688,0.0,
Woden,Robbery - Other,2020,Q3,1,38688,0.0258478081058726,
Woden,Robbery - Other,2020,Q4,2,38688,0.0516956162117452,
Woden,Robbery - Other,2021,Q1,1,39079,0.0255891911256685,
Woden,Robbery - Other,2021,Q2,2,39079,0.051178382251337,
Woden,Robbery - Other,2021,Q3,3,39079,0.0767675733770055,
Woden,Robbery - Other,2021,Q4,3,39079,0.0767675733770055,
Woden,Robbery - Other,2022,Q1,1,39587,0.025260817945285,
Woden,Robbery - Other,2022,Q2,3,39587,0.0757824538358552,
Woden,Robbery - Other,2022,Q3,1,39587,0.025260817945285,
Woden,Robbery - Other,2022,Q4,11,39587,0.2778689973981357,
Woden,Robbery - Other,2023,Q1,2,39924,0.0500951808436028,
Woden,Robbery - Other,2023,Q2,3,39924,0.0751427712654042,
Woden,Robbery - Other,2023,Q3,4,39924,0.1001903616872056,
Woden,Robbery - Other,2023,Q4,1,39924,0.0250475904218014,
Woden,Robbery - Other,2024,Q1,3,40857,0.0734268301637418,
Woden,Robbery - Other,2024,Q2,0,40857,0.0,
Woden,Robbery - Other,2024,Q3,2,40857,0.0489512201091612,
Woden,Robbery - Other,2024,Q4,4,40857,0.0979024402183224,
Woden,Robbery - Other,2025,Q1,0,41600,0.0,
Woden,Robbery - Other,2025,Q2,7,41600,0.1682692307692307,
Woden,Sexual Assault,2014,Q1,8,34967,0.2287871421626104,
Woden,Sexual Assault,2014,Q2,18,34967,0.5147710698658735,
Woden,Sexual Assault,2014,Q3,10,34967,0.2859839277032631,
Woden,Sexual Assault,2014,Q4,13,34967,0.371779106014242,
Woden,Sexual Assault,2015,Q1,44,35112,1.2531328320802004,
Woden,Sexual Assault,2015,Q2,4,35112,0.1139211665527454,
Woden,Sexual Assault,2015,Q3,7,35112,0.1993620414673046,
Woden,Sexual Assault,2015,Q4,10,35112,0.2848029163818637,
Woden,Sexual Assault,2016,Q1,7,35388,0.1978071662710523,
Woden,Sexual Assault,2016,Q2,12,35388,0.339097999321804,
Woden,Sexual Assault,2016,Q3,12,35388,0.339097999321804,
Woden,Sexual Assault,2016,Q4,16,35388,0.4521306657624053,
Woden,Sexual Assault,2017,Q1,14,36287,0.3858131011105906,
Woden,Sexual Assault,2017,Q2,10,36287,0.2755807865075647,
Woden,Sexual Assault,2017,Q3,14,36287,0.3858131011105906,
Woden,Sexual Assault,2017,Q4,10,36287,0.2755807865075647,
Woden,Sexual Assault,2018,Q1,9,37093,0.2426333809613673,
Woden,Sexual Assault,2018,Q2,14,37093,0.3774297037176825,
Woden,Sexual Assault,2018,Q3,9,37093,0.2426333809613673,
Woden,Sexual Assault,2018,Q4,20,37093,0.5391852910252608,
Woden,Sexual Assault,2019,Q1,12,37711,0.3182095409827371,
Woden,Sexual Assault,2019,Q2,16,37711,0.4242793879769828,
Woden,Sexual Assault,2019,Q3,13,37711,0.3447270027312986,
Woden,Sexual Assault,2019,Q4,9,37711,0.2386571557370528,
Woden,Sexual Assault,2020,Q1,9,38688,0.2326302729528535,
Woden,Sexual Assault,2020,Q2,15,38688,0.3877171215880893,
Woden,Sexual Assault,2020,Q3,10,38688,0.2584780810587262,
Woden,Sexual Assault,2020,Q4,30,38688,0.7754342431761786,
Woden,Sexual Assault,2021,Q1,9,39079,0.2303027201310166,
Woden,Sexual Assault,2021,Q2,10,39079,0.2558919112566851,
Woden,Sexual Assault,2021,Q3,4,39079,0.102356764502674,
Woden,Sexual Assault,2021,Q4,13,39079,0.3326594846336907,
Woden,Sexual Assault,2022,Q1,7,39587,0.1768257256169954,
Woden,Sexual Assault,2022,Q2,12,39587,0.3031298153434208,
Woden,Sexual Assault,2022,Q3,21,39587,0.5304771768509864,
Woden,Sexual Assault,2022,Q4,18,39587,0.4546947230151312,
Woden,Sexual Assault,2023,Q1,13,39924,0.3256186754834185,
Woden,Sexual Assault,2023,Q2,25,39924,0.6261897605450356,
Woden,Sexual Assault,2023,Q3,29,39924,0.7263801222322412,
Woden,Sexual Assault,2023,Q4,10,39924,0.2504759042180142,
Woden,Sexual Assault,2024,Q1,18,40857,0.440560980982451,
Woden,Sexual Assault,2024,Q2,17,40857,0.4160853709278704,
Woden,Sexual Assault,2024,Q3,6,40857,0.1468536603274836,
Woden,Sexual Assault,2024,Q4,11,40857,0.2692317106003867,
Woden,Sexual Assault,2025,Q1,10,41600,0.2403846153846153,
Woden,Sexual Assault,2025,Q2,12,41600,0.2884615384615384,
Woden,TINs - Mobile Use,2014,Q1,21,34967,0.6005662481768524,
Woden,TINs - Mobile Use,2014,Q2,22,34967,0.6291646409471788,
Woden,TINs - Mobile Use,2014,Q3,28,34967,0.8007549975691366,
Woden,TINs - Mobile Use,2014,Q4,23,34967,0.6577630337175051,
Woden,TINs - Mobile Use,2015,Q1,17,35112,0.4841649578491683,
Woden,TINs - Mobile Use,2015,Q2,18,35112,0.5126452494873547,
Woden,TINs - Mobile Use,2015,Q3,32,35112,0.911369332421964,
Woden,TINs - Mobile Use,2015,Q4,6,35112,0.1708817498291182,
Woden,TINs - Mobile Use,2016,Q1,10,35388,0.2825816661015033,
Woden,TINs - Mobile Use,2016,Q2,26,35388,0.7347123318639087,
Woden,TINs - Mobile Use,2016,Q3,16,35388,0.4521306657624053,
Woden,TINs - Mobile Use,2016,Q4,11,35388,0.3108398327116536,
Woden,TINs - Mobile Use,2017,Q1,20,36287,0.5511615730151294,
Woden,TINs - Mobile Use,2017,Q2,14,36287,0.3858131011105906,
Woden,TINs - Mobile Use,2017,Q3,13,36287,0.3582550224598341,
Woden,TINs - Mobile Use,2017,Q4,9,36287,0.2480227078568082,
Woden,TINs - Mobile Use,2018,Q1,12,37093,0.3235111746151565,
Woden,TINs - Mobile Use,2018,Q2,8,37093,0.2156741164101043,
Woden,TINs - Mobile Use,2018,Q3,12,37093,0.3235111746151565,
Woden,TINs - Mobile Use,2018,Q4,16,37093,0.4313482328202086,
Woden,TINs - Mobile Use,2019,Q1,7,37711,0.18562223223993,
Woden,TINs - Mobile Use,2019,Q2,8,37711,0.2121396939884914,
Woden,TINs - Mobile Use,2019,Q3,4,37711,0.1060698469942457,
Woden,TINs - Mobile Use,2019,Q4,5,37711,0.1325873087428071,
Woden,TINs - Mobile Use,2020,Q1,3,38688,0.0775434243176178,
Woden,TINs - Mobile Use,2020,Q2,9,38688,0.2326302729528535,
Woden,TINs - Mobile Use,2020,Q3,5,38688,0.1292390405293631,
Woden,TINs - Mobile Use,2020,Q4,13,38688,0.336021505376344,
Woden,TINs - Mobile Use,2021,Q1,6,39079,0.1535351467540111,
Woden,TINs - Mobile Use,2021,Q2,5,39079,0.1279459556283425,
Woden,TINs - Mobile Use,2021,Q3,5,39079,0.1279459556283425,
Woden,TINs - Mobile Use,2021,Q4,2,39079,0.051178382251337,
Woden,TINs - Mobile Use,2022,Q1,2,39587,0.0505216358905701,
Woden,TINs - Mobile Use,2022,Q2,3,39587,0.0757824538358552,
Woden,TINs - Mobile Use,2022,Q3,5,39587,0.1263040897264253,
Woden,TINs - Mobile Use,2022,Q4,4,39587,0.1010432717811402,
Woden,TINs - Mobile Use,2023,Q1,2,39924,0.0500951808436028,
Woden,TINs - Mobile Use,2023,Q2,7,39924,0.1753331329526099,
Woden,TINs - Mobile Use,2023,Q3,8,39924,0.2003807233744113,
Woden,TINs - Mobile Use,2023,Q4,3,39924,0.0751427712654042,
Woden,TINs - Mobile Use,2024,Q1,0,40857,0.0,
Woden,TINs - Mobile Use,2024,Q2,0,40857,0.0,
Woden,TINs - Mobile Use,2024,Q3,0,40857,0.0,
Woden,TINs - Mobile Use,2024,Q4,0,40857,0.0,
Woden,TINs - Mobile Use,2025,Q1,0,41600,0.0,
Woden,TINs - Mobile Use,2025,Q2,0,41600,0.0,
Woden,TINs - Other,2014,Q1,132,34967,3.7749878456830728,
Woden,TINs - Other,2014,Q2,160,34967,4.575742843252209,
Woden,TINs - Other,2014,Q3,182,34967,5.2049074841993885,
Woden,TINs - Other,2014,Q4,142,34967,4.060971773386336,
Woden,TINs - Other,2015,Q1,118,35112,3.360674413305992,
Woden,TINs - Other,2015,Q2,111,35112,3.1613123718386875,
Woden,TINs - Other,2015,Q3,149,35112,4.243563454089769,
Woden,TINs - Other,2015,Q4,75,35112,2.136021872863978,
Woden,TINs - Other,2016,Q1,53,35388,1.4976828303379677,
Woden,TINs - Other,2016,Q2,70,35388,1.978071662710524,
Woden,TINs - Other,2016,Q3,116,35388,3.277947326777439,
Woden,TINs - Other,2016,Q4,73,35388,2.0628461625409744,
Woden,TINs - Other,2017,Q1,85,36287,2.3424366853143,
Woden,TINs - Other,2017,Q2,134,36287,3.692782539201367,
Woden,TINs - Other,2017,Q3,106,36287,2.921156336980186,
Woden,TINs - Other,2017,Q4,111,36287,3.058946730233968,
Woden,TINs - Other,2018,Q1,134,37093,3.612541449869248,
Woden,TINs - Other,2018,Q2,86,37093,2.318496751408621,
Woden,TINs - Other,2018,Q3,117,37093,3.1542339524977754,
Woden,TINs - Other,2018,Q4,63,37093,1.6984336667295714,
Woden,TINs - Other,2019,Q1,43,37711,1.1402508551881414,
Woden,TINs - Other,2019,Q2,75,37711,1.988809631142107,
Woden,TINs - Other,2019,Q3,60,37711,1.5910477049136855,
Woden,TINs - Other,2019,Q4,96,37711,2.545676327861897,
Woden,TINs - Other,2020,Q1,48,38688,1.2406947890818858,
Woden,TINs - Other,2020,Q2,98,38688,2.533085194375517,
Woden,TINs - Other,2020,Q3,70,38688,1.809346567411084,
Woden,TINs - Other,2020,Q4,44,38688,1.137303556658395,
Woden,TINs - Other,2021,Q1,55,39079,1.4074055119117683,
Woden,TINs - Other,2021,Q2,63,39079,1.6121190409171169,
Woden,TINs - Other,2021,Q3,27,39079,0.6909081603930499,
Woden,TINs - Other,2021,Q4,37,39079,0.9468000716497352,
Woden,TINs - Other,2022,Q1,34,39587,0.8588678101396923,
Woden,TINs - Other,2022,Q2,33,39587,0.8336069921944071,
Woden,TINs - Other,2022,Q3,45,39587,1.136736807537828,
Woden,TINs - Other,2022,Q4,43,39587,1.086215171647258,
Woden,TINs - Other,2023,Q1,35,39924,0.8766656647630499,
Woden,TINs - Other,2023,Q2,52,39924,1.302474701933674,
Woden,TINs - Other,2023,Q3,56,39924,1.4026650636208795,
Woden,TINs - Other,2023,Q4,44,39924,1.1020939785592627,
Woden,TINs - Other,2024,Q1,54,40857,1.321682942947353,
Woden,TINs - Other,2024,Q2,55,40857,1.3461585530019335,
Woden,TINs - Other,2024,Q3,89,40857,2.1783292948576745,
Woden,TINs - Other,2024,Q4,119,40857,2.9125975964950928,
Woden,TINs - Other,2025,Q1,169,41600,4.0625,
Woden,TINs - Other,2025,Q2,153,41600,3.677884615384616,
Woden,TINs - Seatbelts,2014,Q1,9,34967,0.2573855349329367,
Woden,TINs - Seatbelts,2014,Q2,3,34967,0.0857951783109789,
Woden,TINs - Seatbelts,2014,Q3,8,34967,0.2287871421626104,
Woden,TINs - Seatbelts,2014,Q4,2,34967,0.0571967855406526,
Woden,TINs - Seatbelts,2015,Q1,3,35112,0.0854408749145591,
Woden,TINs - Seatbelts,2015,Q2,2,35112,0.0569605832763727,
Woden,TINs - Seatbelts,2015,Q3,3,35112,0.0854408749145591,
Woden,TINs - Seatbelts,2015,Q4,4,35112,0.1139211665527454,
Woden,TINs - Seatbelts,2016,Q1,3,35388,0.084774499830451,
Woden,TINs - Seatbelts,2016,Q2,0,35388,0.0,
Woden,TINs - Seatbelts,2016,Q3,3,35388,0.084774499830451,
Woden,TINs - Seatbelts,2016,Q4,3,35388,0.084774499830451,
Woden,TINs - Seatbelts,2017,Q1,8,36287,0.2204646292060517,
Woden,TINs - Seatbelts,2017,Q2,3,36287,0.0826742359522694,
Woden,TINs - Seatbelts,2017,Q3,2,36287,0.0551161573015129,
Woden,TINs - Seatbelts,2017,Q4,5,36287,0.1377903932537823,
Woden,TINs - Seatbelts,2018,Q1,1,37093,0.026959264551263,
Woden,TINs - Seatbelts,2018,Q2,0,37093,0.0,
Woden,TINs - Seatbelts,2018,Q3,2,37093,0.053918529102526,
Woden,TINs - Seatbelts,2018,Q4,1,37093,0.026959264551263,
Woden,TINs - Seatbelts,2019,Q1,3,37711,0.0795523852456842,
Woden,TINs - Seatbelts,2019,Q2,1,37711,0.0265174617485614,
Woden,TINs - Seatbelts,2019,Q3,4,37711,0.1060698469942457,
Woden,TINs - Seatbelts,2019,Q4,1,37711,0.0265174617485614,
Woden,TINs - Seatbelts,2020,Q1,2,38688,0.0516956162117452,
Woden,TINs - Seatbelts,2020,Q2,1,38688,0.0258478081058726,
Woden,TINs - Seatbelts,2020,Q3,0,38688,0.0,
Woden,TINs - Seatbelts,2020,Q4,1,38688,0.0258478081058726,
Woden,TINs - Seatbelts,2021,Q1,0,39079,0.0,
Woden,TINs - Seatbelts,2021,Q2,4,39079,0.102356764502674,
Woden,TINs - Seatbelts,2021,Q3,0,39079,0.0,
Woden,TINs - Seatbelts,2021,Q4,0,39079,0.0,
Woden,TINs - Seatbelts,2022,Q1,0,39587,0.0,
Woden,TINs - Seatbelts,2022,Q2,0,39587,0.0,
Woden,TINs - Seatbelts,2022,Q3,0,39587,0.0,
Woden,TINs - Seatbelts,2022,Q4,2,39587,0.0505216358905701,
Woden,TINs - Seatbelts,2023,Q1,0,39924,0.0,
Woden,TINs - Seatbelts,2023,Q2,0,39924,0.0,
Woden,TINs - Seatbelts,2023,Q3,1,39924,0.0250475904218014,
Woden,TINs - Seatbelts,2023,Q4,1,39924,0.0250475904218014,
Woden,TINs - Seatbelts,2024,Q1,0,40857,0.0,
Woden,TINs - Seatbelts,2024,Q2,0,40857,0.0,
Woden,TINs - Seatbelts,2024,Q3,1,40857,0.0244756100545806,
Woden,TINs - Seatbelts,2024,Q4,0,40857,0.0,
Woden,TINs - Seatbelts,2025,Q1,1,41600,0.0240384615384615,
Woden,TINs - Seatbelts,2025,Q2,1,41600,0.0240384615384615,
Woden,TINs - Speeding,2014,Q1,24,34967,0.6863614264878314,
Woden,TINs - Speeding,2014,Q2,52,34967,1.487116424056968,
Woden,TINs - Speeding,2014,Q3,71,34967,2.030485886693168,
Woden,TINs - Speeding,2014,Q4,33,34967,0.9437469614207682,
Woden,TINs - Speeding,2015,Q1,10,35112,0.2848029163818637,
Woden,TINs - Speeding,2015,Q2,17,35112,0.4841649578491683,
Woden,TINs - Speeding,2015,Q3,30,35112,0.8544087491455912,
Woden,TINs - Speeding,2015,Q4,18,35112,0.5126452494873547,
Woden,TINs - Speeding,2016,Q1,15,35388,0.423872499152255,
Woden,TINs - Speeding,2016,Q2,24,35388,0.678195998643608,
Woden,TINs - Speeding,2016,Q3,52,35388,1.4694246637278174,
Woden,TINs - Speeding,2016,Q4,24,35388,0.678195998643608,
Woden,TINs - Speeding,2017,Q1,89,36287,2.452668999917326,
Woden,TINs - Speeding,2017,Q2,65,36287,1.7912751122991706,
Woden,TINs - Speeding,2017,Q3,41,36287,1.1298812246810153,
Woden,TINs - Speeding,2017,Q4,46,36287,1.2676716179347975,
Woden,TINs - Speeding,2018,Q1,78,37093,2.102822634998517,
Woden,TINs - Speeding,2018,Q2,51,37093,1.374922492114415,
Woden,TINs - Speeding,2018,Q3,21,37093,0.5661445555765238,
Woden,TINs - Speeding,2018,Q4,31,37093,0.8357372010891542,
Woden,TINs - Speeding,2019,Q1,50,37711,1.3258730874280715,
Woden,TINs - Speeding,2019,Q2,26,37711,0.6894540054625972,
Woden,TINs - Speeding,2019,Q3,22,37711,0.5833841584683515,
Woden,TINs - Speeding,2019,Q4,34,37711,0.9015936994510886,
Woden,TINs - Speeding,2020,Q1,26,38688,0.6720430107526881,
Woden,TINs - Speeding,2020,Q2,17,38688,0.4394127377998345,
Woden,TINs - Speeding,2020,Q3,15,38688,0.3877171215880893,
Woden,TINs - Speeding,2020,Q4,17,38688,0.4394127377998345,
Woden,TINs - Speeding,2021,Q1,34,39079,0.8700324982727295,
Woden,TINs - Speeding,2021,Q2,37,39079,0.9468000716497352,
Woden,TINs - Speeding,2021,Q3,6,39079,0.1535351467540111,
Woden,TINs - Speeding,2021,Q4,25,39079,0.639729778141713,
Woden,TINs - Speeding,2022,Q1,9,39587,0.2273473615075656,
Woden,TINs - Speeding,2022,Q2,13,39587,0.3283906332887059,
Woden,TINs - Speeding,2022,Q3,17,39587,0.4294339050698461,
Woden,TINs - Speeding,2022,Q4,9,39587,0.2273473615075656,
Woden,TINs - Speeding,2023,Q1,18,39924,0.4508566275924256,
Woden,TINs - Speeding,2023,Q2,13,39924,0.3256186754834185,
Woden,TINs - Speeding,2023,Q3,26,39924,0.651237350966837,
Woden,TINs - Speeding,2023,Q4,8,39924,0.2003807233744113,
Woden,TINs - Speeding,2024,Q1,19,40857,0.4650365910370316,
Woden,TINs - Speeding,2024,Q2,22,40857,0.5384634212007734,
Woden,TINs - Speeding,2024,Q3,9,40857,0.2202804904912255,
Woden,TINs - Speeding,2024,Q4,19,40857,0.4650365910370316,
Woden,TINs - Speeding,2025,Q1,15,41600,0.3605769230769231,
Woden,TINs - Speeding,2025,Q2,22,41600,0.5288461538461539,
Woden,Theft - Motor Vehicles,2014,Q1,18,34967,0.5147710698658735,
Woden,Theft - Motor Vehicles,2014,Q2,19,34967,0.5433694626361999,
Woden,Theft - Motor Vehicles,2014,Q3,13,34967,0.371779106014242,
Woden,Theft - Motor Vehicles,2014,Q4,10,34967,0.2859839277032631,
Woden,Theft - Motor Vehicles,2015,Q1,22,35112,0.6265664160401002,
Woden,Theft - Motor Vehicles,2015,Q2,26,35112,0.7404875825928458,
Woden,Theft - Motor Vehicles,2015,Q3,24,35112,0.683526999316473,
Woden,Theft - Motor Vehicles,2015,Q4,13,35112,0.3702437912964229,
Woden,Theft - Motor Vehicles,2016,Q1,11,35388,0.3108398327116536,
Woden,Theft - Motor Vehicles,2016,Q2,38,35388,1.0738103311857128,
Woden,Theft - Motor Vehicles,2016,Q3,29,35388,0.8194868316943598,
Woden,Theft - Motor Vehicles,2016,Q4,19,35388,0.5369051655928564,
Woden,Theft - Motor Vehicles,2017,Q1,41,36287,1.1298812246810153,
Woden,Theft - Motor Vehicles,2017,Q2,23,36287,0.6338358089673988,
Woden,Theft - Motor Vehicles,2017,Q3,64,36287,1.763717033648414,
Woden,Theft - Motor Vehicles,2017,Q4,43,36287,1.184997381982528,
Woden,Theft - Motor Vehicles,2018,Q1,29,37093,0.7818186719866281,
Woden,Theft - Motor Vehicles,2018,Q2,44,37093,1.1862076402555737,
Woden,Theft - Motor Vehicles,2018,Q3,18,37093,0.4852667619227347,
Woden,Theft - Motor Vehicles,2018,Q4,41,37093,1.105329846601785,
Woden,Theft - Motor Vehicles,2019,Q1,23,37711,0.6099016202169129,
Woden,Theft - Motor Vehicles,2019,Q2,32,37711,0.8485587759539657,
Woden,Theft - Motor Vehicles,2019,Q3,37,37711,0.9811460846967728,
Woden,Theft - Motor Vehicles,2019,Q4,23,37711,0.6099016202169129,
Woden,Theft - Motor Vehicles,2020,Q1,26,38688,0.6720430107526881,
Woden,Theft - Motor Vehicles,2020,Q2,18,38688,0.4652605459057071,
Woden,Theft - Motor Vehicles,2020,Q3,16,38688,0.4135649296939619,
Woden,Theft - Motor Vehicles,2020,Q4,29,38688,0.749586435070306,
Woden,Theft - Motor Vehicles,2021,Q1,21,39079,0.5373730136390389,
Woden,Theft - Motor Vehicles,2021,Q2,34,39079,0.8700324982727295,
Woden,Theft - Motor Vehicles,2021,Q3,27,39079,0.6909081603930499,
Woden,Theft - Motor Vehicles,2021,Q4,45,39079,1.1515136006550832,
Woden,Theft - Motor Vehicles,2022,Q1,37,39587,0.9346502639755474,
Woden,Theft - Motor Vehicles,2022,Q2,33,39587,0.8336069921944071,
Woden,Theft - Motor Vehicles,2022,Q3,24,39587,0.6062596306868416,
Woden,Theft - Motor Vehicles,2022,Q4,21,39587,0.5304771768509864,
Woden,Theft - Motor Vehicles,2023,Q1,22,39924,0.5510469892796314,
Woden,Theft - Motor Vehicles,2023,Q2,29,39924,0.7263801222322412,
Woden,Theft - Motor Vehicles,2023,Q3,27,39924,0.6762849413886384,
Woden,Theft - Motor Vehicles,2023,Q4,20,39924,0.5009518084360285,
Woden,Theft - Motor Vehicles,2024,Q1,37,40857,0.9055975720194828,
Woden,Theft - Motor Vehicles,2024,Q2,21,40857,0.5139878111461929,
Woden,Theft - Motor Vehicles,2024,Q3,5,40857,0.122378050272903,
Woden,Theft - Motor Vehicles,2024,Q4,21,40857,0.5139878111461929,
Woden,Theft - Motor Vehicles,2025,Q1,15,41600,0.3605769230769231,
Woden,Theft - Motor Vehicles,2025,Q2,9,41600,0.2163461538461538,
Woden,Theft - Other,2014,Q1,294,34967,8.407927474475935,
Woden,Theft - Other,2014,Q2,250,34967,7.1495981925815775,
Woden,Theft - Other,2014,Q3,242,34967,6.920811050418966,
Woden,Theft - Other,2014,Q4,286,34967,8.179140332313324,
Woden,Theft - Other,2015,Q1,243,35112,6.920710868079289,
Woden,Theft - Other,2015,Q2,326,35112,9.284575074048758,
Woden,Theft - Other,2015,Q3,286,35112,8.145363408521304,
Woden,Theft - Other,2015,Q4,332,35112,9.455456823877876,
Woden,Theft - Other,2016,Q1,218,35388,6.160280321012773,
Woden,Theft - Other,2016,Q2,254,35388,7.177574318978185,
Woden,Theft - Other,2016,Q3,294,35388,8.307900983384199,
Woden,Theft - Other,2016,Q4,242,35388,6.838476319656381,
Woden,Theft - Other,2017,Q1,243,36287,6.696613112133822,
Woden,Theft - Other,2017,Q2,238,36287,6.55882271888004,
Woden,Theft - Other,2017,Q3,310,36287,8.543004381734505,
Woden,Theft - Other,2017,Q4,311,36287,8.570562460385263,
Woden,Theft - Other,2018,Q1,300,37093,8.087779365378912,
Woden,Theft - Other,2018,Q2,355,37093,9.570538915698378,
Woden,Theft - Other,2018,Q3,202,37093,5.445771439355134,
Woden,Theft - Other,2018,Q4,181,37093,4.87962688377861,
Woden,Theft - Other,2019,Q1,173,37711,4.587520882501127,
Woden,Theft - Other,2019,Q2,210,37711,5.5686669671979,
Woden,Theft - Other,2019,Q3,148,37711,3.924584338787092,
Woden,Theft - Other,2019,Q4,181,37711,4.799660576489619,
Woden,Theft - Other,2020,Q1,184,38688,4.755996691480562,
Woden,Theft - Other,2020,Q2,116,38688,2.998345740281224,
Woden,Theft - Other,2020,Q3,106,38688,2.7398676592224978,
Woden,Theft - Other,2020,Q4,160,38688,4.13564929693962,
Woden,Theft - Other,2021,Q1,188,39079,4.810767931625681,
Woden,Theft - Other,2021,Q2,151,39079,3.863967859975946,
Woden,Theft - Other,2021,Q3,153,39079,3.915146242227283,
Woden,Theft - Other,2021,Q4,232,39079,5.936692341155096,
Woden,Theft - Other,2022,Q1,159,39587,4.016470053300326,
Woden,Theft - Other,2022,Q2,203,39587,5.1279460428928685,
Woden,Theft - Other,2022,Q3,202,39587,5.102685224947583,
Woden,Theft - Other,2022,Q4,133,39587,3.3596887867229137,
Woden,Theft - Other,2023,Q1,172,39924,4.308185552549845,
Woden,Theft - Other,2023,Q2,169,39924,4.233042781284441,
Woden,Theft - Other,2023,Q3,214,39924,5.360184350265505,
Woden,Theft - Other,2023,Q4,173,39924,4.333233142971646,
Woden,Theft - Other,2024,Q1,182,40857,4.454561029933672,
Woden,Theft - Other,2024,Q2,157,40857,3.842670778569156,
Woden,Theft - Other,2024,Q3,162,40857,3.965048828842059,
Woden,Theft - Other,2024,Q4,143,40857,3.500012237805028,
Woden,Theft - Other,2025,Q1,127,41600,3.0528846153846154,
Woden,Theft - Other,2025,Q2,154,41600,3.7019230769230766,
