Region,Crime,Year,Quarter,Number,Rate,Covid
Belconnen,Assault,2014,Q1,63,0.6490964165756558,Pre
Belconnen,Assault,2014,Q2,59,0.6078839456819634,Pre
Belconnen,Assault,2014,Q3,55,0.5666714747882708,Pre
Belconnen,Assault,2014,Q4,37,0.3812153557666549,Pre
Belconnen,Assault,2015,Q1,68,0.7017109363713289,Pre
Belconnen,Assault,2015,Q2,38,0.3921325820898602,Pre
Belconnen,Assault,2015,Q3,43,0.443728974470105,Pre
Belconnen,Assault,2015,Q4,56,0.5778795946587414,Pre
Belconnen,Assault,2016,Q1,52,0.5354972916194675,Pre
Belconnen,Assault,2016,Q2,57,0.586987415813647,Pre
Belconnen,Assault,2016,Q3,64,0.6590735896854983,Pre
Belconnen,Assault,2016,Q4,70,0.7208617387185138,Pre
Belconnen,Assault,2017,Q1,78,0.7908344317144885,Pre
Belconnen,Assault,2017,Q2,61,0.6184730812126128,Pre
Belconnen,Assault,2017,Q3,78,0.7908344317144885,Pre
Belconnen,Assault,2017,Q4,81,0.8212511406265842,Pre
Belconnen,Assault,2018,Q1,73,0.7317415448768068,Pre
Belconnen,Assault,2018,Q2,70,0.7016699745394038,Pre
Belconnen,Assault,2018,Q3,84,0.8420039694472845,Pre
Belconnen,Assault,2018,Q4,103,1.032457248250837,Pre
Belconnen,Assault,2019,Q1,88,0.8715805320602976,Pre
Belconnen,Assault,2019,Q2,62,0.6140681021333915,Pre
Belconnen,Assault,2019,Q3,88,0.8715805320602976,Pre
Belconnen,Assault,2019,Q4,63,0.6239724263613494,Pre
Belconnen,Assault,2020,Q1,79,0.777849983261456,Pre
Belconnen,Assault,2020,Q2,98,0.964927827336996,During
Belconnen,Assault,2020,Q3,76,0.7483113763021603,During
Belconnen,Assault,2020,Q4,90,0.886158208778874,During
Belconnen,Assault,2021,Q1,84,0.8224730982757439,During
Belconnen,Assault,2021,Q2,96,0.9399692551722788,During
Belconnen,Assault,2021,Q3,63,0.6168548237068079,During
Belconnen,Assault,2021,Q4,81,0.7930990590516102,Post
Belconnen,Assault,2022,Q1,76,0.7383730532697296,Post
Belconnen,Assault,2022,Q2,74,0.718942183446842,Post
Belconnen,Assault,2022,Q3,122,1.185283059196145,Post
Belconnen,Assault,2022,Q4,100,0.9715434911443812,Post
Belconnen,Assault,2023,Q1,95,0.9114021202091428,Post
Belconnen,Assault,2023,Q2,87,0.8346524679810045,Post
Belconnen,Assault,2023,Q3,95,0.9114021202091428,Post
Belconnen,Assault,2023,Q4,87,0.8346524679810045,Post
Belconnen,Assault,2024,Q1,87,0.8328626542471208,Post
Belconnen,Assault,2024,Q2,87,0.8328626542471208,Post
Belconnen,Assault,2024,Q3,105,1.0051790654706632,Post
Belconnen,Assault,2024,Q4,88,0.8424357882039843,Post
Belconnen,Assault,2025,Q1,79,0.7528900494620172,Post
Belconnen,Assault,2025,Q2,82,0.7814808108339925,Post
Belconnen,Burglary,2014,Q1,121,1.246677244534196,Pre
Belconnen,Burglary,2014,Q2,102,1.050918007789157,Pre
Belconnen,Burglary,2014,Q3,124,1.2775865977044654,Pre
Belconnen,Burglary,2014,Q4,174,1.7927424838756207,Pre
Belconnen,Burglary,2015,Q1,113,1.166078467793532,Pre
Belconnen,Burglary,2015,Q2,136,1.4034218727426575,Pre
Belconnen,Burglary,2015,Q3,120,1.2383134171258745,Pre
Belconnen,Burglary,2015,Q4,142,1.4653375435989515,Pre
Belconnen,Burglary,2016,Q1,99,1.0195044590447553,Pre
Belconnen,Burglary,2016,Q2,95,0.9783123596894115,Pre
Belconnen,Burglary,2016,Q3,101,1.040100508722427,Pre
Belconnen,Burglary,2016,Q4,82,0.8444380367845448,Pre
Belconnen,Burglary,2017,Q1,178,1.804724728784345,Pre
Belconnen,Burglary,2017,Q2,135,1.368751901044307,Pre
Belconnen,Burglary,2017,Q3,125,1.2673628713373213,Pre
Belconnen,Burglary,2017,Q4,135,1.368751901044307,Pre
Belconnen,Burglary,2018,Q1,129,1.29307752450833,Pre
Belconnen,Burglary,2018,Q2,108,1.0825765321465086,Pre
Belconnen,Burglary,2018,Q3,148,1.4835308033118824,Pre
Belconnen,Burglary,2018,Q4,137,1.3732683787414046,Pre
Belconnen,Burglary,2019,Q1,181,1.7926826852603848,Pre
Belconnen,Burglary,2019,Q2,161,1.5945962007012262,Pre
Belconnen,Burglary,2019,Q3,125,1.2380405284947409,Pre
Belconnen,Burglary,2019,Q4,129,1.2776578254065727,Pre
Belconnen,Burglary,2020,Q1,112,1.1027746598137098,Pre
Belconnen,Burglary,2020,Q2,83,0.8172347925405171,During
Belconnen,Burglary,2020,Q3,102,1.0043126366160573,During
Belconnen,Burglary,2020,Q4,100,0.9846202319765268,During
Belconnen,Burglary,2021,Q1,111,1.0868394512929471,During
Belconnen,Burglary,2021,Q2,115,1.1260048369251257,During
Belconnen,Burglary,2021,Q3,86,0.842055791091833,During
Belconnen,Burglary,2021,Q4,95,0.930177908764234,Post
Belconnen,Burglary,2022,Q1,105,1.0201206657016002,Post
Belconnen,Burglary,2022,Q2,116,1.126990449727482,Post
Belconnen,Burglary,2022,Q3,86,0.8355274023841677,Post
Belconnen,Burglary,2022,Q4,107,1.0395515355244878,Post
Belconnen,Burglary,2023,Q1,127,1.2184007291216965,Post
Belconnen,Burglary,2023,Q2,105,1.0073391854943157,Post
Belconnen,Burglary,2023,Q3,102,0.9785580659087638,Post
Belconnen,Burglary,2023,Q4,86,0.8250587614524871,Post
Belconnen,Burglary,2024,Q1,90,0.8615820561177112,Post
Belconnen,Burglary,2024,Q2,64,0.6126805732392613,Post
Belconnen,Burglary,2024,Q3,60,0.5743880374118074,Post
Belconnen,Burglary,2024,Q4,84,0.8041432523765305,Post
Belconnen,Burglary,2025,Q1,99,0.943495125275186,Post
Belconnen,Burglary,2025,Q2,96,0.9149043639032108,Post
Belconnen,CINs,2014,Q1,7,0.0721218240639617,Pre
Belconnen,CINs,2014,Q2,5,0.0515155886171155,Pre
Belconnen,CINs,2014,Q3,3,0.0309093531702693,Pre
Belconnen,CINs,2014,Q4,4,0.0412124708936924,Pre
Belconnen,CINs,2015,Q1,5,0.0515963923802447,Pre
Belconnen,CINs,2015,Q2,6,0.0619156708562937,Pre
Belconnen,CINs,2015,Q3,2,0.0206385569520979,Pre
Belconnen,CINs,2015,Q4,3,0.0309578354281468,Pre
Belconnen,CINs,2016,Q1,7,0.0720861738718513,Pre
Belconnen,CINs,2016,Q2,4,0.0411920993553436,Pre
Belconnen,CINs,2016,Q3,4,0.0411920993553436,Pre
Belconnen,CINs,2016,Q4,6,0.0617881490330154,Pre
Belconnen,CINs,2017,Q1,2,0.0202778059413971,Pre
Belconnen,CINs,2017,Q2,0,0.0,Pre
Belconnen,CINs,2017,Q3,0,0.0,Pre
Belconnen,CINs,2017,Q4,1,0.0101389029706985,Pre
Belconnen,CINs,2018,Q1,1,0.0100238567791343,Pre
Belconnen,CINs,2018,Q2,1,0.0100238567791343,Pre
Belconnen,CINs,2018,Q3,2,0.0200477135582686,Pre
Belconnen,CINs,2018,Q4,0,0.0,Pre
Belconnen,CINs,2019,Q1,0,0.0,Pre
Belconnen,CINs,2019,Q2,0,0.0,Pre
Belconnen,CINs,2019,Q3,0,0.0,Pre
Belconnen,CINs,2019,Q4,2,0.0198086484559158,Pre
Belconnen,CINs,2020,Q1,0,0.0,Pre
Belconnen,CINs,2020,Q2,0,0.0,During
Belconnen,CINs,2020,Q3,0,0.0,During
Belconnen,CINs,2020,Q4,0,0.0,During
Belconnen,CINs,2021,Q1,0,0.0,During
Belconnen,CINs,2021,Q2,0,0.0,During
Belconnen,CINs,2021,Q3,17,0.1664528889367577,During
Belconnen,CINs,2021,Q4,4,0.0391653856321782,Post
Belconnen,CINs,2022,Q1,1,0.0097154349114438,Post
Belconnen,CINs,2022,Q2,0,0.0,Post
Belconnen,CINs,2022,Q3,0,0.0,Post
Belconnen,CINs,2022,Q4,2,0.0194308698228876,Post
Belconnen,CINs,2023,Q1,0,0.0,Post
Belconnen,CINs,2023,Q2,0,0.0,Post
Belconnen,CINs,2023,Q3,0,0.0,Post
Belconnen,CINs,2023,Q4,0,0.0,Post
Belconnen,CINs,2024,Q1,0,0.0,Post
Belconnen,CINs,2024,Q2,0,0.0,Post
Belconnen,CINs,2024,Q3,0,0.0,Post
Belconnen,CINs,2024,Q4,0,0.0,Post
Belconnen,CINs,2025,Q1,1,0.0095302537906584,Post
Belconnen,CINs,2025,Q2,1,0.0095302537906584,Post
Belconnen,Family Violence,2014,Q1,40,0.4121247089369242,Pre
Belconnen,Family Violence,2014,Q2,32,0.3296997671495394,Pre
Belconnen,Family Violence,2014,Q3,49,0.5048527684477323,Pre
Belconnen,Family Violence,2014,Q4,54,0.5563683570648478,Pre
Belconnen,Family Violence,2015,Q1,56,0.5778795946587414,Pre
Belconnen,Family Violence,2015,Q2,48,0.4953253668503498,Pre
Belconnen,Family Violence,2015,Q3,42,0.433409695994056,Pre
Belconnen,Family Violence,2015,Q4,55,0.5675603161826924,Pre
Belconnen,Family Violence,2016,Q1,96,0.9886103845282476,Pre
Belconnen,Family Violence,2016,Q2,92,0.947418285172904,Pre
Belconnen,Family Violence,2016,Q3,59,0.6075834654913188,Pre
Belconnen,Family Violence,2016,Q4,89,0.916524210656396,Pre
Belconnen,Family Violence,2017,Q1,99,1.0037513940991585,Pre
Belconnen,Family Violence,2017,Q2,58,0.5880563723005171,Pre
Belconnen,Family Violence,2017,Q3,80,0.8111122376558857,Pre
Belconnen,Family Violence,2017,Q4,76,0.7705566257730914,Pre
Belconnen,Family Violence,2018,Q1,68,0.6816222609811351,Pre
Belconnen,Family Violence,2018,Q2,74,0.7417654016559412,Pre
Belconnen,Family Violence,2018,Q3,56,0.561335979631523,Pre
Belconnen,Family Violence,2018,Q4,68,0.6816222609811351,Pre
Belconnen,Family Violence,2019,Q1,80,0.7923459382366341,Pre
Belconnen,Family Violence,2019,Q2,54,0.5348335083097281,Pre
Belconnen,Family Violence,2019,Q3,78,0.7725372897807183,Pre
Belconnen,Family Violence,2019,Q4,84,0.8319632351484658,Pre
Belconnen,Family Violence,2020,Q1,73,0.7187727693428645,Pre
Belconnen,Family Violence,2020,Q2,46,0.4529253067092023,During
Belconnen,Family Violence,2020,Q3,60,0.590772139185916,During
Belconnen,Family Violence,2020,Q4,41,0.4036942951103759,During
Belconnen,Family Violence,2021,Q1,72,0.7049769413792091,During
Belconnen,Family Violence,2021,Q2,101,0.9889259872125016,During
Belconnen,Family Violence,2021,Q3,59,0.5776894380746297,During
Belconnen,Family Violence,2021,Q4,74,0.7245596341952982,Post
Belconnen,Family Violence,2022,Q1,65,0.6315032692438477,Post
Belconnen,Family Violence,2022,Q2,73,0.7092267485353981,Post
Belconnen,Family Violence,2022,Q3,62,0.6023569645095163,Post
Belconnen,Family Violence,2022,Q4,78,0.7578039230926172,Post
Belconnen,Family Violence,2023,Q1,69,0.6619657504676932,Post
Belconnen,Family Violence,2023,Q2,106,1.016932892022833,Post
Belconnen,Family Violence,2023,Q3,95,0.9114021202091428,Post
Belconnen,Family Violence,2023,Q4,99,0.949776946323212,Post
Belconnen,Family Violence,2024,Q1,79,0.7562775825922132,Post
Belconnen,Family Violence,2024,Q2,67,0.6413999751098517,Post
Belconnen,Family Violence,2024,Q3,81,0.7754238505059401,Post
Belconnen,Family Violence,2024,Q4,84,0.8041432523765305,Post
Belconnen,Family Violence,2025,Q1,73,0.6957085267180665,Post
Belconnen,Family Violence,2025,Q2,63,0.600405988811482,Post
Belconnen,Homicide,2014,Q1,1,0.0103031177234231,Pre
Belconnen,Homicide,2014,Q2,0,0.0,Pre
Belconnen,Homicide,2014,Q3,0,0.0,Pre
Belconnen,Homicide,2014,Q4,1,0.0103031177234231,Pre
Belconnen,Homicide,2015,Q1,0,0.0,Pre
Belconnen,Homicide,2015,Q2,2,0.0206385569520979,Pre
Belconnen,Homicide,2015,Q3,1,0.0103192784760489,Pre
Belconnen,Homicide,2015,Q4,1,0.0103192784760489,Pre
Belconnen,Homicide,2016,Q1,0,0.0,Pre
Belconnen,Homicide,2016,Q2,0,0.0,Pre
Belconnen,Homicide,2016,Q3,0,0.0,Pre
Belconnen,Homicide,2016,Q4,0,0.0,Pre
Belconnen,Homicide,2017,Q1,0,0.0,Pre
Belconnen,Homicide,2017,Q2,0,0.0,Pre
Belconnen,Homicide,2017,Q3,0,0.0,Pre
Belconnen,Homicide,2017,Q4,0,0.0,Pre
Belconnen,Homicide,2018,Q1,0,0.0,Pre
Belconnen,Homicide,2018,Q2,1,0.0100238567791343,Pre
Belconnen,Homicide,2018,Q3,0,0.0,Pre
Belconnen,Homicide,2018,Q4,0,0.0,Pre
Belconnen,Homicide,2019,Q1,0,0.0,Pre
Belconnen,Homicide,2019,Q2,0,0.0,Pre
Belconnen,Homicide,2019,Q3,0,0.0,Pre
Belconnen,Homicide,2019,Q4,0,0.0,Pre
Belconnen,Homicide,2020,Q1,1,0.0098462023197652,Pre
Belconnen,Homicide,2020,Q2,1,0.0098462023197652,During
Belconnen,Homicide,2020,Q3,0,0.0,During
Belconnen,Homicide,2020,Q4,0,0.0,During
Belconnen,Homicide,2021,Q1,4,0.0391653856321782,During
Belconnen,Homicide,2021,Q2,1,0.0097913464080445,During
Belconnen,Homicide,2021,Q3,2,0.0195826928160891,During
Belconnen,Homicide,2021,Q4,1,0.0097913464080445,Post
Belconnen,Homicide,2022,Q1,0,0.0,Post
Belconnen,Homicide,2022,Q2,2,0.0194308698228876,Post
Belconnen,Homicide,2022,Q3,1,0.0097154349114438,Post
Belconnen,Homicide,2022,Q4,0,0.0,Post
Belconnen,Homicide,2023,Q1,0,0.0,Post
Belconnen,Homicide,2023,Q2,0,0.0,Post
Belconnen,Homicide,2023,Q3,0,0.0,Post
Belconnen,Homicide,2023,Q4,1,0.0095937065285172,Post
Belconnen,Homicide,2024,Q1,1,0.0095731339568634,Post
Belconnen,Homicide,2024,Q2,2,0.0191462679137269,Post
Belconnen,Homicide,2024,Q3,0,0.0,Post
Belconnen,Homicide,2024,Q4,0,0.0,Post
Belconnen,Homicide,2025,Q1,0,0.0,Post
Belconnen,Homicide,2025,Q2,0,0.0,Post
Belconnen,Other,2014,Q1,632,6.511570401203404,Pre
Belconnen,Other,2014,Q2,541,5.573986688371901,Pre
Belconnen,Other,2014,Q3,554,5.707927218776401,Pre
Belconnen,Other,2014,Q4,562,5.790352160563786,Pre
Belconnen,Other,2015,Q1,550,5.675603161826925,Pre
Belconnen,Other,2015,Q2,620,6.397952655150352,Pre
Belconnen,Other,2015,Q3,607,6.263802034961715,Pre
Belconnen,Other,2015,Q4,537,5.5414525416382885,Pre
Belconnen,Other,2016,Q1,537,5.530039338454885,Pre
Belconnen,Other,2016,Q2,700,7.208617387185138,Pre
Belconnen,Other,2016,Q3,628,6.467159598788952,Pre
Belconnen,Other,2016,Q4,706,7.270405536218154,Pre
Belconnen,Other,2017,Q1,681,6.904592923045727,Pre
Belconnen,Other,2017,Q2,720,7.300010138902971,Pre
Belconnen,Other,2017,Q3,725,7.350704653756463,Pre
Belconnen,Other,2017,Q4,704,7.137787691371794,Pre
Belconnen,Other,2018,Q1,722,7.237224594534993,Pre
Belconnen,Other,2018,Q2,777,7.788536717387382,Pre
Belconnen,Other,2018,Q3,809,8.10930013431968,Pre
Belconnen,Other,2018,Q4,781,7.828632144503919,Pre
Belconnen,Other,2019,Q1,989,9.79537666145039,Pre
Belconnen,Other,2019,Q2,882,8.73561396905889,Pre
Belconnen,Other,2019,Q3,742,7.349008577144782,Pre
Belconnen,Other,2019,Q4,811,8.032406948873879,Pre
Belconnen,Other,2020,Q1,829,8.162501723085406,Pre
Belconnen,Other,2020,Q2,1086,10.69297571926508,During
Belconnen,Other,2020,Q3,762,7.502806167661133,During
Belconnen,Other,2020,Q4,695,6.843110612236861,During
Belconnen,Other,2021,Q1,615,6.02167804094741,During
Belconnen,Other,2021,Q2,625,6.119591505027857,During
Belconnen,Other,2021,Q3,555,5.434197256464737,During
Belconnen,Other,2021,Q4,529,5.179622249855577,Post
Belconnen,Other,2022,Q1,448,4.352514840326827,Post
Belconnen,Other,2022,Q2,1156,11.231042757629044,Post
Belconnen,Other,2022,Q3,532,5.168611372888107,Post
Belconnen,Other,2022,Q4,508,4.935440935013456,Post
Belconnen,Other,2023,Q1,403,3.866263730992469,Post
Belconnen,Other,2023,Q2,478,4.585791720631266,Post
Belconnen,Other,2023,Q3,505,4.844821796901233,Post
Belconnen,Other,2023,Q4,524,5.027102220943061,Post
Belconnen,Other,2024,Q1,404,3.867546118572837,Post
Belconnen,Other,2024,Q2,405,3.8771192525297007,Post
Belconnen,Other,2024,Q3,445,4.260044610804239,Post
Belconnen,Other,2024,Q4,438,4.193032673106194,Post
Belconnen,Other,2025,Q1,400,3.812101516263378,Post
Belconnen,Other,2025,Q2,433,4.126599891355107,Post
Belconnen,Property Damage,2014,Q1,216,2.225473428259391,Pre
Belconnen,Property Damage,2014,Q2,186,1.9163798965566976,Pre
Belconnen,Property Damage,2014,Q3,175,1.803045601599044,Pre
Belconnen,Property Damage,2014,Q4,196,2.019411073790929,Pre
Belconnen,Property Damage,2015,Q1,288,2.971952201102099,Pre
Belconnen,Property Damage,2015,Q2,291,3.002910036530245,Pre
Belconnen,Property Damage,2015,Q3,201,2.07417497368584,Pre
Belconnen,Property Damage,2015,Q4,322,3.322807669287763,Pre
Belconnen,Property Damage,2016,Q1,216,2.224373365188557,Pre
Belconnen,Property Damage,2016,Q2,269,2.7701686816468603,Pre
Belconnen,Property Damage,2016,Q3,229,2.358247688093424,Pre
Belconnen,Property Damage,2016,Q4,286,2.9452351039070708,Pre
Belconnen,Property Damage,2017,Q1,338,3.426949204096117,Pre
Belconnen,Property Damage,2017,Q2,314,3.1836155327993514,Pre
Belconnen,Property Damage,2017,Q3,301,3.05180979418027,Pre
Belconnen,Property Damage,2017,Q4,299,3.0315319882388727,Pre
Belconnen,Property Damage,2018,Q1,236,2.3656301998757043,Pre
Belconnen,Property Damage,2018,Q2,272,2.7264890439245404,Pre
Belconnen,Property Damage,2018,Q3,272,2.7264890439245404,Pre
Belconnen,Property Damage,2018,Q4,288,2.88687075239069,Pre
Belconnen,Property Damage,2019,Q1,295,2.9217756472475886,Pre
Belconnen,Property Damage,2019,Q2,410,4.06077293346275,Pre
Belconnen,Property Damage,2019,Q3,232,2.297803220886239,Pre
Belconnen,Property Damage,2019,Q4,243,2.406750787393776,Pre
Belconnen,Property Damage,2020,Q1,194,1.9101632500344616,Pre
Belconnen,Property Damage,2020,Q2,197,1.9397018569937576,During
Belconnen,Property Damage,2020,Q3,181,1.7821626198775131,During
Belconnen,Property Damage,2020,Q4,245,2.4123195683424905,During
Belconnen,Property Damage,2021,Q1,231,2.261801020258296,During
Belconnen,Property Damage,2021,Q2,238,2.330340445114608,During
Belconnen,Property Damage,2021,Q3,156,1.5274500396549529,During
Belconnen,Property Damage,2021,Q4,209,2.046391399281315,Post
Belconnen,Property Damage,2022,Q1,162,1.5739004556538974,Post
Belconnen,Property Damage,2022,Q2,217,2.108249375783307,Post
Belconnen,Property Damage,2022,Q3,173,1.6807702396797792,Post
Belconnen,Property Damage,2022,Q4,204,1.9819487219345373,Post
Belconnen,Property Damage,2023,Q1,185,1.774835707775699,Post
Belconnen,Property Damage,2023,Q2,221,2.120209142802321,Post
Belconnen,Property Damage,2023,Q3,199,1.9091475991749407,Post
Belconnen,Property Damage,2023,Q4,216,2.072240610159735,Post
Belconnen,Property Damage,2024,Q1,192,1.838041719717784,Post
Belconnen,Property Damage,2024,Q2,165,1.5795671028824705,Post
Belconnen,Property Damage,2024,Q3,149,1.426396959572655,Post
Belconnen,Property Damage,2024,Q4,170,1.627432772666788,Post
Belconnen,Property Damage,2025,Q1,193,1.83933898159708,Post
Belconnen,Property Damage,2025,Q2,161,1.5343708602960096,Post
Belconnen,Robbery,2014,Q1,7,0.0721218240639617,Pre
Belconnen,Robbery,2014,Q2,6,0.0618187063405386,Pre
Belconnen,Robbery,2014,Q3,8,0.0824249417873848,Pre
Belconnen,Robbery,2014,Q4,10,0.103031177234231,Pre
Belconnen,Robbery,2015,Q1,9,0.0928735062844405,Pre
Belconnen,Robbery,2015,Q2,8,0.0825542278083916,Pre
Belconnen,Robbery,2015,Q3,9,0.0928735062844405,Pre
Belconnen,Robbery,2015,Q4,11,0.1135120632365385,Pre
Belconnen,Robbery,2016,Q1,6,0.0617881490330154,Pre
Belconnen,Robbery,2016,Q2,9,0.0926822235495232,Pre
Belconnen,Robbery,2016,Q3,12,0.1235762980660309,Pre
Belconnen,Robbery,2016,Q4,15,0.1544703725825386,Pre
Belconnen,Robbery,2017,Q1,16,0.1622224475311771,Pre
Belconnen,Robbery,2017,Q2,16,0.1622224475311771,Pre
Belconnen,Robbery,2017,Q3,12,0.1216668356483828,Pre
Belconnen,Robbery,2017,Q4,13,0.1318057386190814,Pre
Belconnen,Robbery,2018,Q1,13,0.1303101381287464,Pre
Belconnen,Robbery,2018,Q2,8,0.0801908542330747,Pre
Belconnen,Robbery,2018,Q3,8,0.0801908542330747,Pre
Belconnen,Robbery,2018,Q4,20,0.2004771355826868,Pre
Belconnen,Robbery,2019,Q1,10,0.0990432422795792,Pre
Belconnen,Robbery,2019,Q2,10,0.0990432422795792,Pre
Belconnen,Robbery,2019,Q3,16,0.1584691876473268,Pre
Belconnen,Robbery,2019,Q4,12,0.1188518907354951,Pre
Belconnen,Robbery,2020,Q1,18,0.1772316417557748,Pre
Belconnen,Robbery,2020,Q2,9,0.0886158208778874,During
Belconnen,Robbery,2020,Q3,6,0.0590772139185916,During
Belconnen,Robbery,2020,Q4,10,0.0984620231976526,During
Belconnen,Robbery,2021,Q1,10,0.0979134640804457,During
Belconnen,Robbery,2021,Q2,16,0.1566615425287131,During
Belconnen,Robbery,2021,Q3,9,0.0881221176724011,During
Belconnen,Robbery,2021,Q4,7,0.068539424856312,Post
Belconnen,Robbery,2022,Q1,5,0.048577174557219,Post
Belconnen,Robbery,2022,Q2,10,0.0971543491144381,Post
Belconnen,Robbery,2022,Q3,22,0.2137395680517638,Post
Belconnen,Robbery,2022,Q4,10,0.0971543491144381,Post
Belconnen,Robbery,2023,Q1,14,0.1343118913992421,Post
Belconnen,Robbery,2023,Q2,9,0.0863433587566556,Post
Belconnen,Robbery,2023,Q3,11,0.1055307718136902,Post
Belconnen,Robbery,2023,Q4,16,0.1534993044562767,Post
Belconnen,Robbery,2024,Q1,7,0.0670119376980442,Post
Belconnen,Robbery,2024,Q2,4,0.0382925358274538,Post
Belconnen,Robbery,2024,Q3,7,0.0670119376980442,Post
Belconnen,Robbery,2024,Q4,10,0.0957313395686345,Post
Belconnen,Robbery,2025,Q1,6,0.0571815227439506,Post
Belconnen,Robbery,2025,Q2,4,0.0381210151626337,Post
Belconnen,Sexual Assault,2014,Q1,22,0.2266685899153083,Pre
Belconnen,Sexual Assault,2014,Q2,32,0.3296997671495394,Pre
Belconnen,Sexual Assault,2014,Q3,23,0.2369717076387314,Pre
Belconnen,Sexual Assault,2014,Q4,24,0.2472748253621545,Pre
Belconnen,Sexual Assault,2015,Q1,17,0.1754277340928322,Pre
Belconnen,Sexual Assault,2015,Q2,37,0.3818133036138113,Pre
Belconnen,Sexual Assault,2015,Q3,19,0.1960662910449301,Pre
Belconnen,Sexual Assault,2015,Q4,30,0.3095783542814686,Pre
Belconnen,Sexual Assault,2016,Q1,37,0.3810269190369287,Pre
Belconnen,Sexual Assault,2016,Q2,18,0.1853644470990464,Pre
Belconnen,Sexual Assault,2016,Q3,39,0.4016229687146005,Pre
Belconnen,Sexual Assault,2016,Q4,35,0.3604308693592569,Pre
Belconnen,Sexual Assault,2017,Q1,32,0.3244448950623542,Pre
Belconnen,Sexual Assault,2017,Q2,48,0.4866673425935314,Pre
Belconnen,Sexual Assault,2017,Q3,26,0.2636114772381628,Pre
Belconnen,Sexual Assault,2017,Q4,36,0.3650005069451486,Pre
Belconnen,Sexual Assault,2018,Q1,49,0.4911689821775826,Pre
Belconnen,Sexual Assault,2018,Q2,30,0.3007157033740302,Pre
Belconnen,Sexual Assault,2018,Q3,41,0.4109781279445079,Pre
Belconnen,Sexual Assault,2018,Q4,31,0.3107395601531645,Pre
Belconnen,Sexual Assault,2019,Q1,43,0.4258859418021908,Pre
Belconnen,Sexual Assault,2019,Q2,21,0.2079908087871164,Pre
Belconnen,Sexual Assault,2019,Q3,42,0.4159816175742329,Pre
Belconnen,Sexual Assault,2019,Q4,18,0.1782778361032427,Pre
Belconnen,Sexual Assault,2020,Q1,28,0.2756936649534274,Pre
Belconnen,Sexual Assault,2020,Q2,23,0.2264626533546011,During
Belconnen,Sexual Assault,2020,Q3,39,0.3840018904708454,During
Belconnen,Sexual Assault,2020,Q4,17,0.1673854394360095,During
Belconnen,Sexual Assault,2021,Q1,39,0.3818625099137382,During
Belconnen,Sexual Assault,2021,Q2,37,0.3622798170976491,During
Belconnen,Sexual Assault,2021,Q3,30,0.2937403922413371,During
Belconnen,Sexual Assault,2021,Q4,26,0.2545750066091588,Post
Belconnen,Sexual Assault,2022,Q1,39,0.3789019615463086,Post
Belconnen,Sexual Assault,2022,Q2,29,0.2817476124318705,Post
Belconnen,Sexual Assault,2022,Q3,42,0.40804826628064,Post
Belconnen,Sexual Assault,2022,Q4,47,0.4566254408378591,Post
Belconnen,Sexual Assault,2023,Q1,47,0.4509042068403127,Post
Belconnen,Sexual Assault,2023,Q2,47,0.4509042068403127,Post
Belconnen,Sexual Assault,2023,Q3,36,0.3453734350266225,Post
Belconnen,Sexual Assault,2023,Q4,34,0.3261860219695879,Post
Belconnen,Sexual Assault,2024,Q1,59,0.564814903454944,Post
Belconnen,Sexual Assault,2024,Q2,47,0.4499372959725825,Post
Belconnen,Sexual Assault,2024,Q3,38,0.3637790903608114,Post
Belconnen,Sexual Assault,2024,Q4,50,0.4786566978431729,Post
Belconnen,Sexual Assault,2025,Q1,23,0.2191958371851442,Post
Belconnen,Sexual Assault,2025,Q2,34,0.3240286288823871,Post
Belconnen,TINs,2014,Q1,847,8.726740711739371,Pre
Belconnen,TINs,2014,Q2,931,9.592202600506912,Pre
Belconnen,TINs,2014,Q3,1100,11.33342949576542,Pre
Belconnen,TINs,2014,Q4,813,8.376434709142986,Pre
Belconnen,TINs,2015,Q1,645,6.655934617051575,Pre
Belconnen,TINs,2015,Q2,466,4.808783769838812,Pre
Belconnen,TINs,2015,Q3,876,9.039687945018883,Pre
Belconnen,TINs,2015,Q4,572,5.9026272883000015,Pre
Belconnen,TINs,2016,Q1,679,6.992358865569584,Pre
Belconnen,TINs,2016,Q2,704,7.249809486540482,Pre
Belconnen,TINs,2016,Q3,1132,11.657364117562253,Pre
Belconnen,TINs,2016,Q4,893,9.196136181080467,Pre
Belconnen,TINs,2017,Q1,775,7.857649802291393,Pre
Belconnen,TINs,2017,Q2,1020,10.341681030112545,Pre
Belconnen,TINs,2017,Q3,965,9.784041366724122,Pre
Belconnen,TINs,2017,Q4,794,8.050288958734665,Pre
Belconnen,TINs,2018,Q1,972,9.743188789318578,Pre
Belconnen,TINs,2018,Q2,684,6.856318036927888,Pre
Belconnen,TINs,2018,Q3,1048,10.505001904532788,Pre
Belconnen,TINs,2018,Q4,897,8.991399530883502,Pre
Belconnen,TINs,2019,Q1,657,6.507141017768358,Pre
Belconnen,TINs,2019,Q2,738,7.30939128023295,Pre
Belconnen,TINs,2019,Q3,773,7.656042628211478,Pre
Belconnen,TINs,2019,Q4,789,7.814511815858804,Pre
Belconnen,TINs,2020,Q1,1070,10.535436482148835,Pre
Belconnen,TINs,2020,Q2,1000,9.846202319765268,During
Belconnen,TINs,2020,Q3,967,9.521277643213011,During
Belconnen,TINs,2020,Q4,1189,11.707134558200902,During
Belconnen,TINs,2021,Q1,626,6.129382851435901,During
Belconnen,TINs,2021,Q2,844,8.263896368389616,During
Belconnen,TINs,2021,Q3,362,3.5444673997121345,During
Belconnen,TINs,2021,Q4,475,4.650889543821171,Post
Belconnen,TINs,2022,Q1,276,2.681460035558492,Post
Belconnen,TINs,2022,Q2,332,3.225524390599345,Post
Belconnen,TINs,2022,Q3,379,3.682149831437204,Post
Belconnen,TINs,2022,Q4,451,4.381661145061159,Post
Belconnen,TINs,2023,Q1,382,3.6647958938936056,Post
Belconnen,TINs,2023,Q2,455,4.365136470475369,Post
Belconnen,TINs,2023,Q3,243,2.331270686429702,Post
Belconnen,TINs,2023,Q4,202,1.9379287187604928,Post
Belconnen,TINs,2024,Q1,140,1.3402387539608842,Post
Belconnen,TINs,2024,Q2,233,2.2305402119491857,Post
Belconnen,TINs,2024,Q3,266,2.54645363252568,Post
Belconnen,TINs,2024,Q4,313,2.9963909284982626,Post
Belconnen,TINs,2025,Q1,511,4.869959687026466,Post
Belconnen,TINs,2025,Q2,506,4.822308418073173,Post
Belconnen,Theft,2014,Q1,587,6.047930103649364,Pre
Belconnen,Theft,2014,Q2,514,5.295802509839477,Pre
Belconnen,Theft,2014,Q3,436,4.492159327412475,Pre
Belconnen,Theft,2014,Q4,537,5.532774217478209,Pre
Belconnen,Theft,2015,Q1,602,6.212205642581471,Pre
Belconnen,Theft,2015,Q2,681,7.027428642189338,Pre
Belconnen,Theft,2015,Q3,547,5.644645326398778,Pre
Belconnen,Theft,2015,Q4,734,7.574350401419932,Pre
Belconnen,Theft,2016,Q1,448,4.613515127798489,Pre
Belconnen,Theft,2016,Q2,622,6.405371449755937,Pre
Belconnen,Theft,2016,Q3,502,5.169608469095627,Pre
Belconnen,Theft,2016,Q4,475,4.891561798447058,Pre
Belconnen,Theft,2017,Q1,650,6.590286930954071,Pre
Belconnen,Theft,2017,Q2,523,5.302646253675353,Pre
Belconnen,Theft,2017,Q3,522,5.292507350704654,Pre
Belconnen,Theft,2017,Q4,589,5.971813849741459,Pre
Belconnen,Theft,2018,Q1,449,4.500711693831319,Pre
Belconnen,Theft,2018,Q2,466,4.671117259076603,Pre
Belconnen,Theft,2018,Q3,455,4.560854834506125,Pre
Belconnen,Theft,2018,Q4,611,6.124576492051082,Pre
Belconnen,Theft,2019,Q1,575,5.694986431075808,Pre
Belconnen,Theft,2019,Q2,555,5.49689994651665,Pre
Belconnen,Theft,2019,Q3,501,4.9620664382069215,Pre
Belconnen,Theft,2019,Q4,559,5.536517243428481,Pre
Belconnen,Theft,2020,Q1,501,4.932947362202398,Pre
Belconnen,Theft,2020,Q2,362,3.5643252397550267,During
Belconnen,Theft,2020,Q3,435,4.283098009097891,During
Belconnen,Theft,2020,Q4,393,3.86955751166775,During
Belconnen,Theft,2021,Q1,426,4.1711135698269866,During
Belconnen,Theft,2021,Q2,505,4.944629936062508,During
Belconnen,Theft,2021,Q3,412,4.034034720114363,During
Belconnen,Theft,2021,Q4,434,4.249444341091343,Post
Belconnen,Theft,2022,Q1,443,4.303937665769608,Post
Belconnen,Theft,2022,Q2,523,5.081172458685113,Post
Belconnen,Theft,2022,Q3,427,4.148490707186507,Post
Belconnen,Theft,2022,Q4,416,4.041620923160625,Post
Belconnen,Theft,2023,Q1,419,4.0197630354487455,Post
Belconnen,Theft,2023,Q2,551,5.286132297213029,Post
Belconnen,Theft,2023,Q3,542,5.199788938456373,Post
Belconnen,Theft,2023,Q4,408,3.9142322636350553,Post
Belconnen,Theft,2024,Q1,436,4.173886405192468,Post
Belconnen,Theft,2024,Q2,364,3.4846207602982986,Post
Belconnen,Theft,2024,Q3,360,3.446328224470845,Post
Belconnen,Theft,2024,Q4,401,3.8388267167022474,Post
Belconnen,Theft,2025,Q1,393,3.7453897397287688,Post
Belconnen,Theft,2025,Q2,347,3.3069980653584805,Post
Gungahlin,Assault,2014,Q1,22,0.3469484308468696,Pre
Gungahlin,Assault,2014,Q2,25,0.3942595805078063,Pre
Gungahlin,Assault,2014,Q3,13,0.2050149818640593,Pre
Gungahlin,Assault,2014,Q4,19,0.2996372811859328,Pre
Gungahlin,Assault,2015,Q1,8,0.1177180358745714,Pre
Gungahlin,Assault,2015,Q2,23,0.3384393531393928,Pre
Gungahlin,Assault,2015,Q3,10,0.1471475448432143,Pre
Gungahlin,Assault,2015,Q4,28,0.412013125561,Pre
Gungahlin,Assault,2016,Q1,34,0.4749797435109385,Pre
Gungahlin,Assault,2016,Q2,37,0.5168897208795508,Pre
Gungahlin,Assault,2016,Q3,32,0.4470397585985304,Pre
Gungahlin,Assault,2016,Q4,26,0.3632198038613059,Pre
Gungahlin,Assault,2017,Q1,34,0.4576597434413321,Pre
Gungahlin,Assault,2017,Q2,34,0.4576597434413321,Pre
Gungahlin,Assault,2017,Q3,42,0.5653443889569396,Pre
Gungahlin,Assault,2017,Q4,44,0.5922655503358415,Pre
Gungahlin,Assault,2018,Q1,28,0.3700619853825516,Pre
Gungahlin,Assault,2018,Q2,33,0.4361444827722929,Pre
Gungahlin,Assault,2018,Q3,22,0.290762988514862,Pre
Gungahlin,Assault,2018,Q4,36,0.4757939812061377,Pre
Gungahlin,Assault,2019,Q1,36,0.4706374522825916,Pre
Gungahlin,Assault,2019,Q2,41,0.5360037650996182,Pre
Gungahlin,Assault,2019,Q3,45,0.5882968153532395,Pre
Gungahlin,Assault,2019,Q4,46,0.6013700779166449,Pre
Gungahlin,Assault,2020,Q1,39,0.5060794414959189,Pre
Gungahlin,Assault,2020,Q2,35,0.4541738577527477,During
Gungahlin,Assault,2020,Q3,48,0.622867004918054,During
Gungahlin,Assault,2020,Q4,44,0.5709614211748829,During
Gungahlin,Assault,2021,Q1,37,0.4803884654834395,During
Gungahlin,Assault,2021,Q2,45,0.5842562418041832,During
Gungahlin,Assault,2021,Q3,31,0.4024876332428818,During
Gungahlin,Assault,2021,Q4,25,0.324586801002324,Post
Gungahlin,Assault,2022,Q1,47,0.6072116067852666,Post
Gungahlin,Assault,2022,Q2,31,0.400501272560495,Post
Gungahlin,Assault,2022,Q3,57,0.736405565675749,Post
Gungahlin,Assault,2022,Q4,58,0.7493249615647972,Post
Gungahlin,Assault,2023,Q1,42,0.5399915144190591,Post
Gungahlin,Assault,2023,Q2,47,0.6042762185165662,Post
Gungahlin,Assault,2023,Q3,60,0.7714164491700846,Post
Gungahlin,Assault,2023,Q4,50,0.6428470409750704,Post
Gungahlin,Assault,2024,Q1,61,0.7838299731441862,Post
Gungahlin,Assault,2024,Q2,35,0.4497385091810905,Post
Gungahlin,Assault,2024,Q3,62,0.7966796448350746,Post
Gungahlin,Assault,2024,Q4,50,0.6424835845444149,Post
Gungahlin,Assault,2025,Q1,43,0.5506537412439653,Post
Gungahlin,Assault,2025,Q2,33,0.4225947316523454,Post
Gungahlin,Burglary,2014,Q1,43,0.6781264784734269,Pre
Gungahlin,Burglary,2014,Q2,47,0.741208011354676,Pre
Gungahlin,Burglary,2014,Q3,51,0.804289544235925,Pre
Gungahlin,Burglary,2014,Q4,63,0.993534142879672,Pre
Gungahlin,Burglary,2015,Q1,56,0.824026251122,Pre
Gungahlin,Burglary,2015,Q2,60,0.8828852690592857,Pre
Gungahlin,Burglary,2015,Q3,59,0.8681705145749643,Pre
Gungahlin,Burglary,2015,Q4,85,1.2507541311673214,Pre
Gungahlin,Burglary,2016,Q1,61,0.8521695398284486,Pre
Gungahlin,Burglary,2016,Q2,86,1.2014193512335505,Pre
Gungahlin,Burglary,2016,Q3,100,1.3969992456204074,Pre
Gungahlin,Burglary,2016,Q4,80,1.117599396496326,Pre
Gungahlin,Burglary,2017,Q1,82,1.1037676165349777,Pre
Gungahlin,Burglary,2017,Q2,80,1.0768464551560757,Pre
Gungahlin,Burglary,2017,Q3,96,1.2922157461872903,Pre
Gungahlin,Burglary,2017,Q4,89,1.197991681361134,Pre
Gungahlin,Burglary,2018,Q1,53,0.7004744723312584,Pre
Gungahlin,Burglary,2018,Q2,57,0.7533404702430515,Pre
Gungahlin,Burglary,2018,Q3,44,0.581525977029724,Pre
Gungahlin,Burglary,2018,Q4,76,1.0044539603240683,Pre
Gungahlin,Burglary,2019,Q1,124,1.62108455786226,Pre
Gungahlin,Burglary,2019,Q2,81,1.058934267635831,Pre
Gungahlin,Burglary,2019,Q3,59,0.771322491240914,Pre
Gungahlin,Burglary,2019,Q4,79,1.0327877425090204,Pre
Gungahlin,Burglary,2020,Q1,62,0.8045365480191531,Pre
Gungahlin,Burglary,2020,Q2,30,0.3892918780737838,During
Gungahlin,Burglary,2020,Q3,37,0.4801266496243333,During
Gungahlin,Burglary,2020,Q4,56,0.7266781724043964,During
Gungahlin,Burglary,2021,Q1,53,0.688124018124927,During
Gungahlin,Burglary,2021,Q2,53,0.688124018124927,During
Gungahlin,Burglary,2021,Q3,45,0.5842562418041832,During
Gungahlin,Burglary,2021,Q4,45,0.5842562418041832,Post
Gungahlin,Burglary,2022,Q1,50,0.6459697944524113,Post
Gungahlin,Burglary,2022,Q2,39,0.5038564396728809,Post
Gungahlin,Burglary,2022,Q3,54,0.6976473780086042,Post
Gungahlin,Burglary,2022,Q4,40,0.5167758355619291,Post
Gungahlin,Burglary,2023,Q1,95,1.2214093778526338,Post
Gungahlin,Burglary,2023,Q2,38,0.4885637511410535,Post
Gungahlin,Burglary,2023,Q3,57,0.7328456267115803,Post
Gungahlin,Burglary,2023,Q4,43,0.5528484552385605,Post
Gungahlin,Burglary,2024,Q1,38,0.4882875242537554,Post
Gungahlin,Burglary,2024,Q2,82,1.0536730786528403,Post
Gungahlin,Burglary,2024,Q3,32,0.4111894941084256,Post
Gungahlin,Burglary,2024,Q4,61,0.7838299731441862,Post
Gungahlin,Burglary,2025,Q1,78,0.9988602748146346,Post
Gungahlin,Burglary,2025,Q2,70,0.8964130671413387,Post
Gungahlin,CINs,2014,Q1,1,0.0157703832203122,Pre
Gungahlin,CINs,2014,Q2,3,0.0473111496609367,Pre
Gungahlin,CINs,2014,Q3,1,0.0157703832203122,Pre
Gungahlin,CINs,2014,Q4,4,0.063081532881249,Pre
Gungahlin,CINs,2015,Q1,1,0.0147147544843214,Pre
Gungahlin,CINs,2015,Q2,2,0.0294295089686428,Pre
Gungahlin,CINs,2015,Q3,3,0.0441442634529642,Pre
Gungahlin,CINs,2015,Q4,3,0.0441442634529642,Pre
Gungahlin,CINs,2016,Q1,3,0.0419099773686122,Pre
Gungahlin,CINs,2016,Q2,4,0.0558799698248163,Pre
Gungahlin,CINs,2016,Q3,1,0.013969992456204,Pre
Gungahlin,CINs,2016,Q4,5,0.0698499622810203,Pre
Gungahlin,CINs,2017,Q1,1,0.0134605806894509,Pre
Gungahlin,CINs,2017,Q2,0,0.0,Pre
Gungahlin,CINs,2017,Q3,6,0.0807634841367056,Pre
Gungahlin,CINs,2017,Q4,0,0.0,Pre
Gungahlin,CINs,2018,Q1,5,0.0660824973897413,Pre
Gungahlin,CINs,2018,Q2,0,0.0,Pre
Gungahlin,CINs,2018,Q3,0,0.0,Pre
Gungahlin,CINs,2018,Q4,2,0.0264329989558965,Pre
Gungahlin,CINs,2019,Q1,0,0.0,Pre
Gungahlin,CINs,2019,Q2,3,0.0392197876902159,Pre
Gungahlin,CINs,2019,Q3,2,0.0261465251268106,Pre
Gungahlin,CINs,2019,Q4,0,0.0,Pre
Gungahlin,CINs,2020,Q1,0,0.0,Pre
Gungahlin,CINs,2020,Q2,0,0.0,During
Gungahlin,CINs,2020,Q3,4,0.0519055837431711,During
Gungahlin,CINs,2020,Q4,2,0.0259527918715855,During
Gungahlin,CINs,2021,Q1,0,0.0,During
Gungahlin,CINs,2021,Q2,0,0.0,During
Gungahlin,CINs,2021,Q3,4,0.0519338881603718,During
Gungahlin,CINs,2021,Q4,0,0.0,Post
Gungahlin,CINs,2022,Q1,0,0.0,Post
Gungahlin,CINs,2022,Q2,0,0.0,Post
Gungahlin,CINs,2022,Q3,0,0.0,Post
Gungahlin,CINs,2022,Q4,1,0.0129193958890482,Post
Gungahlin,CINs,2023,Q1,0,0.0,Post
Gungahlin,CINs,2023,Q2,1,0.0128569408195014,Post
Gungahlin,CINs,2023,Q3,1,0.0128569408195014,Post
Gungahlin,CINs,2023,Q4,0,0.0,Post
Gungahlin,CINs,2024,Q1,0,0.0,Post
Gungahlin,CINs,2024,Q2,0,0.0,Post
Gungahlin,CINs,2024,Q3,0,0.0,Post
Gungahlin,CINs,2024,Q4,1,0.0128496716908883,Post
Gungahlin,CINs,2025,Q1,0,0.0,Post
Gungahlin,CINs,2025,Q2,0,0.0,Post
Gungahlin,Family Violence,2014,Q1,13,0.2050149818640593,Pre
Gungahlin,Family Violence,2014,Q2,27,0.4258003469484309,Pre
Gungahlin,Family Violence,2014,Q3,21,0.3311780476265573,Pre
Gungahlin,Family Violence,2014,Q4,19,0.2996372811859328,Pre
Gungahlin,Family Violence,2015,Q1,21,0.30900984417075,Pre
Gungahlin,Family Violence,2015,Q2,18,0.2648655807177857,Pre
Gungahlin,Family Violence,2015,Q3,24,0.3531541076237143,Pre
Gungahlin,Family Violence,2015,Q4,52,0.7651672331847142,Pre
Gungahlin,Family Violence,2016,Q1,40,0.558799698248163,Pre
Gungahlin,Family Violence,2016,Q2,45,0.6286496605291834,Pre
Gungahlin,Family Violence,2016,Q3,52,0.7264396077226118,Pre
Gungahlin,Family Violence,2016,Q4,52,0.7264396077226118,Pre
Gungahlin,Family Violence,2017,Q1,71,0.955701228951017,Pre
Gungahlin,Family Violence,2017,Q2,24,0.3230539365468226,Pre
Gungahlin,Family Violence,2017,Q3,39,0.5249626468885868,Pre
Gungahlin,Family Violence,2017,Q4,52,0.699950195851449,Pre
Gungahlin,Family Violence,2018,Q1,31,0.4097114838163964,Pre
Gungahlin,Family Violence,2018,Q2,53,0.7004744723312584,Pre
Gungahlin,Family Violence,2018,Q3,69,0.9119384639784308,Pre
Gungahlin,Family Violence,2018,Q4,55,0.7269074712871549,Pre
Gungahlin,Family Violence,2019,Q1,39,0.5098572399728076,Pre
Gungahlin,Family Violence,2019,Q2,52,0.6798096532970768,Pre
Gungahlin,Family Violence,2019,Q3,53,0.6928829158604821,Pre
Gungahlin,Family Violence,2019,Q4,48,0.6275166030434555,Pre
Gungahlin,Family Violence,2020,Q1,50,0.6488197967896396,Pre
Gungahlin,Family Violence,2020,Q2,38,0.4931030455601261,During
Gungahlin,Family Violence,2020,Q3,42,0.5450086293032973,During
Gungahlin,Family Violence,2020,Q4,51,0.6617961927254324,During
Gungahlin,Family Violence,2021,Q1,53,0.688124018124927,During
Gungahlin,Family Violence,2021,Q2,56,0.7270744342452058,During
Gungahlin,Family Violence,2021,Q3,60,0.7790083224055777,During
Gungahlin,Family Violence,2021,Q4,79,1.025694291167344,Post
Gungahlin,Family Violence,2022,Q1,60,0.7751637533428937,Post
Gungahlin,Family Violence,2022,Q2,32,0.4134206684495433,Post
Gungahlin,Family Violence,2022,Q3,55,0.7105667738976524,Post
Gungahlin,Family Violence,2022,Q4,65,0.8397607327881348,Post
Gungahlin,Family Violence,2023,Q1,75,0.9642705614626056,Post
Gungahlin,Family Violence,2023,Q2,69,0.8871289165455972,Post
Gungahlin,Family Violence,2023,Q3,69,0.8871289165455972,Post
Gungahlin,Family Violence,2023,Q4,57,0.7328456267115803,Post
Gungahlin,Family Violence,2024,Q1,69,0.8866273466712926,Post
Gungahlin,Family Violence,2024,Q2,37,0.4754378525628671,Post
Gungahlin,Family Violence,2024,Q3,63,0.8095293165259628,Post
Gungahlin,Family Violence,2024,Q4,51,0.6553332562353033,Post
Gungahlin,Family Violence,2025,Q1,58,0.742742255631395,Post
Gungahlin,Family Violence,2025,Q2,58,0.742742255631395,Post
Gungahlin,Homicide,2014,Q1,0,0.0,Pre
Gungahlin,Homicide,2014,Q2,0,0.0,Pre
Gungahlin,Homicide,2014,Q3,0,0.0,Pre
Gungahlin,Homicide,2014,Q4,0,0.0,Pre
Gungahlin,Homicide,2015,Q1,0,0.0,Pre
Gungahlin,Homicide,2015,Q2,0,0.0,Pre
Gungahlin,Homicide,2015,Q3,0,0.0,Pre
Gungahlin,Homicide,2015,Q4,0,0.0,Pre
Gungahlin,Homicide,2016,Q1,0,0.0,Pre
Gungahlin,Homicide,2016,Q2,0,0.0,Pre
Gungahlin,Homicide,2016,Q3,0,0.0,Pre
Gungahlin,Homicide,2016,Q4,0,0.0,Pre
Gungahlin,Homicide,2017,Q1,0,0.0,Pre
Gungahlin,Homicide,2017,Q2,0,0.0,Pre
Gungahlin,Homicide,2017,Q3,0,0.0,Pre
Gungahlin,Homicide,2017,Q4,0,0.0,Pre
Gungahlin,Homicide,2018,Q1,1,0.0132164994779482,Pre
Gungahlin,Homicide,2018,Q2,0,0.0,Pre
Gungahlin,Homicide,2018,Q3,0,0.0,Pre
Gungahlin,Homicide,2018,Q4,0,0.0,Pre
Gungahlin,Homicide,2019,Q1,2,0.0261465251268106,Pre
Gungahlin,Homicide,2019,Q2,0,0.0,Pre
Gungahlin,Homicide,2019,Q3,0,0.0,Pre
Gungahlin,Homicide,2019,Q4,1,0.0130732625634053,Pre
Gungahlin,Homicide,2020,Q1,0,0.0,Pre
Gungahlin,Homicide,2020,Q2,0,0.0,During
Gungahlin,Homicide,2020,Q3,0,0.0,During
Gungahlin,Homicide,2020,Q4,0,0.0,During
Gungahlin,Homicide,2021,Q1,0,0.0,During
Gungahlin,Homicide,2021,Q2,0,0.0,During
Gungahlin,Homicide,2021,Q3,0,0.0,During
Gungahlin,Homicide,2021,Q4,1,0.0129834720400929,Post
Gungahlin,Homicide,2022,Q1,0,0.0,Post
Gungahlin,Homicide,2022,Q2,0,0.0,Post
Gungahlin,Homicide,2022,Q3,0,0.0,Post
Gungahlin,Homicide,2022,Q4,2,0.0258387917780964,Post
Gungahlin,Homicide,2023,Q1,0,0.0,Post
Gungahlin,Homicide,2023,Q2,0,0.0,Post
Gungahlin,Homicide,2023,Q3,0,0.0,Post
Gungahlin,Homicide,2023,Q4,0,0.0,Post
Gungahlin,Homicide,2024,Q1,0,0.0,Post
Gungahlin,Homicide,2024,Q2,0,0.0,Post
Gungahlin,Homicide,2024,Q3,1,0.0128496716908883,Post
Gungahlin,Homicide,2024,Q4,0,0.0,Post
Gungahlin,Homicide,2025,Q1,1,0.0128059009591619,Post
Gungahlin,Homicide,2025,Q2,0,0.0,Post
Gungahlin,Other,2014,Q1,207,3.2644693266046367,Pre
Gungahlin,Other,2014,Q2,226,3.5641066077905696,Pre
Gungahlin,Other,2014,Q3,239,3.769121589654629,Pre
Gungahlin,Other,2014,Q4,225,3.548336224570257,Pre
Gungahlin,Other,2015,Q1,203,2.9870951603172498,Pre
Gungahlin,Other,2015,Q2,240,3.531541076237142,Pre
Gungahlin,Other,2015,Q3,214,3.1489574596447856,Pre
Gungahlin,Other,2015,Q4,230,3.3843935313939286,Pre
Gungahlin,Other,2016,Q1,294,4.107177782123998,Pre
Gungahlin,Other,2016,Q2,291,4.065267804755385,Pre
Gungahlin,Other,2016,Q3,299,4.177027744405018,Pre
Gungahlin,Other,2016,Q4,274,3.8277779329999166,Pre
Gungahlin,Other,2017,Q1,239,3.217078784778776,Pre
Gungahlin,Other,2017,Q2,319,4.293925239934851,Pre
Gungahlin,Other,2017,Q3,351,4.724663821997281,Pre
Gungahlin,Other,2017,Q4,362,4.872730209581242,Pre
Gungahlin,Other,2018,Q1,268,3.5420218600901365,Pre
Gungahlin,Other,2018,Q2,294,3.885650846516792,Pre
Gungahlin,Other,2018,Q3,488,6.449651745238756,Pre
Gungahlin,Other,2018,Q4,270,3.568454859046033,Pre
Gungahlin,Other,2019,Q1,328,4.288030120796946,Pre
Gungahlin,Other,2019,Q2,369,4.824033885896564,Pre
Gungahlin,Other,2019,Q3,276,3.608220467499869,Pre
Gungahlin,Other,2019,Q4,290,3.791246143387544,Pre
Gungahlin,Other,2020,Q1,354,4.593644161270649,Pre
Gungahlin,Other,2020,Q2,406,5.268416749931874,During
Gungahlin,Other,2020,Q3,381,4.944006851537054,During
Gungahlin,Other,2020,Q4,282,3.659343653893568,During
Gungahlin,Other,2021,Q1,302,3.9210085561080734,During
Gungahlin,Other,2021,Q2,334,4.336479661391049,During
Gungahlin,Other,2021,Q3,241,3.129016761662404,During
Gungahlin,Other,2021,Q4,237,3.077082873502032,Post
Gungahlin,Other,2022,Q1,329,4.250481247496866,Post
Gungahlin,Other,2022,Q2,281,3.630350244822552,Post
Gungahlin,Other,2022,Q3,248,3.2040101804839605,Post
Gungahlin,Other,2022,Q4,284,3.669108432489697,Post
Gungahlin,Other,2023,Q1,296,3.805654482572417,Post
Gungahlin,Other,2023,Q2,307,3.947080831586932,Post
Gungahlin,Other,2023,Q3,289,3.7156558968359072,Post
Gungahlin,Other,2023,Q4,242,3.111379678319341,Post
Gungahlin,Other,2024,Q1,222,2.8526271153772025,Post
Gungahlin,Other,2024,Q2,185,2.377189262814335,Post
Gungahlin,Other,2024,Q3,199,2.557084666486772,Post
Gungahlin,Other,2024,Q4,260,3.3409146396309577,Post
Gungahlin,Other,2025,Q1,290,3.713711278156975,Post
Gungahlin,Other,2025,Q2,212,2.71485100334234,Post
Gungahlin,Property Damage,2014,Q1,129,2.0343794354202807,Pre
Gungahlin,Property Damage,2014,Q2,112,1.7662829206749724,Pre
Gungahlin,Property Damage,2014,Q3,69,1.0881564422015455,Pre
Gungahlin,Property Damage,2014,Q4,69,1.0881564422015455,Pre
Gungahlin,Property Damage,2015,Q1,79,1.1624656042613928,Pre
Gungahlin,Property Damage,2015,Q2,132,1.9423475919304285,Pre
Gungahlin,Property Damage,2015,Q3,88,1.2948983946202857,Pre
Gungahlin,Property Damage,2015,Q4,153,2.2513574361011783,Pre
Gungahlin,Property Damage,2016,Q1,104,1.4528792154452237,Pre
Gungahlin,Property Damage,2016,Q2,120,1.676399094744489,Pre
Gungahlin,Property Damage,2016,Q3,123,1.7183090721131011,Pre
Gungahlin,Property Damage,2016,Q4,128,1.7881590343941216,Pre
Gungahlin,Property Damage,2017,Q1,187,2.5171285889273265,Pre
Gungahlin,Property Damage,2017,Q2,152,2.0460082647965434,Pre
Gungahlin,Property Damage,2017,Q3,131,1.7633360703180736,Pre
Gungahlin,Property Damage,2017,Q4,146,1.9652447806598377,Pre
Gungahlin,Property Damage,2018,Q1,88,1.163051954059448,Pre
Gungahlin,Property Damage,2018,Q2,108,1.4273819436184132,Pre
Gungahlin,Property Damage,2018,Q3,117,1.5463304389199477,Pre
Gungahlin,Property Damage,2018,Q4,93,1.229134451449189,Pre
Gungahlin,Property Damage,2019,Q1,130,1.699524133242692,Pre
Gungahlin,Property Damage,2019,Q2,146,1.9086963342571768,Pre
Gungahlin,Property Damage,2019,Q3,161,2.104795272708257,Pre
Gungahlin,Property Damage,2019,Q4,208,2.719238613188307,Pre
Gungahlin,Property Damage,2020,Q1,128,1.6609786797814774,Pre
Gungahlin,Property Damage,2020,Q2,93,1.2068048220287295,During
Gungahlin,Property Damage,2020,Q3,104,1.3495451773224505,During
Gungahlin,Property Damage,2020,Q4,135,1.751813451332027,During
Gungahlin,Property Damage,2021,Q1,107,1.389231508289947,During
Gungahlin,Property Damage,2021,Q2,140,1.8176860856130144,During
Gungahlin,Property Damage,2021,Q3,100,1.2983472040092965,During
Gungahlin,Property Damage,2021,Q4,92,1.1944794276885524,Post
Gungahlin,Property Damage,2022,Q1,107,1.3823753601281603,Post
Gungahlin,Property Damage,2022,Q2,88,1.136906838236244,Post
Gungahlin,Property Damage,2022,Q3,113,1.4598917354624497,Post
Gungahlin,Property Damage,2022,Q4,74,0.9560352957895688,Post
Gungahlin,Property Damage,2023,Q1,67,0.8614150349065943,Post
Gungahlin,Property Damage,2023,Q2,67,0.8614150349065943,Post
Gungahlin,Property Damage,2023,Q3,95,1.2214093778526338,Post
Gungahlin,Property Damage,2023,Q4,78,1.00284138392111,Post
Gungahlin,Property Damage,2024,Q1,102,1.3106665124706065,Post
Gungahlin,Property Damage,2024,Q2,101,1.2978168407797182,Post
Gungahlin,Property Damage,2024,Q3,74,0.9508757051257342,Post
Gungahlin,Property Damage,2024,Q4,98,1.259267825707053,Post
Gungahlin,Property Damage,2025,Q1,80,1.0244720767329585,Post
Gungahlin,Property Damage,2025,Q2,80,1.0244720767329585,Post
Gungahlin,Robbery,2014,Q1,3,0.0473111496609367,Pre
Gungahlin,Robbery,2014,Q2,2,0.0315407664406245,Pre
Gungahlin,Robbery,2014,Q3,1,0.0157703832203122,Pre
Gungahlin,Robbery,2014,Q4,3,0.0473111496609367,Pre
Gungahlin,Robbery,2015,Q1,3,0.0441442634529642,Pre
Gungahlin,Robbery,2015,Q2,1,0.0147147544843214,Pre
Gungahlin,Robbery,2015,Q3,5,0.0735737724216071,Pre
Gungahlin,Robbery,2015,Q4,1,0.0147147544843214,Pre
Gungahlin,Robbery,2016,Q1,2,0.0279399849124081,Pre
Gungahlin,Robbery,2016,Q2,3,0.0419099773686122,Pre
Gungahlin,Robbery,2016,Q3,2,0.0279399849124081,Pre
Gungahlin,Robbery,2016,Q4,1,0.013969992456204,Pre
Gungahlin,Robbery,2017,Q1,6,0.0807634841367056,Pre
Gungahlin,Robbery,2017,Q2,2,0.0269211613789018,Pre
Gungahlin,Robbery,2017,Q3,6,0.0807634841367056,Pre
Gungahlin,Robbery,2017,Q4,1,0.0134605806894509,Pre
Gungahlin,Robbery,2018,Q1,4,0.052865997911793,Pre
Gungahlin,Robbery,2018,Q2,0,0.0,Pre
Gungahlin,Robbery,2018,Q3,2,0.0264329989558965,Pre
Gungahlin,Robbery,2018,Q4,4,0.052865997911793,Pre
Gungahlin,Robbery,2019,Q1,3,0.0392197876902159,Pre
Gungahlin,Robbery,2019,Q2,6,0.0784395753804319,Pre
Gungahlin,Robbery,2019,Q3,5,0.0653663128170266,Pre
Gungahlin,Robbery,2019,Q4,2,0.0261465251268106,Pre
Gungahlin,Robbery,2020,Q1,4,0.0519055837431711,Pre
Gungahlin,Robbery,2020,Q2,4,0.0519055837431711,During
Gungahlin,Robbery,2020,Q3,4,0.0519055837431711,During
Gungahlin,Robbery,2020,Q4,1,0.0129763959357927,During
Gungahlin,Robbery,2021,Q1,2,0.0259669440801859,During
Gungahlin,Robbery,2021,Q2,4,0.0519338881603718,During
Gungahlin,Robbery,2021,Q3,12,0.1558016644811155,During
Gungahlin,Robbery,2021,Q4,0,0.0,Post
Gungahlin,Robbery,2022,Q1,4,0.0516775835561929,Post
Gungahlin,Robbery,2022,Q2,1,0.0129193958890482,Post
Gungahlin,Robbery,2022,Q3,13,0.1679521465576269,Post
Gungahlin,Robbery,2022,Q4,2,0.0258387917780964,Post
Gungahlin,Robbery,2023,Q1,8,0.1028555265560112,Post
Gungahlin,Robbery,2023,Q2,1,0.0128569408195014,Post
Gungahlin,Robbery,2023,Q3,8,0.1028555265560112,Post
Gungahlin,Robbery,2023,Q4,4,0.0514277632780056,Post
Gungahlin,Robbery,2024,Q1,9,0.1156470452179947,Post
Gungahlin,Robbery,2024,Q2,0,0.0,Post
Gungahlin,Robbery,2024,Q3,5,0.0642483584544414,Post
Gungahlin,Robbery,2024,Q4,9,0.1156470452179947,Post
Gungahlin,Robbery,2025,Q1,10,0.1280590095916198,Post
Gungahlin,Robbery,2025,Q2,8,0.1024472076732958,Post
Gungahlin,Sexual Assault,2014,Q1,5,0.0788519161015612,Pre
Gungahlin,Sexual Assault,2014,Q2,6,0.0946222993218735,Pre
Gungahlin,Sexual Assault,2014,Q3,6,0.0946222993218735,Pre
Gungahlin,Sexual Assault,2014,Q4,7,0.1103926825421857,Pre
Gungahlin,Sexual Assault,2015,Q1,3,0.0441442634529642,Pre
Gungahlin,Sexual Assault,2015,Q2,5,0.0735737724216071,Pre
Gungahlin,Sexual Assault,2015,Q3,5,0.0735737724216071,Pre
Gungahlin,Sexual Assault,2015,Q4,5,0.0735737724216071,Pre
Gungahlin,Sexual Assault,2016,Q1,6,0.0838199547372244,Pre
Gungahlin,Sexual Assault,2016,Q2,20,0.2793998491240815,Pre
Gungahlin,Sexual Assault,2016,Q3,14,0.195579894386857,Pre
Gungahlin,Sexual Assault,2016,Q4,10,0.1396999245620407,Pre
Gungahlin,Sexual Assault,2017,Q1,17,0.228829871720666,Pre
Gungahlin,Sexual Assault,2017,Q2,12,0.1615269682734113,Pre
Gungahlin,Sexual Assault,2017,Q3,9,0.1211452262050584,Pre
Gungahlin,Sexual Assault,2017,Q4,8,0.1076846455156075,Pre
Gungahlin,Sexual Assault,2018,Q1,14,0.1850309926912758,Pre
Gungahlin,Sexual Assault,2018,Q2,5,0.0660824973897413,Pre
Gungahlin,Sexual Assault,2018,Q3,24,0.3171959874707585,Pre
Gungahlin,Sexual Assault,2018,Q4,11,0.145381494257431,Pre
Gungahlin,Sexual Assault,2019,Q1,36,0.4706374522825916,Pre
Gungahlin,Sexual Assault,2019,Q2,39,0.5098572399728076,Pre
Gungahlin,Sexual Assault,2019,Q3,16,0.2091722010144851,Pre
Gungahlin,Sexual Assault,2019,Q4,24,0.3137583015217277,Pre
Gungahlin,Sexual Assault,2020,Q1,18,0.2335751268442702,Pre
Gungahlin,Sexual Assault,2020,Q2,23,0.2984571065232342,During
Gungahlin,Sexual Assault,2020,Q3,26,0.3373862943306126,During
Gungahlin,Sexual Assault,2020,Q4,16,0.2076223349726846,During
Gungahlin,Sexual Assault,2021,Q1,18,0.2337024967216733,During
Gungahlin,Sexual Assault,2021,Q2,13,0.1687851365212085,During
Gungahlin,Sexual Assault,2021,Q3,10,0.1298347204009296,During
Gungahlin,Sexual Assault,2021,Q4,35,0.4544215214032536,Post
Gungahlin,Sexual Assault,2022,Q1,36,0.4650982520057362,Post
Gungahlin,Sexual Assault,2022,Q2,30,0.3875818766714468,Post
Gungahlin,Sexual Assault,2022,Q3,17,0.2196297301138198,Post
Gungahlin,Sexual Assault,2022,Q4,32,0.4134206684495433,Post
Gungahlin,Sexual Assault,2023,Q1,27,0.347137402126538,Post
Gungahlin,Sexual Assault,2023,Q2,20,0.2571388163900281,Post
Gungahlin,Sexual Assault,2023,Q3,20,0.2571388163900281,Post
Gungahlin,Sexual Assault,2023,Q4,20,0.2571388163900281,Post
Gungahlin,Sexual Assault,2024,Q1,21,0.2698431055086542,Post
Gungahlin,Sexual Assault,2024,Q2,12,0.1541960602906595,Post
Gungahlin,Sexual Assault,2024,Q3,14,0.1798954036724361,Post
Gungahlin,Sexual Assault,2024,Q4,13,0.1670457319815478,Post
Gungahlin,Sexual Assault,2025,Q1,23,0.2945357220607256,Post
Gungahlin,Sexual Assault,2025,Q2,18,0.2305062172649156,Post
Gungahlin,TINs,2014,Q1,388,6.118908689481155,Pre
Gungahlin,TINs,2014,Q2,405,6.387005204226463,Pre
Gungahlin,TINs,2014,Q3,393,6.197760605582716,Pre
Gungahlin,TINs,2014,Q4,408,6.4343163538874,Pre
Gungahlin,TINs,2015,Q1,354,5.209023087449785,Pre
Gungahlin,TINs,2015,Q2,361,5.312026368840035,Pre
Gungahlin,TINs,2015,Q3,345,5.076590297090893,Pre
Gungahlin,TINs,2015,Q4,389,5.724039494401036,Pre
Gungahlin,TINs,2016,Q1,405,5.6578469447626505,Pre
Gungahlin,TINs,2016,Q2,352,4.917437344583834,Pre
Gungahlin,TINs,2016,Q3,431,6.021066748623956,Pre
Gungahlin,TINs,2016,Q4,356,4.973317314408651,Pre
Gungahlin,TINs,2017,Q1,272,3.6612779475306567,Pre
Gungahlin,TINs,2017,Q2,386,5.195784146128064,Pre
Gungahlin,TINs,2017,Q3,455,6.12456421370018,Pre
Gungahlin,TINs,2017,Q4,303,4.078555948903636,Pre
Gungahlin,TINs,2018,Q1,322,4.255712831899343,Pre
Gungahlin,TINs,2018,Q2,240,3.171959874707585,Pre
Gungahlin,TINs,2018,Q3,224,2.9604958830604127,Pre
Gungahlin,TINs,2018,Q4,151,1.995691421170189,Pre
Gungahlin,TINs,2019,Q1,171,2.23552789834231,Pre
Gungahlin,TINs,2019,Q2,217,2.836897976258955,Pre
Gungahlin,TINs,2019,Q3,246,3.2160225905977096,Pre
Gungahlin,TINs,2019,Q4,296,3.869685718767976,Pre
Gungahlin,TINs,2020,Q1,277,3.594461674214604,Pre
Gungahlin,TINs,2020,Q2,352,4.567691369399063,During
Gungahlin,TINs,2020,Q3,236,3.062429440847099,During
Gungahlin,TINs,2020,Q4,352,4.567691369399063,During
Gungahlin,TINs,2021,Q1,182,2.362991911296919,During
Gungahlin,TINs,2021,Q2,285,3.700289531426494,During
Gungahlin,TINs,2021,Q3,144,1.8696199737733863,During
Gungahlin,TINs,2021,Q4,261,3.388686202464263,Post
Gungahlin,TINs,2022,Q1,137,1.769957236799607,Post
Gungahlin,TINs,2022,Q2,221,2.855186491479658,Post
Gungahlin,TINs,2022,Q3,153,1.9766675710243788,Post
Gungahlin,TINs,2022,Q4,256,3.3073653475963463,Post
Gungahlin,TINs,2023,Q1,209,2.6871006312757943,Post
Gungahlin,TINs,2023,Q2,239,3.0728088558608366,Post
Gungahlin,TINs,2023,Q3,161,2.069967471939727,Post
Gungahlin,TINs,2023,Q4,147,1.889970300466707,Post
Gungahlin,TINs,2024,Q1,176,2.2615422175963404,Post
Gungahlin,TINs,2024,Q2,145,1.8632023951788037,Post
Gungahlin,TINs,2024,Q3,201,2.582784009868548,Post
Gungahlin,TINs,2024,Q4,319,4.099045269393367,Post
Gungahlin,TINs,2025,Q1,316,4.046664703095186,Post
Gungahlin,TINs,2025,Q2,325,4.161917811727644,Post
Gungahlin,Theft,2014,Q1,253,3.989906954739,Pre
Gungahlin,Theft,2014,Q2,206,3.2486989433843245,Pre
Gungahlin,Theft,2014,Q3,160,2.523261315249961,Pre
Gungahlin,Theft,2014,Q4,205,3.2329285601640123,Pre
Gungahlin,Theft,2015,Q1,208,3.060668932738857,Pre
Gungahlin,Theft,2015,Q2,277,4.075986992157036,Pre
Gungahlin,Theft,2015,Q3,211,3.104813196191821,Pre
Gungahlin,Theft,2015,Q4,355,5.223737841934107,Pre
Gungahlin,Theft,2016,Q1,254,3.548378083875835,Pre
Gungahlin,Theft,2016,Q2,297,4.14908775949261,Pre
Gungahlin,Theft,2016,Q3,348,4.861557374759018,Pre
Gungahlin,Theft,2016,Q4,238,3.3248582045765698,Pre
Gungahlin,Theft,2017,Q1,321,4.320846401313753,Pre
Gungahlin,Theft,2017,Q2,244,3.28438168822603,Pre
Gungahlin,Theft,2017,Q3,300,4.038174206835283,Pre
Gungahlin,Theft,2017,Q4,438,5.895734341979513,Pre
Gungahlin,Theft,2018,Q1,259,3.423073364788602,Pre
Gungahlin,Theft,2018,Q2,326,4.308578829811136,Pre
Gungahlin,Theft,2018,Q3,241,3.185176374185533,Pre
Gungahlin,Theft,2018,Q4,264,3.489155862178344,Pre
Gungahlin,Theft,2019,Q1,352,4.601788422318673,Pre
Gungahlin,Theft,2019,Q2,254,3.320608691104952,Pre
Gungahlin,Theft,2019,Q3,269,3.516707629556032,Pre
Gungahlin,Theft,2019,Q4,404,5.281598075615751,Pre
Gungahlin,Theft,2020,Q1,350,4.541738577527477,Pre
Gungahlin,Theft,2020,Q2,184,2.3876568521858736,During
Gungahlin,Theft,2020,Q3,238,3.0883822327186845,During
Gungahlin,Theft,2020,Q4,252,3.270051775819784,During
Gungahlin,Theft,2021,Q1,246,3.1939341218628687,During
Gungahlin,Theft,2021,Q2,316,4.102777164669376,During
Gungahlin,Theft,2021,Q3,215,2.791446488619987,During
Gungahlin,Theft,2021,Q4,194,2.518793575778034,Post
Gungahlin,Theft,2022,Q1,239,3.0877356174825263,Post
Gungahlin,Theft,2022,Q2,259,3.346123535263491,Post
Gungahlin,Theft,2022,Q3,202,2.609717969587742,Post
Gungahlin,Theft,2022,Q4,204,2.635556761365838,Post
Gungahlin,Theft,2023,Q1,252,3.239949086514355,Post
Gungahlin,Theft,2023,Q2,161,2.069967471939727,Post
Gungahlin,Theft,2023,Q3,248,3.1885213232363494,Post
Gungahlin,Theft,2023,Q4,216,2.7770992170123043,Post
Gungahlin,Theft,2024,Q1,227,2.916875473831644,Post
Gungahlin,Theft,2024,Q2,232,2.981123832286085,Post
Gungahlin,Theft,2024,Q3,219,2.8140781003045374,Post
Gungahlin,Theft,2024,Q4,220,2.8269277719954258,Post
Gungahlin,Theft,2025,Q1,202,2.58679199375072,Post
Gungahlin,Theft,2025,Q2,219,2.804492310056474,Post
Inner North,Assault,2014,Q1,111,2.1009596275055364,Pre
Inner North,Assault,2014,Q2,91,1.7224083432703046,Pre
Inner North,Assault,2014,Q3,105,1.9873942422349669,Pre
Inner North,Assault,2014,Q4,112,2.119887191717298,Pre
Inner North,Assault,2015,Q1,130,2.4283632831471587,Pre
Inner North,Assault,2015,Q2,157,2.932715657339261,Pre
Inner North,Assault,2015,Q3,125,2.334964695333807,Pre
Inner North,Assault,2015,Q4,148,2.764598199275227,Pre
Inner North,Assault,2016,Q1,137,2.5124706572769955,Pre
Inner North,Assault,2016,Q2,143,2.622505868544601,Pre
Inner North,Assault,2016,Q3,134,2.4574530516431925,Pre
Inner North,Assault,2016,Q4,182,3.337734741784037,Pre
Inner North,Assault,2017,Q1,167,2.9623585340759924,Pre
Inner North,Assault,2017,Q2,132,2.3415049490900057,Pre
Inner North,Assault,2017,Q3,137,2.4301983183737184,Pre
Inner North,Assault,2017,Q4,134,2.376982296803491,Pre
Inner North,Assault,2018,Q1,171,2.95377599668348,Pre
Inner North,Assault,2018,Q2,139,2.401022593795343,Pre
Inner North,Assault,2018,Q3,129,2.2282871553928003,Pre
Inner North,Assault,2018,Q4,145,2.5046638568368684,Pre
Inner North,Assault,2019,Q1,171,2.875689492802368,Pre
Inner North,Assault,2019,Q2,138,2.320731871384367,Pre
Inner North,Assault,2019,Q3,127,2.1357459975783666,Pre
Inner North,Assault,2019,Q4,134,2.253464280909458,Pre
Inner North,Assault,2020,Q1,135,2.218752568000657,Pre
Inner North,Assault,2020,Q2,65,1.068288273481798,During
Inner North,Assault,2020,Q3,108,1.775002054400526,During
Inner North,Assault,2020,Q4,115,1.890048483852412,During
Inner North,Assault,2021,Q1,158,2.5709869009844604,During
Inner North,Assault,2021,Q2,139,2.261817590106582,During
Inner North,Assault,2021,Q3,112,1.822471727280124,During
Inner North,Assault,2021,Q4,109,1.7736555202994062,Post
Inner North,Assault,2022,Q1,144,2.259107025195319,Post
Inner North,Assault,2022,Q2,144,2.259107025195319,Post
Inner North,Assault,2022,Q3,154,2.415989457500549,Post
Inner North,Assault,2022,Q4,170,2.6670013491889177,Post
Inner North,Assault,2023,Q1,137,2.0782766990291264,Post
Inner North,Assault,2023,Q2,140,2.1237864077669903,Post
Inner North,Assault,2023,Q3,143,2.1692961165048543,Post
Inner North,Assault,2023,Q4,170,2.578883495145631,Post
Inner North,Assault,2024,Q1,137,2.035389026727481,Post
Inner North,Assault,2024,Q2,115,1.7085382341143087,Post
Inner North,Assault,2024,Q3,130,1.9313910472596532,Post
Inner North,Assault,2024,Q4,136,2.020532172517791,Post
Inner North,Assault,2025,Q1,118,1.7296726814324035,Post
Inner North,Assault,2025,Q2,127,1.8615968689992817,Post
Inner North,Burglary,2014,Q1,105,1.9873942422349669,Pre
Inner North,Burglary,2014,Q2,143,2.7066416822819077,Pre
Inner North,Burglary,2014,Q3,123,2.328090398046676,Pre
Inner North,Burglary,2014,Q4,126,2.3848730906819604,Pre
Inner North,Burglary,2015,Q1,101,1.886651473829716,Pre
Inner North,Burglary,2015,Q2,136,2.5404415885231817,Pre
Inner North,Burglary,2015,Q3,116,2.1668472372697725,Pre
Inner North,Burglary,2015,Q4,146,2.7272387641498863,Pre
Inner North,Burglary,2016,Q1,88,1.613849765258216,Pre
Inner North,Burglary,2016,Q2,111,2.0356514084507045,Pre
Inner North,Burglary,2016,Q3,107,1.9622946009389672,Pre
Inner North,Burglary,2016,Q4,105,1.9256161971830987,Pre
Inner North,Burglary,2017,Q1,155,2.7494944477950827,Pre
Inner North,Burglary,2017,Q2,114,2.0222088196686414,Pre
Inner North,Burglary,2017,Q3,95,1.6851740163905349,Pre
Inner North,Burglary,2017,Q4,126,2.235072905949551,Pre
Inner North,Burglary,2018,Q1,113,1.951910453948732,Pre
Inner North,Burglary,2018,Q2,127,2.193740067712292,Pre
Inner North,Burglary,2018,Q3,111,1.9173633662682237,Pre
Inner North,Burglary,2018,Q4,139,2.401022593795343,Pre
Inner North,Burglary,2019,Q1,208,3.497914704695278,Pre
Inner North,Burglary,2019,Q2,148,2.48890084757164,Pre
Inner North,Burglary,2019,Q3,157,2.6402529261401857,Pre
Inner North,Burglary,2019,Q4,151,2.539351540427822,Pre
Inner North,Burglary,2020,Q1,136,2.2351877722080697,Pre
Inner North,Burglary,2020,Q2,82,1.3476867450078067,During
Inner North,Burglary,2020,Q3,100,1.6435204207412275,During
Inner North,Burglary,2020,Q4,129,2.120141342756184,During
Inner North,Burglary,2021,Q1,112,1.822471727280124,During
Inner North,Burglary,2021,Q2,114,1.8550158652672688,During
Inner North,Burglary,2021,Q3,165,2.684891383939468,During
Inner North,Burglary,2021,Q4,127,2.066552762183712,Post
Inner North,Burglary,2022,Q1,117,1.8355244579711965,Post
Inner North,Burglary,2022,Q2,141,2.2120422955037498,Post
Inner North,Burglary,2022,Q3,101,1.5845125662828277,Post
Inner North,Burglary,2022,Q4,123,1.9296539173543348,Post
Inner North,Burglary,2023,Q1,133,2.0175970873786406,Post
Inner North,Burglary,2023,Q2,100,1.5169902912621358,Post
Inner North,Burglary,2023,Q3,123,1.8658980582524272,Post
Inner North,Burglary,2023,Q4,88,1.3349514563106797,Post
Inner North,Burglary,2024,Q1,137,2.035389026727481,Post
Inner North,Burglary,2024,Q2,96,1.4262580041302055,Post
Inner North,Burglary,2024,Q3,91,1.3519737330817574,Post
Inner North,Burglary,2024,Q4,143,2.124530151985619,Post
Inner North,Burglary,2025,Q1,165,2.418610105392768,Post
Inner North,Burglary,2025,Q2,102,1.4951407924246198,Post
Inner North,CINs,2014,Q1,64,1.2113641095527417,Pre
Inner North,CINs,2014,Q2,84,1.5899153937879735,Pre
Inner North,CINs,2014,Q3,79,1.4952775727291656,Pre
Inner North,CINs,2014,Q4,88,1.6656256506350198,Pre
Inner North,CINs,2015,Q1,39,0.7285089849441476,Pre
Inner North,CINs,2015,Q2,73,1.3636193820749432,Pre
Inner North,CINs,2015,Q3,61,1.1394627713228975,Pre
Inner North,CINs,2015,Q4,72,1.3449396645122726,Pre
Inner North,CINs,2016,Q1,132,2.420774647887324,Pre
Inner North,CINs,2016,Q2,63,1.1553697183098592,Pre
Inner North,CINs,2016,Q3,69,1.2654049295774648,Pre
Inner North,CINs,2016,Q4,36,0.6602112676056339,Pre
Inner North,CINs,2017,Q1,49,0.869195018980381,Pre
Inner North,CINs,2017,Q2,40,0.7095469542696987,Pre
Inner North,CINs,2017,Q3,59,1.0465817575478056,Pre
Inner North,CINs,2017,Q4,40,0.7095469542696987,Pre
Inner North,CINs,2018,Q1,30,0.5182063152076279,Pre
Inner North,CINs,2018,Q2,0,0.0,Pre
Inner North,CINs,2018,Q3,13,0.2245560699233054,Pre
Inner North,CINs,2018,Q4,10,0.1727354384025426,Pre
Inner North,CINs,2019,Q1,18,0.3027041571370913,Pre
Inner North,CINs,2019,Q2,18,0.3027041571370913,Pre
Inner North,CINs,2019,Q3,13,0.2186196690434548,Pre
Inner North,CINs,2019,Q4,14,0.2354365666621821,Pre
Inner North,CINs,2020,Q1,7,0.1150464294518859,Pre
Inner North,CINs,2020,Q2,2,0.0328704084148245,During
Inner North,CINs,2020,Q3,6,0.0986112252444736,During
Inner North,CINs,2020,Q4,5,0.0821760210370613,During
Inner North,CINs,2021,Q1,5,0.0813603449678626,During
Inner North,CINs,2021,Q2,4,0.0650882759742901,During
Inner North,CINs,2021,Q3,28,0.4556179318200309,During
Inner North,CINs,2021,Q4,1,0.0162720689935725,Post
Inner North,CINs,2022,Q1,1,0.015688243230523,Post
Inner North,CINs,2022,Q2,4,0.0627529729220921,Post
Inner North,CINs,2022,Q3,9,0.1411941890747074,Post
Inner North,CINs,2022,Q4,9,0.1411941890747074,Post
Inner North,CINs,2023,Q1,2,0.0303398058252427,Post
Inner North,CINs,2023,Q2,22,0.3337378640776699,Post
Inner North,CINs,2023,Q3,8,0.1213592233009708,Post
Inner North,CINs,2023,Q4,6,0.0910194174757281,Post
Inner North,CINs,2024,Q1,8,0.1188548336775171,Post
Inner North,CINs,2024,Q2,1,0.0148568542096896,Post
Inner North,CINs,2024,Q3,0,0.0,Post
Inner North,CINs,2024,Q4,4,0.0594274168387585,Post
Inner North,CINs,2025,Q1,2,0.0293164861259729,Post
Inner North,CINs,2025,Q2,3,0.0439747291889594,Post
Inner North,Family Violence,2014,Q1,34,0.6435371831998941,Pre
Inner North,Family Violence,2014,Q2,35,0.6624647474116556,Pre
Inner North,Family Violence,2014,Q3,25,0.4731891052940397,Pre
Inner North,Family Violence,2014,Q4,37,0.7003198758351787,Pre
Inner North,Family Violence,2015,Q1,25,0.4669929390667613,Pre
Inner North,Family Violence,2015,Q2,17,0.3175551985653977,Pre
Inner North,Family Violence,2015,Q3,33,0.6164306795681249,Pre
Inner North,Family Violence,2015,Q4,38,0.7098292673814772,Pre
Inner North,Family Violence,2016,Q1,31,0.5685152582159625,Pre
Inner North,Family Violence,2016,Q2,38,0.6968896713615024,Pre
Inner North,Family Violence,2016,Q3,22,0.403462441314554,Pre
Inner North,Family Violence,2016,Q4,42,0.7702464788732395,Pre
Inner North,Family Violence,2017,Q1,38,0.6740696065562138,Pre
Inner North,Family Violence,2017,Q2,28,0.4966828679887891,Pre
Inner North,Family Violence,2017,Q3,40,0.7095469542696987,Pre
Inner North,Family Violence,2017,Q4,34,0.603114911129244,Pre
Inner North,Family Violence,2018,Q1,38,0.6563946659296621,Pre
Inner North,Family Violence,2018,Q2,22,0.3800179644855938,Pre
Inner North,Family Violence,2018,Q3,32,0.5527534028881365,Pre
Inner North,Family Violence,2018,Q4,43,0.7427623851309334,Pre
Inner North,Family Violence,2019,Q1,44,0.739943495224001,Pre
Inner North,Family Violence,2019,Q2,29,0.4876900309430916,Pre
Inner North,Family Violence,2019,Q3,40,0.6726759047490919,Pre
Inner North,Family Violence,2019,Q4,31,0.5213238261805462,Pre
Inner North,Family Violence,2020,Q1,42,0.6902785767113157,Pre
Inner North,Family Violence,2020,Q2,31,0.5094913304297806,During
Inner North,Family Violence,2020,Q3,22,0.3615744925630701,During
Inner North,Family Violence,2020,Q4,43,0.7067137809187279,During
Inner North,Family Violence,2021,Q1,18,0.2928972418843056,During
Inner North,Family Violence,2021,Q2,30,0.4881620698071759,During
Inner North,Family Violence,2021,Q3,38,0.6183386217557563,During
Inner North,Family Violence,2021,Q4,30,0.4881620698071759,Post
Inner North,Family Violence,2022,Q1,55,0.8628533776787676,Post
Inner North,Family Violence,2022,Q2,53,0.8314768912177215,Post
Inner North,Family Violence,2022,Q3,33,0.5177120266072606,Post
Inner North,Family Violence,2022,Q4,68,1.066800539675567,Post
Inner North,Family Violence,2023,Q1,34,0.5157766990291262,Post
Inner North,Family Violence,2023,Q2,40,0.6067961165048543,Post
Inner North,Family Violence,2023,Q3,44,0.6674757281553398,Post
Inner North,Family Violence,2023,Q4,34,0.5157766990291262,Post
Inner North,Family Violence,2024,Q1,41,0.6091310225972753,Post
Inner North,Family Violence,2024,Q2,46,0.6834152936457235,Post
Inner North,Family Violence,2024,Q3,38,0.5645604599682064,Post
Inner North,Family Violence,2024,Q4,53,0.7874132731135509,Post
Inner North,Family Violence,2025,Q1,43,0.6303044517084182,Post
Inner North,Family Violence,2025,Q2,46,0.6742791808973776,Post
Inner North,Homicide,2014,Q1,0,0.0,Pre
Inner North,Homicide,2014,Q2,0,0.0,Pre
Inner North,Homicide,2014,Q3,0,0.0,Pre
Inner North,Homicide,2014,Q4,0,0.0,Pre
Inner North,Homicide,2015,Q1,0,0.0,Pre
Inner North,Homicide,2015,Q2,0,0.0,Pre
Inner North,Homicide,2015,Q3,0,0.0,Pre
Inner North,Homicide,2015,Q4,0,0.0,Pre
Inner North,Homicide,2016,Q1,0,0.0,Pre
Inner North,Homicide,2016,Q2,0,0.0,Pre
Inner North,Homicide,2016,Q3,0,0.0,Pre
Inner North,Homicide,2016,Q4,1,0.0183392018779342,Pre
Inner North,Homicide,2017,Q1,0,0.0,Pre
Inner North,Homicide,2017,Q2,0,0.0,Pre
Inner North,Homicide,2017,Q3,4,0.0709546954269698,Pre
Inner North,Homicide,2017,Q4,0,0.0,Pre
Inner North,Homicide,2018,Q1,0,0.0,Pre
Inner North,Homicide,2018,Q2,0,0.0,Pre
Inner North,Homicide,2018,Q3,0,0.0,Pre
Inner North,Homicide,2018,Q4,0,0.0,Pre
Inner North,Homicide,2019,Q1,0,0.0,Pre
Inner North,Homicide,2019,Q2,0,0.0,Pre
Inner North,Homicide,2019,Q3,0,0.0,Pre
Inner North,Homicide,2019,Q4,0,0.0,Pre
Inner North,Homicide,2020,Q1,0,0.0,Pre
Inner North,Homicide,2020,Q2,0,0.0,During
Inner North,Homicide,2020,Q3,2,0.0328704084148245,During
Inner North,Homicide,2020,Q4,0,0.0,During
Inner North,Homicide,2021,Q1,0,0.0,During
Inner North,Homicide,2021,Q2,0,0.0,During
Inner North,Homicide,2021,Q3,0,0.0,During
Inner North,Homicide,2021,Q4,1,0.0162720689935725,Post
Inner North,Homicide,2022,Q1,0,0.0,Post
Inner North,Homicide,2022,Q2,0,0.0,Post
Inner North,Homicide,2022,Q3,1,0.015688243230523,Post
Inner North,Homicide,2022,Q4,0,0.0,Post
Inner North,Homicide,2023,Q1,0,0.0,Post
Inner North,Homicide,2023,Q2,0,0.0,Post
Inner North,Homicide,2023,Q3,2,0.0303398058252427,Post
Inner North,Homicide,2023,Q4,0,0.0,Post
Inner North,Homicide,2024,Q1,1,0.0148568542096896,Post
Inner North,Homicide,2024,Q2,0,0.0,Post
Inner North,Homicide,2024,Q3,0,0.0,Post
Inner North,Homicide,2024,Q4,0,0.0,Post
Inner North,Homicide,2025,Q1,2,0.0293164861259729,Post
Inner North,Homicide,2025,Q2,0,0.0,Post
Inner North,Other,2014,Q1,917,17.356576382185377,Pre
Inner North,Other,2014,Q2,537,10.164101981715971,Pre
Inner North,Other,2014,Q3,659,12.473264815550888,Pre
Inner North,Other,2014,Q4,625,11.829727632350991,Pre
Inner North,Other,2015,Q1,687,12.8329659655546,Pre
Inner North,Other,2015,Q2,600,11.207830537602272,Pre
Inner North,Other,2015,Q3,535,9.993648896028692,Pre
Inner North,Other,2015,Q4,537,10.031008331154034,Pre
Inner North,Other,2016,Q1,640,11.737089201877934,Pre
Inner North,Other,2016,Q2,592,10.85680751173709,Pre
Inner North,Other,2016,Q3,641,11.755428403755868,Pre
Inner North,Other,2016,Q4,646,11.84712441314554,Pre
Inner North,Other,2017,Q1,681,12.08003689644162,Pre
Inner North,Other,2017,Q2,677,12.009082201014651,Pre
Inner North,Other,2017,Q3,767,13.605562848121474,Pre
Inner North,Other,2017,Q4,730,12.949231915422002,Pre
Inner North,Other,2018,Q1,614,10.60595591791612,Pre
Inner North,Other,2018,Q2,703,12.143301319698748,Pre
Inner North,Other,2018,Q3,634,10.951426794721204,Pre
Inner North,Other,2018,Q4,710,12.264216126580529,Pre
Inner North,Other,2019,Q1,676,11.368222790259653,Pre
Inner North,Other,2019,Q2,659,11.08233553074129,Pre
Inner North,Other,2019,Q3,630,10.594645499798196,Pre
Inner North,Other,2019,Q4,684,11.502757971209473,Pre
Inner North,Other,2020,Q1,678,11.143068452625524,Pre
Inner North,Other,2020,Q2,594,9.762511299202894,During
Inner North,Other,2020,Q3,638,10.485660284329033,During
Inner North,Other,2020,Q4,689,11.323855698907058,During
Inner North,Other,2021,Q1,610,9.925962086079243,During
Inner North,Other,2021,Q2,557,9.0635424294199,During
Inner North,Other,2021,Q3,534,8.689284842567734,During
Inner North,Other,2021,Q4,466,7.582784151004801,Post
Inner North,Other,2022,Q1,497,7.797056885569954,Post
Inner North,Other,2022,Q2,529,8.299080668946692,Post
Inner North,Other,2022,Q3,528,8.283392425716169,Post
Inner North,Other,2022,Q4,520,8.157886479871983,Post
Inner North,Other,2023,Q1,613,9.299150485436892,Post
Inner North,Other,2023,Q2,598,9.071601941747572,Post
Inner North,Other,2023,Q3,524,7.949029126213592,Post
Inner North,Other,2023,Q4,566,8.58616504854369,Post
Inner North,Other,2024,Q1,521,7.740421043248303,Post
Inner North,Other,2024,Q2,384,5.705032016520822,Post
Inner North,Other,2024,Q3,478,7.101576312231648,Post
Inner North,Other,2024,Q4,503,7.472997667473889,Post
Inner North,Other,2025,Q1,529,7.754210580319842,Post
Inner North,Other,2025,Q2,471,6.904032482666628,Post
Inner North,Property Damage,2014,Q1,168,3.179830787575947,Pre
Inner North,Property Damage,2014,Q2,203,3.8422955349876022,Pre
Inner North,Property Damage,2014,Q3,231,4.372267332916927,Pre
Inner North,Property Damage,2014,Q4,195,3.6908750212935098,Pre
Inner North,Property Damage,2015,Q1,233,4.352374192102215,Pre
Inner North,Property Damage,2015,Q2,268,5.006164306795681,Pre
Inner North,Property Damage,2015,Q3,209,3.904060970598125,Pre
Inner North,Property Damage,2015,Q4,338,6.313744536182613,Pre
Inner North,Property Damage,2016,Q1,181,3.3193955399061035,Pre
Inner North,Property Damage,2016,Q2,222,4.071302816901409,Pre
Inner North,Property Damage,2016,Q3,197,3.612822769953052,Pre
Inner North,Property Damage,2016,Q4,209,3.832893192488263,Pre
Inner North,Property Damage,2017,Q1,302,5.357079504736226,Pre
Inner North,Property Damage,2017,Q2,258,4.576577855039557,Pre
Inner North,Property Damage,2017,Q3,206,3.6541668144889488,Pre
Inner North,Property Damage,2017,Q4,189,3.352609358924327,Pre
Inner North,Property Damage,2018,Q1,215,3.7138119256546673,Pre
Inner North,Property Damage,2018,Q2,195,3.3683410488495817,Pre
Inner North,Property Damage,2018,Q3,229,3.955641539418227,Pre
Inner North,Property Damage,2018,Q4,226,3.903820907897464,Pre
Inner North,Property Damage,2019,Q1,259,4.3555764832503705,Pre
Inner North,Property Damage,2019,Q2,256,4.305125790394188,Pre
Inner North,Property Damage,2019,Q3,199,3.3465626261267323,Pre
Inner North,Property Damage,2019,Q4,204,3.4306471142203687,Pre
Inner North,Property Damage,2020,Q1,199,3.270605637275043,Pre
Inner North,Property Damage,2020,Q2,139,2.2844933848303066,During
Inner North,Property Damage,2020,Q3,202,3.31991124989728,During
Inner North,Property Damage,2020,Q4,234,3.845837784534473,During
Inner North,Property Damage,2021,Q1,162,2.6360751769587503,During
Inner North,Property Damage,2021,Q2,229,3.72630379952811,During
Inner North,Property Damage,2021,Q3,209,3.4008624196566597,During
Inner North,Property Damage,2021,Q4,174,2.831340004881621,Post
Inner North,Property Damage,2022,Q1,172,2.698377835649964,Post
Inner North,Property Damage,2022,Q2,203,3.1847133757961785,Post
Inner North,Property Damage,2022,Q3,194,3.043519186721471,Post
Inner North,Property Damage,2022,Q4,173,2.714066078880487,Post
Inner North,Property Damage,2023,Q1,188,2.8519417475728157,Post
Inner North,Property Damage,2023,Q2,196,2.9733009708737863,Post
Inner North,Property Damage,2023,Q3,143,2.1692961165048543,Post
Inner North,Property Damage,2023,Q4,192,2.912621359223301,Post
Inner North,Property Damage,2024,Q1,176,2.614806340905377,Post
Inner North,Property Damage,2024,Q2,154,2.2879555482922047,Post
Inner North,Property Damage,2024,Q3,184,2.733661174582894,Post
Inner North,Property Damage,2024,Q4,226,3.357649051389859,Post
Inner North,Property Damage,2025,Q1,229,3.3567376614239017,Post
Inner North,Property Damage,2025,Q2,141,2.0668122718810924,Post
Inner North,Robbery,2014,Q1,14,0.2649858989646622,Pre
Inner North,Robbery,2014,Q2,9,0.1703480779058543,Pre
Inner North,Robbery,2014,Q3,9,0.1703480779058543,Pre
Inner North,Robbery,2014,Q4,12,0.227130770541139,Pre
Inner North,Robbery,2015,Q1,12,0.2241566107520454,Pre
Inner North,Robbery,2015,Q2,17,0.3175551985653977,Pre
Inner North,Robbery,2015,Q3,10,0.1867971756267045,Pre
Inner North,Robbery,2015,Q4,17,0.3175551985653977,Pre
Inner North,Robbery,2016,Q1,9,0.1650528169014084,Pre
Inner North,Robbery,2016,Q2,16,0.2934272300469484,Pre
Inner North,Robbery,2016,Q3,17,0.3117664319248826,Pre
Inner North,Robbery,2016,Q4,26,0.476819248826291,Pre
Inner North,Robbery,2017,Q1,9,0.1596480647106822,Pre
Inner North,Robbery,2017,Q2,9,0.1596480647106822,Pre
Inner North,Robbery,2017,Q3,9,0.1596480647106822,Pre
Inner North,Robbery,2017,Q4,10,0.1773867385674246,Pre
Inner North,Robbery,2018,Q1,13,0.2245560699233054,Pre
Inner North,Robbery,2018,Q2,11,0.1900089822427969,Pre
Inner North,Robbery,2018,Q3,13,0.2245560699233054,Pre
Inner North,Robbery,2018,Q4,12,0.2072825260830512,Pre
Inner North,Robbery,2019,Q1,20,0.3363379523745459,Pre
Inner North,Robbery,2019,Q2,10,0.1681689761872729,Pre
Inner North,Robbery,2019,Q3,22,0.3699717476120005,Pre
Inner North,Robbery,2019,Q4,14,0.2354365666621821,Pre
Inner North,Robbery,2020,Q1,24,0.3944449009778946,Pre
Inner North,Robbery,2020,Q2,7,0.1150464294518859,During
Inner North,Robbery,2020,Q3,10,0.1643520420741227,During
Inner North,Robbery,2020,Q4,16,0.2629632673185964,During
Inner North,Robbery,2021,Q1,6,0.0976324139614352,During
Inner North,Robbery,2021,Q2,5,0.0813603449678626,During
Inner North,Robbery,2021,Q3,19,0.3091693108778781,During
Inner North,Robbery,2021,Q4,10,0.1627206899357253,Post
Inner North,Robbery,2022,Q1,12,0.1882589187662765,Post
Inner North,Robbery,2022,Q2,11,0.1725706755357535,Post
Inner North,Robbery,2022,Q3,24,0.3765178375325531,Post
Inner North,Robbery,2022,Q4,12,0.1882589187662765,Post
Inner North,Robbery,2023,Q1,19,0.2882281553398058,Post
Inner North,Robbery,2023,Q2,11,0.1668689320388349,Post
Inner North,Robbery,2023,Q3,13,0.1972087378640776,Post
Inner North,Robbery,2023,Q4,12,0.1820388349514563,Post
Inner North,Robbery,2024,Q1,10,0.1485685420968964,Post
Inner North,Robbery,2024,Q2,16,0.2377096673550342,Post
Inner North,Robbery,2024,Q3,10,0.1485685420968964,Post
Inner North,Robbery,2024,Q4,17,0.2525665215647238,Post
Inner North,Robbery,2025,Q1,9,0.1319241875668782,Post
Inner North,Robbery,2025,Q2,10,0.1465824306298647,Post
Inner North,Sexual Assault,2014,Q1,20,0.3785512842352317,Pre
Inner North,Sexual Assault,2014,Q2,17,0.321768591599947,Pre
Inner North,Sexual Assault,2014,Q3,16,0.3028410273881854,Pre
Inner North,Sexual Assault,2014,Q4,17,0.321768591599947,Pre
Inner North,Sexual Assault,2015,Q1,19,0.3549146336907386,Pre
Inner North,Sexual Assault,2015,Q2,15,0.2801957634400568,Pre
Inner North,Sexual Assault,2015,Q3,16,0.2988754810027272,Pre
Inner North,Sexual Assault,2015,Q4,12,0.2241566107520454,Pre
Inner North,Sexual Assault,2016,Q1,34,0.6235328638497653,Pre
Inner North,Sexual Assault,2016,Q2,24,0.4401408450704225,Pre
Inner North,Sexual Assault,2016,Q3,22,0.403462441314554,Pre
Inner North,Sexual Assault,2016,Q4,22,0.403462441314554,Pre
Inner North,Sexual Assault,2017,Q1,39,0.6918082804129563,Pre
Inner North,Sexual Assault,2017,Q2,41,0.7272856281264413,Pre
Inner North,Sexual Assault,2017,Q3,44,0.7805016496966687,Pre
Inner North,Sexual Assault,2017,Q4,22,0.3902508248483343,Pre
Inner North,Sexual Assault,2018,Q1,25,0.4318385960063566,Pre
Inner North,Sexual Assault,2018,Q2,28,0.4836592275271194,Pre
Inner North,Sexual Assault,2018,Q3,29,0.5009327713673737,Pre
Inner North,Sexual Assault,2018,Q4,23,0.3972915083258481,Pre
Inner North,Sexual Assault,2019,Q1,65,1.0930983452172744,Pre
Inner North,Sexual Assault,2019,Q2,16,0.2690703618996367,Pre
Inner North,Sexual Assault,2019,Q3,26,0.4372393380869097,Pre
Inner North,Sexual Assault,2019,Q4,27,0.454056235705637,Pre
Inner North,Sexual Assault,2020,Q1,28,0.4601857178075437,Pre
Inner North,Sexual Assault,2020,Q2,23,0.3780096967704824,During
Inner North,Sexual Assault,2020,Q3,21,0.3451392883556578,During
Inner North,Sexual Assault,2020,Q4,20,0.3287040841482455,During
Inner North,Sexual Assault,2021,Q1,33,0.5369782767878936,During
Inner North,Sexual Assault,2021,Q2,28,0.4556179318200309,During
Inner North,Sexual Assault,2021,Q3,34,0.5532503457814661,During
Inner North,Sexual Assault,2021,Q4,43,0.699698966723619,Post
Inner North,Sexual Assault,2022,Q1,20,0.3137648646104609,Post
Inner North,Sexual Assault,2022,Q2,34,0.5334002698377835,Post
Inner North,Sexual Assault,2022,Q3,39,0.6118414859903988,Post
Inner North,Sexual Assault,2022,Q4,56,0.8785416209092907,Post
Inner North,Sexual Assault,2023,Q1,40,0.6067961165048543,Post
Inner North,Sexual Assault,2023,Q2,36,0.5461165048543689,Post
Inner North,Sexual Assault,2023,Q3,34,0.5157766990291262,Post
Inner North,Sexual Assault,2023,Q4,39,0.591626213592233,Post
Inner North,Sexual Assault,2024,Q1,37,0.5497036057585167,Post
Inner North,Sexual Assault,2024,Q2,32,0.4754193347100685,Post
Inner North,Sexual Assault,2024,Q3,39,0.579417314177896,Post
Inner North,Sexual Assault,2024,Q4,42,0.6239878768069649,Post
Inner North,Sexual Assault,2025,Q1,59,0.8648363407162017,Post
Inner North,Sexual Assault,2025,Q2,24,0.3517978335116752,Post
Inner North,TINs,2014,Q1,882,16.694111634773723,Pre
Inner North,TINs,2014,Q2,902,17.072662919008952,Pre
Inner North,TINs,2014,Q3,1000,18.927564211761588,Pre
Inner North,TINs,2014,Q4,746,14.119962901974146,Pre
Inner North,TINs,2015,Q1,607,11.338588560540964,Pre
Inner North,TINs,2015,Q2,675,12.608809354802556,Pre
Inner North,TINs,2015,Q3,819,15.2986886838271,Pre
Inner North,TINs,2015,Q4,551,10.29252437703142,Pre
Inner North,TINs,2016,Q1,669,12.268926056338028,Pre
Inner North,TINs,2016,Q2,595,10.911825117370892,Pre
Inner North,TINs,2016,Q3,827,15.166519953051644,Pre
Inner North,TINs,2016,Q4,729,13.369278169014084,Pre
Inner North,TINs,2017,Q1,799,14.173200411537232,Pre
Inner North,TINs,2017,Q2,807,14.315109802391172,Pre
Inner North,TINs,2017,Q3,744,13.197573349416396,Pre
Inner North,TINs,2017,Q4,720,12.771845176854578,Pre
Inner North,TINs,2018,Q1,889,15.356180473986042,Pre
Inner North,TINs,2018,Q2,530,9.15497823533476,Pre
Inner North,TINs,2018,Q3,751,12.972431424030953,Pre
Inner North,TINs,2018,Q4,602,10.398673391833068,Pre
Inner North,TINs,2019,Q1,612,10.291941342661106,Pre
Inner North,TINs,2019,Q2,522,8.77842055697565,Pre
Inner North,TINs,2019,Q3,355,5.96999865464819,Pre
Inner North,TINs,2019,Q4,673,11.317772097403472,Pre
Inner North,TINs,2020,Q1,690,11.340290903114472,Pre
Inner North,TINs,2020,Q2,517,8.497000575232148,During
Inner North,TINs,2020,Q3,379,6.228942394609253,During
Inner North,TINs,2020,Q4,421,6.919220971320569,During
Inner North,TINs,2021,Q1,274,4.458546904238874,During
Inner North,TINs,2021,Q2,470,7.647872426979091,During
Inner North,TINs,2021,Q3,291,4.735172077129607,During
Inner North,TINs,2021,Q4,291,4.735172077129607,Post
Inner North,TINs,2022,Q1,268,4.2044491857801765,Post
Inner North,TINs,2022,Q2,257,4.031878510244423,Post
Inner North,TINs,2022,Q3,270,4.235825672241223,Post
Inner North,TINs,2022,Q4,309,4.847667158231621,Post
Inner North,TINs,2023,Q1,324,4.91504854368932,Post
Inner North,TINs,2023,Q2,484,7.342233009708738,Post
Inner North,TINs,2023,Q3,356,5.400485436893204,Post
Inner North,TINs,2023,Q4,277,4.202063106796117,Post
Inner North,TINs,2024,Q1,403,5.987312246504925,Post
Inner North,TINs,2024,Q2,303,4.501626825535961,Post
Inner North,TINs,2024,Q3,334,4.96218930603634,Post
Inner North,TINs,2024,Q4,345,5.125614702342926,Post
Inner North,TINs,2025,Q1,494,7.241172073115316,Post
Inner North,TINs,2025,Q2,400,5.863297225194588,Post
Inner North,Theft,2014,Q1,726,13.741411617738914,Pre
Inner North,Theft,2014,Q2,546,10.334450059621828,Pre
Inner North,Theft,2014,Q3,520,9.842333390116028,Pre
Inner North,Theft,2014,Q4,514,9.728768004845456,Pre
Inner North,Theft,2015,Q1,540,10.087047483842044,Pre
Inner North,Theft,2015,Q2,606,11.319908842978297,Pre
Inner North,Theft,2015,Q3,554,10.348563529719431,Pre
Inner North,Theft,2015,Q4,624,11.656143759106362,Pre
Inner North,Theft,2016,Q1,501,9.18794014084507,Pre
Inner North,Theft,2016,Q2,599,10.98518192488263,Pre
Inner North,Theft,2016,Q3,441,8.087588028169014,Pre
Inner North,Theft,2016,Q4,407,7.464055164319249,Pre
Inner North,Theft,2017,Q1,585,10.377124206194344,Pre
Inner North,Theft,2017,Q2,482,8.55004079894987,Pre
Inner North,Theft,2017,Q3,444,7.875971192393656,Pre
Inner North,Theft,2017,Q4,543,9.63209990421116,Pre
Inner North,Theft,2018,Q1,451,7.790368271954674,Pre
Inner North,Theft,2018,Q2,499,8.619498376286879,Pre
Inner North,Theft,2018,Q3,489,8.446762937884335,Pre
Inner North,Theft,2018,Q4,529,9.137704691494507,Pre
Inner North,Theft,2019,Q1,581,9.77061751648056,Pre
Inner North,Theft,2019,Q2,646,10.863715861697834,Pre
Inner North,Theft,2019,Q3,522,8.77842055697565,Pre
Inner North,Theft,2019,Q4,478,8.038477061751648,Pre
Inner North,Theft,2020,Q1,523,8.595611800476622,Pre
Inner North,Theft,2020,Q2,309,5.078478100090393,During
Inner North,Theft,2020,Q3,379,6.228942394609253,During
Inner North,Theft,2020,Q4,551,9.055797518284164,During
Inner North,Theft,2021,Q1,566,9.209991050362056,During
Inner North,Theft,2021,Q2,685,11.146367260597184,During
Inner North,Theft,2021,Q3,569,9.258807257342772,During
Inner North,Theft,2021,Q4,601,9.779513465137091,Post
Inner North,Theft,2022,Q1,657,10.307175802453642,Post
Inner North,Theft,2022,Q2,611,9.58551661384958,Post
Inner North,Theft,2022,Q3,497,7.797056885569954,Post
Inner North,Theft,2022,Q4,508,7.969627561105708,Post
Inner North,Theft,2023,Q1,614,9.314320388349516,Post
Inner North,Theft,2023,Q2,519,7.873179611650485,Post
Inner North,Theft,2023,Q3,546,8.282766990291261,Post
Inner North,Theft,2023,Q4,538,8.16140776699029,Post
Inner North,Theft,2024,Q1,555,8.245554086377751,Post
Inner North,Theft,2024,Q2,440,6.537015852263442,Post
Inner North,Theft,2024,Q3,589,8.750687129507199,Post
Inner North,Theft,2024,Q4,634,9.419245568943232,Post
Inner North,Theft,2025,Q1,593,8.692338136350976,Post
Inner North,Theft,2025,Q2,514,7.534336934375045,Post
Inner South,Assault,2014,Q1,36,1.3601329907813209,Pre
Inner South,Assault,2014,Q2,30,1.133444158984434,Pre
Inner South,Assault,2014,Q3,34,1.284570046849025,Pre
Inner South,Assault,2014,Q4,26,0.9823182711198428,Pre
Inner South,Assault,2015,Q1,28,1.036653091447612,Pre
Inner South,Assault,2015,Q2,30,1.1106997408367272,Pre
Inner South,Assault,2015,Q3,29,1.0736764161421697,Pre
Inner South,Assault,2015,Q4,34,1.2587930396149574,Pre
Inner South,Assault,2016,Q1,30,1.080808444716648,Pre
Inner South,Assault,2016,Q2,29,1.0447814965594264,Pre
Inner South,Assault,2016,Q3,28,1.008754548402205,Pre
Inner South,Assault,2016,Q4,31,1.1168353928738697,Pre
Inner South,Assault,2017,Q1,35,1.2072295805739517,Pre
Inner South,Assault,2017,Q2,42,1.4486754966887416,Pre
Inner South,Assault,2017,Q3,27,0.9312913907284768,Pre
Inner South,Assault,2017,Q4,48,1.6556291390728477,Pre
Inner South,Assault,2018,Q1,38,1.2727333623605854,Pre
Inner South,Assault,2018,Q2,33,1.1052684462605085,Pre
Inner South,Assault,2018,Q3,31,1.0382824798204775,Pre
Inner South,Assault,2018,Q4,40,1.3397193288006164,Pre
Inner South,Assault,2019,Q1,36,1.1773940345368916,Pre
Inner South,Assault,2019,Q2,33,1.0792778649921506,Pre
Inner South,Assault,2019,Q3,28,0.9157509157509156,Pre
Inner South,Assault,2019,Q4,43,1.4063317634746206,Pre
Inner South,Assault,2020,Q1,21,0.6754366215303463,Pre
Inner South,Assault,2020,Q2,24,0.771927567463253,During
Inner South,Assault,2020,Q3,16,0.5146183783088354,During
Inner South,Assault,2020,Q4,30,0.9649094593290662,During
Inner South,Assault,2021,Q1,36,1.142929709822846,During
Inner South,Assault,2021,Q2,34,1.0794336148326875,During
Inner South,Assault,2021,Q3,28,0.8889453298622134,During
Inner South,Assault,2021,Q4,35,1.1111816623277668,Post
Inner South,Assault,2022,Q1,37,1.1356660527931246,Post
Inner South,Assault,2022,Q2,23,0.7059545733578884,Post
Inner South,Assault,2022,Q3,25,0.7673419275629221,Post
Inner South,Assault,2022,Q4,23,0.7059545733578884,Post
Inner South,Assault,2023,Q1,19,0.5637647617352086,Post
Inner South,Assault,2023,Q2,20,0.5934365913002196,Post
Inner South,Assault,2023,Q3,31,0.9198267165153404,Post
Inner South,Assault,2023,Q4,33,0.9791703756453624,Post
Inner South,Assault,2024,Q1,26,0.7556382236689142,Post
Inner South,Assault,2024,Q2,29,0.8428272494768658,Post
Inner South,Assault,2024,Q3,17,0.4940711462450592,Post
Inner South,Assault,2024,Q4,9,0.2615670774238549,Post
Inner South,Assault,2025,Q1,21,0.6031882809133995,Post
Inner South,Assault,2025,Q2,12,0.3446790176647997,Post
Inner South,Burglary,2014,Q1,84,3.173643645156415,Pre
Inner South,Burglary,2014,Q2,78,2.9469548133595285,Pre
Inner South,Burglary,2014,Q3,46,1.737947710442799,Pre
Inner South,Burglary,2014,Q4,69,2.6069215656641984,Pre
Inner South,Burglary,2015,Q1,67,2.480562754535357,Pre
Inner South,Burglary,2015,Q2,117,4.331728989263236,Pre
Inner South,Burglary,2015,Q3,84,3.109959274342836,Pre
Inner South,Burglary,2015,Q4,140,5.183265457238059,Pre
Inner South,Burglary,2016,Q1,121,4.3592607270238135,Pre
Inner South,Burglary,2016,Q2,111,3.9989912454515975,Pre
Inner South,Burglary,2016,Q3,81,2.9181828007349497,Pre
Inner South,Burglary,2016,Q4,92,3.314479230464387,Pre
Inner South,Burglary,2017,Q1,93,3.2077814569536423,Pre
Inner South,Burglary,2017,Q2,72,2.4834437086092715,Pre
Inner South,Burglary,2017,Q3,82,2.828366445916114,Pre
Inner South,Burglary,2017,Q4,97,3.3457505518763795,Pre
Inner South,Burglary,2018,Q1,86,2.880396556921325,Pre
Inner South,Burglary,2018,Q2,110,3.684228154201695,Pre
Inner South,Burglary,2018,Q3,95,3.181833405901464,Pre
Inner South,Burglary,2018,Q4,65,2.177043909301001,Pre
Inner South,Burglary,2019,Q1,96,3.1397174254317117,Pre
Inner South,Burglary,2019,Q2,57,1.8642072213500784,Pre
Inner South,Burglary,2019,Q3,53,1.7333856619570904,Pre
Inner South,Burglary,2019,Q4,53,1.7333856619570904,Pre
Inner South,Burglary,2020,Q1,84,2.7017464861213853,Pre
Inner South,Burglary,2020,Q2,45,1.4473641889935993,During
Inner South,Burglary,2020,Q3,45,1.4473641889935993,During
Inner South,Burglary,2020,Q4,85,2.733910134765688,During
Inner South,Burglary,2021,Q1,65,2.0636230871801384,During
Inner South,Burglary,2021,Q2,64,2.031875039685059,During
Inner South,Burglary,2021,Q3,67,2.1271191821702966,During
Inner South,Burglary,2021,Q4,66,2.0953711346752173,Post
Inner South,Burglary,2022,Q1,66,2.0257826887661143,Post
Inner South,Burglary,2022,Q2,54,1.6574585635359116,Post
Inner South,Burglary,2022,Q3,61,1.8723143032535297,Post
Inner South,Burglary,2022,Q4,58,1.7802332719459792,Post
Inner South,Burglary,2023,Q1,41,1.2165450121654502,Post
Inner South,Burglary,2023,Q2,41,1.2165450121654502,Post
Inner South,Burglary,2023,Q3,71,2.1066998991157795,Post
Inner South,Burglary,2023,Q4,67,1.988012580855736,Post
Inner South,Burglary,2024,Q1,71,2.0634736107881886,Post
Inner South,Burglary,2024,Q2,46,1.3368983957219251,Post
Inner South,Burglary,2024,Q3,57,1.656591490351081,Post
Inner South,Burglary,2024,Q4,33,0.959079283887468,Post
Inner South,Burglary,2025,Q1,78,2.2404136148211977,Post
Inner South,Burglary,2025,Q2,45,1.2925463162429989,Post
Inner South,CINs,2014,Q1,2,0.0755629439322956,Pre
Inner South,CINs,2014,Q2,0,0.0,Pre
Inner South,CINs,2014,Q3,2,0.0755629439322956,Pre
Inner South,CINs,2014,Q4,10,0.377814719661478,Pre
Inner South,CINs,2015,Q1,5,0.1851166234727878,Pre
Inner South,CINs,2015,Q2,0,0.0,Pre
Inner South,CINs,2015,Q3,2,0.0740466493891151,Pre
Inner South,CINs,2015,Q4,4,0.1480932987782302,Pre
Inner South,CINs,2016,Q1,5,0.180134740786108,Pre
Inner South,CINs,2016,Q2,2,0.0720538963144432,Pre
Inner South,CINs,2016,Q3,1,0.0360269481572216,Pre
Inner South,CINs,2016,Q4,1,0.0360269481572216,Pre
Inner South,CINs,2017,Q1,0,0.0,Pre
Inner South,CINs,2017,Q2,1,0.0344922737306843,Pre
Inner South,CINs,2017,Q3,0,0.0,Pre
Inner South,CINs,2017,Q4,2,0.0689845474613686,Pre
Inner South,CINs,2018,Q1,4,0.1339719328800616,Pre
Inner South,CINs,2018,Q2,0,0.0,Pre
Inner South,CINs,2018,Q3,0,0.0,Pre
Inner South,CINs,2018,Q4,4,0.1339719328800616,Pre
Inner South,CINs,2019,Q1,1,0.0327053898482469,Pre
Inner South,CINs,2019,Q2,0,0.0,Pre
Inner South,CINs,2019,Q3,0,0.0,Pre
Inner South,CINs,2019,Q4,1,0.0327053898482469,Pre
Inner South,CINs,2020,Q1,0,0.0,Pre
Inner South,CINs,2020,Q2,0,0.0,During
Inner South,CINs,2020,Q3,1,0.0321636486443022,During
Inner South,CINs,2020,Q4,1,0.0321636486443022,During
Inner South,CINs,2021,Q1,1,0.031748047495079,During
Inner South,CINs,2021,Q2,0,0.0,During
Inner South,CINs,2021,Q3,6,0.1904882849704743,During
Inner South,CINs,2021,Q4,2,0.0634960949901581,Post
Inner South,CINs,2022,Q1,0,0.0,Post
Inner South,CINs,2022,Q2,0,0.0,Post
Inner South,CINs,2022,Q3,1,0.0306936771025168,Post
Inner South,CINs,2022,Q4,0,0.0,Post
Inner South,CINs,2023,Q1,0,0.0,Post
Inner South,CINs,2023,Q2,0,0.0,Post
Inner South,CINs,2023,Q3,0,0.0,Post
Inner South,CINs,2023,Q4,0,0.0,Post
Inner South,CINs,2024,Q1,0,0.0,Post
Inner South,CINs,2024,Q2,0,0.0,Post
Inner South,CINs,2024,Q3,0,0.0,Post
Inner South,CINs,2024,Q4,0,0.0,Post
Inner South,CINs,2025,Q1,0,0.0,Post
Inner South,CINs,2025,Q2,0,0.0,Post
Inner South,Family Violence,2014,Q1,13,0.4911591355599214,Pre
Inner South,Family Violence,2014,Q2,14,0.5289406075260692,Pre
Inner South,Family Violence,2014,Q3,9,0.3400332476953302,Pre
Inner South,Family Violence,2014,Q4,15,0.566722079492217,Pre
Inner South,Family Violence,2015,Q1,9,0.3332099222510181,Pre
Inner South,Family Violence,2015,Q2,16,0.5923731951129211,Pre
Inner South,Family Violence,2015,Q3,10,0.3702332469455757,Pre
Inner South,Family Violence,2015,Q4,13,0.4813032210292484,Pre
Inner South,Family Violence,2016,Q1,19,0.6845120149872104,Pre
Inner South,Family Violence,2016,Q2,19,0.6845120149872104,Pre
Inner South,Family Violence,2016,Q3,28,1.008754548402205,Pre
Inner South,Family Violence,2016,Q4,23,0.8286198076160968,Pre
Inner South,Family Violence,2017,Q1,15,0.5173841059602649,Pre
Inner South,Family Violence,2017,Q2,37,1.27621412803532,Pre
Inner South,Family Violence,2017,Q3,13,0.4483995584988962,Pre
Inner South,Family Violence,2017,Q4,20,0.6898454746136865,Pre
Inner South,Family Violence,2018,Q1,9,0.3014368489801386,Pre
Inner South,Family Violence,2018,Q2,5,0.167464916100077,Pre
Inner South,Family Violence,2018,Q3,10,0.3349298322001541,Pre
Inner South,Family Violence,2018,Q4,14,0.4689017650802157,Pre
Inner South,Family Violence,2019,Q1,19,0.6214024071166928,Pre
Inner South,Family Violence,2019,Q2,18,0.5886970172684458,Pre
Inner South,Family Violence,2019,Q3,26,0.8503401360544217,Pre
Inner South,Family Violence,2019,Q4,18,0.5886970172684458,Pre
Inner South,Family Violence,2020,Q1,20,0.6432729728860441,Pre
Inner South,Family Violence,2020,Q2,11,0.3538001350873243,During
Inner South,Family Violence,2020,Q3,25,0.8040912161075552,During
Inner South,Family Violence,2020,Q4,19,0.6111093242417419,During
Inner South,Family Violence,2021,Q1,18,0.571464854911423,During
Inner South,Family Violence,2021,Q2,19,0.6032129024065019,During
Inner South,Family Violence,2021,Q3,21,0.6667089973966601,During
Inner South,Family Violence,2021,Q4,18,0.571464854911423,Post
Inner South,Family Violence,2022,Q1,14,0.4297114794352363,Post
Inner South,Family Violence,2022,Q2,17,0.521792510742787,Post
Inner South,Family Violence,2022,Q3,26,0.798035604665439,Post
Inner South,Family Violence,2022,Q4,13,0.3990178023327195,Post
Inner South,Family Violence,2023,Q1,13,0.3857337843451427,Post
Inner South,Family Violence,2023,Q2,19,0.5637647617352086,Post
Inner South,Family Violence,2023,Q3,16,0.4747492730401756,Post
Inner South,Family Violence,2023,Q4,18,0.5340929321701976,Post
Inner South,Family Violence,2024,Q1,13,0.3778191118344571,Post
Inner South,Family Violence,2024,Q2,16,0.4650081376424087,Post
Inner South,Family Violence,2024,Q3,12,0.3487561032318065,Post
Inner South,Family Violence,2024,Q4,10,0.2906300860265055,Post
Inner South,Family Violence,2025,Q1,23,0.6606347838575327,Post
Inner South,Family Violence,2025,Q2,10,0.2872325147206664,Post
Inner South,Homicide,2014,Q1,0,0.0,Pre
Inner South,Homicide,2014,Q2,0,0.0,Pre
Inner South,Homicide,2014,Q3,1,0.0377814719661478,Pre
Inner South,Homicide,2014,Q4,0,0.0,Pre
Inner South,Homicide,2015,Q1,0,0.0,Pre
Inner South,Homicide,2015,Q2,0,0.0,Pre
Inner South,Homicide,2015,Q3,0,0.0,Pre
Inner South,Homicide,2015,Q4,3,0.1110699740836727,Pre
Inner South,Homicide,2016,Q1,1,0.0360269481572216,Pre
Inner South,Homicide,2016,Q2,0,0.0,Pre
Inner South,Homicide,2016,Q3,0,0.0,Pre
Inner South,Homicide,2016,Q4,0,0.0,Pre
Inner South,Homicide,2017,Q1,0,0.0,Pre
Inner South,Homicide,2017,Q2,1,0.0344922737306843,Pre
Inner South,Homicide,2017,Q3,0,0.0,Pre
Inner South,Homicide,2017,Q4,0,0.0,Pre
Inner South,Homicide,2018,Q1,0,0.0,Pre
Inner South,Homicide,2018,Q2,0,0.0,Pre
Inner South,Homicide,2018,Q3,0,0.0,Pre
Inner South,Homicide,2018,Q4,0,0.0,Pre
Inner South,Homicide,2019,Q1,1,0.0327053898482469,Pre
Inner South,Homicide,2019,Q2,0,0.0,Pre
Inner South,Homicide,2019,Q3,0,0.0,Pre
Inner South,Homicide,2019,Q4,0,0.0,Pre
Inner South,Homicide,2020,Q1,0,0.0,Pre
Inner South,Homicide,2020,Q2,0,0.0,During
Inner South,Homicide,2020,Q3,2,0.0643272972886044,During
Inner South,Homicide,2020,Q4,0,0.0,During
Inner South,Homicide,2021,Q1,0,0.0,During
Inner South,Homicide,2021,Q2,0,0.0,During
Inner South,Homicide,2021,Q3,0,0.0,During
Inner South,Homicide,2021,Q4,0,0.0,Post
Inner South,Homicide,2022,Q1,1,0.0306936771025168,Post
Inner South,Homicide,2022,Q2,0,0.0,Post
Inner South,Homicide,2022,Q3,0,0.0,Post
Inner South,Homicide,2022,Q4,0,0.0,Post
Inner South,Homicide,2023,Q1,0,0.0,Post
Inner South,Homicide,2023,Q2,0,0.0,Post
Inner South,Homicide,2023,Q3,0,0.0,Post
Inner South,Homicide,2023,Q4,1,0.0296718295650109,Post
Inner South,Homicide,2024,Q1,0,0.0,Post
Inner South,Homicide,2024,Q2,1,0.0290630086026505,Post
Inner South,Homicide,2024,Q3,0,0.0,Post
Inner South,Homicide,2024,Q4,0,0.0,Post
Inner South,Homicide,2025,Q1,0,0.0,Post
Inner South,Homicide,2025,Q2,0,0.0,Post
Inner South,Other,2014,Q1,296,11.18331570197975,Pre
Inner South,Other,2014,Q2,311,11.750037781471969,Pre
Inner South,Other,2014,Q3,227,8.576394136315551,Pre
Inner South,Other,2014,Q4,242,9.143116215807767,Pre
Inner South,Other,2015,Q1,296,10.95890410958904,Pre
Inner South,Other,2015,Q2,227,8.404294705664569,Pre
Inner South,Other,2015,Q3,243,8.996667900777489,Pre
Inner South,Other,2015,Q4,248,9.181784524250276,Pre
Inner South,Other,2016,Q1,256,9.22289872824873,Pre
Inner South,Other,2016,Q2,288,10.37576106927982,Pre
Inner South,Other,2016,Q3,369,13.29394387001477,Pre
Inner South,Other,2016,Q4,331,11.92491984004035,Pre
Inner South,Other,2017,Q1,264,9.105960264900665,Pre
Inner South,Other,2017,Q2,354,12.210264900662253,Pre
Inner South,Other,2017,Q3,355,12.244757174392936,Pre
Inner South,Other,2017,Q4,359,12.382726269315674,Pre
Inner South,Other,2018,Q1,300,10.047894966004622,Pre
Inner South,Other,2018,Q2,311,10.416317781424793,Pre
Inner South,Other,2018,Q3,350,11.722544127005392,Pre
Inner South,Other,2018,Q4,382,12.794319590045886,Pre
Inner South,Other,2019,Q1,216,7.06436420722135,Pre
Inner South,Other,2019,Q2,233,7.620355834641549,Pre
Inner South,Other,2019,Q3,194,6.344845630559917,Pre
Inner South,Other,2019,Q4,224,7.326007326007326,Pre
Inner South,Other,2020,Q1,295,9.488276350069151,Pre
Inner South,Other,2020,Q2,263,8.45903959345148,During
Inner South,Other,2020,Q3,324,10.421022160753916,During
Inner South,Other,2020,Q4,239,7.6871120259882275,During
Inner South,Other,2021,Q1,265,8.41323258619595,During
Inner South,Other,2021,Q2,334,10.603847863356403,During
Inner South,Other,2021,Q3,251,7.968759921264842,During
Inner South,Other,2021,Q4,224,7.111562638897707,Post
Inner South,Other,2022,Q1,200,6.138735420503377,Post
Inner South,Other,2022,Q2,216,6.629834254143646,Post
Inner South,Other,2022,Q3,238,7.305095150399018,Post
Inner South,Other,2022,Q4,151,4.634745242480049,Post
Inner South,Other,2023,Q1,182,5.400272980831998,Post
Inner South,Other,2023,Q2,125,3.7089786956263726,Post
Inner South,Other,2023,Q3,121,3.5902913773663285,Post
Inner South,Other,2023,Q4,150,4.450774434751647,Post
Inner South,Other,2024,Q1,143,4.156010230179028,Post
Inner South,Other,2024,Q2,159,4.621018367821437,Post
Inner South,Other,2024,Q3,121,3.516624040920716,Post
Inner South,Other,2024,Q4,201,5.841664729132759,Post
Inner South,Other,2025,Q1,168,4.825506247307196,Post
Inner South,Other,2025,Q2,152,4.365934223754129,Post
Inner South,Property Damage,2014,Q1,128,4.836028411666919,Pre
Inner South,Property Damage,2014,Q2,109,4.11818044431011,Pre
Inner South,Property Damage,2014,Q3,112,4.231524860208554,Pre
Inner South,Property Damage,2014,Q4,179,6.762883481940456,Pre
Inner South,Property Damage,2015,Q1,111,4.10958904109589,Pre
Inner South,Property Damage,2015,Q2,207,7.663828211773417,Pre
Inner South,Property Damage,2015,Q3,200,7.404664938911514,Pre
Inner South,Property Damage,2015,Q4,194,7.182524990744168,Pre
Inner South,Property Damage,2016,Q1,170,6.124581186727672,Pre
Inner South,Property Damage,2016,Q2,175,6.30471592751378,Pre
Inner South,Property Damage,2016,Q3,142,5.115826638325467,Pre
Inner South,Property Damage,2016,Q4,166,5.9804733940987855,Pre
Inner South,Property Damage,2017,Q1,193,6.657008830022074,Pre
Inner South,Property Damage,2017,Q2,210,7.243377483443709,Pre
Inner South,Property Damage,2017,Q3,137,4.725441501103752,Pre
Inner South,Property Damage,2017,Q4,157,5.415286975717439,Pre
Inner South,Property Damage,2018,Q1,160,5.358877315202466,Pre
Inner South,Property Damage,2018,Q2,113,3.784707103861741,Pre
Inner South,Property Damage,2018,Q3,201,6.732089627223097,Pre
Inner South,Property Damage,2018,Q4,133,4.454566768262049,Pre
Inner South,Property Damage,2019,Q1,155,5.069335426478284,Pre
Inner South,Property Damage,2019,Q2,88,2.8780743066457357,Pre
Inner South,Property Damage,2019,Q3,116,3.793825222396651,Pre
Inner South,Property Damage,2019,Q4,105,3.434065934065934,Pre
Inner South,Property Damage,2020,Q1,101,3.248528513074523,Pre
Inner South,Property Damage,2020,Q2,97,3.1198739184973143,During
Inner South,Property Damage,2020,Q3,95,3.05554662120871,During
Inner South,Property Damage,2020,Q4,118,3.795310540027661,During
Inner South,Property Damage,2021,Q1,132,4.190742269350435,During
Inner South,Property Damage,2021,Q2,140,4.444726649311067,During
Inner South,Property Damage,2021,Q3,113,3.587529366943933,During
Inner South,Property Damage,2021,Q4,136,4.317734459330751,Post
Inner South,Property Damage,2022,Q1,147,4.511970534069982,Post
Inner South,Property Damage,2022,Q2,175,5.371393492940455,Post
Inner South,Property Damage,2022,Q3,135,4.143646408839779,Post
Inner South,Property Damage,2022,Q4,85,2.608962553713935,Post
Inner South,Property Damage,2023,Q1,60,1.7803097739006588,Post
Inner South,Property Damage,2023,Q2,77,2.2847308765058454,Post
Inner South,Property Damage,2023,Q3,94,2.789151979111032,Post
Inner South,Property Damage,2023,Q4,96,2.848495638241054,Post
Inner South,Property Damage,2024,Q1,82,2.3831667054173447,Post
Inner South,Property Damage,2024,Q2,44,1.278772378516624,Post
Inner South,Property Damage,2024,Q3,68,1.976284584980237,Post
Inner South,Property Damage,2024,Q4,63,1.830969541966984,Post
Inner South,Property Damage,2025,Q1,55,1.5797788309636651,Post
Inner South,Property Damage,2025,Q2,44,1.263823064770932,Post
Inner South,Robbery,2014,Q1,4,0.1511258878645912,Pre
Inner South,Robbery,2014,Q2,5,0.188907359830739,Pre
Inner South,Robbery,2014,Q3,1,0.0377814719661478,Pre
Inner South,Robbery,2014,Q4,5,0.188907359830739,Pre
Inner South,Robbery,2015,Q1,2,0.0740466493891151,Pre
Inner South,Robbery,2015,Q2,7,0.259163272861903,Pre
Inner South,Robbery,2015,Q3,6,0.2221399481673454,Pre
Inner South,Robbery,2015,Q4,2,0.0740466493891151,Pre
Inner South,Robbery,2016,Q1,4,0.1441077926288864,Pre
Inner South,Robbery,2016,Q2,7,0.2521886371005511,Pre
Inner South,Robbery,2016,Q3,3,0.1080808444716648,Pre
Inner South,Robbery,2016,Q4,3,0.1080808444716648,Pre
Inner South,Robbery,2017,Q1,10,0.3449227373068432,Pre
Inner South,Robbery,2017,Q2,8,0.2759381898454746,Pre
Inner South,Robbery,2017,Q3,8,0.2759381898454746,Pre
Inner South,Robbery,2017,Q4,5,0.1724613686534216,Pre
Inner South,Robbery,2018,Q1,5,0.167464916100077,Pre
Inner South,Robbery,2018,Q2,3,0.1004789496600462,Pre
Inner South,Robbery,2018,Q3,1,0.0334929832200154,Pre
Inner South,Robbery,2018,Q4,3,0.1004789496600462,Pre
Inner South,Robbery,2019,Q1,4,0.1308215593929879,Pre
Inner South,Robbery,2019,Q2,3,0.0981161695447409,Pre
Inner South,Robbery,2019,Q3,4,0.1308215593929879,Pre
Inner South,Robbery,2019,Q4,6,0.1962323390894819,Pre
Inner South,Robbery,2020,Q1,8,0.2573091891544177,Pre
Inner South,Robbery,2020,Q2,3,0.0964909459329066,During
Inner South,Robbery,2020,Q3,2,0.0643272972886044,During
Inner South,Robbery,2020,Q4,1,0.0321636486443022,During
Inner South,Robbery,2021,Q1,2,0.0634960949901581,During
Inner South,Robbery,2021,Q2,6,0.1904882849704743,During
Inner South,Robbery,2021,Q3,3,0.0952441424852371,During
Inner South,Robbery,2021,Q4,6,0.1904882849704743,Post
Inner South,Robbery,2022,Q1,3,0.0920810313075506,Post
Inner South,Robbery,2022,Q2,1,0.0306936771025168,Post
Inner South,Robbery,2022,Q3,2,0.0613873542050337,Post
Inner South,Robbery,2022,Q4,3,0.0920810313075506,Post
Inner South,Robbery,2023,Q1,7,0.2077028069550768,Post
Inner South,Robbery,2023,Q2,3,0.0890154886950329,Post
Inner South,Robbery,2023,Q3,5,0.1483591478250549,Post
Inner South,Robbery,2023,Q4,2,0.0593436591300219,Post
Inner South,Robbery,2024,Q1,4,0.1162520344106021,Post
Inner South,Robbery,2024,Q2,5,0.1453150430132527,Post
Inner South,Robbery,2024,Q3,2,0.058126017205301,Post
Inner South,Robbery,2024,Q4,1,0.0290630086026505,Post
Inner South,Robbery,2025,Q1,4,0.1148930058882665,Post
Inner South,Robbery,2025,Q2,2,0.0574465029441332,Post
Inner South,Sexual Assault,2014,Q1,3,0.1133444158984434,Pre
Inner South,Sexual Assault,2014,Q2,4,0.1511258878645912,Pre
Inner South,Sexual Assault,2014,Q3,6,0.2266888317968868,Pre
Inner South,Sexual Assault,2014,Q4,7,0.2644703037630346,Pre
Inner South,Sexual Assault,2015,Q1,17,0.6293965198074787,Pre
Inner South,Sexual Assault,2015,Q2,7,0.259163272861903,Pre
Inner South,Sexual Assault,2015,Q3,3,0.1110699740836727,Pre
Inner South,Sexual Assault,2015,Q4,15,0.5553498704183636,Pre
Inner South,Sexual Assault,2016,Q1,5,0.180134740786108,Pre
Inner South,Sexual Assault,2016,Q2,3,0.1080808444716648,Pre
Inner South,Sexual Assault,2016,Q3,17,0.6124581186727672,Pre
Inner South,Sexual Assault,2016,Q4,16,0.5764311705155456,Pre
Inner South,Sexual Assault,2017,Q1,7,0.2414459161147902,Pre
Inner South,Sexual Assault,2017,Q2,12,0.4139072847682119,Pre
Inner South,Sexual Assault,2017,Q3,19,0.6553532008830022,Pre
Inner South,Sexual Assault,2017,Q4,18,0.6208609271523179,Pre
Inner South,Sexual Assault,2018,Q1,12,0.4019157986401849,Pre
Inner South,Sexual Assault,2018,Q2,5,0.167464916100077,Pre
Inner South,Sexual Assault,2018,Q3,7,0.2344508825401078,Pre
Inner South,Sexual Assault,2018,Q4,8,0.2679438657601232,Pre
Inner South,Sexual Assault,2019,Q1,9,0.2943485086342229,Pre
Inner South,Sexual Assault,2019,Q2,13,0.4251700680272108,Pre
Inner South,Sexual Assault,2019,Q3,22,0.7195185766614338,Pre
Inner South,Sexual Assault,2019,Q4,16,0.5232862375719518,Pre
Inner South,Sexual Assault,2020,Q1,18,0.5789456755974397,Pre
Inner South,Sexual Assault,2020,Q2,6,0.1929818918658132,During
Inner South,Sexual Assault,2020,Q3,12,0.3859637837316265,During
Inner South,Sexual Assault,2020,Q4,13,0.4181274323759287,During
Inner South,Sexual Assault,2021,Q1,10,0.3174804749507905,During
Inner South,Sexual Assault,2021,Q2,6,0.1904882849704743,During
Inner South,Sexual Assault,2021,Q3,4,0.1269921899803162,During
Inner South,Sexual Assault,2021,Q4,5,0.1587402374753952,Post
Inner South,Sexual Assault,2022,Q1,5,0.1534683855125844,Post
Inner South,Sexual Assault,2022,Q2,18,0.5524861878453039,Post
Inner South,Sexual Assault,2022,Q3,13,0.3990178023327195,Post
Inner South,Sexual Assault,2022,Q4,9,0.2762430939226519,Post
Inner South,Sexual Assault,2023,Q1,12,0.3560619547801317,Post
Inner South,Sexual Assault,2023,Q2,14,0.4154056139101537,Post
Inner South,Sexual Assault,2023,Q3,7,0.2077028069550768,Post
Inner South,Sexual Assault,2023,Q4,10,0.2967182956501098,Post
Inner South,Sexual Assault,2024,Q1,8,0.2325040688212043,Post
Inner South,Sexual Assault,2024,Q2,18,0.5231341548477099,Post
Inner South,Sexual Assault,2024,Q3,10,0.2906300860265055,Post
Inner South,Sexual Assault,2024,Q4,17,0.4940711462450592,Post
Inner South,Sexual Assault,2025,Q1,3,0.0861697544161999,Post
Inner South,Sexual Assault,2025,Q2,9,0.2585092632485997,Post
Inner South,TINs,2014,Q1,293,11.069971286081303,Pre
Inner South,TINs,2014,Q2,342,12.921263412422547,Pre
Inner South,TINs,2014,Q3,464,17.53060299229258,Pre
Inner South,TINs,2014,Q4,294,11.107752758047454,Pre
Inner South,TINs,2015,Q1,224,8.293224731580896,Pre
Inner South,TINs,2015,Q2,280,10.36653091447612,Pre
Inner South,TINs,2015,Q3,402,14.883376527212144,Pre
Inner South,TINs,2015,Q4,217,8.034061458718993,Pre
Inner South,TINs,2016,Q1,228,8.214144179846524,Pre
Inner South,TINs,2016,Q2,207,7.457578268544871,Pre
Inner South,TINs,2016,Q3,321,11.564650358468134,Pre
Inner South,TINs,2016,Q4,225,8.10606333537486,Pre
Inner South,TINs,2017,Q1,199,6.863962472406181,Pre
Inner South,TINs,2017,Q2,330,11.382450331125828,Pre
Inner South,TINs,2017,Q3,272,9.381898454746135,Pre
Inner South,TINs,2017,Q4,215,7.41583885209713,Pre
Inner South,TINs,2018,Q1,246,8.23927387212379,Pre
Inner South,TINs,2018,Q2,169,5.660314164182604,Pre
Inner South,TINs,2018,Q3,256,8.574203704323944,Pre
Inner South,TINs,2018,Q4,196,6.56462471112302,Pre
Inner South,TINs,2019,Q1,392,12.82051282051282,Pre
Inner South,TINs,2019,Q2,216,7.06436420722135,Pre
Inner South,TINs,2019,Q3,173,5.6580324437467295,Pre
Inner South,TINs,2019,Q4,237,7.751177394034537,Pre
Inner South,TINs,2020,Q1,299,9.61693094464636,Pre
Inner South,TINs,2020,Q2,213,6.8508571612363705,During
Inner South,TINs,2020,Q3,235,7.558457431411019,During
Inner South,TINs,2020,Q4,184,5.918111350551606,During
Inner South,TINs,2021,Q1,117,3.714521556924249,During
Inner South,TINs,2021,Q2,165,5.238427836688044,During
Inner South,TINs,2021,Q3,68,2.1588672296653755,During
Inner South,TINs,2021,Q4,95,3.01606451203251,Post
Inner South,TINs,2022,Q1,118,3.621853898096992,Post
Inner South,TINs,2022,Q2,76,2.3327194597912837,Post
Inner South,TINs,2022,Q3,117,3.5911602209944755,Post
Inner South,TINs,2022,Q4,99,3.0386740331491717,Post
Inner South,TINs,2023,Q1,107,3.174885763456175,Post
Inner South,TINs,2023,Q2,183,5.429944810397009,Post
Inner South,TINs,2023,Q3,149,4.421102605186636,Post
Inner South,TINs,2023,Q4,113,3.352916740846241,Post
Inner South,TINs,2024,Q1,131,3.8072541269472215,Post
Inner South,TINs,2024,Q2,140,4.068821204371076,Post
Inner South,TINs,2024,Q3,131,3.8072541269472215,Post
Inner South,TINs,2024,Q4,201,5.841664729132759,Post
Inner South,TINs,2025,Q1,242,6.951026856240127,Post
Inner South,TINs,2025,Q2,227,6.520178084159127,Post
Inner South,Theft,2014,Q1,311,11.750037781471969,Pre
Inner South,Theft,2014,Q2,332,12.54344869276107,Pre
Inner South,Theft,2014,Q3,297,11.221097173945896,Pre
Inner South,Theft,2014,Q4,336,12.69457458062566,Pre
Inner South,Theft,2015,Q1,299,11.069974083672712,Pre
Inner South,Theft,2015,Q2,478,17.697149203998517,Pre
Inner South,Theft,2015,Q3,460,17.030729359496483,Pre
Inner South,Theft,2015,Q4,521,19.289152165864493,Pre
Inner South,Theft,2016,Q1,365,13.149836077385883,Pre
Inner South,Theft,2016,Q2,469,16.89663868573693,Pre
Inner South,Theft,2016,Q3,381,13.72626724790143,Pre
Inner South,Theft,2016,Q4,391,14.086536729473645,Pre
Inner South,Theft,2017,Q1,417,14.383278145695364,Pre
Inner South,Theft,2017,Q2,422,14.555739514348785,Pre
Inner South,Theft,2017,Q3,360,12.417218543046356,Pre
Inner South,Theft,2017,Q4,449,15.487030905077262,Pre
Inner South,Theft,2018,Q1,391,13.095756439026024,Pre
Inner South,Theft,2018,Q2,436,14.602940683926718,Pre
Inner South,Theft,2018,Q3,462,15.47375824764712,Pre
Inner South,Theft,2018,Q4,345,11.555079210905316,Pre
Inner South,Theft,2019,Q1,358,11.708529565672425,Pre
Inner South,Theft,2019,Q2,241,7.881998953427525,Pre
Inner South,Theft,2019,Q3,277,9.059392987964417,Pre
Inner South,Theft,2019,Q4,308,10.073260073260071,Pre
Inner South,Theft,2020,Q1,329,10.581840403975429,Pre
Inner South,Theft,2020,Q2,188,6.046765945128815,During
Inner South,Theft,2020,Q3,244,7.847930269209739,During
Inner South,Theft,2020,Q4,273,8.780676079894503,During
Inner South,Theft,2021,Q1,298,9.460918153533555,During
Inner South,Theft,2021,Q2,405,12.857959235507016,During
Inner South,Theft,2021,Q3,272,8.635468918661502,During
Inner South,Theft,2021,Q4,304,9.651406438504033,Post
Inner South,Theft,2022,Q1,273,8.37937384898711,Post
Inner South,Theft,2022,Q2,353,10.83486801718846,Post
Inner South,Theft,2022,Q3,304,9.330877839165131,Post
Inner South,Theft,2022,Q4,180,5.524861878453039,Post
Inner South,Theft,2023,Q1,168,4.984867366921844,Post
Inner South,Theft,2023,Q2,167,4.9551955373568335,Post
Inner South,Theft,2023,Q3,226,6.705833481692482,Post
Inner South,Theft,2023,Q4,209,6.201412379087295,Post
Inner South,Theft,2024,Q1,231,6.713554987212276,Post
Inner South,Theft,2024,Q2,150,4.3594512903975815,Post
Inner South,Theft,2024,Q3,166,4.82445942803999,Post
Inner South,Theft,2024,Q4,155,4.504766333410834,Post
Inner South,Theft,2025,Q1,206,5.916989803245728,Post
Inner South,Theft,2025,Q2,169,4.854229498779263,Post
Molonglo District,Assault,2014,Q1,0,0.0,Pre
Molonglo District,Assault,2014,Q2,0,0.0,Pre
Molonglo District,Assault,2014,Q3,6,5.633802816901409,Pre
Molonglo District,Assault,2014,Q4,0,0.0,Pre
Molonglo District,Assault,2015,Q1,0,0.0,Pre
Molonglo District,Assault,2015,Q2,0,0.0,Pre
Molonglo District,Assault,2015,Q3,0,0.0,Pre
Molonglo District,Assault,2015,Q4,0,0.0,Pre
Molonglo District,Assault,2016,Q1,0,0.0,Pre
Molonglo District,Assault,2016,Q2,2,0.4367765887748417,Pre
Molonglo District,Assault,2016,Q3,1,0.2183882943874208,Pre
Molonglo District,Assault,2016,Q4,0,0.0,Pre
Molonglo District,Assault,2017,Q1,0,0.0,Pre
Molonglo District,Assault,2017,Q2,2,0.3454828122300916,Pre
Molonglo District,Assault,2017,Q3,1,0.1727414061150458,Pre
Molonglo District,Assault,2017,Q4,5,0.8637070305752289,Pre
Molonglo District,Assault,2018,Q1,0,0.0,Pre
Molonglo District,Assault,2018,Q2,1,0.1517220452131694,Pre
Molonglo District,Assault,2018,Q3,0,0.0,Pre
Molonglo District,Assault,2018,Q4,0,0.0,Pre
Molonglo District,Assault,2019,Q1,2,0.2765104382690446,Pre
Molonglo District,Assault,2019,Q2,2,0.2765104382690446,Pre
Molonglo District,Assault,2019,Q3,1,0.1382552191345223,Pre
Molonglo District,Assault,2019,Q4,2,0.2765104382690446,Pre
Molonglo District,Assault,2020,Q1,3,0.3785488958990536,Pre
Molonglo District,Assault,2020,Q2,0,0.0,During
Molonglo District,Assault,2020,Q3,6,0.7570977917981073,During
Molonglo District,Assault,2020,Q4,2,0.252365930599369,During
Molonglo District,Assault,2021,Q1,5,0.5785028346638899,During
Molonglo District,Assault,2021,Q2,2,0.2314011338655559,During
Molonglo District,Assault,2021,Q3,3,0.3471017007983339,During
Molonglo District,Assault,2021,Q4,1,0.1157005669327779,Post
Molonglo District,Assault,2022,Q1,0,0.0,Post
Molonglo District,Assault,2022,Q2,0,0.0,Post
Molonglo District,Assault,2022,Q3,3,0.3276897870016385,Post
Molonglo District,Assault,2022,Q4,2,0.2184598580010923,Post
Molonglo District,Assault,2023,Q1,2,0.2044989775051124,Post
Molonglo District,Assault,2023,Q2,1,0.1022494887525562,Post
Molonglo District,Assault,2023,Q3,4,0.4089979550102249,Post
Molonglo District,Assault,2023,Q4,6,0.6134969325153374,Post
Molonglo District,Assault,2024,Q1,2,0.1934797329979684,Post
Molonglo District,Assault,2024,Q2,2,0.1934797329979684,Post
Molonglo District,Assault,2024,Q3,5,0.4836993324949211,Post
Molonglo District,Assault,2024,Q4,1,0.0967398664989842,Post
Molonglo District,Assault,2025,Q1,1,0.0916086478563576,Post
Molonglo District,Assault,2025,Q2,3,0.2748259435690729,Post
Molonglo District,Burglary,2014,Q1,2,1.8779342723004693,Pre
Molonglo District,Burglary,2014,Q2,2,1.8779342723004693,Pre
Molonglo District,Burglary,2014,Q3,2,1.8779342723004693,Pre
Molonglo District,Burglary,2014,Q4,4,3.755868544600939,Pre
Molonglo District,Burglary,2015,Q1,5,1.6139444803098777,Pre
Molonglo District,Burglary,2015,Q2,8,2.582311168495804,Pre
Molonglo District,Burglary,2015,Q3,7,2.2595222724338284,Pre
Molonglo District,Burglary,2015,Q4,10,3.227888960619755,Pre
Molonglo District,Burglary,2016,Q1,22,4.804542476523259,Pre
Molonglo District,Burglary,2016,Q2,21,4.586154182135838,Pre
Molonglo District,Burglary,2016,Q3,22,4.804542476523259,Pre
Molonglo District,Burglary,2016,Q4,6,1.310329766324525,Pre
Molonglo District,Burglary,2017,Q1,7,1.2091898428053205,Pre
Molonglo District,Burglary,2017,Q2,20,3.454828122300916,Pre
Molonglo District,Burglary,2017,Q3,20,3.454828122300916,Pre
Molonglo District,Burglary,2017,Q4,14,2.418379685610641,Pre
Molonglo District,Burglary,2018,Q1,7,1.0620543164921863,Pre
Molonglo District,Burglary,2018,Q2,8,1.213776361705356,Pre
Molonglo District,Burglary,2018,Q3,7,1.0620543164921863,Pre
Molonglo District,Burglary,2018,Q4,2,0.3034440904263389,Pre
Molonglo District,Burglary,2019,Q1,9,1.2442969722107011,Pre
Molonglo District,Burglary,2019,Q2,12,1.659062629614268,Pre
Molonglo District,Burglary,2019,Q3,6,0.829531314807134,Pre
Molonglo District,Burglary,2019,Q4,27,3.732890916632103,Pre
Molonglo District,Burglary,2020,Q1,22,2.77602523659306,Pre
Molonglo District,Burglary,2020,Q2,9,1.135646687697161,During
Molonglo District,Burglary,2020,Q3,12,1.5141955835962146,During
Molonglo District,Burglary,2020,Q4,12,1.5141955835962146,During
Molonglo District,Burglary,2021,Q1,8,0.9256045354622237,During
Molonglo District,Burglary,2021,Q2,4,0.4628022677311118,During
Molonglo District,Burglary,2021,Q3,4,0.4628022677311118,During
Molonglo District,Burglary,2021,Q4,5,0.5785028346638899,Post
Molonglo District,Burglary,2022,Q1,8,0.8738394320043693,Post
Molonglo District,Burglary,2022,Q2,6,0.655379574003277,Post
Molonglo District,Burglary,2022,Q3,5,0.5461496450027308,Post
Molonglo District,Burglary,2022,Q4,7,0.7646095030038231,Post
Molonglo District,Burglary,2023,Q1,5,0.5112474437627812,Post
Molonglo District,Burglary,2023,Q2,8,0.8179959100204499,Post
Molonglo District,Burglary,2023,Q3,3,0.3067484662576687,Post
Molonglo District,Burglary,2023,Q4,10,1.0224948875255624,Post
Molonglo District,Burglary,2024,Q1,16,1.5478378639837478,Post
Molonglo District,Burglary,2024,Q2,6,0.5804391989939054,Post
Molonglo District,Burglary,2024,Q3,3,0.2902195994969527,Post
Molonglo District,Burglary,2024,Q4,12,1.1608783979878108,Post
Molonglo District,Burglary,2025,Q1,7,0.6412605349945034,Post
Molonglo District,Burglary,2025,Q2,5,0.4580432392817882,Post
Molonglo District,CINs,2014,Q1,0,0.0,Pre
Molonglo District,CINs,2014,Q2,0,0.0,Pre
Molonglo District,CINs,2014,Q3,0,0.0,Pre
Molonglo District,CINs,2014,Q4,0,0.0,Pre
Molonglo District,CINs,2015,Q1,0,0.0,Pre
Molonglo District,CINs,2015,Q2,0,0.0,Pre
Molonglo District,CINs,2015,Q3,0,0.0,Pre
Molonglo District,CINs,2015,Q4,0,0.0,Pre
Molonglo District,CINs,2016,Q1,0,0.0,Pre
Molonglo District,CINs,2016,Q2,0,0.0,Pre
Molonglo District,CINs,2016,Q3,0,0.0,Pre
Molonglo District,CINs,2016,Q4,0,0.0,Pre
Molonglo District,CINs,2017,Q1,0,0.0,Pre
Molonglo District,CINs,2017,Q2,0,0.0,Pre
Molonglo District,CINs,2017,Q3,0,0.0,Pre
Molonglo District,CINs,2017,Q4,0,0.0,Pre
Molonglo District,CINs,2018,Q1,0,0.0,Pre
Molonglo District,CINs,2018,Q2,0,0.0,Pre
Molonglo District,CINs,2018,Q3,0,0.0,Pre
Molonglo District,CINs,2018,Q4,0,0.0,Pre
Molonglo District,CINs,2019,Q1,0,0.0,Pre
Molonglo District,CINs,2019,Q2,0,0.0,Pre
Molonglo District,CINs,2019,Q3,0,0.0,Pre
Molonglo District,CINs,2019,Q4,0,0.0,Pre
Molonglo District,CINs,2020,Q1,0,0.0,Pre
Molonglo District,CINs,2020,Q2,0,0.0,During
Molonglo District,CINs,2020,Q3,0,0.0,During
Molonglo District,CINs,2020,Q4,0,0.0,During
Molonglo District,CINs,2021,Q1,0,0.0,During
Molonglo District,CINs,2021,Q2,0,0.0,During
Molonglo District,CINs,2021,Q3,1,0.1157005669327779,During
Molonglo District,CINs,2021,Q4,0,0.0,Post
Molonglo District,CINs,2022,Q1,0,0.0,Post
Molonglo District,CINs,2022,Q2,0,0.0,Post
Molonglo District,CINs,2022,Q3,0,0.0,Post
Molonglo District,CINs,2022,Q4,0,0.0,Post
Molonglo District,CINs,2023,Q1,0,0.0,Post
Molonglo District,CINs,2023,Q2,0,0.0,Post
Molonglo District,CINs,2023,Q3,0,0.0,Post
Molonglo District,CINs,2023,Q4,0,0.0,Post
Molonglo District,CINs,2024,Q1,0,0.0,Post
Molonglo District,CINs,2024,Q2,0,0.0,Post
Molonglo District,CINs,2024,Q3,0,0.0,Post
Molonglo District,CINs,2024,Q4,0,0.0,Post
Molonglo District,CINs,2025,Q1,0,0.0,Post
Molonglo District,CINs,2025,Q2,0,0.0,Post
Molonglo District,Family Violence,2014,Q1,0,0.0,Pre
Molonglo District,Family Violence,2014,Q2,0,0.0,Pre
Molonglo District,Family Violence,2014,Q3,0,0.0,Pre
Molonglo District,Family Violence,2014,Q4,0,0.0,Pre
Molonglo District,Family Violence,2015,Q1,0,0.0,Pre
Molonglo District,Family Violence,2015,Q2,0,0.0,Pre
Molonglo District,Family Violence,2015,Q3,1,0.3227888960619754,Pre
Molonglo District,Family Violence,2015,Q4,0,0.0,Pre
Molonglo District,Family Violence,2016,Q1,1,0.2183882943874208,Pre
Molonglo District,Family Violence,2016,Q2,1,0.2183882943874208,Pre
Molonglo District,Family Violence,2016,Q3,6,1.310329766324525,Pre
Molonglo District,Family Violence,2016,Q4,3,0.6551648831622625,Pre
Molonglo District,Family Violence,2017,Q1,4,0.6909656244601832,Pre
Molonglo District,Family Violence,2017,Q2,6,1.0364484366902746,Pre
Molonglo District,Family Violence,2017,Q3,1,0.1727414061150458,Pre
Molonglo District,Family Violence,2017,Q4,9,1.554672655035412,Pre
Molonglo District,Family Violence,2018,Q1,1,0.1517220452131694,Pre
Molonglo District,Family Violence,2018,Q2,5,0.7586102260658474,Pre
Molonglo District,Family Violence,2018,Q3,1,0.1517220452131694,Pre
Molonglo District,Family Violence,2018,Q4,0,0.0,Pre
Molonglo District,Family Violence,2019,Q1,7,0.9677865339416564,Pre
Molonglo District,Family Violence,2019,Q2,7,0.9677865339416564,Pre
Molonglo District,Family Violence,2019,Q3,8,1.1060417530761786,Pre
Molonglo District,Family Violence,2019,Q4,4,0.5530208765380893,Pre
Molonglo District,Family Violence,2020,Q1,8,1.0094637223974765,Pre
Molonglo District,Family Violence,2020,Q2,2,0.252365930599369,During
Molonglo District,Family Violence,2020,Q3,2,0.252365930599369,During
Molonglo District,Family Violence,2020,Q4,6,0.7570977917981073,During
Molonglo District,Family Violence,2021,Q1,13,1.5041073701261134,During
Molonglo District,Family Violence,2021,Q2,8,0.9256045354622237,During
Molonglo District,Family Violence,2021,Q3,4,0.4628022677311118,During
Molonglo District,Family Violence,2021,Q4,5,0.5785028346638899,Post
Molonglo District,Family Violence,2022,Q1,8,0.8738394320043693,Post
Molonglo District,Family Violence,2022,Q2,2,0.2184598580010923,Post
Molonglo District,Family Violence,2022,Q3,4,0.4369197160021846,Post
Molonglo District,Family Violence,2022,Q4,3,0.3276897870016385,Post
Molonglo District,Family Violence,2023,Q1,5,0.5112474437627812,Post
Molonglo District,Family Violence,2023,Q2,7,0.7157464212678937,Post
Molonglo District,Family Violence,2023,Q3,14,1.4314928425357871,Post
Molonglo District,Family Violence,2023,Q4,10,1.0224948875255624,Post
Molonglo District,Family Violence,2024,Q1,9,0.8706587984908581,Post
Molonglo District,Family Violence,2024,Q2,4,0.3869594659959369,Post
Molonglo District,Family Violence,2024,Q3,3,0.2902195994969527,Post
Molonglo District,Family Violence,2024,Q4,7,0.6771790654928896,Post
Molonglo District,Family Violence,2025,Q1,5,0.4580432392817882,Post
Molonglo District,Family Violence,2025,Q2,5,0.4580432392817882,Post
Molonglo District,Homicide,2014,Q1,0,0.0,Pre
Molonglo District,Homicide,2014,Q2,0,0.0,Pre
Molonglo District,Homicide,2014,Q3,0,0.0,Pre
Molonglo District,Homicide,2014,Q4,0,0.0,Pre
Molonglo District,Homicide,2015,Q1,0,0.0,Pre
Molonglo District,Homicide,2015,Q2,0,0.0,Pre
Molonglo District,Homicide,2015,Q3,0,0.0,Pre
Molonglo District,Homicide,2015,Q4,0,0.0,Pre
Molonglo District,Homicide,2016,Q1,0,0.0,Pre
Molonglo District,Homicide,2016,Q2,0,0.0,Pre
Molonglo District,Homicide,2016,Q3,0,0.0,Pre
Molonglo District,Homicide,2016,Q4,0,0.0,Pre
Molonglo District,Homicide,2017,Q1,0,0.0,Pre
Molonglo District,Homicide,2017,Q2,0,0.0,Pre
Molonglo District,Homicide,2017,Q3,0,0.0,Pre
Molonglo District,Homicide,2017,Q4,0,0.0,Pre
Molonglo District,Homicide,2018,Q1,0,0.0,Pre
Molonglo District,Homicide,2018,Q2,0,0.0,Pre
Molonglo District,Homicide,2018,Q3,0,0.0,Pre
Molonglo District,Homicide,2018,Q4,0,0.0,Pre
Molonglo District,Homicide,2019,Q1,0,0.0,Pre
Molonglo District,Homicide,2019,Q2,0,0.0,Pre
Molonglo District,Homicide,2019,Q3,0,0.0,Pre
Molonglo District,Homicide,2019,Q4,0,0.0,Pre
Molonglo District,Homicide,2020,Q1,0,0.0,Pre
Molonglo District,Homicide,2020,Q2,0,0.0,During
Molonglo District,Homicide,2020,Q3,0,0.0,During
Molonglo District,Homicide,2020,Q4,0,0.0,During
Molonglo District,Homicide,2021,Q1,0,0.0,During
Molonglo District,Homicide,2021,Q2,0,0.0,During
Molonglo District,Homicide,2021,Q3,0,0.0,During
Molonglo District,Homicide,2021,Q4,0,0.0,Post
Molonglo District,Homicide,2022,Q1,0,0.0,Post
Molonglo District,Homicide,2022,Q2,0,0.0,Post
Molonglo District,Homicide,2022,Q3,0,0.0,Post
Molonglo District,Homicide,2022,Q4,0,0.0,Post
Molonglo District,Homicide,2023,Q1,0,0.0,Post
Molonglo District,Homicide,2023,Q2,0,0.0,Post
Molonglo District,Homicide,2023,Q3,0,0.0,Post
Molonglo District,Homicide,2023,Q4,0,0.0,Post
Molonglo District,Homicide,2024,Q1,0,0.0,Post
Molonglo District,Homicide,2024,Q2,0,0.0,Post
Molonglo District,Homicide,2024,Q3,0,0.0,Post
Molonglo District,Homicide,2024,Q4,0,0.0,Post
Molonglo District,Homicide,2025,Q1,0,0.0,Post
Molonglo District,Homicide,2025,Q2,0,0.0,Post
Molonglo District,Other,2014,Q1,1,0.9389671361502347,Pre
Molonglo District,Other,2014,Q2,4,3.755868544600939,Pre
Molonglo District,Other,2014,Q3,3,2.8169014084507045,Pre
Molonglo District,Other,2014,Q4,2,1.8779342723004693,Pre
Molonglo District,Other,2015,Q1,6,1.9367333763718528,Pre
Molonglo District,Other,2015,Q2,9,2.905100064557779,Pre
Molonglo District,Other,2015,Q3,4,1.291155584247902,Pre
Molonglo District,Other,2015,Q4,9,2.905100064557779,Pre
Molonglo District,Other,2016,Q1,9,1.9654946494867875,Pre
Molonglo District,Other,2016,Q2,20,4.367765887748417,Pre
Molonglo District,Other,2016,Q3,14,3.057436121423892,Pre
Molonglo District,Other,2016,Q4,8,1.7471063550993668,Pre
Molonglo District,Other,2017,Q1,29,5.009500777336328,Pre
Molonglo District,Other,2017,Q2,10,1.7274140611504578,Pre
Molonglo District,Other,2017,Q3,46,7.946104681292106,Pre
Molonglo District,Other,2017,Q4,37,6.391432026256694,Pre
Molonglo District,Other,2018,Q1,17,2.579274768623881,Pre
Molonglo District,Other,2018,Q2,35,5.310271582460931,Pre
Molonglo District,Other,2018,Q3,25,3.793051130329237,Pre
Molonglo District,Other,2018,Q4,28,4.248217265968745,Pre
Molonglo District,Other,2019,Q1,13,1.7973178487487904,Pre
Molonglo District,Other,2019,Q2,17,2.35033872528688,Pre
Molonglo District,Other,2019,Q3,28,3.8711461357666255,Pre
Molonglo District,Other,2019,Q4,27,3.732890916632103,Pre
Molonglo District,Other,2020,Q1,20,2.5236593059936907,Pre
Molonglo District,Other,2020,Q2,22,2.77602523659306,During
Molonglo District,Other,2020,Q3,16,2.018927444794953,During
Molonglo District,Other,2020,Q4,24,3.0283911671924293,During
Molonglo District,Other,2021,Q1,25,2.892514173319449,During
Molonglo District,Other,2021,Q2,20,2.3140113386555594,During
Molonglo District,Other,2021,Q3,22,2.545412472521116,During
Molonglo District,Other,2021,Q4,24,2.7768136063866717,Post
Molonglo District,Other,2022,Q1,36,3.9322774440196615,Post
Molonglo District,Other,2022,Q2,20,2.184598580010923,Post
Molonglo District,Other,2022,Q3,20,2.184598580010923,Post
Molonglo District,Other,2022,Q4,26,2.8399781540142,Post
Molonglo District,Other,2023,Q1,20,2.044989775051125,Post
Molonglo District,Other,2023,Q2,22,2.2494887525562373,Post
Molonglo District,Other,2023,Q3,23,2.351738241308793,Post
Molonglo District,Other,2023,Q4,28,2.8629856850715747,Post
Molonglo District,Other,2024,Q1,20,1.9347973299796848,Post
Molonglo District,Other,2024,Q2,14,1.3543581309857793,Post
Molonglo District,Other,2024,Q3,25,2.418496662474606,Post
Molonglo District,Other,2024,Q4,42,4.063074392957338,Post
Molonglo District,Other,2025,Q1,33,3.023085379259802,Post
Molonglo District,Other,2025,Q2,23,2.106998900696225,Post
Molonglo District,Property Damage,2014,Q1,2,1.8779342723004693,Pre
Molonglo District,Property Damage,2014,Q2,0,0.0,Pre
Molonglo District,Property Damage,2014,Q3,3,2.8169014084507045,Pre
Molonglo District,Property Damage,2014,Q4,3,2.8169014084507045,Pre
Molonglo District,Property Damage,2015,Q1,5,1.6139444803098777,Pre
Molonglo District,Property Damage,2015,Q2,5,1.6139444803098777,Pre
Molonglo District,Property Damage,2015,Q3,23,7.424144609425436,Pre
Molonglo District,Property Damage,2015,Q4,8,2.582311168495804,Pre
Molonglo District,Property Damage,2016,Q1,11,2.4022712382616294,Pre
Molonglo District,Property Damage,2016,Q2,15,3.275824415811313,Pre
Molonglo District,Property Damage,2016,Q3,27,5.896483948460363,Pre
Molonglo District,Property Damage,2016,Q4,10,2.1838829438742087,Pre
Molonglo District,Property Damage,2017,Q1,24,4.145793746761099,Pre
Molonglo District,Property Damage,2017,Q2,14,2.418379685610641,Pre
Molonglo District,Property Damage,2017,Q3,32,5.527724995681465,Pre
Molonglo District,Property Damage,2017,Q4,15,2.591121091725687,Pre
Molonglo District,Property Damage,2018,Q1,8,1.213776361705356,Pre
Molonglo District,Property Damage,2018,Q2,10,1.5172204521316948,Pre
Molonglo District,Property Damage,2018,Q3,19,2.88271885905022,Pre
Molonglo District,Property Damage,2018,Q4,15,2.275830678197542,Pre
Molonglo District,Property Damage,2019,Q1,13,1.7973178487487904,Pre
Molonglo District,Property Damage,2019,Q2,33,4.562422231439237,Pre
Molonglo District,Property Damage,2019,Q3,15,2.073828287017835,Pre
Molonglo District,Property Damage,2019,Q4,23,3.1798700400940136,Pre
Molonglo District,Property Damage,2020,Q1,22,2.77602523659306,Pre
Molonglo District,Property Damage,2020,Q2,10,1.2618296529968454,During
Molonglo District,Property Damage,2020,Q3,18,2.271293375394322,During
Molonglo District,Property Damage,2020,Q4,17,2.145110410094637,During
Molonglo District,Property Damage,2021,Q1,25,2.892514173319449,During
Molonglo District,Property Damage,2021,Q2,25,2.892514173319449,During
Molonglo District,Property Damage,2021,Q3,12,1.3884068031933356,During
Molonglo District,Property Damage,2021,Q4,10,1.1570056693277797,Post
Molonglo District,Property Damage,2022,Q1,12,1.310759148006554,Post
Molonglo District,Property Damage,2022,Q2,11,1.2015292190060076,Post
Molonglo District,Property Damage,2022,Q3,8,0.8738394320043693,Post
Molonglo District,Property Damage,2022,Q4,6,0.655379574003277,Post
Molonglo District,Property Damage,2023,Q1,7,0.7157464212678937,Post
Molonglo District,Property Damage,2023,Q2,12,1.2269938650306749,Post
Molonglo District,Property Damage,2023,Q3,14,1.4314928425357871,Post
Molonglo District,Property Damage,2023,Q4,23,2.351738241308793,Post
Molonglo District,Property Damage,2024,Q1,11,1.0641385314888263,Post
Molonglo District,Property Damage,2024,Q2,15,1.4510979974847635,Post
Molonglo District,Property Damage,2024,Q3,9,0.8706587984908581,Post
Molonglo District,Property Damage,2024,Q4,13,1.257618264486795,Post
Molonglo District,Property Damage,2025,Q1,10,0.9160864785635764,Post
Molonglo District,Property Damage,2025,Q2,5,0.4580432392817882,Post
Molonglo District,Robbery,2014,Q1,0,0.0,Pre
Molonglo District,Robbery,2014,Q2,0,0.0,Pre
Molonglo District,Robbery,2014,Q3,0,0.0,Pre
Molonglo District,Robbery,2014,Q4,0,0.0,Pre
Molonglo District,Robbery,2015,Q1,0,0.0,Pre
Molonglo District,Robbery,2015,Q2,0,0.0,Pre
Molonglo District,Robbery,2015,Q3,0,0.0,Pre
Molonglo District,Robbery,2015,Q4,0,0.0,Pre
Molonglo District,Robbery,2016,Q1,0,0.0,Pre
Molonglo District,Robbery,2016,Q2,0,0.0,Pre
Molonglo District,Robbery,2016,Q3,0,0.0,Pre
Molonglo District,Robbery,2016,Q4,0,0.0,Pre
Molonglo District,Robbery,2017,Q1,0,0.0,Pre
Molonglo District,Robbery,2017,Q2,0,0.0,Pre
Molonglo District,Robbery,2017,Q3,0,0.0,Pre
Molonglo District,Robbery,2017,Q4,0,0.0,Pre
Molonglo District,Robbery,2018,Q1,1,0.1517220452131694,Pre
Molonglo District,Robbery,2018,Q2,0,0.0,Pre
Molonglo District,Robbery,2018,Q3,0,0.0,Pre
Molonglo District,Robbery,2018,Q4,0,0.0,Pre
Molonglo District,Robbery,2019,Q1,0,0.0,Pre
Molonglo District,Robbery,2019,Q2,0,0.0,Pre
Molonglo District,Robbery,2019,Q3,0,0.0,Pre
Molonglo District,Robbery,2019,Q4,0,0.0,Pre
Molonglo District,Robbery,2020,Q1,2,0.252365930599369,Pre
Molonglo District,Robbery,2020,Q2,0,0.0,During
Molonglo District,Robbery,2020,Q3,1,0.1261829652996845,During
Molonglo District,Robbery,2020,Q4,0,0.0,During
Molonglo District,Robbery,2021,Q1,1,0.1157005669327779,During
Molonglo District,Robbery,2021,Q2,0,0.0,During
Molonglo District,Robbery,2021,Q3,0,0.0,During
Molonglo District,Robbery,2021,Q4,0,0.0,Post
Molonglo District,Robbery,2022,Q1,0,0.0,Post
Molonglo District,Robbery,2022,Q2,1,0.1092299290005461,Post
Molonglo District,Robbery,2022,Q3,0,0.0,Post
Molonglo District,Robbery,2022,Q4,0,0.0,Post
Molonglo District,Robbery,2023,Q1,0,0.0,Post
Molonglo District,Robbery,2023,Q2,1,0.1022494887525562,Post
Molonglo District,Robbery,2023,Q3,0,0.0,Post
Molonglo District,Robbery,2023,Q4,1,0.1022494887525562,Post
Molonglo District,Robbery,2024,Q1,0,0.0,Post
Molonglo District,Robbery,2024,Q2,0,0.0,Post
Molonglo District,Robbery,2024,Q3,0,0.0,Post
Molonglo District,Robbery,2024,Q4,0,0.0,Post
Molonglo District,Robbery,2025,Q1,0,0.0,Post
Molonglo District,Robbery,2025,Q2,0,0.0,Post
Molonglo District,Sexual Assault,2014,Q1,0,0.0,Pre
Molonglo District,Sexual Assault,2014,Q2,0,0.0,Pre
Molonglo District,Sexual Assault,2014,Q3,0,0.0,Pre
Molonglo District,Sexual Assault,2014,Q4,0,0.0,Pre
Molonglo District,Sexual Assault,2015,Q1,0,0.0,Pre
Molonglo District,Sexual Assault,2015,Q2,0,0.0,Pre
Molonglo District,Sexual Assault,2015,Q3,0,0.0,Pre
Molonglo District,Sexual Assault,2015,Q4,0,0.0,Pre
Molonglo District,Sexual Assault,2016,Q1,0,0.0,Pre
Molonglo District,Sexual Assault,2016,Q2,0,0.0,Pre
Molonglo District,Sexual Assault,2016,Q3,0,0.0,Pre
Molonglo District,Sexual Assault,2016,Q4,9,1.9654946494867875,Pre
Molonglo District,Sexual Assault,2017,Q1,0,0.0,Pre
Molonglo District,Sexual Assault,2017,Q2,0,0.0,Pre
Molonglo District,Sexual Assault,2017,Q3,1,0.1727414061150458,Pre
Molonglo District,Sexual Assault,2017,Q4,0,0.0,Pre
Molonglo District,Sexual Assault,2018,Q1,0,0.0,Pre
Molonglo District,Sexual Assault,2018,Q2,0,0.0,Pre
Molonglo District,Sexual Assault,2018,Q3,0,0.0,Pre
Molonglo District,Sexual Assault,2018,Q4,0,0.0,Pre
Molonglo District,Sexual Assault,2019,Q1,0,0.0,Pre
Molonglo District,Sexual Assault,2019,Q2,1,0.1382552191345223,Pre
Molonglo District,Sexual Assault,2019,Q3,4,0.5530208765380893,Pre
Molonglo District,Sexual Assault,2019,Q4,1,0.1382552191345223,Pre
Molonglo District,Sexual Assault,2020,Q1,0,0.0,Pre
Molonglo District,Sexual Assault,2020,Q2,0,0.0,During
Molonglo District,Sexual Assault,2020,Q3,3,0.3785488958990536,During
Molonglo District,Sexual Assault,2020,Q4,1,0.1261829652996845,During
Molonglo District,Sexual Assault,2021,Q1,1,0.1157005669327779,During
Molonglo District,Sexual Assault,2021,Q2,2,0.2314011338655559,During
Molonglo District,Sexual Assault,2021,Q3,2,0.2314011338655559,During
Molonglo District,Sexual Assault,2021,Q4,0,0.0,Post
Molonglo District,Sexual Assault,2022,Q1,3,0.3276897870016385,Post
Molonglo District,Sexual Assault,2022,Q2,3,0.3276897870016385,Post
Molonglo District,Sexual Assault,2022,Q3,0,0.0,Post
Molonglo District,Sexual Assault,2022,Q4,0,0.0,Post
Molonglo District,Sexual Assault,2023,Q1,2,0.2044989775051124,Post
Molonglo District,Sexual Assault,2023,Q2,1,0.1022494887525562,Post
Molonglo District,Sexual Assault,2023,Q3,0,0.0,Post
Molonglo District,Sexual Assault,2023,Q4,0,0.0,Post
Molonglo District,Sexual Assault,2024,Q1,0,0.0,Post
Molonglo District,Sexual Assault,2024,Q2,9,0.8706587984908581,Post
Molonglo District,Sexual Assault,2024,Q3,1,0.0967398664989842,Post
Molonglo District,Sexual Assault,2024,Q4,2,0.1934797329979684,Post
Molonglo District,Sexual Assault,2025,Q1,0,0.0,Post
Molonglo District,Sexual Assault,2025,Q2,0,0.0,Post
Molonglo District,TINs,2014,Q1,3,2.8169014084507045,Pre
Molonglo District,TINs,2014,Q2,4,3.755868544600939,Pre
Molonglo District,TINs,2014,Q3,5,4.694835680751174,Pre
Molonglo District,TINs,2014,Q4,3,2.8169014084507045,Pre
Molonglo District,TINs,2015,Q1,13,4.196255648805681,Pre
Molonglo District,TINs,2015,Q2,12,3.8734667527437057,Pre
Molonglo District,TINs,2015,Q3,47,15.171078114912849,Pre
Molonglo District,TINs,2015,Q4,25,8.069722401549386,Pre
Molonglo District,TINs,2016,Q1,13,2.839047827036471,Pre
Molonglo District,TINs,2016,Q2,15,3.275824415811313,Pre
Molonglo District,TINs,2016,Q3,30,6.551648831622625,Pre
Molonglo District,TINs,2016,Q4,16,3.4942127101987337,Pre
Molonglo District,TINs,2017,Q1,25,4.318535152876144,Pre
Molonglo District,TINs,2017,Q2,20,3.454828122300916,Pre
Molonglo District,TINs,2017,Q3,28,4.836759371221282,Pre
Molonglo District,TINs,2017,Q4,23,3.973052340646053,Pre
Molonglo District,TINs,2018,Q1,16,2.427552723410712,Pre
Molonglo District,TINs,2018,Q2,23,3.489607039902898,Pre
Molonglo District,TINs,2018,Q3,23,3.489607039902898,Pre
Molonglo District,TINs,2018,Q4,14,2.1241086329843726,Pre
Molonglo District,TINs,2019,Q1,13,1.7973178487487904,Pre
Molonglo District,TINs,2019,Q2,18,2.4885939444214022,Pre
Molonglo District,TINs,2019,Q3,4,0.5530208765380893,Pre
Molonglo District,TINs,2019,Q4,10,1.3825521913452234,Pre
Molonglo District,TINs,2020,Q1,12,1.5141955835962146,Pre
Molonglo District,TINs,2020,Q2,11,1.38801261829653,During
Molonglo District,TINs,2020,Q3,8,1.0094637223974765,During
Molonglo District,TINs,2020,Q4,9,1.135646687697161,During
Molonglo District,TINs,2021,Q1,2,0.2314011338655559,During
Molonglo District,TINs,2021,Q2,9,1.0413051023950015,During
Molonglo District,TINs,2021,Q3,4,0.4628022677311118,During
Molonglo District,TINs,2021,Q4,13,1.5041073701261134,Post
Molonglo District,TINs,2022,Q1,2,0.2184598580010923,Post
Molonglo District,TINs,2022,Q2,3,0.3276897870016385,Post
Molonglo District,TINs,2022,Q3,6,0.655379574003277,Post
Molonglo District,TINs,2022,Q4,14,1.5292190060076465,Post
Molonglo District,TINs,2023,Q1,14,1.4314928425357871,Post
Molonglo District,TINs,2023,Q2,3,0.3067484662576687,Post
Molonglo District,TINs,2023,Q3,4,0.4089979550102249,Post
Molonglo District,TINs,2023,Q4,3,0.3067484662576687,Post
Molonglo District,TINs,2024,Q1,13,1.257618264486795,Post
Molonglo District,TINs,2024,Q2,7,0.6771790654928896,Post
Molonglo District,TINs,2024,Q3,16,1.5478378639837478,Post
Molonglo District,TINs,2024,Q4,22,2.128277062977653,Post
Molonglo District,TINs,2025,Q1,31,2.839868083547086,Post
Molonglo District,TINs,2025,Q2,20,1.8321729571271528,Post
Molonglo District,Theft,2014,Q1,5,4.694835680751174,Pre
Molonglo District,Theft,2014,Q2,4,3.755868544600939,Pre
Molonglo District,Theft,2014,Q3,9,8.450704225352114,Pre
Molonglo District,Theft,2014,Q4,5,4.694835680751174,Pre
Molonglo District,Theft,2015,Q1,19,6.132989025177534,Pre
Molonglo District,Theft,2015,Q2,13,4.196255648805681,Pre
Molonglo District,Theft,2015,Q3,36,11.620400258231117,Pre
Molonglo District,Theft,2015,Q4,20,6.45577792123951,Pre
Molonglo District,Theft,2016,Q1,23,5.02293077091068,Pre
Molonglo District,Theft,2016,Q2,36,7.86197859794715,Pre
Molonglo District,Theft,2016,Q3,40,8.735531775496835,Pre
Molonglo District,Theft,2016,Q4,17,3.7126010045861535,Pre
Molonglo District,Theft,2017,Q1,36,6.218690620141648,Pre
Molonglo District,Theft,2017,Q2,57,9.84626014855761,Pre
Molonglo District,Theft,2017,Q3,81,13.992053895318708,Pre
Molonglo District,Theft,2017,Q4,60,10.364484366902747,Pre
Molonglo District,Theft,2018,Q1,27,4.096495220755576,Pre
Molonglo District,Theft,2018,Q2,48,7.282658170232135,Pre
Molonglo District,Theft,2018,Q3,29,4.399939311181915,Pre
Molonglo District,Theft,2018,Q4,23,3.489607039902898,Pre
Molonglo District,Theft,2019,Q1,26,3.594635697497581,Pre
Molonglo District,Theft,2019,Q2,49,6.7745057375915945,Pre
Molonglo District,Theft,2019,Q3,27,3.732890916632103,Pre
Molonglo District,Theft,2019,Q4,61,8.433568367205863,Pre
Molonglo District,Theft,2020,Q1,35,4.416403785488959,Pre
Molonglo District,Theft,2020,Q2,28,3.5331230283911674,During
Molonglo District,Theft,2020,Q3,41,5.173501577287066,During
Molonglo District,Theft,2020,Q4,57,7.19242902208202,During
Molonglo District,Theft,2021,Q1,26,3.008214740252227,During
Molonglo District,Theft,2021,Q2,51,5.900728913571676,During
Molonglo District,Theft,2021,Q3,25,2.892514173319449,During
Molonglo District,Theft,2021,Q4,22,2.545412472521116,Post
Molonglo District,Theft,2022,Q1,39,4.2599672310213,Post
Molonglo District,Theft,2022,Q2,49,5.3522665210267615,Post
Molonglo District,Theft,2022,Q3,26,2.8399781540142,Post
Molonglo District,Theft,2022,Q4,24,2.621518296013108,Post
Molonglo District,Theft,2023,Q1,19,1.9427402862985683,Post
Molonglo District,Theft,2023,Q2,27,2.7607361963190185,Post
Molonglo District,Theft,2023,Q3,25,2.556237218813906,Post
Molonglo District,Theft,2023,Q4,25,2.556237218813906,Post
Molonglo District,Theft,2024,Q1,44,4.256554125955306,Post
Molonglo District,Theft,2024,Q2,23,2.225016929476637,Post
Molonglo District,Theft,2024,Q3,20,1.9347973299796848,Post
Molonglo District,Theft,2024,Q4,28,2.7087162619715586,Post
Molonglo District,Theft,2025,Q1,46,4.213997801392451,Post
Molonglo District,Theft,2025,Q2,34,3.11469402711616,Post
Tuggeranong,Assault,2014,Q1,61,0.6998382341130984,Pre
Tuggeranong,Assault,2014,Q2,53,0.608056170622856,Pre
Tuggeranong,Assault,2014,Q3,41,0.4703830753874924,Pre
Tuggeranong,Assault,2014,Q4,50,0.5736378968140151,Pre
Tuggeranong,Assault,2015,Q1,37,0.4285383368079685,Pre
Tuggeranong,Assault,2015,Q2,49,0.5675237433402825,Pre
Tuggeranong,Assault,2015,Q3,67,0.7760018531387537,Pre
Tuggeranong,Assault,2015,Q4,70,0.8107482047718323,Pre
Tuggeranong,Assault,2016,Q1,56,0.6519967400162999,Pre
Tuggeranong,Assault,2016,Q2,34,0.3958551635813249,Pre
Tuggeranong,Assault,2016,Q3,86,1.0012807078821748,Pre
Tuggeranong,Assault,2016,Q4,78,0.9081383164512749,Pre
Tuggeranong,Assault,2017,Q1,79,0.915358322229303,Pre
Tuggeranong,Assault,2017,Q2,76,0.8805978796130003,Pre
Tuggeranong,Assault,2017,Q3,49,0.5677538960662766,Pre
Tuggeranong,Assault,2017,Q4,57,0.6604484097097503,Pre
Tuggeranong,Assault,2018,Q1,47,0.5411878497570412,Pre
Tuggeranong,Assault,2018,Q2,47,0.5411878497570412,Pre
Tuggeranong,Assault,2018,Q3,67,0.771480551781314,Pre
Tuggeranong,Assault,2018,Q4,77,0.8866269027934505,Pre
Tuggeranong,Assault,2019,Q1,76,0.8690680388793596,Pre
Tuggeranong,Assault,2019,Q2,66,0.7547169811320754,Pre
Tuggeranong,Assault,2019,Q3,53,0.6060606060606061,Pre
Tuggeranong,Assault,2019,Q4,69,0.7890222984562607,Pre
Tuggeranong,Assault,2020,Q1,71,0.8043138409950835,Pre
Tuggeranong,Assault,2020,Q2,60,0.679701837460634,During
Tuggeranong,Assault,2020,Q3,62,0.7023585653759884,During
Tuggeranong,Assault,2020,Q4,62,0.7023585653759884,During
Tuggeranong,Assault,2021,Q1,71,0.797716956541279,During
Tuggeranong,Assault,2021,Q2,51,0.5730079546986652,During
Tuggeranong,Assault,2021,Q3,44,0.4943598040537503,During
Tuggeranong,Assault,2021,Q4,38,0.4269471035009662,Post
Tuggeranong,Assault,2022,Q1,65,0.7259244368501581,Post
Tuggeranong,Assault,2022,Q2,55,0.6142437542578261,Post
Tuggeranong,Assault,2022,Q3,44,0.4913950034062608,Post
Tuggeranong,Assault,2022,Q4,66,0.7370925051093913,Post
Tuggeranong,Assault,2023,Q1,57,0.6336360705670487,Post
Tuggeranong,Assault,2023,Q2,61,0.6781017597296487,Post
Tuggeranong,Assault,2023,Q3,66,0.7336838711828986,Post
Tuggeranong,Assault,2023,Q4,54,0.6002868036950988,Post
Tuggeranong,Assault,2024,Q1,68,0.7550773399069478,Post
Tuggeranong,Assault,2024,Q2,69,0.7661814184349911,Post
Tuggeranong,Assault,2024,Q3,63,0.699556947266731,Post
Tuggeranong,Assault,2024,Q4,93,1.0326793031080317,Post
Tuggeranong,Assault,2025,Q1,68,0.7543067588104139,Post
Tuggeranong,Assault,2025,Q2,53,0.5879155620139991,Post
Tuggeranong,Burglary,2014,Q1,117,1.3423126785447954,Pre
Tuggeranong,Burglary,2014,Q2,122,1.3996764682261968,Pre
Tuggeranong,Burglary,2014,Q3,110,1.262003372990833,Pre
Tuggeranong,Burglary,2014,Q4,97,1.1128575198191897,Pre
Tuggeranong,Burglary,2015,Q1,95,1.1003011350474867,Pre
Tuggeranong,Burglary,2015,Q2,163,1.8878851053972665,Pre
Tuggeranong,Burglary,2015,Q3,138,1.5983321751216122,Pre
Tuggeranong,Burglary,2015,Q4,117,1.3551077136900624,Pre
Tuggeranong,Burglary,2016,Q1,101,1.1759226918151124,Pre
Tuggeranong,Burglary,2016,Q2,104,1.2108510886017,Pre
Tuggeranong,Burglary,2016,Q3,93,1.0827803003842125,Pre
Tuggeranong,Burglary,2016,Q4,111,1.2923506811037373,Pre
Tuggeranong,Burglary,2017,Q1,140,1.62215398876079,Pre
Tuggeranong,Burglary,2017,Q2,134,1.5526331035281848,Pre
Tuggeranong,Burglary,2017,Q3,84,0.973292393256474,Pre
Tuggeranong,Burglary,2017,Q4,94,1.0891605353108162,Pre
Tuggeranong,Burglary,2018,Q1,104,1.1975220505262187,Pre
Tuggeranong,Burglary,2018,Q2,97,1.1169196048177232,Pre
Tuggeranong,Burglary,2018,Q3,67,0.771480551781314,Pre
Tuggeranong,Burglary,2018,Q4,72,0.8290537272873822,Pre
Tuggeranong,Burglary,2019,Q1,110,1.2578616352201255,Pre
Tuggeranong,Burglary,2019,Q2,116,1.3264722698684963,Pre
Tuggeranong,Burglary,2019,Q3,88,1.0062893081761006,Pre
Tuggeranong,Burglary,2019,Q4,95,1.0863350485991996,Pre
Tuggeranong,Burglary,2020,Q1,100,1.1328363957677232,Pre
Tuggeranong,Burglary,2020,Q2,84,0.9515825724448876,During
Tuggeranong,Burglary,2020,Q3,56,0.634388381629925,During
Tuggeranong,Burglary,2020,Q4,96,1.0875229399370143,During
Tuggeranong,Burglary,2021,Q1,78,0.8763651071861939,During
Tuggeranong,Burglary,2021,Q2,58,0.65165610534358,During
Tuggeranong,Burglary,2021,Q3,41,0.4606534537773583,During
Tuggeranong,Burglary,2021,Q4,70,0.7864815064491483,Post
Tuggeranong,Burglary,2022,Q1,71,0.7929328464055573,Post
Tuggeranong,Burglary,2022,Q2,57,0.6365798907762924,Post
Tuggeranong,Burglary,2022,Q3,48,0.5360672764431936,Post
Tuggeranong,Burglary,2022,Q4,55,0.6142437542578261,Post
Tuggeranong,Burglary,2023,Q1,83,0.9226630501239482,Post
Tuggeranong,Burglary,2023,Q2,55,0.6114032259857488,Post
Tuggeranong,Burglary,2023,Q3,54,0.6002868036950988,Post
Tuggeranong,Burglary,2023,Q4,62,0.6892181820202986,Post
Tuggeranong,Burglary,2024,Q1,52,0.5774120834582542,Post
Tuggeranong,Burglary,2024,Q2,36,0.3997468270095606,Post
Tuggeranong,Burglary,2024,Q3,37,0.4108509055376039,Post
Tuggeranong,Burglary,2024,Q4,39,0.4330590625936906,Post
Tuggeranong,Burglary,2025,Q1,55,0.6101010549201877,Post
Tuggeranong,Burglary,2025,Q2,36,0.3993388723113956,Post
Tuggeranong,CINs,2014,Q1,3,0.0344182738088409,Pre
Tuggeranong,CINs,2014,Q2,5,0.0573637896814015,Pre
Tuggeranong,CINs,2014,Q3,2,0.0229455158725606,Pre
Tuggeranong,CINs,2014,Q4,6,0.0688365476176818,Pre
Tuggeranong,CINs,2015,Q1,4,0.0463284688441047,Pre
Tuggeranong,CINs,2015,Q2,1,0.0115821172110261,Pre
Tuggeranong,CINs,2015,Q3,0,0.0,Pre
Tuggeranong,CINs,2015,Q4,1,0.0115821172110261,Pre
Tuggeranong,CINs,2016,Q1,7,0.0814995925020374,Pre
Tuggeranong,CINs,2016,Q2,1,0.0116427989288624,Pre
Tuggeranong,CINs,2016,Q3,3,0.0349283967865875,Pre
Tuggeranong,CINs,2016,Q4,4,0.0465711957154499,Pre
Tuggeranong,CINs,2017,Q1,4,0.0463472568217368,Pre
Tuggeranong,CINs,2017,Q2,1,0.0115868142054342,Pre
Tuggeranong,CINs,2017,Q3,1,0.0115868142054342,Pre
Tuggeranong,CINs,2017,Q4,0,0.0,Pre
Tuggeranong,CINs,2018,Q1,2,0.0230292702024272,Pre
Tuggeranong,CINs,2018,Q2,3,0.0345439053036409,Pre
Tuggeranong,CINs,2018,Q3,0,0.0,Pre
Tuggeranong,CINs,2018,Q4,0,0.0,Pre
Tuggeranong,CINs,2019,Q1,0,0.0,Pre
Tuggeranong,CINs,2019,Q2,1,0.0114351057747284,Pre
Tuggeranong,CINs,2019,Q3,1,0.0114351057747284,Pre
Tuggeranong,CINs,2019,Q4,1,0.0114351057747284,Pre
Tuggeranong,CINs,2020,Q1,0,0.0,Pre
Tuggeranong,CINs,2020,Q2,1,0.0113283639576772,During
Tuggeranong,CINs,2020,Q3,0,0.0,During
Tuggeranong,CINs,2020,Q4,2,0.0226567279153544,During
Tuggeranong,CINs,2021,Q1,0,0.0,During
Tuggeranong,CINs,2021,Q2,0,0.0,During
Tuggeranong,CINs,2021,Q3,7,0.0786481506449148,During
Tuggeranong,CINs,2021,Q4,1,0.0112354500921306,Post
Tuggeranong,CINs,2022,Q1,2,0.0223361365184664,Post
Tuggeranong,CINs,2022,Q2,0,0.0,Post
Tuggeranong,CINs,2022,Q3,0,0.0,Post
Tuggeranong,CINs,2022,Q4,0,0.0,Post
Tuggeranong,CINs,2023,Q1,0,0.0,Post
Tuggeranong,CINs,2023,Q2,0,0.0,Post
Tuggeranong,CINs,2023,Q3,1,0.0111164222906499,Post
Tuggeranong,CINs,2023,Q4,0,0.0,Post
Tuggeranong,CINs,2024,Q1,0,0.0,Post
Tuggeranong,CINs,2024,Q2,1,0.0111040785280433,Post
Tuggeranong,CINs,2024,Q3,0,0.0,Post
Tuggeranong,CINs,2024,Q4,0,0.0,Post
Tuggeranong,CINs,2025,Q1,1,0.0110927464530943,Post
Tuggeranong,CINs,2025,Q2,1,0.0110927464530943,Post
Tuggeranong,Family Violence,2014,Q1,55,0.6310016864954167,Pre
Tuggeranong,Family Violence,2014,Q2,55,0.6310016864954167,Pre
Tuggeranong,Family Violence,2014,Q3,50,0.5736378968140151,Pre
Tuggeranong,Family Violence,2014,Q4,59,0.6768927182405379,Pre
Tuggeranong,Family Violence,2015,Q1,48,0.5559416261292565,Pre
Tuggeranong,Family Violence,2015,Q2,53,0.6138522121843872,Pre
Tuggeranong,Family Violence,2015,Q3,58,0.6717627982395181,Pre
Tuggeranong,Family Violence,2015,Q4,92,1.065554783414408,Pre
Tuggeranong,Family Violence,2016,Q1,85,0.9896379089533124,Pre
Tuggeranong,Family Violence,2016,Q2,83,0.9663523110955874,Pre
Tuggeranong,Family Violence,2016,Q3,87,1.0129235068110374,Pre
Tuggeranong,Family Violence,2016,Q4,124,1.4437070671789498,Pre
Tuggeranong,Family Violence,2017,Q1,124,1.4367649614738427,Pre
Tuggeranong,Family Violence,2017,Q2,100,1.1586814205434215,Pre
Tuggeranong,Family Violence,2017,Q3,72,0.8342506227912635,Pre
Tuggeranong,Family Violence,2017,Q4,77,0.8921846938184346,Pre
Tuggeranong,Family Violence,2018,Q1,78,0.8981415378946641,Pre
Tuggeranong,Family Violence,2018,Q2,78,0.8981415378946641,Pre
Tuggeranong,Family Violence,2018,Q3,56,0.644819565667964,Pre
Tuggeranong,Family Violence,2018,Q4,96,1.1054049697165096,Pre
Tuggeranong,Family Violence,2019,Q1,74,0.8461978273299028,Pre
Tuggeranong,Family Violence,2019,Q2,69,0.7890222984562607,Pre
Tuggeranong,Family Violence,2019,Q3,81,0.9262435677530017,Pre
Tuggeranong,Family Violence,2019,Q4,83,0.9491137793024584,Pre
Tuggeranong,Family Violence,2020,Q1,92,1.0422094841063054,Pre
Tuggeranong,Family Violence,2020,Q2,91,1.030881120148628,During
Tuggeranong,Family Violence,2020,Q3,66,0.7476720212066973,During
Tuggeranong,Family Violence,2020,Q4,80,0.9062691166141784,During
Tuggeranong,Family Violence,2021,Q1,70,0.7864815064491483,During
Tuggeranong,Family Violence,2021,Q2,68,0.7640106062648869,During
Tuggeranong,Family Violence,2021,Q3,68,0.7640106062648869,During
Tuggeranong,Family Violence,2021,Q4,81,0.910071457462586,Post
Tuggeranong,Family Violence,2022,Q1,70,0.7817647781463241,Post
Tuggeranong,Family Violence,2022,Q2,69,0.7705967098870908,Post
Tuggeranong,Family Violence,2022,Q3,82,0.9157815972571224,Post
Tuggeranong,Family Violence,2022,Q4,102,1.1391429624417866,Post
Tuggeranong,Family Violence,2023,Q1,95,1.056060117611748,Post
Tuggeranong,Family Violence,2023,Q2,94,1.044943695321098,Post
Tuggeranong,Family Violence,2023,Q3,71,0.7892659826361484,Post
Tuggeranong,Family Violence,2023,Q4,73,0.8114988272174484,Post
Tuggeranong,Family Violence,2024,Q1,88,0.9771589104678148,Post
Tuggeranong,Family Violence,2024,Q2,66,0.7328691828508611,Post
Tuggeranong,Family Violence,2024,Q3,81,0.8994303607715114,Post
Tuggeranong,Family Violence,2024,Q4,120,1.332489423365202,Post
Tuggeranong,Family Violence,2025,Q1,81,0.89851246270064,Post
Tuggeranong,Family Violence,2025,Q2,61,0.6766575336387536,Post
Tuggeranong,Homicide,2014,Q1,0,0.0,Pre
Tuggeranong,Homicide,2014,Q2,0,0.0,Pre
Tuggeranong,Homicide,2014,Q3,0,0.0,Pre
Tuggeranong,Homicide,2014,Q4,0,0.0,Pre
Tuggeranong,Homicide,2015,Q1,3,0.0347463516330785,Pre
Tuggeranong,Homicide,2015,Q2,0,0.0,Pre
Tuggeranong,Homicide,2015,Q3,0,0.0,Pre
Tuggeranong,Homicide,2015,Q4,0,0.0,Pre
Tuggeranong,Homicide,2016,Q1,1,0.0116427989288624,Pre
Tuggeranong,Homicide,2016,Q2,0,0.0,Pre
Tuggeranong,Homicide,2016,Q3,0,0.0,Pre
Tuggeranong,Homicide,2016,Q4,0,0.0,Pre
Tuggeranong,Homicide,2017,Q1,0,0.0,Pre
Tuggeranong,Homicide,2017,Q2,0,0.0,Pre
Tuggeranong,Homicide,2017,Q3,0,0.0,Pre
Tuggeranong,Homicide,2017,Q4,0,0.0,Pre
Tuggeranong,Homicide,2018,Q1,0,0.0,Pre
Tuggeranong,Homicide,2018,Q2,1,0.0115146351012136,Pre
Tuggeranong,Homicide,2018,Q3,0,0.0,Pre
Tuggeranong,Homicide,2018,Q4,0,0.0,Pre
Tuggeranong,Homicide,2019,Q1,1,0.0114351057747284,Pre
Tuggeranong,Homicide,2019,Q2,0,0.0,Pre
Tuggeranong,Homicide,2019,Q3,2,0.0228702115494568,Pre
Tuggeranong,Homicide,2019,Q4,0,0.0,Pre
Tuggeranong,Homicide,2020,Q1,0,0.0,Pre
Tuggeranong,Homicide,2020,Q2,1,0.0113283639576772,During
Tuggeranong,Homicide,2020,Q3,0,0.0,During
Tuggeranong,Homicide,2020,Q4,2,0.0226567279153544,During
Tuggeranong,Homicide,2021,Q1,0,0.0,During
Tuggeranong,Homicide,2021,Q2,0,0.0,During
Tuggeranong,Homicide,2021,Q3,0,0.0,During
Tuggeranong,Homicide,2021,Q4,0,0.0,Post
Tuggeranong,Homicide,2022,Q1,1,0.0111680682592332,Post
Tuggeranong,Homicide,2022,Q2,1,0.0111680682592332,Post
Tuggeranong,Homicide,2022,Q3,0,0.0,Post
Tuggeranong,Homicide,2022,Q4,0,0.0,Post
Tuggeranong,Homicide,2023,Q1,0,0.0,Post
Tuggeranong,Homicide,2023,Q2,0,0.0,Post
Tuggeranong,Homicide,2023,Q3,0,0.0,Post
Tuggeranong,Homicide,2023,Q4,0,0.0,Post
Tuggeranong,Homicide,2024,Q1,0,0.0,Post
Tuggeranong,Homicide,2024,Q2,2,0.0222081570560867,Post
Tuggeranong,Homicide,2024,Q3,1,0.0111040785280433,Post
Tuggeranong,Homicide,2024,Q4,0,0.0,Post
Tuggeranong,Homicide,2025,Q1,0,0.0,Post
Tuggeranong,Homicide,2025,Q2,0,0.0,Post
Tuggeranong,Other,2014,Q1,405,4.646466964193523,Pre
Tuggeranong,Other,2014,Q2,492,5.644596904649909,Pre
Tuggeranong,Other,2014,Q3,646,7.411401626837075,Pre
Tuggeranong,Other,2014,Q4,483,5.541342083223387,Pre
Tuggeranong,Other,2015,Q1,591,6.845031271716469,Pre
Tuggeranong,Other,2015,Q2,452,5.235116979383832,Pre
Tuggeranong,Other,2015,Q3,528,6.115357887421821,Pre
Tuggeranong,Other,2015,Q4,474,5.489923558026407,Pre
Tuggeranong,Other,2016,Q1,458,5.3324019094190245,Pre
Tuggeranong,Other,2016,Q2,517,6.019327046221911,Pre
Tuggeranong,Other,2016,Q3,564,6.566538595878449,Pre
Tuggeranong,Other,2016,Q4,545,6.345325416230062,Pre
Tuggeranong,Other,2017,Q1,569,6.592897282892069,Pre
Tuggeranong,Other,2017,Q2,744,8.620589768843056,Pre
Tuggeranong,Other,2017,Q3,686,7.948554544927871,Pre
Tuggeranong,Other,2017,Q4,532,6.164185157291002,Pre
Tuggeranong,Other,2018,Q1,498,5.734288280404393,Pre
Tuggeranong,Other,2018,Q2,660,7.599659166801004,Pre
Tuggeranong,Other,2018,Q3,658,7.576629896598576,Pre
Tuggeranong,Other,2018,Q4,618,7.116044492550031,Pre
Tuggeranong,Other,2019,Q1,607,6.941109205260148,Pre
Tuggeranong,Other,2019,Q2,576,6.586620926243567,Pre
Tuggeranong,Other,2019,Q3,595,6.803887935963408,Pre
Tuggeranong,Other,2019,Q4,697,7.970268724985706,Pre
Tuggeranong,Other,2020,Q1,648,7.340779844574846,Pre
Tuggeranong,Other,2020,Q2,662,7.499376939982327,During
Tuggeranong,Other,2020,Q3,559,6.332555452341572,During
Tuggeranong,Other,2020,Q4,562,6.366540544214605,During
Tuggeranong,Other,2021,Q1,491,5.516605995236169,During
Tuggeranong,Other,2021,Q2,455,5.112129791919464,During
Tuggeranong,Other,2021,Q3,380,4.269471035009662,During
Tuggeranong,Other,2021,Q4,429,4.820008089524066,Post
Tuggeranong,Other,2022,Q1,341,3.8083112763985216,Post
Tuggeranong,Other,2022,Q2,443,4.947454238840308,Post
Tuggeranong,Other,2022,Q3,456,5.092639126210339,Post
Tuggeranong,Other,2022,Q4,411,4.590076054544846,Post
Tuggeranong,Other,2023,Q1,449,4.9912736085018405,Post
Tuggeranong,Other,2023,Q2,401,4.457685338550641,Post
Tuggeranong,Other,2023,Q3,415,4.613315250619741,Post
Tuggeranong,Other,2023,Q4,408,4.535500294585191,Post
Tuggeranong,Other,2024,Q1,356,3.9530519559834327,Post
Tuggeranong,Other,2024,Q2,358,3.97526011303952,Post
Tuggeranong,Other,2024,Q3,345,3.830907092174956,Post
Tuggeranong,Other,2024,Q4,446,4.952419023507334,Post
Tuggeranong,Other,2025,Q1,392,4.348356609612974,Post
Tuggeranong,Other,2025,Q2,338,3.7493483011458806,Post
Tuggeranong,Property Damage,2014,Q1,267,3.063226368986841,Pre
Tuggeranong,Property Damage,2014,Q2,211,2.420751924555144,Pre
Tuggeranong,Property Damage,2014,Q3,236,2.7075708729621515,Pre
Tuggeranong,Property Damage,2014,Q4,222,2.5469522618542277,Pre
Tuggeranong,Property Damage,2015,Q1,256,2.965022006022701,Pre
Tuggeranong,Property Damage,2015,Q2,309,3.5788742182070883,Pre
Tuggeranong,Property Damage,2015,Q3,239,2.768126013435256,Pre
Tuggeranong,Property Damage,2015,Q4,284,3.289321287931433,Pre
Tuggeranong,Property Damage,2016,Q1,241,2.805914541855862,Pre
Tuggeranong,Property Damage,2016,Q2,225,2.619629758994062,Pre
Tuggeranong,Property Damage,2016,Q3,266,3.0969845150774247,Pre
Tuggeranong,Property Damage,2016,Q4,236,2.747700547211549,Pre
Tuggeranong,Property Damage,2017,Q1,268,3.1052662070563697,Pre
Tuggeranong,Property Damage,2017,Q2,253,2.931463993974857,Pre
Tuggeranong,Property Damage,2017,Q3,193,2.236255141648804,Pre
Tuggeranong,Property Damage,2017,Q4,204,2.36371009790858,Pre
Tuggeranong,Property Damage,2018,Q1,183,2.1071782235220966,Pre
Tuggeranong,Property Damage,2018,Q2,179,2.061119683117242,Pre
Tuggeranong,Property Damage,2018,Q3,205,2.3605001957487968,Pre
Tuggeranong,Property Damage,2018,Q4,193,2.222324574534233,Pre
Tuggeranong,Property Damage,2019,Q1,185,2.115494568324757,Pre
Tuggeranong,Property Damage,2019,Q2,174,1.9897084048027445,Pre
Tuggeranong,Property Damage,2019,Q3,226,2.584333905088622,Pre
Tuggeranong,Property Damage,2019,Q4,218,2.4928530588907947,Pre
Tuggeranong,Property Damage,2020,Q1,171,1.9371502367628064,Pre
Tuggeranong,Property Damage,2020,Q2,137,1.5519858622017808,During
Tuggeranong,Property Damage,2020,Q3,123,1.3933887667942997,During
Tuggeranong,Property Damage,2020,Q4,153,1.7332396855246166,During
Tuggeranong,Property Damage,2021,Q1,176,1.9774392162150012,During
Tuggeranong,Property Damage,2021,Q2,144,1.6179048132668197,During
Tuggeranong,Property Damage,2021,Q3,141,1.584198462990427,During
Tuggeranong,Property Damage,2021,Q4,144,1.6179048132668197,Post
Tuggeranong,Property Damage,2022,Q1,98,1.0944706894048537,Post
Tuggeranong,Property Damage,2022,Q2,134,1.496521146737249,Post
Tuggeranong,Property Damage,2022,Q3,142,1.5858656928111146,Post
Tuggeranong,Property Damage,2022,Q4,142,1.5858656928111146,Post
Tuggeranong,Property Damage,2023,Q1,139,1.545182698400347,Post
Tuggeranong,Property Damage,2023,Q2,171,1.9009082117011464,Post
Tuggeranong,Property Damage,2023,Q3,180,2.000956012316996,Post
Tuggeranong,Property Damage,2023,Q4,173,1.9231410562824465,Post
Tuggeranong,Property Damage,2024,Q1,127,1.4102179730615054,Post
Tuggeranong,Property Damage,2024,Q2,103,1.143720088388465,Post
Tuggeranong,Property Damage,2024,Q3,128,1.4213220515895488,Post
Tuggeranong,Property Damage,2024,Q4,129,1.4324261301175922,Post
Tuggeranong,Property Damage,2025,Q1,113,1.2534803491996582,Post
Tuggeranong,Property Damage,2025,Q2,212,2.3516622480559963,Post
Tuggeranong,Robbery,2014,Q1,11,0.1262003372990833,Pre
Tuggeranong,Robbery,2014,Q2,6,0.0688365476176818,Pre
Tuggeranong,Robbery,2014,Q3,7,0.0803093055539621,Pre
Tuggeranong,Robbery,2014,Q4,3,0.0344182738088409,Pre
Tuggeranong,Robbery,2015,Q1,12,0.1389854065323141,Pre
Tuggeranong,Robbery,2015,Q2,10,0.1158211721102617,Pre
Tuggeranong,Robbery,2015,Q3,3,0.0347463516330785,Pre
Tuggeranong,Robbery,2015,Q4,3,0.0347463516330785,Pre
Tuggeranong,Robbery,2016,Q1,5,0.0582139946443124,Pre
Tuggeranong,Robbery,2016,Q2,13,0.1513563860752124,Pre
Tuggeranong,Robbery,2016,Q3,7,0.0814995925020374,Pre
Tuggeranong,Robbery,2016,Q4,15,0.1746419839329374,Pre
Tuggeranong,Robbery,2017,Q1,19,0.22014946990325,Pre
Tuggeranong,Robbery,2017,Q2,17,0.1969758414923816,Pre
Tuggeranong,Robbery,2017,Q3,14,0.162215398876079,Pre
Tuggeranong,Robbery,2017,Q4,7,0.0811076994380395,Pre
Tuggeranong,Robbery,2018,Q1,21,0.2418073371254865,Pre
Tuggeranong,Robbery,2018,Q2,13,0.1496902563157773,Pre
Tuggeranong,Robbery,2018,Q3,11,0.12666098611335,Pre
Tuggeranong,Robbery,2018,Q4,11,0.12666098611335,Pre
Tuggeranong,Robbery,2019,Q1,13,0.1486563750714694,Pre
Tuggeranong,Robbery,2019,Q2,13,0.1486563750714694,Pre
Tuggeranong,Robbery,2019,Q3,16,0.1829616923956546,Pre
Tuggeranong,Robbery,2019,Q4,12,0.137221269296741,Pre
Tuggeranong,Robbery,2020,Q1,8,0.0906269116614178,Pre
Tuggeranong,Robbery,2020,Q2,6,0.0679701837460634,During
Tuggeranong,Robbery,2020,Q3,3,0.0339850918730317,During
Tuggeranong,Robbery,2020,Q4,8,0.0906269116614178,During
Tuggeranong,Robbery,2021,Q1,9,0.1011190508291762,During
Tuggeranong,Robbery,2021,Q2,9,0.1011190508291762,During
Tuggeranong,Robbery,2021,Q3,7,0.0786481506449148,During
Tuggeranong,Robbery,2021,Q4,4,0.0449418003685227,Post
Tuggeranong,Robbery,2022,Q1,11,0.1228487508515652,Post
Tuggeranong,Robbery,2022,Q2,2,0.0223361365184664,Post
Tuggeranong,Robbery,2022,Q3,7,0.0781764778146324,Post
Tuggeranong,Robbery,2022,Q4,8,0.0893445460738656,Post
Tuggeranong,Robbery,2023,Q1,4,0.0444656891625999,Post
Tuggeranong,Robbery,2023,Q2,9,0.1000478006158498,Post
Tuggeranong,Robbery,2023,Q3,7,0.0778149560345498,Post
Tuggeranong,Robbery,2023,Q4,3,0.0333492668719499,Post
Tuggeranong,Robbery,2024,Q1,11,0.1221448638084768,Post
Tuggeranong,Robbery,2024,Q2,6,0.0666244711682601,Post
Tuggeranong,Robbery,2024,Q3,5,0.0555203926402167,Post
Tuggeranong,Robbery,2024,Q4,7,0.0777285496963034,Post
Tuggeranong,Robbery,2025,Q1,6,0.0665564787185659,Post
Tuggeranong,Robbery,2025,Q2,2,0.0221854929061886,Post
Tuggeranong,Sexual Assault,2014,Q1,20,0.229455158725606,Pre
Tuggeranong,Sexual Assault,2014,Q2,10,0.114727579362803,Pre
Tuggeranong,Sexual Assault,2014,Q3,29,0.3327099801521287,Pre
Tuggeranong,Sexual Assault,2014,Q4,40,0.4589103174512121,Pre
Tuggeranong,Sexual Assault,2015,Q1,18,0.2084781097984711,Pre
Tuggeranong,Sexual Assault,2015,Q2,31,0.3590456335418114,Pre
Tuggeranong,Sexual Assault,2015,Q3,53,0.6138522121843872,Pre
Tuggeranong,Sexual Assault,2015,Q4,40,0.463284688441047,Pre
Tuggeranong,Sexual Assault,2016,Q1,18,0.2095703807195249,Pre
Tuggeranong,Sexual Assault,2016,Q2,22,0.256141576434975,Pre
Tuggeranong,Sexual Assault,2016,Q3,25,0.2910699732215625,Pre
Tuggeranong,Sexual Assault,2016,Q4,23,0.2677843753638375,Pre
Tuggeranong,Sexual Assault,2017,Q1,23,0.2664967267249869,Pre
Tuggeranong,Sexual Assault,2017,Q2,17,0.1969758414923816,Pre
Tuggeranong,Sexual Assault,2017,Q3,19,0.22014946990325,Pre
Tuggeranong,Sexual Assault,2017,Q4,19,0.22014946990325,Pre
Tuggeranong,Sexual Assault,2018,Q1,33,0.3799829583400502,Pre
Tuggeranong,Sexual Assault,2018,Q2,20,0.2302927020242728,Pre
Tuggeranong,Sexual Assault,2018,Q3,29,0.3339244179351956,Pre
Tuggeranong,Sexual Assault,2018,Q4,33,0.3799829583400502,Pre
Tuggeranong,Sexual Assault,2019,Q1,21,0.2401372212692967,Pre
Tuggeranong,Sexual Assault,2019,Q2,21,0.2401372212692967,Pre
Tuggeranong,Sexual Assault,2019,Q3,27,0.3087478559176672,Pre
Tuggeranong,Sexual Assault,2019,Q4,23,0.2630074328187535,Pre
Tuggeranong,Sexual Assault,2020,Q1,40,0.4531345583070892,Pre
Tuggeranong,Sexual Assault,2020,Q2,18,0.2039105512381901,During
Tuggeranong,Sexual Assault,2020,Q3,23,0.2605523710265763,During
Tuggeranong,Sexual Assault,2020,Q4,36,0.4078211024763803,During
Tuggeranong,Sexual Assault,2021,Q1,42,0.471888903869489,During
Tuggeranong,Sexual Assault,2021,Q2,44,0.4943598040537503,During
Tuggeranong,Sexual Assault,2021,Q3,45,0.505595254145881,During
Tuggeranong,Sexual Assault,2021,Q4,28,0.3145926025796593,Post
Tuggeranong,Sexual Assault,2022,Q1,24,0.2680336382215968,Post
Tuggeranong,Sexual Assault,2022,Q2,35,0.390882389073162,Post
Tuggeranong,Sexual Assault,2022,Q3,72,0.8041009146647905,Post
Tuggeranong,Sexual Assault,2022,Q4,18,0.2010252286661976,Post
Tuggeranong,Sexual Assault,2023,Q1,45,0.500239003079249,Post
Tuggeranong,Sexual Assault,2023,Q2,25,0.2779105572662494,Post
Tuggeranong,Sexual Assault,2023,Q3,45,0.500239003079249,Post
Tuggeranong,Sexual Assault,2023,Q4,32,0.3557255133007993,Post
Tuggeranong,Sexual Assault,2024,Q1,27,0.2998101202571704,Post
Tuggeranong,Sexual Assault,2024,Q2,24,0.2664978846730404,Post
Tuggeranong,Sexual Assault,2024,Q3,37,0.4108509055376039,Post
Tuggeranong,Sexual Assault,2024,Q4,41,0.4552672196497773,Post
Tuggeranong,Sexual Assault,2025,Q1,30,0.3327823935928296,Post
Tuggeranong,Sexual Assault,2025,Q2,30,0.3327823935928296,Post
Tuggeranong,TINs,2014,Q1,424,4.864449364982848,Pre
Tuggeranong,TINs,2014,Q2,423,4.8529766070465685,Pre
Tuggeranong,TINs,2014,Q3,612,7.021327857003546,Pre
Tuggeranong,TINs,2014,Q4,339,3.8892649403990234,Pre
Tuggeranong,TINs,2015,Q1,285,3.30090340514246,Pre
Tuggeranong,TINs,2015,Q2,346,4.0074125550150566,Pre
Tuggeranong,TINs,2015,Q3,478,5.536252026870511,Pre
Tuggeranong,TINs,2015,Q4,354,4.100069492703266,Pre
Tuggeranong,TINs,2016,Q1,299,3.481196879729887,Pre
Tuggeranong,TINs,2016,Q2,301,3.504482477587612,Pre
Tuggeranong,TINs,2016,Q3,307,3.574339271160787,Pre
Tuggeranong,TINs,2016,Q4,248,2.8874141343579,Pre
Tuggeranong,TINs,2017,Q1,239,2.769248595098777,Pre
Tuggeranong,TINs,2017,Q2,385,4.460923469092172,Pre
Tuggeranong,TINs,2017,Q3,418,4.843288337871502,Pre
Tuggeranong,TINs,2017,Q4,238,2.757661780893343,Pre
Tuggeranong,TINs,2018,Q1,269,3.097436842226469,Pre
Tuggeranong,TINs,2018,Q2,191,2.1992953043318058,Pre
Tuggeranong,TINs,2018,Q3,263,3.028349031619188,Pre
Tuggeranong,TINs,2018,Q4,208,2.395044101052437,Pre
Tuggeranong,TINs,2019,Q1,186,2.126929674099485,Pre
Tuggeranong,TINs,2019,Q2,170,1.943967981703831,Pre
Tuggeranong,TINs,2019,Q3,131,1.4979988564894224,Pre
Tuggeranong,TINs,2019,Q4,151,1.7267009719839908,Pre
Tuggeranong,TINs,2020,Q1,155,1.755896413439971,Pre
Tuggeranong,TINs,2020,Q2,229,2.5941953463080862,During
Tuggeranong,TINs,2020,Q3,129,1.461358950540363,During
Tuggeranong,TINs,2020,Q4,114,1.2914334911752046,During
Tuggeranong,TINs,2021,Q1,89,0.9999550581996314,During
Tuggeranong,TINs,2021,Q2,114,1.2808413105028986,During
Tuggeranong,TINs,2021,Q3,89,0.9999550581996314,During
Tuggeranong,TINs,2021,Q4,94,1.056132308660285,Post
Tuggeranong,TINs,2022,Q1,41,0.4578907986285612,Post
Tuggeranong,TINs,2022,Q2,91,1.0162942115902214,Post
Tuggeranong,TINs,2022,Q3,78,0.8711093242201897,Post
Tuggeranong,TINs,2022,Q4,104,1.1614790989602528,Post
Tuggeranong,TINs,2023,Q1,137,1.522949853819047,Post
Tuggeranong,TINs,2023,Q2,301,3.3460431094856435,Post
Tuggeranong,TINs,2023,Q3,295,3.279344575741744,Post
Tuggeranong,TINs,2023,Q4,199,2.2121680358393454,Post
Tuggeranong,TINs,2024,Q1,218,2.4206891191134505,Post
Tuggeranong,TINs,2024,Q2,220,2.442897276169537,Post
Tuggeranong,TINs,2024,Q3,240,2.664978846730404,Post
Tuggeranong,TINs,2024,Q4,338,3.753178542478652,Post
Tuggeranong,TINs,2025,Q1,510,5.657300691078104,Post
Tuggeranong,TINs,2025,Q2,505,5.601836958812632,Post
Tuggeranong,Theft,2014,Q1,481,5.518396567350826,Pre
Tuggeranong,Theft,2014,Q2,467,5.357777956242901,Pre
Tuggeranong,Theft,2014,Q3,510,5.851106547502955,Pre
Tuggeranong,Theft,2014,Q4,615,7.055746130812386,Pre
Tuggeranong,Theft,2015,Q1,598,6.926106092193653,Pre
Tuggeranong,Theft,2015,Q2,730,8.454945564049108,Pre
Tuggeranong,Theft,2015,Q3,533,6.173268473476951,Pre
Tuggeranong,Theft,2015,Q4,549,6.35858234885337,Pre
Tuggeranong,Theft,2016,Q1,466,5.425544300849924,Pre
Tuggeranong,Theft,2016,Q2,584,6.799394574455699,Pre
Tuggeranong,Theft,2016,Q3,635,7.393177319827687,Pre
Tuggeranong,Theft,2016,Q4,458,5.3324019094190245,Pre
Tuggeranong,Theft,2017,Q1,562,6.5117895834540285,Pre
Tuggeranong,Theft,2017,Q2,480,5.561670818608423,Pre
Tuggeranong,Theft,2017,Q3,492,5.700712589073634,Pre
Tuggeranong,Theft,2017,Q4,463,5.3646949771160415,Pre
Tuggeranong,Theft,2018,Q1,478,5.503995578380121,Pre
Tuggeranong,Theft,2018,Q2,460,5.296732146558275,Pre
Tuggeranong,Theft,2018,Q3,317,3.650139327084725,Pre
Tuggeranong,Theft,2018,Q4,282,3.247127098542247,Pre
Tuggeranong,Theft,2019,Q1,388,4.436821040594626,Pre
Tuggeranong,Theft,2019,Q2,343,3.922241280731847,Pre
Tuggeranong,Theft,2019,Q3,435,4.974271012006861,Pre
Tuggeranong,Theft,2019,Q4,448,5.12292738707833,Pre
Tuggeranong,Theft,2020,Q1,395,4.474703763282506,Pre
Tuggeranong,Theft,2020,Q2,347,3.930942293314,During
Tuggeranong,Theft,2020,Q3,287,3.2512404558533654,During
Tuggeranong,Theft,2020,Q4,306,3.466479371049233,During
Tuggeranong,Theft,2021,Q1,343,3.853759381600826,During
Tuggeranong,Theft,2021,Q2,357,4.011055682890657,During
Tuggeranong,Theft,2021,Q3,336,3.775111230955912,During
Tuggeranong,Theft,2021,Q4,300,3.370635027639207,Post
Tuggeranong,Theft,2022,Q1,267,2.981874225215265,Post
Tuggeranong,Theft,2022,Q2,299,3.339252409510727,Post
Tuggeranong,Theft,2022,Q3,292,3.2610759316960944,Post
Tuggeranong,Theft,2022,Q4,244,2.725008655252901,Post
Tuggeranong,Theft,2023,Q1,346,3.846282112564893,Post
Tuggeranong,Theft,2023,Q2,292,3.245995308869793,Post
Tuggeranong,Theft,2023,Q3,219,2.4344964816523453,Post
Tuggeranong,Theft,2023,Q4,308,3.4238580655201933,Post
Tuggeranong,Theft,2024,Q1,238,2.6427706896743173,Post
Tuggeranong,Theft,2024,Q2,232,2.5761462185060573,Post
Tuggeranong,Theft,2024,Q3,220,2.442897276169537,Post
Tuggeranong,Theft,2024,Q4,252,2.798227789066924,Post
Tuggeranong,Theft,2025,Q1,258,2.861928584898335,Post
Tuggeranong,Theft,2025,Q2,296,3.2834529501159198,Post
Weston Creek,Assault,2014,Q1,10,0.4233879503789322,Pre
Weston Creek,Assault,2014,Q2,5,0.2116939751894661,Pre
Weston Creek,Assault,2014,Q3,9,0.381049155341039,Pre
Weston Creek,Assault,2014,Q4,16,0.6774207206062915,Pre
Weston Creek,Assault,2015,Q1,13,0.5570314508526866,Pre
Weston Creek,Assault,2015,Q2,14,0.5998800239952009,Pre
Weston Creek,Assault,2015,Q3,12,0.5141828777101722,Pre
Weston Creek,Assault,2015,Q4,16,0.6855771702802297,Pre
Weston Creek,Assault,2016,Q1,8,0.3437016669530847,Pre
Weston Creek,Assault,2016,Q2,11,0.4725897920604915,Pre
Weston Creek,Assault,2016,Q3,10,0.4296270836913559,Pre
Weston Creek,Assault,2016,Q4,12,0.5155525004296271,Pre
Weston Creek,Assault,2017,Q1,6,0.2557980900409277,Pre
Weston Creek,Assault,2017,Q2,8,0.3410641200545702,Pre
Weston Creek,Assault,2017,Q3,10,0.4263301500682128,Pre
Weston Creek,Assault,2017,Q4,14,0.596862210095498,Pre
Weston Creek,Assault,2018,Q1,10,0.4241781548250265,Pre
Weston Creek,Assault,2018,Q2,16,0.6786850477200425,Pre
Weston Creek,Assault,2018,Q3,9,0.3817603393425238,Pre
Weston Creek,Assault,2018,Q4,14,0.5938494167550371,Pre
Weston Creek,Assault,2019,Q1,14,0.5863628748534092,Pre
Weston Creek,Assault,2019,Q2,5,0.2094153124476461,Pre
Weston Creek,Assault,2019,Q3,9,0.3769475624057631,Pre
Weston Creek,Assault,2019,Q4,21,0.8795443122801139,Pre
Weston Creek,Assault,2020,Q1,15,0.6200909466721786,Pre
Weston Creek,Assault,2020,Q2,8,0.3307151715584952,During
Weston Creek,Assault,2020,Q3,23,0.9508061182306736,During
Weston Creek,Assault,2020,Q4,7,0.2893757751136833,During
Weston Creek,Assault,2021,Q1,13,0.530893943725242,During
Weston Creek,Assault,2021,Q2,12,0.4900559480540695,During
Weston Creek,Assault,2021,Q3,10,0.4083799567117246,During
Weston Creek,Assault,2021,Q4,16,0.6534079307387594,Post
Weston Creek,Assault,2022,Q1,10,0.4058606274605301,Post
Weston Creek,Assault,2022,Q2,4,0.162344250984212,Post
Weston Creek,Assault,2022,Q3,16,0.649377003936848,Post
Weston Creek,Assault,2022,Q4,12,0.4870327529526361,Post
Weston Creek,Assault,2023,Q1,13,0.5229283990345938,Post
Weston Creek,Assault,2023,Q2,22,0.8849557522123894,Post
Weston Creek,Assault,2023,Q3,13,0.5229283990345938,Post
Weston Creek,Assault,2023,Q4,15,0.6033789219629928,Post
Weston Creek,Assault,2024,Q1,9,0.3611991812818557,Post
Weston Creek,Assault,2024,Q2,11,0.441465666011157,Post
Weston Creek,Assault,2024,Q3,14,0.561865393105109,Post
Weston Creek,Assault,2024,Q4,9,0.3611991812818557,Post
Weston Creek,Assault,2025,Q1,18,0.7200576046083687,Post
Weston Creek,Assault,2025,Q2,10,0.4000320025602048,Post
Weston Creek,Burglary,2014,Q1,18,0.762098310682078,Pre
Weston Creek,Burglary,2014,Q2,25,1.0584698759473306,Pre
Weston Creek,Burglary,2014,Q3,29,1.2278250560989037,Pre
Weston Creek,Burglary,2014,Q4,28,1.1854862610610102,Pre
Weston Creek,Burglary,2015,Q1,47,2.0138829376981744,Pre
Weston Creek,Burglary,2015,Q2,30,1.2854571942754305,Pre
Weston Creek,Burglary,2015,Q3,30,1.2854571942754305,Pre
Weston Creek,Burglary,2015,Q4,43,1.842488645128117,Pre
Weston Creek,Burglary,2016,Q1,32,1.374806667812339,Pre
Weston Creek,Burglary,2016,Q2,42,1.8044337515036948,Pre
Weston Creek,Burglary,2016,Q3,14,0.6014779171678982,Pre
Weston Creek,Burglary,2016,Q4,40,1.7185083347654235,Pre
Weston Creek,Burglary,2017,Q1,16,0.6821282401091405,Pre
Weston Creek,Burglary,2017,Q2,21,0.895293315143247,Pre
Weston Creek,Burglary,2017,Q3,43,1.8332196452933152,Pre
Weston Creek,Burglary,2017,Q4,54,2.302182810368349,Pre
Weston Creek,Burglary,2018,Q1,36,1.5270413573700954,Pre
Weston Creek,Burglary,2018,Q2,27,1.1452810180275717,Pre
Weston Creek,Burglary,2018,Q3,16,0.6786850477200425,Pre
Weston Creek,Burglary,2018,Q4,22,0.9331919406150584,Pre
Weston Creek,Burglary,2019,Q1,22,0.9214273747696432,Pre
Weston Creek,Burglary,2019,Q2,31,1.2983749371754063,Pre
Weston Creek,Burglary,2019,Q3,28,1.1727257497068184,Pre
Weston Creek,Burglary,2019,Q4,60,2.5129837493717537,Pre
Weston Creek,Burglary,2020,Q1,46,1.9016122364613477,Pre
Weston Creek,Burglary,2020,Q2,39,1.6122364613476643,During
Weston Creek,Burglary,2020,Q3,38,1.5708970649028524,During
Weston Creek,Burglary,2020,Q4,21,0.86812732534105,During
Weston Creek,Burglary,2021,Q1,18,0.7350839220811043,During
Weston Creek,Burglary,2021,Q2,30,1.225139870135174,During
Weston Creek,Burglary,2021,Q3,21,0.8575979090946217,During
Weston Creek,Burglary,2021,Q4,23,0.9392739004369666,Post
Weston Creek,Burglary,2022,Q1,36,1.4610982588579082,Post
Weston Creek,Burglary,2022,Q2,33,1.3393400706197491,Post
Weston Creek,Burglary,2022,Q3,24,0.9740655059052722,Post
Weston Creek,Burglary,2022,Q4,30,1.2175818823815905,Post
Weston Creek,Burglary,2023,Q1,31,1.246983105390185,Post
Weston Creek,Burglary,2023,Q2,17,0.6838294448913919,Post
Weston Creek,Burglary,2023,Q3,17,0.6838294448913919,Post
Weston Creek,Burglary,2023,Q4,25,1.005631536604988,Post
Weston Creek,Burglary,2024,Q1,17,0.6822651201990608,Post
Weston Creek,Burglary,2024,Q2,12,0.4815989083758076,Post
Weston Creek,Burglary,2024,Q3,11,0.441465666011157,Post
Weston Creek,Burglary,2024,Q4,14,0.561865393105109,Post
Weston Creek,Burglary,2025,Q1,8,0.3200256020481638,Post
Weston Creek,Burglary,2025,Q2,4,0.1600128010240819,Post
Weston Creek,CINs,2014,Q1,0,0.0,Pre
Weston Creek,CINs,2014,Q2,1,0.0423387950378932,Pre
Weston Creek,CINs,2014,Q3,2,0.0846775900757864,Pre
Weston Creek,CINs,2014,Q4,1,0.0423387950378932,Pre
Weston Creek,CINs,2015,Q1,0,0.0,Pre
Weston Creek,CINs,2015,Q2,0,0.0,Pre
Weston Creek,CINs,2015,Q3,0,0.0,Pre
Weston Creek,CINs,2015,Q4,0,0.0,Pre
Weston Creek,CINs,2016,Q1,0,0.0,Pre
Weston Creek,CINs,2016,Q2,2,0.0859254167382711,Pre
Weston Creek,CINs,2016,Q3,0,0.0,Pre
Weston Creek,CINs,2016,Q4,0,0.0,Pre
Weston Creek,CINs,2017,Q1,0,0.0,Pre
Weston Creek,CINs,2017,Q2,0,0.0,Pre
Weston Creek,CINs,2017,Q3,0,0.0,Pre
Weston Creek,CINs,2017,Q4,0,0.0,Pre
Weston Creek,CINs,2018,Q1,1,0.0424178154825026,Pre
Weston Creek,CINs,2018,Q2,0,0.0,Pre
Weston Creek,CINs,2018,Q3,0,0.0,Pre
Weston Creek,CINs,2018,Q4,0,0.0,Pre
Weston Creek,CINs,2019,Q1,0,0.0,Pre
Weston Creek,CINs,2019,Q2,0,0.0,Pre
Weston Creek,CINs,2019,Q3,0,0.0,Pre
Weston Creek,CINs,2019,Q4,1,0.0418830624895292,Pre
Weston Creek,CINs,2020,Q1,0,0.0,Pre
Weston Creek,CINs,2020,Q2,0,0.0,During
Weston Creek,CINs,2020,Q3,0,0.0,During
Weston Creek,CINs,2020,Q4,0,0.0,During
Weston Creek,CINs,2021,Q1,0,0.0,During
Weston Creek,CINs,2021,Q2,0,0.0,During
Weston Creek,CINs,2021,Q3,1,0.0408379956711724,During
Weston Creek,CINs,2021,Q4,4,0.1633519826846898,Post
Weston Creek,CINs,2022,Q1,0,0.0,Post
Weston Creek,CINs,2022,Q2,0,0.0,Post
Weston Creek,CINs,2022,Q3,1,0.040586062746053,Post
Weston Creek,CINs,2022,Q4,0,0.0,Post
Weston Creek,CINs,2023,Q1,0,0.0,Post
Weston Creek,CINs,2023,Q2,0,0.0,Post
Weston Creek,CINs,2023,Q3,0,0.0,Post
Weston Creek,CINs,2023,Q4,0,0.0,Post
Weston Creek,CINs,2024,Q1,0,0.0,Post
Weston Creek,CINs,2024,Q2,0,0.0,Post
Weston Creek,CINs,2024,Q3,1,0.0401332423646506,Post
Weston Creek,CINs,2024,Q4,0,0.0,Post
Weston Creek,CINs,2025,Q1,0,0.0,Post
Weston Creek,CINs,2025,Q2,0,0.0,Post
Weston Creek,Family Violence,2014,Q1,6,0.2540327702273593,Pre
Weston Creek,Family Violence,2014,Q2,7,0.2963715652652525,Pre
Weston Creek,Family Violence,2014,Q3,7,0.2963715652652525,Pre
Weston Creek,Family Violence,2014,Q4,10,0.4233879503789322,Pre
Weston Creek,Family Violence,2015,Q1,10,0.4284857314251435,Pre
Weston Creek,Family Violence,2015,Q2,13,0.5570314508526866,Pre
Weston Creek,Family Violence,2015,Q3,31,1.328305767417945,Pre
Weston Creek,Family Violence,2015,Q4,20,0.856971462850287,Pre
Weston Creek,Family Violence,2016,Q1,17,0.730366042275305,Pre
Weston Creek,Family Violence,2016,Q2,10,0.4296270836913559,Pre
Weston Creek,Family Violence,2016,Q3,15,0.6444406255370339,Pre
Weston Creek,Family Violence,2016,Q4,12,0.5155525004296271,Pre
Weston Creek,Family Violence,2017,Q1,11,0.4689631650750341,Pre
Weston Creek,Family Violence,2017,Q2,22,0.9379263301500682,Pre
Weston Creek,Family Violence,2017,Q3,12,0.5115961800818554,Pre
Weston Creek,Family Violence,2017,Q4,20,0.8526603001364257,Pre
Weston Creek,Family Violence,2018,Q1,21,0.8907741251325557,Pre
Weston Creek,Family Violence,2018,Q2,8,0.3393425238600212,Pre
Weston Creek,Family Violence,2018,Q3,3,0.1272534464475079,Pre
Weston Creek,Family Violence,2018,Q4,14,0.5938494167550371,Pre
Weston Creek,Family Violence,2019,Q1,8,0.3350644999162339,Pre
Weston Creek,Family Violence,2019,Q2,5,0.2094153124476461,Pre
Weston Creek,Family Violence,2019,Q3,20,0.8376612497905846,Pre
Weston Creek,Family Violence,2019,Q4,5,0.2094153124476461,Pre
Weston Creek,Family Violence,2020,Q1,8,0.3307151715584952,Pre
Weston Creek,Family Violence,2020,Q2,6,0.2480363786688714,During
Weston Creek,Family Violence,2020,Q3,12,0.4960727573377428,During
Weston Creek,Family Violence,2020,Q4,12,0.4960727573377428,During
Weston Creek,Family Violence,2021,Q1,5,0.2041899783558623,During
Weston Creek,Family Violence,2021,Q2,15,0.612569935067587,During
Weston Creek,Family Violence,2021,Q3,14,0.5717319393964144,During
Weston Creek,Family Violence,2021,Q4,7,0.2858659696982072,Post
Weston Creek,Family Violence,2022,Q1,20,0.8117212549210602,Post
Weston Creek,Family Violence,2022,Q2,11,0.446446690206583,Post
Weston Creek,Family Violence,2022,Q3,18,0.7305491294289541,Post
Weston Creek,Family Violence,2022,Q4,19,0.7711351921750071,Post
Weston Creek,Family Violence,2023,Q1,15,0.6033789219629928,Post
Weston Creek,Family Violence,2023,Q2,24,0.9654062751407884,Post
Weston Creek,Family Violence,2023,Q3,20,0.8045052292839904,Post
Weston Creek,Family Violence,2023,Q4,16,0.6436041834271923,Post
Weston Creek,Family Violence,2024,Q1,24,0.9631978167516152,Post
Weston Creek,Family Violence,2024,Q2,15,0.6019986354697595,Post
Weston Creek,Family Violence,2024,Q3,13,0.5217321507404583,Post
Weston Creek,Family Violence,2024,Q4,29,1.1638640285748685,Post
Weston Creek,Family Violence,2025,Q1,20,0.8000640051204096,Post
Weston Creek,Family Violence,2025,Q2,7,0.2800224017921434,Post
Weston Creek,Homicide,2014,Q1,0,0.0,Pre
Weston Creek,Homicide,2014,Q2,0,0.0,Pre
Weston Creek,Homicide,2014,Q3,0,0.0,Pre
Weston Creek,Homicide,2014,Q4,0,0.0,Pre
Weston Creek,Homicide,2015,Q1,0,0.0,Pre
Weston Creek,Homicide,2015,Q2,0,0.0,Pre
Weston Creek,Homicide,2015,Q3,0,0.0,Pre
Weston Creek,Homicide,2015,Q4,0,0.0,Pre
Weston Creek,Homicide,2016,Q1,0,0.0,Pre
Weston Creek,Homicide,2016,Q2,0,0.0,Pre
Weston Creek,Homicide,2016,Q3,0,0.0,Pre
Weston Creek,Homicide,2016,Q4,0,0.0,Pre
Weston Creek,Homicide,2017,Q1,0,0.0,Pre
Weston Creek,Homicide,2017,Q2,0,0.0,Pre
Weston Creek,Homicide,2017,Q3,0,0.0,Pre
Weston Creek,Homicide,2017,Q4,1,0.0426330150068212,Pre
Weston Creek,Homicide,2018,Q1,0,0.0,Pre
Weston Creek,Homicide,2018,Q2,0,0.0,Pre
Weston Creek,Homicide,2018,Q3,0,0.0,Pre
Weston Creek,Homicide,2018,Q4,0,0.0,Pre
Weston Creek,Homicide,2019,Q1,0,0.0,Pre
Weston Creek,Homicide,2019,Q2,0,0.0,Pre
Weston Creek,Homicide,2019,Q3,0,0.0,Pre
Weston Creek,Homicide,2019,Q4,0,0.0,Pre
Weston Creek,Homicide,2020,Q1,0,0.0,Pre
Weston Creek,Homicide,2020,Q2,0,0.0,During
Weston Creek,Homicide,2020,Q3,1,0.0413393964448119,During
Weston Creek,Homicide,2020,Q4,0,0.0,During
Weston Creek,Homicide,2021,Q1,0,0.0,During
Weston Creek,Homicide,2021,Q2,0,0.0,During
Weston Creek,Homicide,2021,Q3,0,0.0,During
Weston Creek,Homicide,2021,Q4,0,0.0,Post
Weston Creek,Homicide,2022,Q1,0,0.0,Post
Weston Creek,Homicide,2022,Q2,0,0.0,Post
Weston Creek,Homicide,2022,Q3,0,0.0,Post
Weston Creek,Homicide,2022,Q4,0,0.0,Post
Weston Creek,Homicide,2023,Q1,0,0.0,Post
Weston Creek,Homicide,2023,Q2,0,0.0,Post
Weston Creek,Homicide,2023,Q3,1,0.0402252614641995,Post
Weston Creek,Homicide,2023,Q4,0,0.0,Post
Weston Creek,Homicide,2024,Q1,0,0.0,Post
Weston Creek,Homicide,2024,Q2,0,0.0,Post
Weston Creek,Homicide,2024,Q3,0,0.0,Post
Weston Creek,Homicide,2024,Q4,0,0.0,Post
Weston Creek,Homicide,2025,Q1,1,0.0400032002560204,Post
Weston Creek,Homicide,2025,Q2,0,0.0,Post
Weston Creek,Other,2014,Q1,101,4.276218298827216,Pre
Weston Creek,Other,2014,Q2,77,3.260087217917778,Pre
Weston Creek,Other,2014,Q3,94,3.979846733561963,Pre
Weston Creek,Other,2014,Q4,87,3.6834751682967104,Pre
Weston Creek,Other,2015,Q1,88,3.770674436541263,Pre
Weston Creek,Other,2015,Q2,109,4.670494472534064,Pre
Weston Creek,Other,2015,Q3,105,4.499100179964007,Pre
Weston Creek,Other,2015,Q4,86,3.684977290256234,Pre
Weston Creek,Other,2016,Q1,228,9.795497508162915,Pre
Weston Creek,Other,2016,Q2,70,3.0073895858394915,Pre
Weston Creek,Other,2016,Q3,100,4.296270836913559,Pre
Weston Creek,Other,2016,Q4,97,4.167382711806153,Pre
Weston Creek,Other,2017,Q1,98,4.178035470668486,Pre
Weston Creek,Other,2017,Q2,80,3.4106412005457027,Pre
Weston Creek,Other,2017,Q3,115,4.902796725784447,Pre
Weston Creek,Other,2017,Q4,124,5.286493860845839,Pre
Weston Creek,Other,2018,Q1,103,4.369034994697773,Pre
Weston Creek,Other,2018,Q2,81,3.435843054082715,Pre
Weston Creek,Other,2018,Q3,91,3.8600212089077415,Pre
Weston Creek,Other,2018,Q4,80,3.393425238600212,Pre
Weston Creek,Other,2019,Q1,81,3.392528061651868,Pre
Weston Creek,Other,2019,Q2,80,3.3506449991623386,Pre
Weston Creek,Other,2019,Q3,75,3.1412296867146923,Pre
Weston Creek,Other,2019,Q4,113,4.732786061316803,Pre
Weston Creek,Other,2020,Q1,99,4.092600248036378,Pre
Weston Creek,Other,2020,Q2,148,6.118230673832162,During
Weston Creek,Other,2020,Q3,112,4.6300124018189335,During
Weston Creek,Other,2020,Q4,101,4.175279040926002,During
Weston Creek,Other,2021,Q1,247,10.086984930779598,During
Weston Creek,Other,2021,Q2,116,4.737207497856006,During
Weston Creek,Other,2021,Q3,90,3.6754196104055215,During
Weston Creek,Other,2021,Q4,91,3.716257606076694,Post
Weston Creek,Other,2022,Q1,62,2.5163358902552866,Post
Weston Creek,Other,2022,Q2,86,3.4904013961605584,Post
Weston Creek,Other,2022,Q3,85,3.4498153334145054,Post
Weston Creek,Other,2022,Q4,101,4.0991923373513535,Post
Weston Creek,Other,2023,Q1,117,4.706355591311343,Post
Weston Creek,Other,2023,Q2,85,3.419147224456959,Post
Weston Creek,Other,2023,Q3,115,4.625905068382945,Post
Weston Creek,Other,2023,Q4,60,2.4135156878519712,Post
Weston Creek,Other,2024,Q1,44,1.765862664044628,Post
Weston Creek,Other,2024,Q2,61,2.448127784243689,Post
Weston Creek,Other,2024,Q3,72,2.889593450254846,Post
Weston Creek,Other,2024,Q4,66,2.648793996066942,Post
Weston Creek,Other,2025,Q1,109,4.360348827906233,Post
Weston Creek,Other,2025,Q2,125,5.00040003200256,Post
Weston Creek,Property Damage,2014,Q1,40,1.693551801515729,Pre
Weston Creek,Property Damage,2014,Q2,45,1.905245776705195,Pre
Weston Creek,Property Damage,2014,Q3,45,1.905245776705195,Pre
Weston Creek,Property Damage,2014,Q4,74,3.1330708328040986,Pre
Weston Creek,Property Damage,2015,Q1,68,2.913702973690976,Pre
Weston Creek,Property Damage,2015,Q2,57,2.442368669123318,Pre
Weston Creek,Property Damage,2015,Q3,49,2.099580083983203,Pre
Weston Creek,Property Damage,2015,Q4,64,2.7423086811209187,Pre
Weston Creek,Property Damage,2016,Q1,53,2.2770235435641863,Pre
Weston Creek,Property Damage,2016,Q2,75,3.222203127685169,Pre
Weston Creek,Property Damage,2016,Q3,48,2.0622100017185083,Pre
Weston Creek,Property Damage,2016,Q4,39,1.675545626396288,Pre
Weston Creek,Property Damage,2017,Q1,53,2.259549795361528,Pre
Weston Creek,Property Damage,2017,Q2,43,1.8332196452933152,Pre
Weston Creek,Property Damage,2017,Q3,54,2.302182810368349,Pre
Weston Creek,Property Damage,2017,Q4,41,1.7479536152796726,Pre
Weston Creek,Property Damage,2018,Q1,41,1.7391304347826086,Pre
Weston Creek,Property Damage,2018,Q2,40,1.696712619300106,Pre
Weston Creek,Property Damage,2018,Q3,34,1.4422057264050905,Pre
Weston Creek,Property Damage,2018,Q4,54,2.2905620360551437,Pre
Weston Creek,Property Damage,2019,Q1,44,1.8428547495392864,Pre
Weston Creek,Property Damage,2019,Q2,58,2.4292176243926957,Pre
Weston Creek,Property Damage,2019,Q3,66,2.764282124308929,Pre
Weston Creek,Property Damage,2019,Q4,83,3.4762941866309265,Pre
Weston Creek,Property Damage,2020,Q1,48,1.9842910293509717,Pre
Weston Creek,Property Damage,2020,Q2,42,1.7362546506821,During
Weston Creek,Property Damage,2020,Q3,40,1.6535758577924762,During
Weston Creek,Property Damage,2020,Q4,34,1.4055394791236049,During
Weston Creek,Property Damage,2021,Q1,34,1.3884918528198638,During
Weston Creek,Property Damage,2021,Q2,42,1.7151958181892435,During
Weston Creek,Property Damage,2021,Q3,44,1.7968718095315883,During
Weston Creek,Property Damage,2021,Q4,42,1.7151958181892435,Post
Weston Creek,Property Damage,2022,Q1,36,1.4610982588579082,Post
Weston Creek,Property Damage,2022,Q2,28,1.1364097568894842,Post
Weston Creek,Property Damage,2022,Q3,47,1.9075449490644916,Post
Weston Creek,Property Damage,2022,Q4,29,1.1769958196355372,Post
Weston Creek,Property Damage,2023,Q1,44,1.7699115044247788,Post
Weston Creek,Property Damage,2023,Q2,32,1.2872083668543846,Post
Weston Creek,Property Damage,2023,Q3,60,2.4135156878519712,Post
Weston Creek,Property Damage,2023,Q4,38,1.5285599356395816,Post
Weston Creek,Property Damage,2024,Q1,25,1.003331059116266,Post
Weston Creek,Property Damage,2024,Q2,17,0.6822651201990608,Post
Weston Creek,Property Damage,2024,Q3,26,1.0434643014809166,Post
Weston Creek,Property Damage,2024,Q4,32,1.2842637556688203,Post
Weston Creek,Property Damage,2025,Q1,13,0.5200416033282662,Post
Weston Creek,Property Damage,2025,Q2,18,0.7200576046083687,Post
Weston Creek,Robbery,2014,Q1,2,0.0846775900757864,Pre
Weston Creek,Robbery,2014,Q2,3,0.1270163851136796,Pre
Weston Creek,Robbery,2014,Q3,9,0.381049155341039,Pre
Weston Creek,Robbery,2014,Q4,4,0.1693551801515729,Pre
Weston Creek,Robbery,2015,Q1,2,0.0856971462850287,Pre
Weston Creek,Robbery,2015,Q2,0,0.0,Pre
Weston Creek,Robbery,2015,Q3,0,0.0,Pre
Weston Creek,Robbery,2015,Q4,0,0.0,Pre
Weston Creek,Robbery,2016,Q1,0,0.0,Pre
Weston Creek,Robbery,2016,Q2,1,0.0429627083691355,Pre
Weston Creek,Robbery,2016,Q3,3,0.1288881251074067,Pre
Weston Creek,Robbery,2016,Q4,3,0.1288881251074067,Pre
Weston Creek,Robbery,2017,Q1,3,0.1278990450204638,Pre
Weston Creek,Robbery,2017,Q2,2,0.0852660300136425,Pre
Weston Creek,Robbery,2017,Q3,3,0.1278990450204638,Pre
Weston Creek,Robbery,2017,Q4,3,0.1278990450204638,Pre
Weston Creek,Robbery,2018,Q1,6,0.2545068928950159,Pre
Weston Creek,Robbery,2018,Q2,2,0.0848356309650053,Pre
Weston Creek,Robbery,2018,Q3,1,0.0424178154825026,Pre
Weston Creek,Robbery,2018,Q4,0,0.0,Pre
Weston Creek,Robbery,2019,Q1,2,0.0837661249790584,Pre
Weston Creek,Robbery,2019,Q2,0,0.0,Pre
Weston Creek,Robbery,2019,Q3,7,0.2931814374267046,Pre
Weston Creek,Robbery,2019,Q4,2,0.0837661249790584,Pre
Weston Creek,Robbery,2020,Q1,1,0.0413393964448119,Pre
Weston Creek,Robbery,2020,Q2,1,0.0413393964448119,During
Weston Creek,Robbery,2020,Q3,3,0.1240181893344357,During
Weston Creek,Robbery,2020,Q4,1,0.0413393964448119,During
Weston Creek,Robbery,2021,Q1,2,0.0816759913423449,During
Weston Creek,Robbery,2021,Q2,3,0.1225139870135173,During
Weston Creek,Robbery,2021,Q3,1,0.0408379956711724,During
Weston Creek,Robbery,2021,Q4,2,0.0816759913423449,Post
Weston Creek,Robbery,2022,Q1,2,0.081172125492106,Post
Weston Creek,Robbery,2022,Q2,6,0.243516376476318,Post
Weston Creek,Robbery,2022,Q3,1,0.040586062746053,Post
Weston Creek,Robbery,2022,Q4,1,0.040586062746053,Post
Weston Creek,Robbery,2023,Q1,3,0.1206757843925985,Post
Weston Creek,Robbery,2023,Q2,2,0.080450522928399,Post
Weston Creek,Robbery,2023,Q3,0,0.0,Post
Weston Creek,Robbery,2023,Q4,1,0.0402252614641995,Post
Weston Creek,Robbery,2024,Q1,1,0.0401332423646506,Post
Weston Creek,Robbery,2024,Q2,0,0.0,Post
Weston Creek,Robbery,2024,Q3,0,0.0,Post
Weston Creek,Robbery,2024,Q4,1,0.0401332423646506,Post
Weston Creek,Robbery,2025,Q1,1,0.0400032002560204,Post
Weston Creek,Robbery,2025,Q2,1,0.0400032002560204,Post
Weston Creek,Sexual Assault,2014,Q1,11,0.4657267454168254,Pre
Weston Creek,Sexual Assault,2014,Q2,1,0.0423387950378932,Pre
Weston Creek,Sexual Assault,2014,Q3,2,0.0846775900757864,Pre
Weston Creek,Sexual Assault,2014,Q4,6,0.2540327702273593,Pre
Weston Creek,Sexual Assault,2015,Q1,3,0.128545719427543,Pre
Weston Creek,Sexual Assault,2015,Q2,5,0.2142428657125717,Pre
Weston Creek,Sexual Assault,2015,Q3,23,0.98551718227783,Pre
Weston Creek,Sexual Assault,2015,Q4,8,0.3427885851401148,Pre
Weston Creek,Sexual Assault,2016,Q1,3,0.1288881251074067,Pre
Weston Creek,Sexual Assault,2016,Q2,9,0.3866643753222203,Pre
Weston Creek,Sexual Assault,2016,Q3,5,0.2148135418456779,Pre
Weston Creek,Sexual Assault,2016,Q4,9,0.3866643753222203,Pre
Weston Creek,Sexual Assault,2017,Q1,4,0.1705320600272851,Pre
Weston Creek,Sexual Assault,2017,Q2,4,0.1705320600272851,Pre
Weston Creek,Sexual Assault,2017,Q3,5,0.2131650750341064,Pre
Weston Creek,Sexual Assault,2017,Q4,5,0.2131650750341064,Pre
Weston Creek,Sexual Assault,2018,Q1,1,0.0424178154825026,Pre
Weston Creek,Sexual Assault,2018,Q2,2,0.0848356309650053,Pre
Weston Creek,Sexual Assault,2018,Q3,4,0.1696712619300106,Pre
Weston Creek,Sexual Assault,2018,Q4,7,0.2969247083775185,Pre
Weston Creek,Sexual Assault,2019,Q1,20,0.8376612497905846,Pre
Weston Creek,Sexual Assault,2019,Q2,1,0.0418830624895292,Pre
Weston Creek,Sexual Assault,2019,Q3,5,0.2094153124476461,Pre
Weston Creek,Sexual Assault,2019,Q4,5,0.2094153124476461,Pre
Weston Creek,Sexual Assault,2020,Q1,2,0.0826787928896238,Pre
Weston Creek,Sexual Assault,2020,Q2,15,0.6200909466721786,During
Weston Creek,Sexual Assault,2020,Q3,4,0.1653575857792476,During
Weston Creek,Sexual Assault,2020,Q4,8,0.3307151715584952,During
Weston Creek,Sexual Assault,2021,Q1,8,0.3267039653693797,During
Weston Creek,Sexual Assault,2021,Q2,3,0.1225139870135173,During
Weston Creek,Sexual Assault,2021,Q3,1,0.0408379956711724,During
Weston Creek,Sexual Assault,2021,Q4,5,0.2041899783558623,Post
Weston Creek,Sexual Assault,2022,Q1,6,0.243516376476318,Post
Weston Creek,Sexual Assault,2022,Q2,2,0.081172125492106,Post
Weston Creek,Sexual Assault,2022,Q3,8,0.324688501968424,Post
Weston Creek,Sexual Assault,2022,Q4,2,0.081172125492106,Post
Weston Creek,Sexual Assault,2023,Q1,13,0.5229283990345938,Post
Weston Creek,Sexual Assault,2023,Q2,15,0.6033789219629928,Post
Weston Creek,Sexual Assault,2023,Q3,3,0.1206757843925985,Post
Weston Creek,Sexual Assault,2023,Q4,8,0.3218020917135961,Post
Weston Creek,Sexual Assault,2024,Q1,5,0.2006662118232532,Post
Weston Creek,Sexual Assault,2024,Q2,2,0.0802664847293012,Post
Weston Creek,Sexual Assault,2024,Q3,0,0.0,Post
Weston Creek,Sexual Assault,2024,Q4,7,0.2809326965525545,Post
Weston Creek,Sexual Assault,2025,Q1,2,0.0800064005120409,Post
Weston Creek,Sexual Assault,2025,Q2,3,0.1200096007680614,Post
Weston Creek,TINs,2014,Q1,125,5.2923493797366525,Pre
Weston Creek,TINs,2014,Q2,87,3.6834751682967104,Pre
Weston Creek,TINs,2014,Q3,113,4.784283839281934,Pre
Weston Creek,TINs,2014,Q4,75,3.1754096278419914,Pre
Weston Creek,TINs,2015,Q1,63,2.699460107978404,Pre
Weston Creek,TINs,2015,Q2,75,3.2136429856885766,Pre
Weston Creek,TINs,2015,Q3,75,3.2136429856885766,Pre
Weston Creek,TINs,2015,Q4,83,3.5564315708286918,Pre
Weston Creek,TINs,2016,Q1,35,1.5036947929197455,Pre
Weston Creek,TINs,2016,Q2,51,2.1910981268259158,Pre
Weston Creek,TINs,2016,Q3,67,2.8785014607320845,Pre
Weston Creek,TINs,2016,Q4,52,2.234060835195051,Pre
Weston Creek,TINs,2017,Q1,47,2.0037517053206004,Pre
Weston Creek,TINs,2017,Q2,51,2.174283765347885,Pre
Weston Creek,TINs,2017,Q3,62,2.64324693042292,Pre
Weston Creek,TINs,2017,Q4,41,1.7479536152796726,Pre
Weston Creek,TINs,2018,Q1,52,2.2057264050901377,Pre
Weston Creek,TINs,2018,Q2,33,1.3997879109225877,Pre
Weston Creek,TINs,2018,Q3,53,2.2481442205726405,Pre
Weston Creek,TINs,2018,Q4,33,1.3997879109225877,Pre
Weston Creek,TINs,2019,Q1,24,1.0051934997487015,Pre
Weston Creek,TINs,2019,Q2,41,1.7172055620706983,Pre
Weston Creek,TINs,2019,Q3,20,0.8376612497905846,Pre
Weston Creek,TINs,2019,Q4,19,0.7957781873010554,Pre
Weston Creek,TINs,2020,Q1,36,1.4882182720132284,Pre
Weston Creek,TINs,2020,Q2,61,2.521703183133526,During
Weston Creek,TINs,2020,Q3,44,1.818933443571724,During
Weston Creek,TINs,2020,Q4,27,1.1161637040099217,During
Weston Creek,TINs,2021,Q1,31,1.2659778658063463,During
Weston Creek,TINs,2021,Q2,23,0.9392739004369666,During
Weston Creek,TINs,2021,Q3,20,0.8167599134234492,During
Weston Creek,TINs,2021,Q4,15,0.612569935067587,Post
Weston Creek,TINs,2022,Q1,14,0.5682048784447421,Post
Weston Creek,TINs,2022,Q2,11,0.446446690206583,Post
Weston Creek,TINs,2022,Q3,18,0.7305491294289541,Post
Weston Creek,TINs,2022,Q4,13,0.5276188156986891,Post
Weston Creek,TINs,2023,Q1,21,0.8447304907481898,Post
Weston Creek,TINs,2023,Q2,36,1.4481094127111829,Post
Weston Creek,TINs,2023,Q3,26,1.0458567980691875,Post
Weston Creek,TINs,2023,Q4,14,0.5631536604987932,Post
Weston Creek,TINs,2024,Q1,30,1.203997270939519,Post
Weston Creek,TINs,2024,Q2,26,1.0434643014809166,Post
Weston Creek,TINs,2024,Q3,32,1.2842637556688203,Post
Weston Creek,TINs,2024,Q4,31,1.2441305133041698,Post
Weston Creek,TINs,2025,Q1,64,2.5602048163853106,Post
Weston Creek,TINs,2025,Q2,58,2.320185614849188,Post
Weston Creek,Theft,2014,Q1,67,2.836699267538846,Pre
Weston Creek,Theft,2014,Q2,73,3.0907320377662053,Pre
Weston Creek,Theft,2014,Q3,96,4.064524323637749,Pre
Weston Creek,Theft,2014,Q4,113,4.784283839281934,Pre
Weston Creek,Theft,2015,Q1,151,6.470134544519667,Pre
Weston Creek,Theft,2015,Q2,143,6.127345959379553,Pre
Weston Creek,Theft,2015,Q3,141,6.041648813094524,Pre
Weston Creek,Theft,2015,Q4,198,8.484017482217842,Pre
Weston Creek,Theft,2016,Q1,127,5.45626396288022,Pre
Weston Creek,Theft,2016,Q2,170,7.30366042275305,Pre
Weston Creek,Theft,2016,Q3,100,4.296270836913559,Pre
Weston Creek,Theft,2016,Q4,90,3.866643753222203,Pre
Weston Creek,Theft,2017,Q1,94,4.007503410641201,Pre
Weston Creek,Theft,2017,Q2,91,3.879604365620737,Pre
Weston Creek,Theft,2017,Q3,108,4.604365620736699,Pre
Weston Creek,Theft,2017,Q4,124,5.286493860845839,Pre
Weston Creek,Theft,2018,Q1,119,5.047720042417816,Pre
Weston Creek,Theft,2018,Q2,87,3.6903499469777303,Pre
Weston Creek,Theft,2018,Q3,61,2.587486744432662,Pre
Weston Creek,Theft,2018,Q4,92,3.902439024390244,Pre
Weston Creek,Theft,2019,Q1,61,2.554866811861283,Pre
Weston Creek,Theft,2019,Q2,109,4.565253811358686,Pre
Weston Creek,Theft,2019,Q3,131,5.48668118612833,Pre
Weston Creek,Theft,2019,Q4,155,6.491874685877031,Pre
Weston Creek,Theft,2020,Q1,138,5.704836709384042,Pre
Weston Creek,Theft,2020,Q2,98,4.051260851591566,During
Weston Creek,Theft,2020,Q3,80,3.3071517155849524,During
Weston Creek,Theft,2020,Q4,100,4.13393964448119,During
Weston Creek,Theft,2021,Q1,102,4.165475558459591,During
Weston Creek,Theft,2021,Q2,76,3.1036876710091077,During
Weston Creek,Theft,2021,Q3,86,3.512067627720832,During
Weston Creek,Theft,2021,Q4,79,3.2262016580226245,Post
Weston Creek,Theft,2022,Q1,89,3.6121595843987175,Post
Weston Creek,Theft,2022,Q2,91,3.693331709890824,Post
Weston Creek,Theft,2022,Q3,68,2.7598522667316043,Post
Weston Creek,Theft,2022,Q4,71,2.8816104549697634,Post
Weston Creek,Theft,2023,Q1,101,4.062751407884151,Post
Weston Creek,Theft,2023,Q2,73,2.936444086886565,Post
Weston Creek,Theft,2023,Q3,45,1.8101367658889784,Post
Weston Creek,Theft,2023,Q4,54,2.172164119066774,Post
Weston Creek,Theft,2024,Q1,41,1.645462936950676,Post
Weston Creek,Theft,2024,Q2,44,1.765862664044628,Post
Weston Creek,Theft,2024,Q3,47,1.88626239113858,Post
Weston Creek,Theft,2024,Q4,66,2.648793996066942,Post
Weston Creek,Theft,2025,Q1,51,2.0401632130570446,Post
Weston Creek,Theft,2025,Q2,42,1.6801344107528602,Post
Woden,Assault,2014,Q1,24,0.6863614264878314,Pre
Woden,Assault,2014,Q2,30,0.8579517831097893,Pre
Woden,Assault,2014,Q3,32,0.915148568650442,Pre
Woden,Assault,2014,Q4,26,0.743558212028484,Pre
Woden,Assault,2015,Q1,34,0.9683299156983368,Pre
Woden,Assault,2015,Q2,30,0.8544087491455912,Pre
Woden,Assault,2015,Q3,22,0.6265664160401002,Pre
Woden,Assault,2015,Q4,32,0.911369332421964,Pre
Woden,Assault,2016,Q1,28,0.7912286650842094,Pre
Woden,Assault,2016,Q2,30,0.84774499830451,Pre
Woden,Assault,2016,Q3,32,0.9042613315248108,Pre
Woden,Assault,2016,Q4,37,1.0455521645755623,Pre
Woden,Assault,2017,Q1,33,0.9094165954749636,Pre
Woden,Assault,2017,Q2,35,0.9645327527764764,Pre
Woden,Assault,2017,Q3,37,1.0196489100779893,Pre
Woden,Assault,2017,Q4,45,1.2401135392840412,Pre
Woden,Assault,2018,Q1,50,1.347963227563152,Pre
Woden,Assault,2018,Q2,28,0.7548594074353651,Pre
Woden,Assault,2018,Q3,45,1.2131669048068368,Pre
Woden,Assault,2018,Q4,48,1.294044698460626,Pre
Woden,Assault,2019,Q1,34,0.9015936994510886,Pre
Woden,Assault,2019,Q2,47,1.2463207021823872,Pre
Woden,Assault,2019,Q3,41,1.0872159316910186,Pre
Woden,Assault,2019,Q4,34,0.9015936994510886,Pre
Woden,Assault,2020,Q1,34,0.8788254755996691,Pre
Woden,Assault,2020,Q2,26,0.6720430107526881,During
Woden,Assault,2020,Q3,36,0.9305210918114144,During
Woden,Assault,2020,Q4,27,0.6978908188585607,During
Woden,Assault,2021,Q1,44,1.1259244095294147,During
Woden,Assault,2021,Q2,32,0.8188541160213926,During
Woden,Assault,2021,Q3,38,0.9723892627754036,During
Woden,Assault,2021,Q4,34,0.8700324982727295,Post
Woden,Assault,2022,Q1,24,0.6062596306868416,Post
Woden,Assault,2022,Q2,24,0.6062596306868416,Post
Woden,Assault,2022,Q3,55,1.3893449869906789,Post
Woden,Assault,2022,Q4,50,1.2630408972642533,Post
Woden,Assault,2023,Q1,46,1.1521891594028657,Post
Woden,Assault,2023,Q2,39,0.9768560264502556,Post
Woden,Assault,2023,Q3,44,1.1020939785592627,Post
Woden,Assault,2023,Q4,46,1.1521891594028657,Post
Woden,Assault,2024,Q1,34,0.8321707418557408,Post
Woden,Assault,2024,Q2,31,0.758743911691999,Post
Woden,Assault,2024,Q3,52,1.2727317228381918,Post
Woden,Assault,2024,Q4,34,0.8321707418557408,Post
Woden,Assault,2025,Q1,27,0.6490384615384616,Post
Woden,Assault,2025,Q2,36,0.8653846153846153,Post
Woden,Burglary,2014,Q1,39,1.115337318042726,Pre
Woden,Burglary,2014,Q2,64,1.830297137300884,Pre
Woden,Burglary,2014,Q3,53,1.5157148168272945,Pre
Woden,Burglary,2014,Q4,30,0.8579517831097893,Pre
Woden,Burglary,2015,Q1,24,0.683526999316473,Pre
Woden,Burglary,2015,Q2,67,1.908179539758487,Pre
Woden,Burglary,2015,Q3,42,1.1961722488038278,Pre
Woden,Burglary,2015,Q4,84,2.392344497607656,Pre
Woden,Burglary,2016,Q1,63,1.7802644964394712,Pre
Woden,Burglary,2016,Q2,61,1.7237481632191705,Pre
Woden,Burglary,2016,Q3,38,1.0738103311857128,Pre
Woden,Burglary,2016,Q4,40,1.1303266644060137,Pre
Woden,Burglary,2017,Q1,45,1.2401135392840412,Pre
Woden,Burglary,2017,Q2,51,1.40546201118858,Pre
Woden,Burglary,2017,Q3,66,1.8188331909499271,Pre
Woden,Burglary,2017,Q4,66,1.8188331909499271,Pre
Woden,Burglary,2018,Q1,43,1.1592483757043106,Pre
Woden,Burglary,2018,Q2,72,1.9410670476909389,Pre
Woden,Burglary,2018,Q3,46,1.2401261693580998,Pre
Woden,Burglary,2018,Q4,37,0.9974927883967324,Pre
Woden,Burglary,2019,Q1,38,1.0076635464453343,Pre
Woden,Burglary,2019,Q2,54,1.4319429344223171,Pre
Woden,Burglary,2019,Q3,40,1.060698469942457,Pre
Woden,Burglary,2019,Q4,46,1.2198032404338257,Pre
Woden,Burglary,2020,Q1,43,1.1114557485525227,Pre
Woden,Burglary,2020,Q2,39,1.0080645161290325,During
Woden,Burglary,2020,Q3,30,0.7754342431761786,During
Woden,Burglary,2020,Q4,44,1.137303556658395,During
Woden,Burglary,2021,Q1,37,0.9468000716497352,During
Woden,Burglary,2021,Q2,29,0.742086542644387,During
Woden,Burglary,2021,Q3,45,1.1515136006550832,During
Woden,Burglary,2021,Q4,51,1.3050487474090944,Post
Woden,Burglary,2022,Q1,47,1.187258443428398,Post
Woden,Burglary,2022,Q2,52,1.3135625331548235,Post
Woden,Burglary,2022,Q3,44,1.111475989592543,Post
Woden,Burglary,2022,Q4,52,1.3135625331548235,Post
Woden,Burglary,2023,Q1,44,1.1020939785592627,Post
Woden,Burglary,2023,Q2,53,1.3275222923554757,Post
Woden,Burglary,2023,Q3,63,1.5779981965734895,Post
Woden,Burglary,2023,Q4,51,1.2774271115118725,Post
Woden,Burglary,2024,Q1,33,0.8076951318011601,Post
Woden,Burglary,2024,Q2,27,0.6608414714736764,Post
Woden,Burglary,2024,Q3,32,0.7832195217465795,Post
Woden,Burglary,2024,Q4,29,0.7097926915828378,Post
Woden,Burglary,2025,Q1,24,0.5769230769230769,Post
Woden,Burglary,2025,Q2,21,0.5048076923076923,Post
Woden,CINs,2014,Q1,1,0.0285983927703263,Pre
Woden,CINs,2014,Q2,1,0.0285983927703263,Pre
Woden,CINs,2014,Q3,3,0.0857951783109789,Pre
Woden,CINs,2014,Q4,0,0.0,Pre
Woden,CINs,2015,Q1,1,0.0284802916381863,Pre
Woden,CINs,2015,Q2,1,0.0284802916381863,Pre
Woden,CINs,2015,Q3,0,0.0,Pre
Woden,CINs,2015,Q4,0,0.0,Pre
Woden,CINs,2016,Q1,1,0.0282581666101503,Pre
Woden,CINs,2016,Q2,2,0.0565163332203006,Pre
Woden,CINs,2016,Q3,0,0.0,Pre
Woden,CINs,2016,Q4,2,0.0565163332203006,Pre
Woden,CINs,2017,Q1,1,0.0275580786507564,Pre
Woden,CINs,2017,Q2,0,0.0,Pre
Woden,CINs,2017,Q3,3,0.0826742359522694,Pre
Woden,CINs,2017,Q4,0,0.0,Pre
Woden,CINs,2018,Q1,0,0.0,Pre
Woden,CINs,2018,Q2,0,0.0,Pre
Woden,CINs,2018,Q3,0,0.0,Pre
Woden,CINs,2018,Q4,0,0.0,Pre
Woden,CINs,2019,Q1,0,0.0,Pre
Woden,CINs,2019,Q2,1,0.0265174617485614,Pre
Woden,CINs,2019,Q3,0,0.0,Pre
Woden,CINs,2019,Q4,0,0.0,Pre
Woden,CINs,2020,Q1,1,0.0258478081058726,Pre
Woden,CINs,2020,Q2,1,0.0258478081058726,During
Woden,CINs,2020,Q3,1,0.0258478081058726,During
Woden,CINs,2020,Q4,0,0.0,During
Woden,CINs,2021,Q1,0,0.0,During
Woden,CINs,2021,Q2,1,0.0255891911256685,During
Woden,CINs,2021,Q3,3,0.0767675733770055,During
Woden,CINs,2021,Q4,1,0.0255891911256685,Post
Woden,CINs,2022,Q1,0,0.0,Post
Woden,CINs,2022,Q2,0,0.0,Post
Woden,CINs,2022,Q3,0,0.0,Post
Woden,CINs,2022,Q4,0,0.0,Post
Woden,CINs,2023,Q1,0,0.0,Post
Woden,CINs,2023,Q2,0,0.0,Post
Woden,CINs,2023,Q3,0,0.0,Post
Woden,CINs,2023,Q4,0,0.0,Post
Woden,CINs,2024,Q1,0,0.0,Post
Woden,CINs,2024,Q2,0,0.0,Post
Woden,CINs,2024,Q3,0,0.0,Post
Woden,CINs,2024,Q4,0,0.0,Post
Woden,CINs,2025,Q1,0,0.0,Post
Woden,CINs,2025,Q2,0,0.0,Post
Woden,Family Violence,2014,Q1,12,0.3431807132439157,Pre
Woden,Family Violence,2014,Q2,15,0.4289758915548946,Pre
Woden,Family Violence,2014,Q3,9,0.2573855349329367,Pre
Woden,Family Violence,2014,Q4,8,0.2287871421626104,Pre
Woden,Family Violence,2015,Q1,15,0.4272043745727956,Pre
Woden,Family Violence,2015,Q2,12,0.3417634996582365,Pre
Woden,Family Violence,2015,Q3,13,0.3702437912964229,Pre
Woden,Family Violence,2015,Q4,28,0.7974481658692184,Pre
Woden,Family Violence,2016,Q1,22,0.6216796654233073,Pre
Woden,Family Violence,2016,Q2,20,0.5651633322030067,Pre
Woden,Family Violence,2016,Q3,35,0.9890358313552616,Pre
Woden,Family Violence,2016,Q4,23,0.6499378320334577,Pre
Woden,Family Violence,2017,Q1,17,0.46848733706286,Pre
Woden,Family Violence,2017,Q2,17,0.46848733706286,Pre
Woden,Family Violence,2017,Q3,22,0.6062777303166423,Pre
Woden,Family Violence,2017,Q4,30,0.8267423595226941,Pre
Woden,Family Violence,2018,Q1,22,0.5931038201277868,Pre
Woden,Family Violence,2018,Q2,24,0.647022349230313,Pre
Woden,Family Violence,2018,Q3,22,0.5931038201277868,Pre
Woden,Family Violence,2018,Q4,25,0.673981613781576,Pre
Woden,Family Violence,2019,Q1,16,0.4242793879769828,Pre
Woden,Family Violence,2019,Q2,21,0.55686669671979,Pre
Woden,Family Violence,2019,Q3,15,0.3977619262284214,Pre
Woden,Family Violence,2019,Q4,26,0.6894540054625972,Pre
Woden,Family Violence,2020,Q1,26,0.6720430107526881,Pre
Woden,Family Violence,2020,Q2,20,0.5169561621174524,During
Woden,Family Violence,2020,Q3,27,0.6978908188585607,During
Woden,Family Violence,2020,Q4,12,0.3101736972704714,During
Woden,Family Violence,2021,Q1,15,0.3838378668850277,During
Woden,Family Violence,2021,Q2,19,0.4861946313877018,During
Woden,Family Violence,2021,Q3,15,0.3838378668850277,During
Woden,Family Violence,2021,Q4,16,0.4094270580106963,Post
Woden,Family Violence,2022,Q1,18,0.4546947230151312,Post
Woden,Family Violence,2022,Q2,33,0.8336069921944071,Post
Woden,Family Violence,2022,Q3,16,0.404173087124561,Post
Woden,Family Violence,2022,Q4,59,1.490388258771819,Post
Woden,Family Violence,2023,Q1,31,0.7764753030758441,Post
Woden,Family Violence,2023,Q2,40,1.001903616872057,Post
Woden,Family Violence,2023,Q3,48,1.2022843402464682,Post
Woden,Family Violence,2023,Q4,20,0.5009518084360285,Post
Woden,Family Violence,2024,Q1,28,0.6853170815282571,Post
Woden,Family Violence,2024,Q2,15,0.3671341508187091,Post
Woden,Family Violence,2024,Q3,35,0.8566463519103213,Post
Woden,Family Violence,2024,Q4,25,0.6118902513645152,Post
Woden,Family Violence,2025,Q1,33,0.7932692307692307,Post
Woden,Family Violence,2025,Q2,28,0.673076923076923,Post
Woden,Homicide,2014,Q1,1,0.0285983927703263,Pre
Woden,Homicide,2014,Q2,0,0.0,Pre
Woden,Homicide,2014,Q3,0,0.0,Pre
Woden,Homicide,2014,Q4,0,0.0,Pre
Woden,Homicide,2015,Q1,0,0.0,Pre
Woden,Homicide,2015,Q2,0,0.0,Pre
Woden,Homicide,2015,Q3,0,0.0,Pre
Woden,Homicide,2015,Q4,0,0.0,Pre
Woden,Homicide,2016,Q1,0,0.0,Pre
Woden,Homicide,2016,Q2,0,0.0,Pre
Woden,Homicide,2016,Q3,0,0.0,Pre
Woden,Homicide,2016,Q4,0,0.0,Pre
Woden,Homicide,2017,Q1,0,0.0,Pre
Woden,Homicide,2017,Q2,0,0.0,Pre
Woden,Homicide,2017,Q3,0,0.0,Pre
Woden,Homicide,2017,Q4,0,0.0,Pre
Woden,Homicide,2018,Q1,2,0.053918529102526,Pre
Woden,Homicide,2018,Q2,1,0.026959264551263,Pre
Woden,Homicide,2018,Q3,2,0.053918529102526,Pre
Woden,Homicide,2018,Q4,0,0.0,Pre
Woden,Homicide,2019,Q1,1,0.0265174617485614,Pre
Woden,Homicide,2019,Q2,0,0.0,Pre
Woden,Homicide,2019,Q3,0,0.0,Pre
Woden,Homicide,2019,Q4,1,0.0265174617485614,Pre
Woden,Homicide,2020,Q1,0,0.0,Pre
Woden,Homicide,2020,Q2,0,0.0,During
Woden,Homicide,2020,Q3,0,0.0,During
Woden,Homicide,2020,Q4,2,0.0516956162117452,During
Woden,Homicide,2021,Q1,0,0.0,During
Woden,Homicide,2021,Q2,1,0.0255891911256685,During
Woden,Homicide,2021,Q3,0,0.0,During
Woden,Homicide,2021,Q4,0,0.0,Post
Woden,Homicide,2022,Q1,0,0.0,Post
Woden,Homicide,2022,Q2,2,0.0505216358905701,Post
Woden,Homicide,2022,Q3,0,0.0,Post
Woden,Homicide,2022,Q4,1,0.025260817945285,Post
Woden,Homicide,2023,Q1,0,0.0,Post
Woden,Homicide,2023,Q2,0,0.0,Post
Woden,Homicide,2023,Q3,0,0.0,Post
Woden,Homicide,2023,Q4,0,0.0,Post
Woden,Homicide,2024,Q1,0,0.0,Post
Woden,Homicide,2024,Q2,0,0.0,Post
Woden,Homicide,2024,Q3,0,0.0,Post
Woden,Homicide,2024,Q4,0,0.0,Post
Woden,Homicide,2025,Q1,0,0.0,Post
Woden,Homicide,2025,Q2,0,0.0,Post
Woden,Other,2014,Q1,186,5.319301055280693,Pre
Woden,Other,2014,Q2,221,6.320244802242114,Pre
Woden,Other,2014,Q3,269,7.692967655217777,Pre
Woden,Other,2014,Q4,307,8.779706580490176,Pre
Woden,Other,2015,Q1,171,4.87012987012987,Pre
Woden,Other,2015,Q2,173,4.927090453406243,Pre
Woden,Other,2015,Q3,186,5.2973342447026655,Pre
Woden,Other,2015,Q4,207,5.8954203691045794,Pre
Woden,Other,2016,Q1,145,4.097434158471798,Pre
Woden,Other,2016,Q2,174,4.916920990166158,Pre
Woden,Other,2016,Q3,223,6.301571154063525,Pre
Woden,Other,2016,Q4,253,7.149316152368034,Pre
Woden,Other,2017,Q1,241,6.641496954832309,Pre
Woden,Other,2017,Q2,225,6.200567696420205,Pre
Woden,Other,2017,Q3,248,6.834403505387605,Pre
Woden,Other,2017,Q4,219,6.035219224515667,Pre
Woden,Other,2018,Q1,261,7.0363680478796535,Pre
Woden,Other,2018,Q2,251,6.766775402367022,Pre
Woden,Other,2018,Q3,234,6.308467904995551,Pre
Woden,Other,2018,Q4,190,5.122260264739977,Pre
Woden,Other,2019,Q1,176,4.667073267746812,Pre
Woden,Other,2019,Q2,188,4.985282808729549,Pre
Woden,Other,2019,Q3,145,3.8450319535414073,Pre
Woden,Other,2019,Q4,193,5.117870117472355,Pre
Woden,Other,2020,Q1,228,5.893300248138957,Pre
Woden,Other,2020,Q2,209,5.402191894127378,During
Woden,Other,2020,Q3,153,3.954714640198511,During
Woden,Other,2020,Q4,149,3.85132340777502,During
Woden,Other,2021,Q1,176,4.503697638117659,During
Woden,Other,2021,Q2,178,4.554876020368996,During
Woden,Other,2021,Q3,148,3.787200286598941,During
Woden,Other,2021,Q4,190,4.861946313877018,Post
Woden,Other,2022,Q1,151,3.814383509738045,Post
Woden,Other,2022,Q2,179,4.5216864122060265,Post
Woden,Other,2022,Q3,158,3.99120923535504,Post
Woden,Other,2022,Q4,144,3.6375577841210496,Post
Woden,Other,2023,Q1,160,4.007614467488228,Post
Woden,Other,2023,Q2,152,3.807233744113816,Post
Woden,Other,2023,Q3,158,3.957519286644625,Post
Woden,Other,2023,Q4,127,3.181043983568781,Post
Woden,Other,2024,Q1,138,3.377634187532124,Post
Woden,Other,2024,Q2,134,3.279731747313802,Post
Woden,Other,2024,Q3,116,2.839170766331351,Post
Woden,Other,2024,Q4,169,4.136378099224123,Post
Woden,Other,2025,Q1,171,4.110576923076923,Post
Woden,Other,2025,Q2,181,4.350961538461538,Post
Woden,Property Damage,2014,Q1,103,2.94563445534361,Pre
Woden,Property Damage,2014,Q2,116,3.317413561357852,Pre
Woden,Property Damage,2014,Q3,119,3.403208739668831,Pre
Woden,Property Damage,2014,Q4,113,3.231618383046873,Pre
Woden,Property Damage,2015,Q1,113,3.21827295511506,Pre
Woden,Property Damage,2015,Q2,148,4.215083162451584,Pre
Woden,Property Damage,2015,Q3,129,3.6739576213260414,Pre
Woden,Property Damage,2015,Q4,126,3.588516746411483,Pre
Woden,Property Damage,2016,Q1,88,2.4867186616932293,Pre
Woden,Property Damage,2016,Q2,129,3.645303492709393,Pre
Woden,Property Damage,2016,Q3,111,3.136656493726687,Pre
Woden,Property Damage,2016,Q4,94,2.656267661354132,Pre
Woden,Property Damage,2017,Q1,115,3.169179044836994,Pre
Woden,Property Damage,2017,Q2,123,3.389643674043046,Pre
Woden,Property Damage,2017,Q3,140,3.8581310111059057,Pre
Woden,Property Damage,2017,Q4,123,3.389643674043046,Pre
Woden,Property Damage,2018,Q1,107,2.884641306985145,Pre
Woden,Property Damage,2018,Q2,113,3.0463968942927235,Pre
Woden,Property Damage,2018,Q3,92,2.4802523387162,Pre
Woden,Property Damage,2018,Q4,137,3.693419243523037,Pre
Woden,Property Damage,2019,Q1,120,3.1820954098273715,Pre
Woden,Property Damage,2019,Q2,107,2.837368407096073,Pre
Woden,Property Damage,2019,Q3,95,2.519158866113336,Pre
Woden,Property Damage,2019,Q4,89,2.360054095621967,Pre
Woden,Property Damage,2020,Q1,100,2.584780810587262,Pre
Woden,Property Damage,2020,Q2,72,1.8610421836228288,During
Woden,Property Damage,2020,Q3,65,1.6801075268817205,During
Woden,Property Damage,2020,Q4,72,1.8610421836228288,During
Woden,Property Damage,2021,Q1,57,1.4585838941631055,During
Woden,Property Damage,2021,Q2,62,1.5865298497914482,During
Woden,Property Damage,2021,Q3,79,2.021546098927813,During
Woden,Property Damage,2021,Q4,72,1.8424217610481333,Post
Woden,Property Damage,2022,Q1,60,1.515649076717104,Post
Woden,Property Damage,2022,Q2,75,1.89456134589638,Post
Woden,Property Damage,2022,Q3,99,2.500820976583221,Post
Woden,Property Damage,2022,Q4,57,1.439866622881249,Post
Woden,Property Damage,2023,Q1,81,2.0288548241659154,Post
Woden,Property Damage,2023,Q2,52,1.302474701933674,Post
Woden,Property Damage,2023,Q3,80,2.003807233744114,Post
Woden,Property Damage,2023,Q4,79,1.9787596433223125,Post
Woden,Property Damage,2024,Q1,67,1.639865873656901,Post
Woden,Property Damage,2024,Q2,58,1.4195853831656755,Post
Woden,Property Damage,2024,Q3,70,1.7132927038206427,Post
Woden,Property Damage,2024,Q4,65,1.5909146535477396,Post
Woden,Property Damage,2025,Q1,74,1.7788461538461535,Post
Woden,Property Damage,2025,Q2,40,0.9615384615384616,Post
Woden,Robbery,2014,Q1,5,0.1429919638516315,Pre
Woden,Robbery,2014,Q2,3,0.0857951783109789,Pre
Woden,Robbery,2014,Q3,4,0.1143935710813052,Pre
Woden,Robbery,2014,Q4,10,0.2859839277032631,Pre
Woden,Robbery,2015,Q1,3,0.0854408749145591,Pre
Woden,Robbery,2015,Q2,4,0.1139211665527454,Pre
Woden,Robbery,2015,Q3,6,0.1708817498291182,Pre
Woden,Robbery,2015,Q4,3,0.0854408749145591,Pre
Woden,Robbery,2016,Q1,1,0.0282581666101503,Pre
Woden,Robbery,2016,Q2,1,0.0282581666101503,Pre
Woden,Robbery,2016,Q3,8,0.2260653328812026,Pre
Woden,Robbery,2016,Q4,4,0.1130326664406013,Pre
Woden,Robbery,2017,Q1,6,0.1653484719045388,Pre
Woden,Robbery,2017,Q2,4,0.1102323146030258,Pre
Woden,Robbery,2017,Q3,9,0.2480227078568082,Pre
Woden,Robbery,2017,Q4,5,0.1377903932537823,Pre
Woden,Robbery,2018,Q1,12,0.3235111746151565,Pre
Woden,Robbery,2018,Q2,7,0.1887148518588412,Pre
Woden,Robbery,2018,Q3,9,0.2426333809613673,Pre
Woden,Robbery,2018,Q4,8,0.2156741164101043,Pre
Woden,Robbery,2019,Q1,3,0.0795523852456842,Pre
Woden,Robbery,2019,Q2,4,0.1060698469942457,Pre
Woden,Robbery,2019,Q3,11,0.2916920792341757,Pre
Woden,Robbery,2019,Q4,2,0.0530349234971228,Pre
Woden,Robbery,2020,Q1,0,0.0,Pre
Woden,Robbery,2020,Q2,1,0.0258478081058726,During
Woden,Robbery,2020,Q3,2,0.0516956162117452,During
Woden,Robbery,2020,Q4,3,0.0775434243176178,During
Woden,Robbery,2021,Q1,3,0.0767675733770055,During
Woden,Robbery,2021,Q2,2,0.051178382251337,During
Woden,Robbery,2021,Q3,7,0.1791243378796796,During
Woden,Robbery,2021,Q4,5,0.1279459556283425,Post
Woden,Robbery,2022,Q1,3,0.0757824538358552,Post
Woden,Robbery,2022,Q2,4,0.1010432717811402,Post
Woden,Robbery,2022,Q3,4,0.1010432717811402,Post
Woden,Robbery,2022,Q4,11,0.2778689973981357,Post
Woden,Robbery,2023,Q1,5,0.1252379521090071,Post
Woden,Robbery,2023,Q2,4,0.1001903616872056,Post
Woden,Robbery,2023,Q3,6,0.1502855425308085,Post
Woden,Robbery,2023,Q4,2,0.0500951808436028,Post
Woden,Robbery,2024,Q1,3,0.0734268301637418,Post
Woden,Robbery,2024,Q2,2,0.0489512201091612,Post
Woden,Robbery,2024,Q3,4,0.0979024402183224,Post
Woden,Robbery,2024,Q4,7,0.1713292703820642,Post
Woden,Robbery,2025,Q1,2,0.048076923076923,Post
Woden,Robbery,2025,Q2,9,0.2163461538461538,Post
Woden,Sexual Assault,2014,Q1,8,0.2287871421626104,Pre
Woden,Sexual Assault,2014,Q2,18,0.5147710698658735,Pre
Woden,Sexual Assault,2014,Q3,10,0.2859839277032631,Pre
Woden,Sexual Assault,2014,Q4,13,0.371779106014242,Pre
Woden,Sexual Assault,2015,Q1,44,1.2531328320802004,Pre
Woden,Sexual Assault,2015,Q2,4,0.1139211665527454,Pre
Woden,Sexual Assault,2015,Q3,7,0.1993620414673046,Pre
Woden,Sexual Assault,2015,Q4,10,0.2848029163818637,Pre
Woden,Sexual Assault,2016,Q1,7,0.1978071662710523,Pre
Woden,Sexual Assault,2016,Q2,12,0.339097999321804,Pre
Woden,Sexual Assault,2016,Q3,12,0.339097999321804,Pre
Woden,Sexual Assault,2016,Q4,16,0.4521306657624053,Pre
Woden,Sexual Assault,2017,Q1,14,0.3858131011105906,Pre
Woden,Sexual Assault,2017,Q2,10,0.2755807865075647,Pre
Woden,Sexual Assault,2017,Q3,14,0.3858131011105906,Pre
Woden,Sexual Assault,2017,Q4,10,0.2755807865075647,Pre
Woden,Sexual Assault,2018,Q1,9,0.2426333809613673,Pre
Woden,Sexual Assault,2018,Q2,14,0.3774297037176825,Pre
Woden,Sexual Assault,2018,Q3,9,0.2426333809613673,Pre
Woden,Sexual Assault,2018,Q4,20,0.5391852910252608,Pre
Woden,Sexual Assault,2019,Q1,12,0.3182095409827371,Pre
Woden,Sexual Assault,2019,Q2,16,0.4242793879769828,Pre
Woden,Sexual Assault,2019,Q3,13,0.3447270027312986,Pre
Woden,Sexual Assault,2019,Q4,9,0.2386571557370528,Pre
Woden,Sexual Assault,2020,Q1,9,0.2326302729528535,Pre
Woden,Sexual Assault,2020,Q2,15,0.3877171215880893,During
Woden,Sexual Assault,2020,Q3,10,0.2584780810587262,During
Woden,Sexual Assault,2020,Q4,30,0.7754342431761786,During
Woden,Sexual Assault,2021,Q1,9,0.2303027201310166,During
Woden,Sexual Assault,2021,Q2,10,0.2558919112566851,During
Woden,Sexual Assault,2021,Q3,4,0.102356764502674,During
Woden,Sexual Assault,2021,Q4,13,0.3326594846336907,Post
Woden,Sexual Assault,2022,Q1,7,0.1768257256169954,Post
Woden,Sexual Assault,2022,Q2,12,0.3031298153434208,Post
Woden,Sexual Assault,2022,Q3,21,0.5304771768509864,Post
Woden,Sexual Assault,2022,Q4,18,0.4546947230151312,Post
Woden,Sexual Assault,2023,Q1,13,0.3256186754834185,Post
Woden,Sexual Assault,2023,Q2,25,0.6261897605450356,Post
Woden,Sexual Assault,2023,Q3,29,0.7263801222322412,Post
Woden,Sexual Assault,2023,Q4,10,0.2504759042180142,Post
Woden,Sexual Assault,2024,Q1,18,0.440560980982451,Post
Woden,Sexual Assault,2024,Q2,17,0.4160853709278704,Post
Woden,Sexual Assault,2024,Q3,6,0.1468536603274836,Post
Woden,Sexual Assault,2024,Q4,11,0.2692317106003867,Post
Woden,Sexual Assault,2025,Q1,10,0.2403846153846153,Post
Woden,Sexual Assault,2025,Q2,12,0.2884615384615384,Post
Woden,TINs,2014,Q1,186,5.319301055280693,Pre
Woden,TINs,2014,Q2,237,6.777819086567336,Pre
Woden,TINs,2014,Q3,289,8.264935510624303,Pre
Woden,TINs,2014,Q4,200,5.719678554065262,Pre
Woden,TINs,2015,Q1,148,4.215083162451584,Pre
Woden,TINs,2015,Q2,148,4.215083162451584,Pre
Woden,TINs,2015,Q3,214,6.094782410571884,Pre
Woden,TINs,2015,Q4,103,2.9334700387331964,Pre
Woden,TINs,2016,Q1,81,2.288911495422177,Pre
Woden,TINs,2016,Q2,120,3.39097999321804,Pre
Woden,TINs,2016,Q3,187,5.2842771560981125,Pre
Woden,TINs,2016,Q4,111,3.136656493726687,Pre
Woden,TINs,2017,Q1,202,5.566731887452807,Pre
Woden,TINs,2017,Q2,216,5.952544988563398,Pre
Woden,TINs,2017,Q3,162,4.464408741422548,Pre
Woden,TINs,2017,Q4,171,4.712431449279356,Pre
Woden,TINs,2018,Q1,225,6.065834524034184,Pre
Woden,TINs,2018,Q2,145,3.909093359933141,Pre
Woden,TINs,2018,Q3,152,4.097808211791982,Pre
Woden,TINs,2018,Q4,111,2.9924783651901974,Pre
Woden,TINs,2019,Q1,103,2.731298560101828,Pre
Woden,TINs,2019,Q2,110,2.9169207923417573,Pre
Woden,TINs,2019,Q3,90,2.3865715573705284,Pre
Woden,TINs,2019,Q4,136,3.6063747978043534,Pre
Woden,TINs,2020,Q1,79,2.041976840363937,Pre
Woden,TINs,2020,Q2,125,3.230976013234077,During
Woden,TINs,2020,Q3,90,2.326302729528536,During
Woden,TINs,2020,Q4,75,1.9385856079404464,During
Woden,TINs,2021,Q1,95,2.430973156938509,During
Woden,TINs,2021,Q2,109,2.7892218326978684,During
Woden,TINs,2021,Q3,38,0.9723892627754036,During
Woden,TINs,2021,Q4,64,1.6377082320427852,Post
Woden,TINs,2022,Q1,45,1.136736807537828,Post
Woden,TINs,2022,Q2,49,1.2377800793189682,Post
Woden,TINs,2022,Q3,67,1.6924748023340994,Post
Woden,TINs,2022,Q4,58,1.4651274408265338,Post
Woden,TINs,2023,Q1,55,1.3776174731990782,Post
Woden,TINs,2023,Q2,72,1.8034265103697025,Post
Woden,TINs,2023,Q3,91,2.279330728383929,Post
Woden,TINs,2023,Q4,56,1.4026650636208795,Post
Woden,TINs,2024,Q1,73,1.7867195339843849,Post
Woden,TINs,2024,Q2,77,1.884621974202707,Post
Woden,TINs,2024,Q3,99,2.423085395403481,Post
Woden,TINs,2024,Q4,138,3.377634187532124,Post
Woden,TINs,2025,Q1,185,4.447115384615384,Post
Woden,TINs,2025,Q2,176,4.230769230769231,Post
Woden,Theft,2014,Q1,312,8.922698544341808,Pre
Woden,Theft,2014,Q2,269,7.692967655217777,Pre
Woden,Theft,2014,Q3,255,7.292590156433208,Pre
Woden,Theft,2014,Q4,296,8.465124260016587,Pre
Woden,Theft,2015,Q1,265,7.547277284119389,Pre
Woden,Theft,2015,Q2,352,10.025062656641603,Pre
Woden,Theft,2015,Q3,310,8.828890407837775,Pre
Woden,Theft,2015,Q4,345,9.825700615174298,Pre
Woden,Theft,2016,Q1,229,6.471120153724427,Pre
Woden,Theft,2016,Q2,292,8.251384650163898,Pre
Woden,Theft,2016,Q3,323,9.127387815078558,Pre
Woden,Theft,2016,Q4,261,7.375381485249237,Pre
Woden,Theft,2017,Q1,284,7.826494336814838,Pre
Woden,Theft,2017,Q2,261,7.192658527847438,Pre
Woden,Theft,2017,Q3,374,10.30672141538292,Pre
Woden,Theft,2017,Q4,354,9.75555984236779,Pre
Woden,Theft,2018,Q1,329,8.86959803736554,Pre
Woden,Theft,2018,Q2,399,10.756746555953953,Pre
Woden,Theft,2018,Q3,220,5.931038201277868,Pre
Woden,Theft,2018,Q4,222,5.984956730380395,Pre
Woden,Theft,2019,Q1,196,5.19742250271804,Pre
Woden,Theft,2019,Q2,242,6.417225743151866,Pre
Woden,Theft,2019,Q3,185,4.905730423483864,Pre
Woden,Theft,2019,Q4,204,5.409562196706531,Pre
Woden,Theft,2020,Q1,210,5.42803970223325,Pre
Woden,Theft,2020,Q2,134,3.463606286186931,During
Woden,Theft,2020,Q3,122,3.15343258891646,During
Woden,Theft,2020,Q4,189,4.885235732009925,During
Woden,Theft,2021,Q1,209,5.34814094526472,During
Woden,Theft,2021,Q2,185,4.734000358248676,During
Woden,Theft,2021,Q3,180,4.606054402620333,During
Woden,Theft,2021,Q4,277,7.08820594181018,Post
Woden,Theft,2022,Q1,196,4.951120317275873,Post
Woden,Theft,2022,Q2,236,5.961553035087276,Post
Woden,Theft,2022,Q3,226,5.708944855634425,Post
Woden,Theft,2022,Q4,154,3.8901659635739,Post
Woden,Theft,2023,Q1,194,4.859232541829476,Post
Woden,Theft,2023,Q2,198,4.959422903516682,Post
Woden,Theft,2023,Q3,241,6.036469291654143,Post
Woden,Theft,2023,Q4,193,4.834184951407675,Post
Woden,Theft,2024,Q1,219,5.360158601953154,Post
Woden,Theft,2024,Q2,178,4.356658589715349,Post
Woden,Theft,2024,Q3,167,4.087426879114962,Post
Woden,Theft,2024,Q4,164,4.01400004895122,Post
Woden,Theft,2025,Q1,142,3.4134615384615383,Post
Woden,Theft,2025,Q2,163,3.918269230769231,Post
