Region,Year,Total Description,Value
Belconnen,2011,Closing the Gap Target 5 - People aged 20-24 years - Census : Attained Year 12 or equivalent or Certificate III or above (%),1464.4
Belconnen,2011,Closing the Gap Target 5 - People aged 20-24 years - Census : Attained Year 12 or equivalent or Certificate III or above (no.),100.0
Belconnen,2011,Closing the Gap Target 5 - People aged 20-24 years - Census : Total applicable population aged 20-24 years (no.),137.0
Belconnen,2011,Closing the Gap Target 6 - People aged 25-34 years - Census : Completed tertiary qualification of Certificate III or above (%),1162.5
Belconnen,2011,Closing the Gap Target 6 - People aged 25-34 years - Census : Completed tertiary qualification of Certificate III or above (no.),104.0
Belconnen,2011,Closing the Gap Target 6 - People aged 25-34 years - Census : Total applicable population aged 25-34 years (no.),178.0
Belconnen,2011,"Closing the Gap Target 7 - People aged 15-24 years - Census : Fully engaged in employment, education or training (%)",1327.1
Belconnen,2011,"Closing the Gap Target 7 - People aged 15-24 years - Census : Fully engaged in employment, education or training (no.)",166.0
Belconnen,2011,Closing the Gap Target 7 - People aged 15-24 years - Census : Total applicable population aged 15-24 years (no.),266.0
Belconnen,2011,Closing the Gap Target 8 - People aged 25-64 years - Census : Employed (%),1667.6
Belconnen,2011,Closing the Gap Target 8 - People aged 25-64 years - Census : Employed (no.),328.0
Belconnen,2011,Closing the Gap Target 8 - People aged 25-64 years - Census : Total applicable population aged 25-64 years (no.),457.0
Belconnen,2011,Closing the Gap Target 9A - Census : Living in a dwelling requiring four or more additional bedrooms (%),0.0
Belconnen,2011,Closing the Gap Target 9A - Census : Living in a dwelling requiring four or more additional bedrooms (no.),0.0
Belconnen,2011,Closing the Gap Target 9A - Census : Living in a dwelling requiring one additional bedroom (%),127.1
Belconnen,2011,Closing the Gap Target 9A - Census : Living in a dwelling requiring one additional bedroom (no.),70.0
Belconnen,2011,Closing the Gap Target 9A - Census : Living in a dwelling requiring three additional bedrooms (%),0.0
Belconnen,2011,Closing the Gap Target 9A - Census : Living in a dwelling requiring three additional bedrooms (no.),0.0
Belconnen,2011,Closing the Gap Target 9A - Census : Living in a dwelling requiring two additional bedrooms (%),31.0
Belconnen,2011,Closing the Gap Target 9A - Census : Living in a dwelling requiring two additional bedrooms (no.),9.0
Belconnen,2011,Closing the Gap Target 9A - Census : Living in a dwelling with no additional bedrooms required (appropriately sized) (%),2287.6
Belconnen,2011,Closing the Gap Target 9A - Census : Living in a dwelling with no additional bedrooms required (appropriately sized) (no.),912.0
Belconnen,2011,Closing the Gap Target 9A - Census : Total people living in applicable dwellings (no.),987.0
Belconnen,2011,"Engagement in employment, education or training - Census : Fully engaged (%)",1395.2
Belconnen,2011,"Engagement in employment, education or training - Census : Not engaged (%)",489.8
Belconnen,2011,"Engagement in employment, education or training - Census : Partially or at least partially engaged (%)",496.1
Belconnen,2011,Labour force status - Census : % of total Census responding population employed,1624.1000000000001
Belconnen,2011,Labour force status - Census : % of total labour force employed,2088.4
Belconnen,2011,Labour force status - Census : % of total labour force unemployed,156.5
Belconnen,2011,Labour force status - Census : Employed (no.),502.0
Belconnen,2011,Labour force status - Census : In the labour force (no.),552.0
Belconnen,2011,Labour force status - Census : Labour force participation rate (%),1820.9
Belconnen,2011,Labour force status - Census : Not in the labour force (%),634.8
Belconnen,2011,Labour force status - Census : Total responding population aged 15-64 years (no.),738.0
Belconnen,2011,Labour force status - Census : Unemployed (no.),36.0
Belconnen,2011,Language - Census : Aboriginal and Torres Strait Islander people who reported speaking an Aboriginal or Torres Strait Islander language (%),24.1
Belconnen,2011,Language - Census : Speaks English at home (%),2349.5
Belconnen,2011,Tenure type - Census : Owner with or without a mortgage (or being purchased under a shared equity scheme) (%),981.4
Belconnen,2011,Tenure type - Census : Owner with or without a mortgage (or being purchased under a shared equity scheme) (no.),453.0
Belconnen,2011,Tenure type - Census : Renter (%),1426.5
Belconnen,2011,Tenure type - Census : Renter (no.),585.0
Belconnen,2011,Unpaid assistance to a person with a disability - Census : Provided unpaid assistance (%),362.0
Belconnen,2011,Unpaid assistance to a person with a disability - Census : Provided unpaid assistance (no.),100.0
Belconnen,2011,Unpaid child care - Census : Cared for other child/children (%),232.5
Belconnen,2011,Unpaid child care - Census : Cared for other child/children (no.),73.0
Belconnen,2011,Unpaid child care - Census : Cared for own child/children (%),438.9
Belconnen,2011,Unpaid child care - Census : Cared for own child/children (no.),161.0
Belconnen,2011,Unpaid child care - Census : Did not provide unpaid child care (%),1521.8
Belconnen,2011,Unpaid child care - Census : Did not provide unpaid child care (no.),502.0
Belconnen,2011,Unpaid child care - Census : Total provided unpaid child care (%),789.5
Belconnen,2011,Unpaid child care - Census : Total provided unpaid child care (no.),261.0
Belconnen,2011,Voluntary work for an organisation or group - Census : Volunteered for an organisation or group (%),494.7
Belconnen,2011,Voluntary work for an organisation or group - Census : Volunteered for an organisation or group (no.),162.0
Belconnen,2016,Closing the Gap Target 5 - People aged 20-24 years - Census : Attained Year 12 or equivalent or Certificate III or above (%),1708.1000000000001
Belconnen,2016,Closing the Gap Target 5 - People aged 20-24 years - Census : Attained Year 12 or equivalent or Certificate III or above (no.),136.0
Belconnen,2016,Closing the Gap Target 5 - People aged 20-24 years - Census : Total applicable population aged 20-24 years (no.),171.0
Belconnen,2016,Closing the Gap Target 6 - People aged 25-34 years - Census : Completed tertiary qualification of Certificate III or above (%),1474.4
Belconnen,2016,Closing the Gap Target 6 - People aged 25-34 years - Census : Completed tertiary qualification of Certificate III or above (no.),151.0
Belconnen,2016,Closing the Gap Target 6 - People aged 25-34 years - Census : Total applicable population aged 25-34 years (no.),240.0
Belconnen,2016,"Closing the Gap Target 7 - People aged 15-24 years - Census : Fully engaged in employment, education or training (%)",1560.1
Belconnen,2016,"Closing the Gap Target 7 - People aged 15-24 years - Census : Fully engaged in employment, education or training (no.)",203.0
Belconnen,2016,Closing the Gap Target 7 - People aged 15-24 years - Census : Total applicable population aged 15-24 years (no.),310.0
Belconnen,2016,Closing the Gap Target 8 - People aged 25-64 years - Census : Employed (%),1781.6
Belconnen,2016,Closing the Gap Target 8 - People aged 25-64 years - Census : Employed (no.),500.0
Belconnen,2016,Closing the Gap Target 8 - People aged 25-64 years - Census : Total applicable population aged 25-64 years (no.),684.0
Belconnen,2016,Closing the Gap Target 9A - Census : Living in a dwelling requiring four or more additional bedrooms (%),0.0
Belconnen,2016,Closing the Gap Target 9A - Census : Living in a dwelling requiring four or more additional bedrooms (no.),0.0
Belconnen,2016,Closing the Gap Target 9A - Census : Living in a dwelling requiring one additional bedroom (%),84.0
Belconnen,2016,Closing the Gap Target 9A - Census : Living in a dwelling requiring one additional bedroom (no.),58.0
Belconnen,2016,Closing the Gap Target 9A - Census : Living in a dwelling requiring three additional bedrooms (%),16.7
Belconnen,2016,Closing the Gap Target 9A - Census : Living in a dwelling requiring three additional bedrooms (no.),11.0
Belconnen,2016,Closing the Gap Target 9A - Census : Living in a dwelling requiring two additional bedrooms (%),22.4
Belconnen,2016,Closing the Gap Target 9A - Census : Living in a dwelling requiring two additional bedrooms (no.),23.0
Belconnen,2016,Closing the Gap Target 9A - Census : Living in a dwelling with no additional bedrooms required (appropriately sized) (%),2274.5
Belconnen,2016,Closing the Gap Target 9A - Census : Living in a dwelling with no additional bedrooms required (appropriately sized) (no.),1320.0
Belconnen,2016,Closing the Gap Target 9A - Census : Total people living in applicable dwellings (no.),1415.0
Belconnen,2016,"Engagement in employment, education or training - Census : Fully engaged (%)",1435.4
Belconnen,2016,"Engagement in employment, education or training - Census : Not engaged (%)",706.2
Belconnen,2016,"Engagement in employment, education or training - Census : Partially or at least partially engaged (%)",410.1
Belconnen,2016,Labour force status - Census : % of total Census responding population employed,1648.2
Belconnen,2016,Labour force status - Census : % of total labour force employed,2171.2
Belconnen,2016,Labour force status - Census : % of total labour force unemployed,215.9
Belconnen,2016,Labour force status - Census : Employed (no.),683.0
Belconnen,2016,Labour force status - Census : In the labour force (no.),755.0
Belconnen,2016,Labour force status - Census : Labour force participation rate (%),1843.1
Belconnen,2016,Labour force status - Census : Not in the labour force (%),556.3000000000001
Belconnen,2016,Labour force status - Census : Total responding population aged 15-64 years (no.),1009.0
Belconnen,2016,Labour force status - Census : Unemployed (no.),73.0
Belconnen,2016,Language - Census : Aboriginal and Torres Strait Islander people who reported speaking an Aboriginal or Torres Strait Islander language (%),31.6
Belconnen,2016,Language - Census : Speaks English at home (%),2320.0
Belconnen,2016,Tenure type - Census : Owner with or without a mortgage (or being purchased under a shared equity scheme) (%),1205.2
Belconnen,2016,Tenure type - Census : Owner with or without a mortgage (or being purchased under a shared equity scheme) (no.),690.0
Belconnen,2016,Tenure type - Census : Renter (%),1192.8
Belconnen,2016,Tenure type - Census : Renter (no.),768.0
Belconnen,2016,Unpaid assistance to a person with a disability - Census : Provided unpaid assistance (%),324.3
Belconnen,2016,Unpaid assistance to a person with a disability - Census : Provided unpaid assistance (no.),163.0
Belconnen,2016,Unpaid child care - Census : Cared for other child/children (%),144.5
Belconnen,2016,Unpaid child care - Census : Cared for other child/children (no.),74.0
Belconnen,2016,Unpaid child care - Census : Cared for own child/children (%),590.6
Belconnen,2016,Unpaid child care - Census : Cared for own child/children (no.),266.0
Belconnen,2016,Unpaid child care - Census : Did not provide unpaid child care (%),1498.3
Belconnen,2016,Unpaid child care - Census : Did not provide unpaid child care (no.),696.0
Belconnen,2016,Unpaid child care - Census : Total provided unpaid child care (%),777.3
Belconnen,2016,Unpaid child care - Census : Total provided unpaid child care (no.),348.0
Belconnen,2016,Voluntary work for an organisation or group - Census : Volunteered for an organisation or group (%),458.8
Belconnen,2016,Voluntary work for an organisation or group - Census : Volunteered for an organisation or group (no.),196.0
Belconnen,2021,Closing the Gap Target 5 - People aged 20-24 years - Census : Attained Year 12 or equivalent or Certificate III or above (%),1527.1
Belconnen,2021,Closing the Gap Target 5 - People aged 20-24 years - Census : Attained Year 12 or equivalent or Certificate III or above (no.),179.0
Belconnen,2021,Closing the Gap Target 5 - People aged 20-24 years - Census : Total applicable population aged 20-24 years (no.),233.0
Belconnen,2021,Closing the Gap Target 6 - People aged 25-34 years - Census : Completed tertiary qualification of Certificate III or above (%),1862.3
Belconnen,2021,Closing the Gap Target 6 - People aged 25-34 years - Census : Completed tertiary qualification of Certificate III or above (no.),263.0
Belconnen,2021,Closing the Gap Target 6 - People aged 25-34 years - Census : Total applicable population aged 25-34 years (no.),368.0
Belconnen,2021,"Closing the Gap Target 7 - People aged 15-24 years - Census : Fully engaged in employment, education or training (%)",1640.8
Belconnen,2021,"Closing the Gap Target 7 - People aged 15-24 years - Census : Fully engaged in employment, education or training (no.)",307.0
Belconnen,2021,Closing the Gap Target 7 - People aged 15-24 years - Census : Total applicable population aged 15-24 years (no.),430.0
Belconnen,2021,Closing the Gap Target 8 - People aged 25-64 years - Census : Employed (%),1925.5
Belconnen,2021,Closing the Gap Target 8 - People aged 25-64 years - Census : Employed (no.),756.0
Belconnen,2021,Closing the Gap Target 8 - People aged 25-64 years - Census : Total applicable population aged 25-64 years (no.),984.0
Belconnen,2021,Closing the Gap Target 9A - Census : Living in a dwelling requiring four or more additional bedrooms (%),16.700000000000003
Belconnen,2021,Closing the Gap Target 9A - Census : Living in a dwelling requiring four or more additional bedrooms (no.),15.0
Belconnen,2021,Closing the Gap Target 9A - Census : Living in a dwelling requiring one additional bedroom (%),138.0
Belconnen,2021,Closing the Gap Target 9A - Census : Living in a dwelling requiring one additional bedroom (no.),135.0
Belconnen,2021,Closing the Gap Target 9A - Census : Living in a dwelling requiring three additional bedrooms (%),0.0
Belconnen,2021,Closing the Gap Target 9A - Census : Living in a dwelling requiring three additional bedrooms (no.),0.0
Belconnen,2021,Closing the Gap Target 9A - Census : Living in a dwelling requiring two additional bedrooms (%),42.2
Belconnen,2021,Closing the Gap Target 9A - Census : Living in a dwelling requiring two additional bedrooms (no.),33.0
Belconnen,2021,Closing the Gap Target 9A - Census : Living in a dwelling with no additional bedrooms required (appropriately sized) (%),2247.2
Belconnen,2021,Closing the Gap Target 9A - Census : Living in a dwelling with no additional bedrooms required (appropriately sized) (no.),1768.0
Belconnen,2021,Closing the Gap Target 9A - Census : Total people living in applicable dwellings (no.),1965.0
Belconnen,2021,"Engagement in employment, education or training - Census : Fully engaged (%)",1549.7
Belconnen,2021,"Engagement in employment, education or training - Census : Not engaged (%)",561.8
Belconnen,2021,"Engagement in employment, education or training - Census : Partially or at least partially engaged (%)",404.6
Belconnen,2021,Labour force status - Census : % of total Census responding population employed,1796.5
Belconnen,2021,Labour force status - Census : % of total labour force employed,2327.0
Belconnen,2021,Labour force status - Census : % of total labour force unemployed,119.30000000000001
Belconnen,2021,Labour force status - Census : Employed (no.),1012.0
Belconnen,2021,Labour force status - Census : In the labour force (no.),1098.0
Belconnen,2021,Labour force status - Census : Labour force participation rate (%),1925.0
Belconnen,2021,Labour force status - Census : Not in the labour force (%),548.6
Belconnen,2021,Labour force status - Census : Total responding population aged 15-64 years (no.),1428.0
Belconnen,2021,Labour force status - Census : Unemployed (no.),60.0
Belconnen,2021,Language - Census : Aboriginal and Torres Strait Islander people who reported speaking an Aboriginal or Torres Strait Islander language (%),73.9
Belconnen,2021,Language - Census : Speaks English at home (%),2339.7
Belconnen,2021,Tenure type - Census : Owner with or without a mortgage (or being purchased under a shared equity scheme) (%),1127.8
Belconnen,2021,Tenure type - Census : Owner with or without a mortgage (or being purchased under a shared equity scheme) (no.),961.0
Belconnen,2021,Tenure type - Census : Renter (%),1319.3
Belconnen,2021,Tenure type - Census : Renter (no.),1083.0
Belconnen,2021,Unpaid assistance to a person with a disability - Census : Provided unpaid assistance (%),439.8
Belconnen,2021,Unpaid assistance to a person with a disability - Census : Provided unpaid assistance (no.),246.0
Belconnen,2021,Unpaid child care - Census : Cared for other child/children (%),168.3
Belconnen,2021,Unpaid child care - Census : Cared for other child/children (no.),124.0
Belconnen,2021,Unpaid child care - Census : Cared for own child/children (%),543.0
Belconnen,2021,Unpaid child care - Census : Cared for own child/children (no.),324.0
Belconnen,2021,Unpaid child care - Census : Did not provide unpaid child care (%),1680.3
Belconnen,2021,Unpaid child care - Census : Did not provide unpaid child care (no.),1003.0
Belconnen,2021,Unpaid child care - Census : Total provided unpaid child care (%),797.6
Belconnen,2021,Unpaid child care - Census : Total provided unpaid child care (no.),482.0
Belconnen,2021,Voluntary work for an organisation or group - Census : Volunteered for an organisation or group (%),511.4
Belconnen,2021,Voluntary work for an organisation or group - Census : Volunteered for an organisation or group (no.),278.0
Gungahlin,2011,Closing the Gap Target 5 - People aged 20-24 years - Census : Attained Year 12 or equivalent or Certificate III or above (%),570.8
Gungahlin,2011,Closing the Gap Target 5 - People aged 20-24 years - Census : Attained Year 12 or equivalent or Certificate III or above (no.),30.0
Gungahlin,2011,Closing the Gap Target 5 - People aged 20-24 years - Census : Total applicable population aged 20-24 years (no.),64.0
Gungahlin,2011,Closing the Gap Target 6 - People aged 25-34 years - Census : Completed tertiary qualification of Certificate III or above (%),687.8
Gungahlin,2011,Closing the Gap Target 6 - People aged 25-34 years - Census : Completed tertiary qualification of Certificate III or above (no.),58.0
Gungahlin,2011,Closing the Gap Target 6 - People aged 25-34 years - Census : Total applicable population aged 25-34 years (no.),93.0
Gungahlin,2011,"Closing the Gap Target 7 - People aged 15-24 years - Census : Fully engaged in employment, education or training (%)",786.0
Gungahlin,2011,"Closing the Gap Target 7 - People aged 15-24 years - Census : Fully engaged in employment, education or training (no.)",73.0
Gungahlin,2011,Closing the Gap Target 7 - People aged 15-24 years - Census : Total applicable population aged 15-24 years (no.),95.0
Gungahlin,2011,Closing the Gap Target 8 - People aged 25-64 years - Census : Employed (%),995.2
Gungahlin,2011,Closing the Gap Target 8 - People aged 25-64 years - Census : Employed (no.),181.0
Gungahlin,2011,Closing the Gap Target 8 - People aged 25-64 years - Census : Total applicable population aged 25-64 years (no.),215.0
Gungahlin,2011,Closing the Gap Target 9A - Census : Living in a dwelling requiring four or more additional bedrooms (%),0.0
Gungahlin,2011,Closing the Gap Target 9A - Census : Living in a dwelling requiring four or more additional bedrooms (no.),0.0
Gungahlin,2011,Closing the Gap Target 9A - Census : Living in a dwelling requiring one additional bedroom (%),60.0
Gungahlin,2011,Closing the Gap Target 9A - Census : Living in a dwelling requiring one additional bedroom (no.),31.0
Gungahlin,2011,Closing the Gap Target 9A - Census : Living in a dwelling requiring three additional bedrooms (%),11.6
Gungahlin,2011,Closing the Gap Target 9A - Census : Living in a dwelling requiring three additional bedrooms (no.),8.0
Gungahlin,2011,Closing the Gap Target 9A - Census : Living in a dwelling requiring two additional bedrooms (%),5.3
Gungahlin,2011,Closing the Gap Target 9A - Census : Living in a dwelling requiring two additional bedrooms (no.),7.0
Gungahlin,2011,Closing the Gap Target 9A - Census : Living in a dwelling with no additional bedrooms required (appropriately sized) (%),1031.0
Gungahlin,2011,Closing the Gap Target 9A - Census : Living in a dwelling with no additional bedrooms required (appropriately sized) (no.),482.0
Gungahlin,2011,Closing the Gap Target 9A - Census : Total people living in applicable dwellings (no.),521.0
Gungahlin,2011,"Engagement in employment, education or training - Census : Fully engaged (%)",716.6
Gungahlin,2011,"Engagement in employment, education or training - Census : Not engaged (%)",162.1
Gungahlin,2011,"Engagement in employment, education or training - Census : Partially or at least partially engaged (%)",128.4
Gungahlin,2011,Labour force status - Census : % of total Census responding population employed,848.5
Gungahlin,2011,Labour force status - Census : % of total labour force employed,1020.4
Gungahlin,2011,Labour force status - Census : % of total labour force unemployed,71.4
Gungahlin,2011,Labour force status - Census : Employed (no.),230.0
Gungahlin,2011,Labour force status - Census : In the labour force (no.),254.0
Gungahlin,2011,Labour force status - Census : Labour force participation rate (%),907.8
Gungahlin,2011,Labour force status - Census : Not in the labour force (%),172.6
Gungahlin,2011,Labour force status - Census : Total responding population aged 15-64 years (no.),326.0
Gungahlin,2011,Labour force status - Census : Unemployed (no.),17.0
Gungahlin,2011,Language - Census : Aboriginal and Torres Strait Islander people who reported speaking an Aboriginal or Torres Strait Islander language (%),8.0
Gungahlin,2011,Language - Census : Speaks English at home (%),1068.6
Gungahlin,2011,Tenure type - Census : Owner with or without a mortgage (or being purchased under a shared equity scheme) (%),474.8
Gungahlin,2011,Tenure type - Census : Owner with or without a mortgage (or being purchased under a shared equity scheme) (no.),202.0
Gungahlin,2011,Tenure type - Census : Renter (%),631.5
Gungahlin,2011,Tenure type - Census : Renter (no.),321.0
Gungahlin,2011,Unpaid assistance to a person with a disability - Census : Provided unpaid assistance (%),85.9
Gungahlin,2011,Unpaid assistance to a person with a disability - Census : Provided unpaid assistance (no.),30.0
Gungahlin,2011,Unpaid child care - Census : Cared for other child/children (%),68.8
Gungahlin,2011,Unpaid child care - Census : Cared for other child/children (no.),20.0
Gungahlin,2011,Unpaid child care - Census : Cared for own child/children (%),277.6
Gungahlin,2011,Unpaid child care - Census : Cared for own child/children (no.),80.0
Gungahlin,2011,Unpaid child care - Census : Did not provide unpaid child care (%),509.8
Gungahlin,2011,Unpaid child care - Census : Did not provide unpaid child care (no.),176.0
Gungahlin,2011,Unpaid child care - Census : Total provided unpaid child care (%),357.5
Gungahlin,2011,Unpaid child care - Census : Total provided unpaid child care (no.),115.0
Gungahlin,2011,Voluntary work for an organisation or group - Census : Volunteered for an organisation or group (%),170.5
Gungahlin,2011,Voluntary work for an organisation or group - Census : Volunteered for an organisation or group (no.),68.0
Gungahlin,2016,Closing the Gap Target 5 - People aged 20-24 years - Census : Attained Year 12 or equivalent or Certificate III or above (%),764.0
Gungahlin,2016,Closing the Gap Target 5 - People aged 20-24 years - Census : Attained Year 12 or equivalent or Certificate III or above (no.),61.0
Gungahlin,2016,Closing the Gap Target 5 - People aged 20-24 years - Census : Total applicable population aged 20-24 years (no.),79.0
Gungahlin,2016,Closing the Gap Target 6 - People aged 25-34 years - Census : Completed tertiary qualification of Certificate III or above (%),774.8
Gungahlin,2016,Closing the Gap Target 6 - People aged 25-34 years - Census : Completed tertiary qualification of Certificate III or above (no.),101.0
Gungahlin,2016,Closing the Gap Target 6 - People aged 25-34 years - Census : Total applicable population aged 25-34 years (no.),136.0
Gungahlin,2016,"Closing the Gap Target 7 - People aged 15-24 years - Census : Fully engaged in employment, education or training (%)",1001.4
Gungahlin,2016,"Closing the Gap Target 7 - People aged 15-24 years - Census : Fully engaged in employment, education or training (no.)",150.0
Gungahlin,2016,Closing the Gap Target 7 - People aged 15-24 years - Census : Total applicable population aged 15-24 years (no.),185.0
Gungahlin,2016,Closing the Gap Target 8 - People aged 25-64 years - Census : Employed (%),989.3
Gungahlin,2016,Closing the Gap Target 8 - People aged 25-64 years - Census : Employed (no.),320.0
Gungahlin,2016,Closing the Gap Target 8 - People aged 25-64 years - Census : Total applicable population aged 25-64 years (no.),397.0
Gungahlin,2016,Closing the Gap Target 9A - Census : Living in a dwelling requiring four or more additional bedrooms (%),0.0
Gungahlin,2016,Closing the Gap Target 9A - Census : Living in a dwelling requiring four or more additional bedrooms (no.),0.0
Gungahlin,2016,Closing the Gap Target 9A - Census : Living in a dwelling requiring one additional bedroom (%),65.5
Gungahlin,2016,Closing the Gap Target 9A - Census : Living in a dwelling requiring one additional bedroom (no.),51.0
Gungahlin,2016,Closing the Gap Target 9A - Census : Living in a dwelling requiring three additional bedrooms (%),13.4
Gungahlin,2016,Closing the Gap Target 9A - Census : Living in a dwelling requiring three additional bedrooms (no.),12.0
Gungahlin,2016,Closing the Gap Target 9A - Census : Living in a dwelling requiring two additional bedrooms (%),12.1
Gungahlin,2016,Closing the Gap Target 9A - Census : Living in a dwelling requiring two additional bedrooms (no.),11.0
Gungahlin,2016,Closing the Gap Target 9A - Census : Living in a dwelling with no additional bedrooms required (appropriately sized) (%),1097.8
Gungahlin,2016,Closing the Gap Target 9A - Census : Living in a dwelling with no additional bedrooms required (appropriately sized) (no.),785.0
Gungahlin,2016,Closing the Gap Target 9A - Census : Total people living in applicable dwellings (no.),866.0
Gungahlin,2016,"Engagement in employment, education or training - Census : Fully engaged (%)",775.1
Gungahlin,2016,"Engagement in employment, education or training - Census : Not engaged (%)",150.8
Gungahlin,2016,"Engagement in employment, education or training - Census : Partially or at least partially engaged (%)",240.8
Gungahlin,2016,Labour force status - Census : % of total Census responding population employed,911.8
Gungahlin,2016,Labour force status - Census : % of total labour force employed,1124.7
Gungahlin,2016,Labour force status - Census : % of total labour force unemployed,55.199999999999996
Gungahlin,2016,Labour force status - Census : Employed (no.),442.0
Gungahlin,2016,Labour force status - Census : In the labour force (no.),472.0
Gungahlin,2016,Labour force status - Census : Labour force participation rate (%),981.7
Gungahlin,2016,Labour force status - Census : Not in the labour force (%),188.2
Gungahlin,2016,Labour force status - Census : Total responding population aged 15-64 years (no.),575.0
Gungahlin,2016,Labour force status - Census : Unemployed (no.),27.0
Gungahlin,2016,Language - Census : Aboriginal and Torres Strait Islander people who reported speaking an Aboriginal or Torres Strait Islander language (%),18.6
Gungahlin,2016,Language - Census : Speaks English at home (%),1118.7
Gungahlin,2016,Tenure type - Census : Owner with or without a mortgage (or being purchased under a shared equity scheme) (%),581.2
Gungahlin,2016,Tenure type - Census : Owner with or without a mortgage (or being purchased under a shared equity scheme) (no.),395.0
Gungahlin,2016,Tenure type - Census : Renter (%),598.9
Gungahlin,2016,Tenure type - Census : Renter (no.),496.0
Gungahlin,2016,Unpaid assistance to a person with a disability - Census : Provided unpaid assistance (%),142.6
Gungahlin,2016,Unpaid assistance to a person with a disability - Census : Provided unpaid assistance (no.),75.0
Gungahlin,2016,Unpaid child care - Census : Cared for other child/children (%),102.0
Gungahlin,2016,Unpaid child care - Census : Cared for other child/children (no.),50.0
Gungahlin,2016,Unpaid child care - Census : Cared for own child/children (%),298.6
Gungahlin,2016,Unpaid child care - Census : Cared for own child/children (no.),155.0
Gungahlin,2016,Unpaid child care - Census : Did not provide unpaid child care (%),678.1
Gungahlin,2016,Unpaid child care - Census : Did not provide unpaid child care (no.),353.0
Gungahlin,2016,Unpaid child care - Census : Total provided unpaid child care (%),448.1
Gungahlin,2016,Unpaid child care - Census : Total provided unpaid child care (no.),228.0
Gungahlin,2016,Voluntary work for an organisation or group - Census : Volunteered for an organisation or group (%),276.5
Gungahlin,2016,Voluntary work for an organisation or group - Census : Volunteered for an organisation or group (no.),138.0
Gungahlin,2021,Closing the Gap Target 5 - People aged 20-24 years - Census : Attained Year 12 or equivalent or Certificate III or above (%),1236.3
Gungahlin,2021,Closing the Gap Target 5 - People aged 20-24 years - Census : Attained Year 12 or equivalent or Certificate III or above (no.),122.0
Gungahlin,2021,Closing the Gap Target 5 - People aged 20-24 years - Census : Total applicable population aged 20-24 years (no.),140.0
Gungahlin,2021,Closing the Gap Target 6 - People aged 25-34 years - Census : Completed tertiary qualification of Certificate III or above (%),843.6
Gungahlin,2021,Closing the Gap Target 6 - People aged 25-34 years - Census : Completed tertiary qualification of Certificate III or above (no.),161.0
Gungahlin,2021,Closing the Gap Target 6 - People aged 25-34 years - Census : Total applicable population aged 25-34 years (no.),209.0
Gungahlin,2021,"Closing the Gap Target 7 - People aged 15-24 years - Census : Fully engaged in employment, education or training (%)",715.8
Gungahlin,2021,"Closing the Gap Target 7 - People aged 15-24 years - Census : Fully engaged in employment, education or training (no.)",182.0
Gungahlin,2021,Closing the Gap Target 7 - People aged 15-24 years - Census : Total applicable population aged 15-24 years (no.),281.0
Gungahlin,2021,Closing the Gap Target 8 - People aged 25-64 years - Census : Employed (%),976.0
Gungahlin,2021,Closing the Gap Target 8 - People aged 25-64 years - Census : Employed (no.),453.0
Gungahlin,2021,Closing the Gap Target 8 - People aged 25-64 years - Census : Total applicable population aged 25-64 years (no.),566.0
Gungahlin,2021,Closing the Gap Target 9A - Census : Living in a dwelling requiring four or more additional bedrooms (%),0.0
Gungahlin,2021,Closing the Gap Target 9A - Census : Living in a dwelling requiring four or more additional bedrooms (no.),0.0
Gungahlin,2021,Closing the Gap Target 9A - Census : Living in a dwelling requiring one additional bedroom (%),27.6
Gungahlin,2021,Closing the Gap Target 9A - Census : Living in a dwelling requiring one additional bedroom (no.),33.0
Gungahlin,2021,Closing the Gap Target 9A - Census : Living in a dwelling requiring three additional bedrooms (%),3.2
Gungahlin,2021,Closing the Gap Target 9A - Census : Living in a dwelling requiring three additional bedrooms (no.),3.0
Gungahlin,2021,Closing the Gap Target 9A - Census : Living in a dwelling requiring two additional bedrooms (%),14.100000000000001
Gungahlin,2021,Closing the Gap Target 9A - Census : Living in a dwelling requiring two additional bedrooms (no.),20.0
Gungahlin,2021,Closing the Gap Target 9A - Census : Living in a dwelling with no additional bedrooms required (appropriately sized) (%),1140.4
Gungahlin,2021,Closing the Gap Target 9A - Census : Living in a dwelling with no additional bedrooms required (appropriately sized) (no.),1104.0
Gungahlin,2021,Closing the Gap Target 9A - Census : Total people living in applicable dwellings (no.),1165.0
Gungahlin,2021,"Engagement in employment, education or training - Census : Fully engaged (%)",787.5
Gungahlin,2021,"Engagement in employment, education or training - Census : Not engaged (%)",281.4
Gungahlin,2021,"Engagement in employment, education or training - Census : Partially or at least partially engaged (%)",193.0
Gungahlin,2021,Labour force status - Census : % of total Census responding population employed,1043.4
Gungahlin,2021,Labour force status - Census : % of total labour force employed,1105.1
Gungahlin,2021,Labour force status - Census : % of total labour force unemployed,69.8
Gungahlin,2021,Labour force status - Census : Employed (no.),609.0
Gungahlin,2021,Labour force status - Census : In the labour force (no.),664.0
Gungahlin,2021,Labour force status - Census : Labour force participation rate (%),1121.2
Gungahlin,2021,Labour force status - Census : Not in the labour force (%),246.0
Gungahlin,2021,Labour force status - Census : Total responding population aged 15-64 years (no.),835.0
Gungahlin,2021,Labour force status - Census : Unemployed (no.),42.0
Gungahlin,2021,Language - Census : Aboriginal and Torres Strait Islander people who reported speaking an Aboriginal or Torres Strait Islander language (%),25.5
Gungahlin,2021,Language - Census : Speaks English at home (%),1125.8
Gungahlin,2021,Tenure type - Census : Owner with or without a mortgage (or being purchased under a shared equity scheme) (%),526.3
Gungahlin,2021,Tenure type - Census : Owner with or without a mortgage (or being purchased under a shared equity scheme) (no.),498.0
Gungahlin,2021,Tenure type - Census : Renter (%),658.7
Gungahlin,2021,Tenure type - Census : Renter (no.),729.0
Gungahlin,2021,Unpaid assistance to a person with a disability - Census : Provided unpaid assistance (%),123.3
Gungahlin,2021,Unpaid assistance to a person with a disability - Census : Provided unpaid assistance (no.),105.0
Gungahlin,2021,Unpaid child care - Census : Cared for other child/children (%),79.1
Gungahlin,2021,Unpaid child care - Census : Cared for other child/children (no.),63.0
Gungahlin,2021,Unpaid child care - Census : Cared for own child/children (%),228.6
Gungahlin,2021,Unpaid child care - Census : Cared for own child/children (no.),178.0
Gungahlin,2021,Unpaid child care - Census : Did not provide unpaid child care (%),878.9
Gungahlin,2021,Unpaid child care - Census : Did not provide unpaid child care (no.),633.0
Gungahlin,2021,Unpaid child care - Census : Total provided unpaid child care (%),306.5
Gungahlin,2021,Unpaid child care - Census : Total provided unpaid child care (no.),247.0
Gungahlin,2021,Voluntary work for an organisation or group - Census : Volunteered for an organisation or group (%),173.9
Gungahlin,2021,Voluntary work for an organisation or group - Census : Volunteered for an organisation or group (no.),135.0
Inner North,2011,Closing the Gap Target 5 - People aged 20-24 years - Census : Attained Year 12 or equivalent or Certificate III or above (%),936.4
Inner North,2011,Closing the Gap Target 5 - People aged 20-24 years - Census : Attained Year 12 or equivalent or Certificate III or above (no.),50.0
Inner North,2011,Closing the Gap Target 5 - People aged 20-24 years - Census : Total applicable population aged 20-24 years (no.),66.0
Inner North,2011,Closing the Gap Target 6 - People aged 25-34 years - Census : Completed tertiary qualification of Certificate III or above (%),437.0
Inner North,2011,Closing the Gap Target 6 - People aged 25-34 years - Census : Completed tertiary qualification of Certificate III or above (no.),39.0
Inner North,2011,Closing the Gap Target 6 - People aged 25-34 years - Census : Total applicable population aged 25-34 years (no.),97.0
Inner North,2011,"Closing the Gap Target 7 - People aged 15-24 years - Census : Fully engaged in employment, education or training (%)",1186.1
Inner North,2011,"Closing the Gap Target 7 - People aged 15-24 years - Census : Fully engaged in employment, education or training (no.)",88.0
Inner North,2011,Closing the Gap Target 7 - People aged 15-24 years - Census : Total applicable population aged 15-24 years (no.),123.0
Inner North,2011,Closing the Gap Target 8 - People aged 25-64 years - Census : Employed (%),752.0
Inner North,2011,Closing the Gap Target 8 - People aged 25-64 years - Census : Employed (no.),155.0
Inner North,2011,Closing the Gap Target 8 - People aged 25-64 years - Census : Total applicable population aged 25-64 years (no.),253.0
Inner North,2011,Closing the Gap Target 9A - Census : Living in a dwelling requiring four or more additional bedrooms (%),45.3
Inner North,2011,Closing the Gap Target 9A - Census : Living in a dwelling requiring four or more additional bedrooms (no.),22.0
Inner North,2011,Closing the Gap Target 9A - Census : Living in a dwelling requiring one additional bedroom (%),67.5
Inner North,2011,Closing the Gap Target 9A - Census : Living in a dwelling requiring one additional bedroom (no.),31.0
Inner North,2011,Closing the Gap Target 9A - Census : Living in a dwelling requiring three additional bedrooms (%),12.2
Inner North,2011,Closing the Gap Target 9A - Census : Living in a dwelling requiring three additional bedrooms (no.),5.0
Inner North,2011,Closing the Gap Target 9A - Census : Living in a dwelling requiring two additional bedrooms (%),21.1
Inner North,2011,Closing the Gap Target 9A - Census : Living in a dwelling requiring two additional bedrooms (no.),4.0
Inner North,2011,Closing the Gap Target 9A - Census : Living in a dwelling with no additional bedrooms required (appropriately sized) (%),1070.5
Inner North,2011,Closing the Gap Target 9A - Census : Living in a dwelling with no additional bedrooms required (appropriately sized) (no.),366.0
Inner North,2011,Closing the Gap Target 9A - Census : Total people living in applicable dwellings (no.),423.0
Inner North,2011,"Engagement in employment, education or training - Census : Fully engaged (%)",879.6
Inner North,2011,"Engagement in employment, education or training - Census : Not engaged (%)",424.2
Inner North,2011,"Engagement in employment, education or training - Census : Partially or at least partially engaged (%)",140.7
Inner North,2011,Labour force status - Census : % of total Census responding population employed,844.6
Inner North,2011,Labour force status - Census : % of total labour force employed,1278.9
Inner North,2011,Labour force status - Census : % of total labour force unemployed,155.1
Inner North,2011,Labour force status - Census : Employed (no.),221.0
Inner North,2011,Labour force status - Census : In the labour force (no.),233.0
Inner North,2011,Labour force status - Census : Labour force participation rate (%),879.3
Inner North,2011,Labour force status - Census : Not in the labour force (%),522.8
Inner North,2011,Labour force status - Census : Total responding population aged 15-64 years (no.),375.0
Inner North,2011,Labour force status - Census : Unemployed (no.),19.0
Inner North,2011,Language - Census : Aboriginal and Torres Strait Islander people who reported speaking an Aboriginal or Torres Strait Islander language (%),30.4
Inner North,2011,Language - Census : Speaks English at home (%),1311.9
Inner North,2011,Tenure type - Census : Owner with or without a mortgage (or being purchased under a shared equity scheme) (%),333.2
Inner North,2011,Tenure type - Census : Owner with or without a mortgage (or being purchased under a shared equity scheme) (no.),107.0
Inner North,2011,Tenure type - Census : Renter (%),917.8
Inner North,2011,Tenure type - Census : Renter (no.),322.0
Inner North,2011,Unpaid assistance to a person with a disability - Census : Provided unpaid assistance (%),179.79999999999998
Inner North,2011,Unpaid assistance to a person with a disability - Census : Provided unpaid assistance (no.),62.0
Inner North,2011,Unpaid child care - Census : Cared for other child/children (%),77.2
Inner North,2011,Unpaid child care - Census : Cared for other child/children (no.),26.0
Inner North,2011,Unpaid child care - Census : Cared for own child/children (%),237.4
Inner North,2011,Unpaid child care - Census : Cared for own child/children (no.),67.0
Inner North,2011,Unpaid child care - Census : Did not provide unpaid child care (%),923.1
Inner North,2011,Unpaid child care - Census : Did not provide unpaid child care (no.),289.0
Inner North,2011,Unpaid child care - Census : Total provided unpaid child care (%),317.5
Inner North,2011,Unpaid child care - Census : Total provided unpaid child care (no.),97.0
Inner North,2011,Voluntary work for an organisation or group - Census : Volunteered for an organisation or group (%),304.0
Inner North,2011,Voluntary work for an organisation or group - Census : Volunteered for an organisation or group (no.),89.0
Inner North,2016,Closing the Gap Target 5 - People aged 20-24 years - Census : Attained Year 12 or equivalent or Certificate III or above (%),1004.3
Inner North,2016,Closing the Gap Target 5 - People aged 20-24 years - Census : Attained Year 12 or equivalent or Certificate III or above (no.),69.0
Inner North,2016,Closing the Gap Target 5 - People aged 20-24 years - Census : Total applicable population aged 20-24 years (no.),94.0
Inner North,2016,Closing the Gap Target 6 - People aged 25-34 years - Census : Completed tertiary qualification of Certificate III or above (%),928.4
Inner North,2016,Closing the Gap Target 6 - People aged 25-34 years - Census : Completed tertiary qualification of Certificate III or above (no.),90.0
Inner North,2016,Closing the Gap Target 6 - People aged 25-34 years - Census : Total applicable population aged 25-34 years (no.),129.0
Inner North,2016,"Closing the Gap Target 7 - People aged 15-24 years - Census : Fully engaged in employment, education or training (%)",1032.2
Inner North,2016,"Closing the Gap Target 7 - People aged 15-24 years - Census : Fully engaged in employment, education or training (no.)",109.0
Inner North,2016,Closing the Gap Target 7 - People aged 15-24 years - Census : Total applicable population aged 15-24 years (no.),148.0
Inner North,2016,Closing the Gap Target 8 - People aged 25-64 years - Census : Employed (%),829.8000000000001
Inner North,2016,Closing the Gap Target 8 - People aged 25-64 years - Census : Employed (no.),195.0
Inner North,2016,Closing the Gap Target 8 - People aged 25-64 years - Census : Total applicable population aged 25-64 years (no.),308.0
Inner North,2016,Closing the Gap Target 9A - Census : Living in a dwelling requiring four or more additional bedrooms (%),0.0
Inner North,2016,Closing the Gap Target 9A - Census : Living in a dwelling requiring four or more additional bedrooms (no.),0.0
Inner North,2016,Closing the Gap Target 9A - Census : Living in a dwelling requiring one additional bedroom (%),120.3
Inner North,2016,Closing the Gap Target 9A - Census : Living in a dwelling requiring one additional bedroom (no.),47.0
Inner North,2016,Closing the Gap Target 9A - Census : Living in a dwelling requiring three additional bedrooms (%),0.0
Inner North,2016,Closing the Gap Target 9A - Census : Living in a dwelling requiring three additional bedrooms (no.),0.0
Inner North,2016,Closing the Gap Target 9A - Census : Living in a dwelling requiring two additional bedrooms (%),8.5
Inner North,2016,Closing the Gap Target 9A - Census : Living in a dwelling requiring two additional bedrooms (no.),6.0
Inner North,2016,Closing the Gap Target 9A - Census : Living in a dwelling with no additional bedrooms required (appropriately sized) (%),1168.4
Inner North,2016,Closing the Gap Target 9A - Census : Living in a dwelling with no additional bedrooms required (appropriately sized) (no.),429.0
Inner North,2016,Closing the Gap Target 9A - Census : Total people living in applicable dwellings (no.),483.0
Inner North,2016,"Engagement in employment, education or training - Census : Fully engaged (%)",900.8
Inner North,2016,"Engagement in employment, education or training - Census : Not engaged (%)",351.5
Inner North,2016,"Engagement in employment, education or training - Census : Partially or at least partially engaged (%)",159.4
Inner North,2016,Labour force status - Census : % of total Census responding population employed,896.4
Inner North,2016,Labour force status - Census : % of total labour force employed,1237.2
Inner North,2016,Labour force status - Census : % of total labour force unemployed,149.4
Inner North,2016,Labour force status - Census : Employed (no.),277.0
Inner North,2016,Labour force status - Census : In the labour force (no.),315.0
Inner North,2016,Labour force status - Census : Labour force participation rate (%),1007.3
Inner North,2016,Labour force status - Census : Not in the labour force (%),409.1
Inner North,2016,Labour force status - Census : Total responding population aged 15-64 years (no.),435.0
Inner North,2016,Labour force status - Census : Unemployed (no.),26.0
Inner North,2016,Language - Census : Aboriginal and Torres Strait Islander people who reported speaking an Aboriginal or Torres Strait Islander language (%),27.099999999999998
Inner North,2016,Language - Census : Speaks English at home (%),1319.1
Inner North,2016,Tenure type - Census : Owner with or without a mortgage (or being purchased under a shared equity scheme) (%),367.3
Inner North,2016,Tenure type - Census : Owner with or without a mortgage (or being purchased under a shared equity scheme) (no.),166.0
Inner North,2016,Tenure type - Census : Renter (%),888.9
Inner North,2016,Tenure type - Census : Renter (no.),358.0
Inner North,2016,Unpaid assistance to a person with a disability - Census : Provided unpaid assistance (%),140.1
Inner North,2016,Unpaid assistance to a person with a disability - Census : Provided unpaid assistance (no.),48.0
Inner North,2016,Unpaid child care - Census : Cared for other child/children (%),79.9
Inner North,2016,Unpaid child care - Census : Cared for other child/children (no.),27.0
Inner North,2016,Unpaid child care - Census : Cared for own child/children (%),200.8
Inner North,2016,Unpaid child care - Census : Cared for own child/children (no.),71.0
Inner North,2016,Unpaid child care - Census : Did not provide unpaid child care (%),1091.8
Inner North,2016,Unpaid child care - Census : Did not provide unpaid child care (no.),349.0
Inner North,2016,Unpaid child care - Census : Total provided unpaid child care (%),312.6
Inner North,2016,Unpaid child care - Census : Total provided unpaid child care (no.),101.0
Inner North,2016,Voluntary work for an organisation or group - Census : Volunteered for an organisation or group (%),388.6
Inner North,2016,Voluntary work for an organisation or group - Census : Volunteered for an organisation or group (no.),128.0
Inner North,2021,Closing the Gap Target 5 - People aged 20-24 years - Census : Attained Year 12 or equivalent or Certificate III or above (%),1204.2
Inner North,2021,Closing the Gap Target 5 - People aged 20-24 years - Census : Attained Year 12 or equivalent or Certificate III or above (no.),109.0
Inner North,2021,Closing the Gap Target 5 - People aged 20-24 years - Census : Total applicable population aged 20-24 years (no.),119.0
Inner North,2021,Closing the Gap Target 6 - People aged 25-34 years - Census : Completed tertiary qualification of Certificate III or above (%),654.5
Inner North,2021,Closing the Gap Target 6 - People aged 25-34 years - Census : Completed tertiary qualification of Certificate III or above (no.),107.0
Inner North,2021,Closing the Gap Target 6 - People aged 25-34 years - Census : Total applicable population aged 25-34 years (no.),165.0
Inner North,2021,"Closing the Gap Target 7 - People aged 15-24 years - Census : Fully engaged in employment, education or training (%)",1317.1
Inner North,2021,"Closing the Gap Target 7 - People aged 15-24 years - Census : Fully engaged in employment, education or training (no.)",195.0
Inner North,2021,Closing the Gap Target 7 - People aged 15-24 years - Census : Total applicable population aged 15-24 years (no.),219.0
Inner North,2021,Closing the Gap Target 8 - People aged 25-64 years - Census : Employed (%),1099.4
Inner North,2021,Closing the Gap Target 8 - People aged 25-64 years - Census : Employed (no.),309.0
Inner North,2021,Closing the Gap Target 8 - People aged 25-64 years - Census : Total applicable population aged 25-64 years (no.),419.0
Inner North,2021,Closing the Gap Target 9A - Census : Living in a dwelling requiring four or more additional bedrooms (%),0.0
Inner North,2021,Closing the Gap Target 9A - Census : Living in a dwelling requiring four or more additional bedrooms (no.),0.0
Inner North,2021,Closing the Gap Target 9A - Census : Living in a dwelling requiring one additional bedroom (%),63.5
Inner North,2021,Closing the Gap Target 9A - Census : Living in a dwelling requiring one additional bedroom (no.),35.0
Inner North,2021,Closing the Gap Target 9A - Census : Living in a dwelling requiring three additional bedrooms (%),6.6
Inner North,2021,Closing the Gap Target 9A - Census : Living in a dwelling requiring three additional bedrooms (no.),6.0
Inner North,2021,Closing the Gap Target 9A - Census : Living in a dwelling requiring two additional bedrooms (%),10.0
Inner North,2021,Closing the Gap Target 9A - Census : Living in a dwelling requiring two additional bedrooms (no.),5.0
Inner North,2021,Closing the Gap Target 9A - Census : Living in a dwelling with no additional bedrooms required (appropriately sized) (%),1295.7
Inner North,2021,Closing the Gap Target 9A - Census : Living in a dwelling with no additional bedrooms required (appropriately sized) (no.),663.0
Inner North,2021,Closing the Gap Target 9A - Census : Total people living in applicable dwellings (no.),720.0
Inner North,2021,"Engagement in employment, education or training - Census : Fully engaged (%)",1057.9
Inner North,2021,"Engagement in employment, education or training - Census : Not engaged (%)",318.7
Inner North,2021,"Engagement in employment, education or training - Census : Partially or at least partially engaged (%)",124.19999999999999
Inner North,2021,Labour force status - Census : % of total Census responding population employed,1101.3
Inner North,2021,Labour force status - Census : % of total labour force employed,1420.2
Inner North,2021,Labour force status - Census : % of total labour force unemployed,115.6
Inner North,2021,Labour force status - Census : Employed (no.),459.0
Inner North,2021,Labour force status - Census : In the labour force (no.),479.0
Inner North,2021,Labour force status - Census : Labour force participation rate (%),1160.1
Inner North,2021,Labour force status - Census : Not in the labour force (%),363.8
Inner North,2021,Labour force status - Census : Total responding population aged 15-64 years (no.),639.0
Inner North,2021,Labour force status - Census : Unemployed (no.),30.0
Inner North,2021,Language - Census : Aboriginal and Torres Strait Islander people who reported speaking an Aboriginal or Torres Strait Islander language (%),47.1
Inner North,2021,Language - Census : Speaks English at home (%),1399.9
Inner North,2021,Tenure type - Census : Owner with or without a mortgage (or being purchased under a shared equity scheme) (%),467.6
Inner North,2021,Tenure type - Census : Owner with or without a mortgage (or being purchased under a shared equity scheme) (no.),259.0
Inner North,2021,Tenure type - Census : Renter (%),913.1
Inner North,2021,Tenure type - Census : Renter (no.),480.0
Inner North,2021,Unpaid assistance to a person with a disability - Census : Provided unpaid assistance (%),187.4
Inner North,2021,Unpaid assistance to a person with a disability - Census : Provided unpaid assistance (no.),98.0
Inner North,2021,Unpaid child care - Census : Cared for other child/children (%),98.0
Inner North,2021,Unpaid child care - Census : Cared for other child/children (no.),47.0
Inner North,2021,Unpaid child care - Census : Cared for own child/children (%),137.8
Inner North,2021,Unpaid child care - Census : Cared for own child/children (no.),74.0
Inner North,2021,Unpaid child care - Census : Did not provide unpaid child care (%),1193.2
Inner North,2021,Unpaid child care - Census : Did not provide unpaid child care (no.),543.0
Inner North,2021,Unpaid child care - Census : Total provided unpaid child care (%),236.7
Inner North,2021,Unpaid child care - Census : Total provided unpaid child care (no.),126.0
Inner North,2021,Voluntary work for an organisation or group - Census : Volunteered for an organisation or group (%),307.7
Inner North,2021,Voluntary work for an organisation or group - Census : Volunteered for an organisation or group (no.),139.0
Inner South,2011,Closing the Gap Target 5 - People aged 20-24 years - Census : Attained Year 12 or equivalent or Certificate III or above (%),240.5
Inner South,2011,Closing the Gap Target 5 - People aged 20-24 years - Census : Attained Year 12 or equivalent or Certificate III or above (no.),19.0
Inner South,2011,Closing the Gap Target 5 - People aged 20-24 years - Census : Total applicable population aged 20-24 years (no.),41.0
Inner South,2011,Closing the Gap Target 6 - People aged 25-34 years - Census : Completed tertiary qualification of Certificate III or above (%),145.3
Inner South,2011,Closing the Gap Target 6 - People aged 25-34 years - Census : Completed tertiary qualification of Certificate III or above (no.),20.0
Inner South,2011,Closing the Gap Target 6 - People aged 25-34 years - Census : Total applicable population aged 25-34 years (no.),62.0
Inner South,2011,"Closing the Gap Target 7 - People aged 15-24 years - Census : Fully engaged in employment, education or training (%)",351.0
Inner South,2011,"Closing the Gap Target 7 - People aged 15-24 years - Census : Fully engaged in employment, education or training (no.)",49.0
Inner South,2011,Closing the Gap Target 7 - People aged 15-24 years - Census : Total applicable population aged 15-24 years (no.),82.0
Inner South,2011,Closing the Gap Target 8 - People aged 25-64 years - Census : Employed (%),567.0
Inner South,2011,Closing the Gap Target 8 - People aged 25-64 years - Census : Employed (no.),94.0
Inner South,2011,Closing the Gap Target 8 - People aged 25-64 years - Census : Total applicable population aged 25-64 years (no.),161.0
Inner South,2011,Closing the Gap Target 9A - Census : Living in a dwelling requiring four or more additional bedrooms (%),24.5
Inner South,2011,Closing the Gap Target 9A - Census : Living in a dwelling requiring four or more additional bedrooms (no.),11.0
Inner South,2011,Closing the Gap Target 9A - Census : Living in a dwelling requiring one additional bedroom (%),15.2
Inner South,2011,Closing the Gap Target 9A - Census : Living in a dwelling requiring one additional bedroom (no.),19.0
Inner South,2011,Closing the Gap Target 9A - Census : Living in a dwelling requiring three additional bedrooms (%),9.7
Inner South,2011,Closing the Gap Target 9A - Census : Living in a dwelling requiring three additional bedrooms (no.),3.0
Inner South,2011,Closing the Gap Target 9A - Census : Living in a dwelling requiring two additional bedrooms (%),25.4
Inner South,2011,Closing the Gap Target 9A - Census : Living in a dwelling requiring two additional bedrooms (no.),15.0
Inner South,2011,Closing the Gap Target 9A - Census : Living in a dwelling with no additional bedrooms required (appropriately sized) (%),609.2
Inner South,2011,Closing the Gap Target 9A - Census : Living in a dwelling with no additional bedrooms required (appropriately sized) (no.),242.0
Inner South,2011,Closing the Gap Target 9A - Census : Total people living in applicable dwellings (no.),300.0
Inner South,2011,"Engagement in employment, education or training - Census : Fully engaged (%)",421.7
Inner South,2011,"Engagement in employment, education or training - Census : Not engaged (%)",203.0
Inner South,2011,"Engagement in employment, education or training - Census : Partially or at least partially engaged (%)",66.5
Inner South,2011,Labour force status - Census : % of total Census responding population employed,478.3
Inner South,2011,Labour force status - Census : % of total labour force employed,678.3
Inner South,2011,Labour force status - Census : % of total labour force unemployed,94.6
Inner South,2011,Labour force status - Census : Employed (no.),121.0
Inner South,2011,Labour force status - Census : In the labour force (no.),148.0
Inner South,2011,Labour force status - Census : Labour force participation rate (%),554.6
Inner South,2011,Labour force status - Census : Not in the labour force (%),203.7
Inner South,2011,Labour force status - Census : Total responding population aged 15-64 years (no.),247.0
Inner South,2011,Labour force status - Census : Unemployed (no.),20.0
Inner South,2011,Language - Census : Aboriginal and Torres Strait Islander people who reported speaking an Aboriginal or Torres Strait Islander language (%),11.3
Inner South,2011,Language - Census : Speaks English at home (%),853.6
Inner South,2011,Tenure type - Census : Owner with or without a mortgage (or being purchased under a shared equity scheme) (%),160.1
Inner South,2011,Tenure type - Census : Owner with or without a mortgage (or being purchased under a shared equity scheme) (no.),58.0
Inner South,2011,Tenure type - Census : Renter (%),460.4
Inner South,2011,Tenure type - Census : Renter (no.),227.0
Inner South,2011,Unpaid assistance to a person with a disability - Census : Provided unpaid assistance (%),56.7
Inner South,2011,Unpaid assistance to a person with a disability - Census : Provided unpaid assistance (no.),31.0
Inner South,2011,Unpaid child care - Census : Cared for other child/children (%),21.299999999999997
Inner South,2011,Unpaid child care - Census : Cared for other child/children (no.),10.0
Inner South,2011,Unpaid child care - Census : Cared for own child/children (%),106.8
Inner South,2011,Unpaid child care - Census : Cared for own child/children (no.),53.0
Inner South,2011,Unpaid child care - Census : Did not provide unpaid child care (%),735.1
Inner South,2011,Unpaid child care - Census : Did not provide unpaid child care (no.),183.0
Inner South,2011,Unpaid child care - Census : Total provided unpaid child care (%),144.7
Inner South,2011,Unpaid child care - Census : Total provided unpaid child care (no.),72.0
Inner South,2011,Voluntary work for an organisation or group - Census : Volunteered for an organisation or group (%),54.2
Inner South,2011,Voluntary work for an organisation or group - Census : Volunteered for an organisation or group (no.),32.0
Inner South,2016,Closing the Gap Target 5 - People aged 20-24 years - Census : Attained Year 12 or equivalent or Certificate III or above (%),372.7
Inner South,2016,Closing the Gap Target 5 - People aged 20-24 years - Census : Attained Year 12 or equivalent or Certificate III or above (no.),20.0
Inner South,2016,Closing the Gap Target 5 - People aged 20-24 years - Census : Total applicable population aged 20-24 years (no.),23.0
Inner South,2016,Closing the Gap Target 6 - People aged 25-34 years - Census : Completed tertiary qualification of Certificate III or above (%),526.9
Inner South,2016,Closing the Gap Target 6 - People aged 25-34 years - Census : Completed tertiary qualification of Certificate III or above (no.),39.0
Inner South,2016,Closing the Gap Target 6 - People aged 25-34 years - Census : Total applicable population aged 25-34 years (no.),49.0
Inner South,2016,"Closing the Gap Target 7 - People aged 15-24 years - Census : Fully engaged in employment, education or training (%)",378.5
Inner South,2016,"Closing the Gap Target 7 - People aged 15-24 years - Census : Fully engaged in employment, education or training (no.)",35.0
Inner South,2016,Closing the Gap Target 7 - People aged 15-24 years - Census : Total applicable population aged 15-24 years (no.),55.0
Inner South,2016,Closing the Gap Target 8 - People aged 25-64 years - Census : Employed (%),510.5
Inner South,2016,Closing the Gap Target 8 - People aged 25-64 years - Census : Employed (no.),104.0
Inner South,2016,Closing the Gap Target 8 - People aged 25-64 years - Census : Total applicable population aged 25-64 years (no.),157.0
Inner South,2016,Closing the Gap Target 9A - Census : Living in a dwelling requiring four or more additional bedrooms (%),0.0
Inner South,2016,Closing the Gap Target 9A - Census : Living in a dwelling requiring four or more additional bedrooms (no.),0.0
Inner South,2016,Closing the Gap Target 9A - Census : Living in a dwelling requiring one additional bedroom (%),84.8
Inner South,2016,Closing the Gap Target 9A - Census : Living in a dwelling requiring one additional bedroom (no.),23.0
Inner South,2016,Closing the Gap Target 9A - Census : Living in a dwelling requiring three additional bedrooms (%),100.0
Inner South,2016,Closing the Gap Target 9A - Census : Living in a dwelling requiring three additional bedrooms (no.),5.0
Inner South,2016,Closing the Gap Target 9A - Census : Living in a dwelling requiring two additional bedrooms (%),0.0
Inner South,2016,Closing the Gap Target 9A - Census : Living in a dwelling requiring two additional bedrooms (no.),0.0
Inner South,2016,Closing the Gap Target 9A - Census : Living in a dwelling with no additional bedrooms required (appropriately sized) (%),753.9
Inner South,2016,Closing the Gap Target 9A - Census : Living in a dwelling with no additional bedrooms required (appropriately sized) (no.),230.0
Inner South,2016,Closing the Gap Target 9A - Census : Total people living in applicable dwellings (no.),256.0
Inner South,2016,"Engagement in employment, education or training - Census : Fully engaged (%)",418.8
Inner South,2016,"Engagement in employment, education or training - Census : Not engaged (%)",232.7
Inner South,2016,"Engagement in employment, education or training - Census : Partially or at least partially engaged (%)",92.1
Inner South,2016,Labour force status - Census : % of total Census responding population employed,461.8
Inner South,2016,Labour force status - Census : % of total labour force employed,675.1
Inner South,2016,Labour force status - Census : % of total labour force unemployed,8.0
Inner South,2016,Labour force status - Census : Employed (no.),116.0
Inner South,2016,Labour force status - Census : In the labour force (no.),133.0
Inner South,2016,Labour force status - Census : Labour force participation rate (%),500.5
Inner South,2016,Labour force status - Census : Not in the labour force (%),290.3
Inner South,2016,Labour force status - Census : Total responding population aged 15-64 years (no.),212.0
Inner South,2016,Labour force status - Census : Unemployed (no.),4.0
Inner South,2016,Language - Census : Aboriginal and Torres Strait Islander people who reported speaking an Aboriginal or Torres Strait Islander language (%),6.9
Inner South,2016,Language - Census : Speaks English at home (%),880.7
Inner South,2016,Tenure type - Census : Owner with or without a mortgage (or being purchased under a shared equity scheme) (%),189.3
Inner South,2016,Tenure type - Census : Owner with or without a mortgage (or being purchased under a shared equity scheme) (no.),54.0
Inner South,2016,Tenure type - Census : Renter (%),687.1
Inner South,2016,Tenure type - Census : Renter (no.),207.0
Inner South,2016,Unpaid assistance to a person with a disability - Census : Provided unpaid assistance (%),119.9
Inner South,2016,Unpaid assistance to a person with a disability - Census : Provided unpaid assistance (no.),32.0
Inner South,2016,Unpaid child care - Census : Cared for other child/children (%),84.0
Inner South,2016,Unpaid child care - Census : Cared for other child/children (no.),12.0
Inner South,2016,Unpaid child care - Census : Cared for own child/children (%),42.3
Inner South,2016,Unpaid child care - Census : Cared for own child/children (no.),23.0
Inner South,2016,Unpaid child care - Census : Did not provide unpaid child care (%),568.1
Inner South,2016,Unpaid child care - Census : Did not provide unpaid child care (no.),173.0
Inner South,2016,Unpaid child care - Census : Total provided unpaid child care (%),144.9
Inner South,2016,Unpaid child care - Census : Total provided unpaid child care (no.),42.0
Inner South,2016,Voluntary work for an organisation or group - Census : Volunteered for an organisation or group (%),161.4
Inner South,2016,Voluntary work for an organisation or group - Census : Volunteered for an organisation or group (no.),52.0
Inner South,2021,Closing the Gap Target 5 - People aged 20-24 years - Census : Attained Year 12 or equivalent or Certificate III or above (%),430.0
Inner South,2021,Closing the Gap Target 5 - People aged 20-24 years - Census : Attained Year 12 or equivalent or Certificate III or above (no.),28.0
Inner South,2021,Closing the Gap Target 5 - People aged 20-24 years - Census : Total applicable population aged 20-24 years (no.),38.0
Inner South,2021,Closing the Gap Target 6 - People aged 25-34 years - Census : Completed tertiary qualification of Certificate III or above (%),596.7
Inner South,2021,Closing the Gap Target 6 - People aged 25-34 years - Census : Completed tertiary qualification of Certificate III or above (no.),60.0
Inner South,2021,Closing the Gap Target 6 - People aged 25-34 years - Census : Total applicable population aged 25-34 years (no.),80.0
Inner South,2021,"Closing the Gap Target 7 - People aged 15-24 years - Census : Fully engaged in employment, education or training (%)",663.4
Inner South,2021,"Closing the Gap Target 7 - People aged 15-24 years - Census : Fully engaged in employment, education or training (no.)",67.0
Inner South,2021,Closing the Gap Target 7 - People aged 15-24 years - Census : Total applicable population aged 15-24 years (no.),82.0
Inner South,2021,Closing the Gap Target 8 - People aged 25-64 years - Census : Employed (%),613.4
Inner South,2021,Closing the Gap Target 8 - People aged 25-64 years - Census : Employed (no.),146.0
Inner South,2021,Closing the Gap Target 8 - People aged 25-64 years - Census : Total applicable population aged 25-64 years (no.),211.0
Inner South,2021,Closing the Gap Target 9A - Census : Living in a dwelling requiring four or more additional bedrooms (%),0.0
Inner South,2021,Closing the Gap Target 9A - Census : Living in a dwelling requiring four or more additional bedrooms (no.),0.0
Inner South,2021,Closing the Gap Target 9A - Census : Living in a dwelling requiring one additional bedroom (%),32.4
Inner South,2021,Closing the Gap Target 9A - Census : Living in a dwelling requiring one additional bedroom (no.),19.0
Inner South,2021,Closing the Gap Target 9A - Census : Living in a dwelling requiring three additional bedrooms (%),0.0
Inner South,2021,Closing the Gap Target 9A - Census : Living in a dwelling requiring three additional bedrooms (no.),0.0
Inner South,2021,Closing the Gap Target 9A - Census : Living in a dwelling requiring two additional bedrooms (%),25.599999999999998
Inner South,2021,Closing the Gap Target 9A - Census : Living in a dwelling requiring two additional bedrooms (no.),8.0
Inner South,2021,Closing the Gap Target 9A - Census : Living in a dwelling with no additional bedrooms required (appropriately sized) (%),715.7
Inner South,2021,Closing the Gap Target 9A - Census : Living in a dwelling with no additional bedrooms required (appropriately sized) (no.),337.0
Inner South,2021,Closing the Gap Target 9A - Census : Total people living in applicable dwellings (no.),369.0
Inner South,2021,"Engagement in employment, education or training - Census : Fully engaged (%)",512.9
Inner South,2021,"Engagement in employment, education or training - Census : Not engaged (%)",299.0
Inner South,2021,"Engagement in employment, education or training - Census : Partially or at least partially engaged (%)",71.6
Inner South,2021,Labour force status - Census : % of total Census responding population employed,518.3
Inner South,2021,Labour force status - Census : % of total labour force employed,713.8
Inner South,2021,Labour force status - Census : % of total labour force unemployed,94.5
Inner South,2021,Labour force status - Census : Employed (no.),195.0
Inner South,2021,Labour force status - Census : In the labour force (no.),218.0
Inner South,2021,Labour force status - Census : Labour force participation rate (%),583.1
Inner South,2021,Labour force status - Census : Not in the labour force (%),296.6
Inner South,2021,Labour force status - Census : Total responding population aged 15-64 years (no.),301.0
Inner South,2021,Labour force status - Census : Unemployed (no.),24.0
Inner South,2021,Language - Census : Aboriginal and Torres Strait Islander people who reported speaking an Aboriginal or Torres Strait Islander language (%),22.7
Inner South,2021,Language - Census : Speaks English at home (%),857.8
Inner South,2021,Tenure type - Census : Owner with or without a mortgage (or being purchased under a shared equity scheme) (%),263.0
Inner South,2021,Tenure type - Census : Owner with or without a mortgage (or being purchased under a shared equity scheme) (no.),99.0
Inner South,2021,Tenure type - Census : Renter (%),522.2
Inner South,2021,Tenure type - Census : Renter (no.),277.0
Inner South,2021,Unpaid assistance to a person with a disability - Census : Provided unpaid assistance (%),121.0
Inner South,2021,Unpaid assistance to a person with a disability - Census : Provided unpaid assistance (no.),47.0
Inner South,2021,Unpaid child care - Census : Cared for other child/children (%),50.6
Inner South,2021,Unpaid child care - Census : Cared for other child/children (no.),11.0
Inner South,2021,Unpaid child care - Census : Cared for own child/children (%),87.4
Inner South,2021,Unpaid child care - Census : Cared for own child/children (no.),46.0
Inner South,2021,Unpaid child care - Census : Did not provide unpaid child care (%),711.1
Inner South,2021,Unpaid child care - Census : Did not provide unpaid child care (no.),241.0
Inner South,2021,Unpaid child care - Census : Total provided unpaid child care (%),176.4
Inner South,2021,Unpaid child care - Census : Total provided unpaid child care (no.),66.0
Inner South,2021,Voluntary work for an organisation or group - Census : Volunteered for an organisation or group (%),97.0
Inner South,2021,Voluntary work for an organisation or group - Census : Volunteered for an organisation or group (no.),35.0
Molonglo District,2011,Closing the Gap Target 5 - People aged 20-24 years - Census : Attained Year 12 or equivalent or Certificate III or above (%),0.0
Molonglo District,2011,Closing the Gap Target 5 - People aged 20-24 years - Census : Attained Year 12 or equivalent or Certificate III or above (no.),0.0
Molonglo District,2011,Closing the Gap Target 5 - People aged 20-24 years - Census : Total applicable population aged 20-24 years (no.),0.0
Molonglo District,2011,Closing the Gap Target 6 - People aged 25-34 years - Census : Completed tertiary qualification of Certificate III or above (%),0.0
Molonglo District,2011,Closing the Gap Target 6 - People aged 25-34 years - Census : Completed tertiary qualification of Certificate III or above (no.),0.0
Molonglo District,2011,Closing the Gap Target 6 - People aged 25-34 years - Census : Total applicable population aged 25-34 years (no.),0.0
Molonglo District,2011,"Closing the Gap Target 7 - People aged 15-24 years - Census : Fully engaged in employment, education or training (%)",0.0
Molonglo District,2011,"Closing the Gap Target 7 - People aged 15-24 years - Census : Fully engaged in employment, education or training (no.)",0.0
Molonglo District,2011,Closing the Gap Target 7 - People aged 15-24 years - Census : Total applicable population aged 15-24 years (no.),0.0
Molonglo District,2011,Closing the Gap Target 8 - People aged 25-64 years - Census : Employed (%),0.0
Molonglo District,2011,Closing the Gap Target 8 - People aged 25-64 years - Census : Employed (no.),0.0
Molonglo District,2011,Closing the Gap Target 8 - People aged 25-64 years - Census : Total applicable population aged 25-64 years (no.),0.0
Molonglo District,2011,Closing the Gap Target 9A - Census : Living in a dwelling requiring four or more additional bedrooms (%),0.0
Molonglo District,2011,Closing the Gap Target 9A - Census : Living in a dwelling requiring four or more additional bedrooms (no.),0.0
Molonglo District,2011,Closing the Gap Target 9A - Census : Living in a dwelling requiring one additional bedroom (%),0.0
Molonglo District,2011,Closing the Gap Target 9A - Census : Living in a dwelling requiring one additional bedroom (no.),0.0
Molonglo District,2011,Closing the Gap Target 9A - Census : Living in a dwelling requiring three additional bedrooms (%),0.0
Molonglo District,2011,Closing the Gap Target 9A - Census : Living in a dwelling requiring three additional bedrooms (no.),0.0
Molonglo District,2011,Closing the Gap Target 9A - Census : Living in a dwelling requiring two additional bedrooms (%),0.0
Molonglo District,2011,Closing the Gap Target 9A - Census : Living in a dwelling requiring two additional bedrooms (no.),0.0
Molonglo District,2011,Closing the Gap Target 9A - Census : Living in a dwelling with no additional bedrooms required (appropriately sized) (%),0.0
Molonglo District,2011,Closing the Gap Target 9A - Census : Living in a dwelling with no additional bedrooms required (appropriately sized) (no.),0.0
Molonglo District,2011,Closing the Gap Target 9A - Census : Total people living in applicable dwellings (no.),0.0
Molonglo District,2011,"Engagement in employment, education or training - Census : Fully engaged (%)",0.0
Molonglo District,2011,"Engagement in employment, education or training - Census : Not engaged (%)",0.0
Molonglo District,2011,"Engagement in employment, education or training - Census : Partially or at least partially engaged (%)",0.0
Molonglo District,2011,Labour force status - Census : % of total Census responding population employed,0.0
Molonglo District,2011,Labour force status - Census : % of total labour force employed,0.0
Molonglo District,2011,Labour force status - Census : % of total labour force unemployed,0.0
Molonglo District,2011,Labour force status - Census : Employed (no.),0.0
Molonglo District,2011,Labour force status - Census : In the labour force (no.),0.0
Molonglo District,2011,Labour force status - Census : Labour force participation rate (%),0.0
Molonglo District,2011,Labour force status - Census : Not in the labour force (%),0.0
Molonglo District,2011,Labour force status - Census : Total responding population aged 15-64 years (no.),0.0
Molonglo District,2011,Labour force status - Census : Unemployed (no.),0.0
Molonglo District,2011,Language - Census : Aboriginal and Torres Strait Islander people who reported speaking an Aboriginal or Torres Strait Islander language (%),0.0
Molonglo District,2011,Language - Census : Speaks English at home (%),0.0
Molonglo District,2011,Tenure type - Census : Owner with or without a mortgage (or being purchased under a shared equity scheme) (%),0.0
Molonglo District,2011,Tenure type - Census : Owner with or without a mortgage (or being purchased under a shared equity scheme) (no.),0.0
Molonglo District,2011,Tenure type - Census : Renter (%),0.0
Molonglo District,2011,Tenure type - Census : Renter (no.),0.0
Molonglo District,2011,Unpaid assistance to a person with a disability - Census : Provided unpaid assistance (%),0.0
Molonglo District,2011,Unpaid assistance to a person with a disability - Census : Provided unpaid assistance (no.),0.0
Molonglo District,2011,Unpaid child care - Census : Cared for other child/children (%),0.0
Molonglo District,2011,Unpaid child care - Census : Cared for other child/children (no.),0.0
Molonglo District,2011,Unpaid child care - Census : Cared for own child/children (%),0.0
Molonglo District,2011,Unpaid child care - Census : Cared for own child/children (no.),0.0
Molonglo District,2011,Unpaid child care - Census : Did not provide unpaid child care (%),0.0
Molonglo District,2011,Unpaid child care - Census : Did not provide unpaid child care (no.),0.0
Molonglo District,2011,Unpaid child care - Census : Total provided unpaid child care (%),0.0
Molonglo District,2011,Unpaid child care - Census : Total provided unpaid child care (no.),0.0
Molonglo District,2011,Voluntary work for an organisation or group - Census : Volunteered for an organisation or group (%),0.0
Molonglo District,2011,Voluntary work for an organisation or group - Census : Volunteered for an organisation or group (no.),0.0
Molonglo District,2016,Closing the Gap Target 5 - People aged 20-24 years - Census : Attained Year 12 or equivalent or Certificate III or above (%),0.0
Molonglo District,2016,Closing the Gap Target 5 - People aged 20-24 years - Census : Attained Year 12 or equivalent or Certificate III or above (no.),0.0
Molonglo District,2016,Closing the Gap Target 5 - People aged 20-24 years - Census : Total applicable population aged 20-24 years (no.),0.0
Molonglo District,2016,Closing the Gap Target 6 - People aged 25-34 years - Census : Completed tertiary qualification of Certificate III or above (%),276.7
Molonglo District,2016,Closing the Gap Target 6 - People aged 25-34 years - Census : Completed tertiary qualification of Certificate III or above (no.),15.0
Molonglo District,2016,Closing the Gap Target 6 - People aged 25-34 years - Census : Total applicable population aged 25-34 years (no.),11.0
Molonglo District,2016,"Closing the Gap Target 7 - People aged 15-24 years - Census : Fully engaged in employment, education or training (%)",133.3
Molonglo District,2016,"Closing the Gap Target 7 - People aged 15-24 years - Census : Fully engaged in employment, education or training (no.)",4.0
Molonglo District,2016,Closing the Gap Target 7 - People aged 15-24 years - Census : Total applicable population aged 15-24 years (no.),3.0
Molonglo District,2016,Closing the Gap Target 8 - People aged 25-64 years - Census : Employed (%),211.1
Molonglo District,2016,Closing the Gap Target 8 - People aged 25-64 years - Census : Employed (no.),22.0
Molonglo District,2016,Closing the Gap Target 8 - People aged 25-64 years - Census : Total applicable population aged 25-64 years (no.),21.0
Molonglo District,2016,Closing the Gap Target 9A - Census : Living in a dwelling requiring four or more additional bedrooms (%),0.0
Molonglo District,2016,Closing the Gap Target 9A - Census : Living in a dwelling requiring four or more additional bedrooms (no.),0.0
Molonglo District,2016,Closing the Gap Target 9A - Census : Living in a dwelling requiring one additional bedroom (%),0.0
Molonglo District,2016,Closing the Gap Target 9A - Census : Living in a dwelling requiring one additional bedroom (no.),0.0
Molonglo District,2016,Closing the Gap Target 9A - Census : Living in a dwelling requiring three additional bedrooms (%),0.0
Molonglo District,2016,Closing the Gap Target 9A - Census : Living in a dwelling requiring three additional bedrooms (no.),0.0
Molonglo District,2016,Closing the Gap Target 9A - Census : Living in a dwelling requiring two additional bedrooms (%),0.0
Molonglo District,2016,Closing the Gap Target 9A - Census : Living in a dwelling requiring two additional bedrooms (no.),0.0
Molonglo District,2016,Closing the Gap Target 9A - Census : Living in a dwelling with no additional bedrooms required (appropriately sized) (%),194.4
Molonglo District,2016,Closing the Gap Target 9A - Census : Living in a dwelling with no additional bedrooms required (appropriately sized) (no.),43.0
Molonglo District,2016,Closing the Gap Target 9A - Census : Total people living in applicable dwellings (no.),44.0
Molonglo District,2016,"Engagement in employment, education or training - Census : Fully engaged (%)",193.3
Molonglo District,2016,"Engagement in employment, education or training - Census : Not engaged (%)",33.3
Molonglo District,2016,"Engagement in employment, education or training - Census : Partially or at least partially engaged (%)",33.3
Molonglo District,2016,Labour force status - Census : % of total Census responding population employed,150.0
Molonglo District,2016,Labour force status - Census : % of total labour force employed,170.0
Molonglo District,2016,Labour force status - Census : % of total labour force unemployed,0.0
Molonglo District,2016,Labour force status - Census : Employed (no.),19.0
Molonglo District,2016,Labour force status - Census : In the labour force (no.),22.0
Molonglo District,2016,Labour force status - Census : Labour force participation rate (%),180.0
Molonglo District,2016,Labour force status - Census : Not in the labour force (%),33.3
Molonglo District,2016,Labour force status - Census : Total responding population aged 15-64 years (no.),25.0
Molonglo District,2016,Labour force status - Census : Unemployed (no.),0.0
Molonglo District,2016,Language - Census : Aboriginal and Torres Strait Islander people who reported speaking an Aboriginal or Torres Strait Islander language (%),13.6
Molonglo District,2016,Language - Census : Speaks English at home (%),186.4
Molonglo District,2016,Tenure type - Census : Owner with or without a mortgage (or being purchased under a shared equity scheme) (%),101.80000000000001
Molonglo District,2016,Tenure type - Census : Owner with or without a mortgage (or being purchased under a shared equity scheme) (no.),22.0
Molonglo District,2016,Tenure type - Census : Renter (%),70.1
Molonglo District,2016,Tenure type - Census : Renter (no.),16.0
Molonglo District,2016,Unpaid assistance to a person with a disability - Census : Provided unpaid assistance (%),0.0
Molonglo District,2016,Unpaid assistance to a person with a disability - Census : Provided unpaid assistance (no.),0.0
Molonglo District,2016,Unpaid child care - Census : Cared for other child/children (%),20.0
Molonglo District,2016,Unpaid child care - Census : Cared for other child/children (no.),3.0
Molonglo District,2016,Unpaid child care - Census : Cared for own child/children (%),83.3
Molonglo District,2016,Unpaid child care - Census : Cared for own child/children (no.),11.0
Molonglo District,2016,Unpaid child care - Census : Did not provide unpaid child care (%),173.3
Molonglo District,2016,Unpaid child care - Census : Did not provide unpaid child care (no.),23.0
Molonglo District,2016,Unpaid child care - Census : Total provided unpaid child care (%),83.3
Molonglo District,2016,Unpaid child care - Census : Total provided unpaid child care (no.),11.0
Molonglo District,2016,Voluntary work for an organisation or group - Census : Volunteered for an organisation or group (%),20.0
Molonglo District,2016,Voluntary work for an organisation or group - Census : Volunteered for an organisation or group (no.),3.0
Molonglo District,2021,Closing the Gap Target 5 - People aged 20-24 years - Census : Attained Year 12 or equivalent or Certificate III or above (%),113.6
Molonglo District,2021,Closing the Gap Target 5 - People aged 20-24 years - Census : Attained Year 12 or equivalent or Certificate III or above (no.),10.0
Molonglo District,2021,Closing the Gap Target 5 - People aged 20-24 years - Census : Total applicable population aged 20-24 years (no.),17.0
Molonglo District,2021,Closing the Gap Target 6 - People aged 25-34 years - Census : Completed tertiary qualification of Certificate III or above (%),183.3
Molonglo District,2021,Closing the Gap Target 6 - People aged 25-34 years - Census : Completed tertiary qualification of Certificate III or above (no.),24.0
Molonglo District,2021,Closing the Gap Target 6 - People aged 25-34 years - Census : Total applicable population aged 25-34 years (no.),27.0
Molonglo District,2021,"Closing the Gap Target 7 - People aged 15-24 years - Census : Fully engaged in employment, education or training (%)",192.5
Molonglo District,2021,"Closing the Gap Target 7 - People aged 15-24 years - Census : Fully engaged in employment, education or training (no.)",18.0
Molonglo District,2021,Closing the Gap Target 7 - People aged 15-24 years - Census : Total applicable population aged 15-24 years (no.),18.0
Molonglo District,2021,Closing the Gap Target 8 - People aged 25-64 years - Census : Employed (%),178.7
Molonglo District,2021,Closing the Gap Target 8 - People aged 25-64 years - Census : Employed (no.),36.0
Molonglo District,2021,Closing the Gap Target 8 - People aged 25-64 years - Census : Total applicable population aged 25-64 years (no.),49.0
Molonglo District,2021,Closing the Gap Target 9A - Census : Living in a dwelling requiring four or more additional bedrooms (%),0.0
Molonglo District,2021,Closing the Gap Target 9A - Census : Living in a dwelling requiring four or more additional bedrooms (no.),0.0
Molonglo District,2021,Closing the Gap Target 9A - Census : Living in a dwelling requiring one additional bedroom (%),10.7
Molonglo District,2021,Closing the Gap Target 9A - Census : Living in a dwelling requiring one additional bedroom (no.),3.0
Molonglo District,2021,Closing the Gap Target 9A - Census : Living in a dwelling requiring three additional bedrooms (%),0.0
Molonglo District,2021,Closing the Gap Target 9A - Census : Living in a dwelling requiring three additional bedrooms (no.),0.0
Molonglo District,2021,Closing the Gap Target 9A - Census : Living in a dwelling requiring two additional bedrooms (%),0.0
Molonglo District,2021,Closing the Gap Target 9A - Census : Living in a dwelling requiring two additional bedrooms (no.),0.0
Molonglo District,2021,Closing the Gap Target 9A - Census : Living in a dwelling with no additional bedrooms required (appropriately sized) (%),189.3
Molonglo District,2021,Closing the Gap Target 9A - Census : Living in a dwelling with no additional bedrooms required (appropriately sized) (no.),91.0
Molonglo District,2021,Closing the Gap Target 9A - Census : Total people living in applicable dwellings (no.),94.0
Molonglo District,2021,"Engagement in employment, education or training - Census : Fully engaged (%)",126.6
Molonglo District,2021,"Engagement in employment, education or training - Census : Not engaged (%)",37.0
Molonglo District,2021,"Engagement in employment, education or training - Census : Partially or at least partially engaged (%)",33.3
Molonglo District,2021,Labour force status - Census : % of total Census responding population employed,149.3
Molonglo District,2021,Labour force status - Census : % of total labour force employed,178.9
Molonglo District,2021,Labour force status - Census : % of total labour force unemployed,7.5
Molonglo District,2021,Labour force status - Census : Employed (no.),52.0
Molonglo District,2021,Labour force status - Census : In the labour force (no.),58.0
Molonglo District,2021,Labour force status - Census : Labour force participation rate (%),166.89999999999998
Molonglo District,2021,Labour force status - Census : Not in the labour force (%),34.9
Molonglo District,2021,Labour force status - Census : Total responding population aged 15-64 years (no.),69.0
Molonglo District,2021,Labour force status - Census : Unemployed (no.),3.0
Molonglo District,2021,Language - Census : Aboriginal and Torres Strait Islander people who reported speaking an Aboriginal or Torres Strait Islander language (%),0.0
Molonglo District,2021,Language - Census : Speaks English at home (%),190.1
Molonglo District,2021,Tenure type - Census : Owner with or without a mortgage (or being purchased under a shared equity scheme) (%),59.2
Molonglo District,2021,Tenure type - Census : Owner with or without a mortgage (or being purchased under a shared equity scheme) (no.),32.0
Molonglo District,2021,Tenure type - Census : Renter (%),136.1
Molonglo District,2021,Tenure type - Census : Renter (no.),64.0
Molonglo District,2021,Unpaid assistance to a person with a disability - Census : Provided unpaid assistance (%),36.7
Molonglo District,2021,Unpaid assistance to a person with a disability - Census : Provided unpaid assistance (no.),15.0
Molonglo District,2021,Unpaid child care - Census : Cared for other child/children (%),0.0
Molonglo District,2021,Unpaid child care - Census : Cared for other child/children (no.),0.0
Molonglo District,2021,Unpaid child care - Census : Cared for own child/children (%),29.0
Molonglo District,2021,Unpaid child care - Census : Cared for own child/children (no.),11.0
Molonglo District,2021,Unpaid child care - Census : Did not provide unpaid child care (%),155.60000000000002
Molonglo District,2021,Unpaid child care - Census : Did not provide unpaid child care (no.),55.0
Molonglo District,2021,Unpaid child care - Census : Total provided unpaid child care (%),36.7
Molonglo District,2021,Unpaid child care - Census : Total provided unpaid child care (no.),15.0
Molonglo District,2021,Voluntary work for an organisation or group - Census : Volunteered for an organisation or group (%),25.9
Molonglo District,2021,Voluntary work for an organisation or group - Census : Volunteered for an organisation or group (no.),8.0
Tuggeranong,2011,Closing the Gap Target 5 - People aged 20-24 years - Census : Attained Year 12 or equivalent or Certificate III or above (%),954.5
Tuggeranong,2011,Closing the Gap Target 5 - People aged 20-24 years - Census : Attained Year 12 or equivalent or Certificate III or above (no.),84.0
Tuggeranong,2011,Closing the Gap Target 5 - People aged 20-24 years - Census : Total applicable population aged 20-24 years (no.),137.0
Tuggeranong,2011,Closing the Gap Target 6 - People aged 25-34 years - Census : Completed tertiary qualification of Certificate III or above (%),565.4
Tuggeranong,2011,Closing the Gap Target 6 - People aged 25-34 years - Census : Completed tertiary qualification of Certificate III or above (no.),80.0
Tuggeranong,2011,Closing the Gap Target 6 - People aged 25-34 years - Census : Total applicable population aged 25-34 years (no.),209.0
Tuggeranong,2011,"Closing the Gap Target 7 - People aged 15-24 years - Census : Fully engaged in employment, education or training (%)",1315.2
Tuggeranong,2011,"Closing the Gap Target 7 - People aged 15-24 years - Census : Fully engaged in employment, education or training (no.)",254.0
Tuggeranong,2011,Closing the Gap Target 7 - People aged 15-24 years - Census : Total applicable population aged 15-24 years (no.),365.0
Tuggeranong,2011,Closing the Gap Target 8 - People aged 25-64 years - Census : Employed (%),1330.3
Tuggeranong,2011,Closing the Gap Target 8 - People aged 25-64 years - Census : Employed (no.),534.0
Tuggeranong,2011,Closing the Gap Target 8 - People aged 25-64 years - Census : Total applicable population aged 25-64 years (no.),735.0
Tuggeranong,2011,Closing the Gap Target 9A - Census : Living in a dwelling requiring four or more additional bedrooms (%),9.9
Tuggeranong,2011,Closing the Gap Target 9A - Census : Living in a dwelling requiring four or more additional bedrooms (no.),24.0
Tuggeranong,2011,Closing the Gap Target 9A - Census : Living in a dwelling requiring one additional bedroom (%),229.3
Tuggeranong,2011,Closing the Gap Target 9A - Census : Living in a dwelling requiring one additional bedroom (no.),159.0
Tuggeranong,2011,Closing the Gap Target 9A - Census : Living in a dwelling requiring three additional bedrooms (%),4.0
Tuggeranong,2011,Closing the Gap Target 9A - Census : Living in a dwelling requiring three additional bedrooms (no.),12.0
Tuggeranong,2011,Closing the Gap Target 9A - Census : Living in a dwelling requiring two additional bedrooms (%),8.3
Tuggeranong,2011,Closing the Gap Target 9A - Census : Living in a dwelling requiring two additional bedrooms (no.),11.0
Tuggeranong,2011,Closing the Gap Target 9A - Census : Living in a dwelling with no additional bedrooms required (appropriately sized) (%),1549.7
Tuggeranong,2011,Closing the Gap Target 9A - Census : Living in a dwelling with no additional bedrooms required (appropriately sized) (no.),1377.0
Tuggeranong,2011,Closing the Gap Target 9A - Census : Total people living in applicable dwellings (no.),1583.0
Tuggeranong,2011,"Engagement in employment, education or training - Census : Fully engaged (%)",1117.4
Tuggeranong,2011,"Engagement in employment, education or training - Census : Not engaged (%)",348.59999999999997
Tuggeranong,2011,"Engagement in employment, education or training - Census : Partially or at least partially engaged (%)",322.7
Tuggeranong,2011,Labour force status - Census : % of total Census responding population employed,1287.0
Tuggeranong,2011,Labour force status - Census : % of total labour force employed,1659.6
Tuggeranong,2011,Labour force status - Census : % of total labour force unemployed,140.8
Tuggeranong,2011,Labour force status - Census : Employed (no.),744.0
Tuggeranong,2011,Labour force status - Census : In the labour force (no.),814.0
Tuggeranong,2011,Labour force status - Census : Labour force participation rate (%),1386.6
Tuggeranong,2011,Labour force status - Census : Not in the labour force (%),475.7
Tuggeranong,2011,Labour force status - Census : Total responding population aged 15-64 years (no.),1084.0
Tuggeranong,2011,Labour force status - Census : Unemployed (no.),65.0
Tuggeranong,2011,Language - Census : Aboriginal and Torres Strait Islander people who reported speaking an Aboriginal or Torres Strait Islander language (%),18.8
Tuggeranong,2011,Language - Census : Speaks English at home (%),1747.8
Tuggeranong,2011,Tenure type - Census : Owner with or without a mortgage (or being purchased under a shared equity scheme) (%),856.9
Tuggeranong,2011,Tenure type - Census : Owner with or without a mortgage (or being purchased under a shared equity scheme) (no.),809.0
Tuggeranong,2011,Tenure type - Census : Renter (%),925.3
Tuggeranong,2011,Tenure type - Census : Renter (no.),845.0
Tuggeranong,2011,Unpaid assistance to a person with a disability - Census : Provided unpaid assistance (%),200.0
Tuggeranong,2011,Unpaid assistance to a person with a disability - Census : Provided unpaid assistance (no.),139.0
Tuggeranong,2011,Unpaid child care - Census : Cared for other child/children (%),211.6
Tuggeranong,2011,Unpaid child care - Census : Cared for other child/children (no.),133.0
Tuggeranong,2011,Unpaid child care - Census : Cared for own child/children (%),371.2
Tuggeranong,2011,Unpaid child care - Census : Cared for own child/children (no.),269.0
Tuggeranong,2011,Unpaid child care - Census : Did not provide unpaid child care (%),1125.9
Tuggeranong,2011,Unpaid child care - Census : Did not provide unpaid child care (no.),664.0
Tuggeranong,2011,Unpaid child care - Census : Total provided unpaid child care (%),615.1
Tuggeranong,2011,Unpaid child care - Census : Total provided unpaid child care (no.),412.0
Tuggeranong,2011,Voluntary work for an organisation or group - Census : Volunteered for an organisation or group (%),280.8
Tuggeranong,2011,Voluntary work for an organisation or group - Census : Volunteered for an organisation or group (no.),193.0
Tuggeranong,2016,Closing the Gap Target 5 - People aged 20-24 years - Census : Attained Year 12 or equivalent or Certificate III or above (%),1058.9
Tuggeranong,2016,Closing the Gap Target 5 - People aged 20-24 years - Census : Attained Year 12 or equivalent or Certificate III or above (no.),139.0
Tuggeranong,2016,Closing the Gap Target 5 - People aged 20-24 years - Census : Total applicable population aged 20-24 years (no.),213.0
Tuggeranong,2016,Closing the Gap Target 6 - People aged 25-34 years - Census : Completed tertiary qualification of Certificate III or above (%),872.7
Tuggeranong,2016,Closing the Gap Target 6 - People aged 25-34 years - Census : Completed tertiary qualification of Certificate III or above (no.),145.0
Tuggeranong,2016,Closing the Gap Target 6 - People aged 25-34 years - Census : Total applicable population aged 25-34 years (no.),248.0
Tuggeranong,2016,"Closing the Gap Target 7 - People aged 15-24 years - Census : Fully engaged in employment, education or training (%)",1523.1
Tuggeranong,2016,"Closing the Gap Target 7 - People aged 15-24 years - Census : Fully engaged in employment, education or training (no.)",330.0
Tuggeranong,2016,Closing the Gap Target 7 - People aged 15-24 years - Census : Total applicable population aged 15-24 years (no.),434.0
Tuggeranong,2016,Closing the Gap Target 8 - People aged 25-64 years - Census : Employed (%),1332.2
Tuggeranong,2016,Closing the Gap Target 8 - People aged 25-64 years - Census : Employed (no.),633.0
Tuggeranong,2016,Closing the Gap Target 8 - People aged 25-64 years - Census : Total applicable population aged 25-64 years (no.),878.0
Tuggeranong,2016,Closing the Gap Target 9A - Census : Living in a dwelling requiring four or more additional bedrooms (%),0.0
Tuggeranong,2016,Closing the Gap Target 9A - Census : Living in a dwelling requiring four or more additional bedrooms (no.),0.0
Tuggeranong,2016,Closing the Gap Target 9A - Census : Living in a dwelling requiring one additional bedroom (%),84.4
Tuggeranong,2016,Closing the Gap Target 9A - Census : Living in a dwelling requiring one additional bedroom (no.),122.0
Tuggeranong,2016,Closing the Gap Target 9A - Census : Living in a dwelling requiring three additional bedrooms (%),4.9
Tuggeranong,2016,Closing the Gap Target 9A - Census : Living in a dwelling requiring three additional bedrooms (no.),8.0
Tuggeranong,2016,Closing the Gap Target 9A - Census : Living in a dwelling requiring two additional bedrooms (%),13.4
Tuggeranong,2016,Closing the Gap Target 9A - Census : Living in a dwelling requiring two additional bedrooms (no.),15.0
Tuggeranong,2016,Closing the Gap Target 9A - Census : Living in a dwelling with no additional bedrooms required (appropriately sized) (%),1704.3
Tuggeranong,2016,Closing the Gap Target 9A - Census : Living in a dwelling with no additional bedrooms required (appropriately sized) (no.),1680.0
Tuggeranong,2016,Closing the Gap Target 9A - Census : Total people living in applicable dwellings (no.),1820.0
Tuggeranong,2016,"Engagement in employment, education or training - Census : Fully engaged (%)",1103.7
Tuggeranong,2016,"Engagement in employment, education or training - Census : Not engaged (%)",442.7
Tuggeranong,2016,"Engagement in employment, education or training - Census : Partially or at least partially engaged (%)",239.4
Tuggeranong,2016,Labour force status - Census : % of total Census responding population employed,1166.6
Tuggeranong,2016,Labour force status - Census : % of total labour force employed,1614.9
Tuggeranong,2016,Labour force status - Census : % of total labour force unemployed,197.9
Tuggeranong,2016,Labour force status - Census : Employed (no.),862.0
Tuggeranong,2016,Labour force status - Census : In the labour force (no.),959.0
Tuggeranong,2016,Labour force status - Census : Labour force participation rate (%),1297.1
Tuggeranong,2016,Labour force status - Census : Not in the labour force (%),517.6
Tuggeranong,2016,Labour force status - Census : Total responding population aged 15-64 years (no.),1326.0
Tuggeranong,2016,Labour force status - Census : Unemployed (no.),96.0
Tuggeranong,2016,Language - Census : Aboriginal and Torres Strait Islander people who reported speaking an Aboriginal or Torres Strait Islander language (%),9.7
Tuggeranong,2016,Language - Census : Speaks English at home (%),1743.7
Tuggeranong,2016,Tenure type - Census : Owner with or without a mortgage (or being purchased under a shared equity scheme) (%),921.7
Tuggeranong,2016,Tenure type - Census : Owner with or without a mortgage (or being purchased under a shared equity scheme) (no.),974.0
Tuggeranong,2016,Tenure type - Census : Renter (%),805.9
Tuggeranong,2016,Tenure type - Census : Renter (no.),948.0
Tuggeranong,2016,Unpaid assistance to a person with a disability - Census : Provided unpaid assistance (%),286.2
Tuggeranong,2016,Unpaid assistance to a person with a disability - Census : Provided unpaid assistance (no.),229.0
Tuggeranong,2016,Unpaid child care - Census : Cared for other child/children (%),177.6
Tuggeranong,2016,Unpaid child care - Census : Cared for other child/children (no.),146.0
Tuggeranong,2016,Unpaid child care - Census : Cared for own child/children (%),402.1
Tuggeranong,2016,Unpaid child care - Census : Cared for own child/children (no.),309.0
Tuggeranong,2016,Unpaid child care - Census : Did not provide unpaid child care (%),1154.6000000000001
Tuggeranong,2016,Unpaid child care - Census : Did not provide unpaid child care (no.),885.0
Tuggeranong,2016,Unpaid child care - Census : Total provided unpaid child care (%),625.0
Tuggeranong,2016,Unpaid child care - Census : Total provided unpaid child care (no.),492.0
Tuggeranong,2016,Voluntary work for an organisation or group - Census : Volunteered for an organisation or group (%),376.5
Tuggeranong,2016,Voluntary work for an organisation or group - Census : Volunteered for an organisation or group (no.),274.0
Tuggeranong,2021,Closing the Gap Target 5 - People aged 20-24 years - Census : Attained Year 12 or equivalent or Certificate III or above (%),1003.0
Tuggeranong,2021,Closing the Gap Target 5 - People aged 20-24 years - Census : Attained Year 12 or equivalent or Certificate III or above (no.),162.0
Tuggeranong,2021,Closing the Gap Target 5 - People aged 20-24 years - Census : Total applicable population aged 20-24 years (no.),233.0
Tuggeranong,2021,Closing the Gap Target 6 - People aged 25-34 years - Census : Completed tertiary qualification of Certificate III or above (%),1131.4
Tuggeranong,2021,Closing the Gap Target 6 - People aged 25-34 years - Census : Completed tertiary qualification of Certificate III or above (no.),210.0
Tuggeranong,2021,Closing the Gap Target 6 - People aged 25-34 years - Census : Total applicable population aged 25-34 years (no.),367.0
Tuggeranong,2021,"Closing the Gap Target 7 - People aged 15-24 years - Census : Fully engaged in employment, education or training (%)",1147.5
Tuggeranong,2021,"Closing the Gap Target 7 - People aged 15-24 years - Census : Fully engaged in employment, education or training (no.)",351.0
Tuggeranong,2021,Closing the Gap Target 7 - People aged 15-24 years - Census : Total applicable population aged 15-24 years (no.),498.0
Tuggeranong,2021,Closing the Gap Target 8 - People aged 25-64 years - Census : Employed (%),1366.1
Tuggeranong,2021,Closing the Gap Target 8 - People aged 25-64 years - Census : Employed (no.),852.0
Tuggeranong,2021,Closing the Gap Target 8 - People aged 25-64 years - Census : Total applicable population aged 25-64 years (no.),1133.0
Tuggeranong,2021,Closing the Gap Target 9A - Census : Living in a dwelling requiring four or more additional bedrooms (%),0.0
Tuggeranong,2021,Closing the Gap Target 9A - Census : Living in a dwelling requiring four or more additional bedrooms (no.),0.0
Tuggeranong,2021,Closing the Gap Target 9A - Census : Living in a dwelling requiring one additional bedroom (%),179.3
Tuggeranong,2021,Closing the Gap Target 9A - Census : Living in a dwelling requiring one additional bedroom (no.),248.0
Tuggeranong,2021,Closing the Gap Target 9A - Census : Living in a dwelling requiring three additional bedrooms (%),11.1
Tuggeranong,2021,Closing the Gap Target 9A - Census : Living in a dwelling requiring three additional bedrooms (no.),21.0
Tuggeranong,2021,Closing the Gap Target 9A - Census : Living in a dwelling requiring two additional bedrooms (%),34.1
Tuggeranong,2021,Closing the Gap Target 9A - Census : Living in a dwelling requiring two additional bedrooms (no.),44.0
Tuggeranong,2021,Closing the Gap Target 9A - Census : Living in a dwelling with no additional bedrooms required (appropriately sized) (%),1635.9
Tuggeranong,2021,Closing the Gap Target 9A - Census : Living in a dwelling with no additional bedrooms required (appropriately sized) (no.),2199.0
Tuggeranong,2021,Closing the Gap Target 9A - Census : Total people living in applicable dwellings (no.),2466.0
Tuggeranong,2021,"Engagement in employment, education or training - Census : Fully engaged (%)",1053.5
Tuggeranong,2021,"Engagement in employment, education or training - Census : Not engaged (%)",423.7
Tuggeranong,2021,"Engagement in employment, education or training - Census : Partially or at least partially engaged (%)",307.5
Tuggeranong,2021,Labour force status - Census : % of total Census responding population employed,1223.0
Tuggeranong,2021,Labour force status - Census : % of total labour force employed,1691.5
Tuggeranong,2021,Labour force status - Census : % of total labour force unemployed,123.7
Tuggeranong,2021,Labour force status - Census : Employed (no.),1128.0
Tuggeranong,2021,Labour force status - Census : In the labour force (no.),1212.0
Tuggeranong,2021,Labour force status - Census : Labour force participation rate (%),1304.7
Tuggeranong,2021,Labour force status - Census : Not in the labour force (%),482.7
Tuggeranong,2021,Labour force status - Census : Total responding population aged 15-64 years (no.),1648.0
Tuggeranong,2021,Labour force status - Census : Unemployed (no.),87.0
Tuggeranong,2021,Language - Census : Aboriginal and Torres Strait Islander people who reported speaking an Aboriginal or Torres Strait Islander language (%),49.8
Tuggeranong,2021,Language - Census : Speaks English at home (%),1707.4
Tuggeranong,2021,Tenure type - Census : Owner with or without a mortgage (or being purchased under a shared equity scheme) (%),960.4
Tuggeranong,2021,Tenure type - Census : Owner with or without a mortgage (or being purchased under a shared equity scheme) (no.),1334.0
Tuggeranong,2021,Tenure type - Census : Renter (%),844.8
Tuggeranong,2021,Tenure type - Census : Renter (no.),1235.0
Tuggeranong,2021,Unpaid assistance to a person with a disability - Census : Provided unpaid assistance (%),319.8
Tuggeranong,2021,Unpaid assistance to a person with a disability - Census : Provided unpaid assistance (no.),305.0
Tuggeranong,2021,Unpaid child care - Census : Cared for other child/children (%),172.4
Tuggeranong,2021,Unpaid child care - Census : Cared for other child/children (no.),156.0
Tuggeranong,2021,Unpaid child care - Census : Cared for own child/children (%),433.3
Tuggeranong,2021,Unpaid child care - Census : Cared for own child/children (no.),403.0
Tuggeranong,2021,Unpaid child care - Census : Did not provide unpaid child care (%),1179.5
Tuggeranong,2021,Unpaid child care - Census : Did not provide unpaid child care (no.),1184.0
Tuggeranong,2021,Unpaid child care - Census : Total provided unpaid child care (%),648.8000000000001
Tuggeranong,2021,Unpaid child care - Census : Total provided unpaid child care (no.),599.0
Tuggeranong,2021,Voluntary work for an organisation or group - Census : Volunteered for an organisation or group (%),230.9
Tuggeranong,2021,Voluntary work for an organisation or group - Census : Volunteered for an organisation or group (no.),222.0
Weston Creek,2011,Closing the Gap Target 5 - People aged 20-24 years - Census : Attained Year 12 or equivalent or Certificate III or above (%),300.0
Weston Creek,2011,Closing the Gap Target 5 - People aged 20-24 years - Census : Attained Year 12 or equivalent or Certificate III or above (no.),11.0
Weston Creek,2011,Closing the Gap Target 5 - People aged 20-24 years - Census : Total applicable population aged 20-24 years (no.),15.0
Weston Creek,2011,Closing the Gap Target 6 - People aged 25-34 years - Census : Completed tertiary qualification of Certificate III or above (%),360.0
Weston Creek,2011,Closing the Gap Target 6 - People aged 25-34 years - Census : Completed tertiary qualification of Certificate III or above (no.),13.0
Weston Creek,2011,Closing the Gap Target 6 - People aged 25-34 years - Census : Total applicable population aged 25-34 years (no.),15.0
Weston Creek,2011,"Closing the Gap Target 7 - People aged 15-24 years - Census : Fully engaged in employment, education or training (%)",557.8
Weston Creek,2011,"Closing the Gap Target 7 - People aged 15-24 years - Census : Fully engaged in employment, education or training (no.)",35.0
Weston Creek,2011,Closing the Gap Target 7 - People aged 15-24 years - Census : Total applicable population aged 15-24 years (no.),52.0
Weston Creek,2011,Closing the Gap Target 8 - People aged 25-64 years - Census : Employed (%),642.4
Weston Creek,2011,Closing the Gap Target 8 - People aged 25-64 years - Census : Employed (no.),94.0
Weston Creek,2011,Closing the Gap Target 8 - People aged 25-64 years - Census : Total applicable population aged 25-64 years (no.),120.0
Weston Creek,2011,Closing the Gap Target 9A - Census : Living in a dwelling requiring four or more additional bedrooms (%),8.3
Weston Creek,2011,Closing the Gap Target 9A - Census : Living in a dwelling requiring four or more additional bedrooms (no.),3.0
Weston Creek,2011,Closing the Gap Target 9A - Census : Living in a dwelling requiring one additional bedroom (%),50.1
Weston Creek,2011,Closing the Gap Target 9A - Census : Living in a dwelling requiring one additional bedroom (no.),15.0
Weston Creek,2011,Closing the Gap Target 9A - Census : Living in a dwelling requiring three additional bedrooms (%),0.0
Weston Creek,2011,Closing the Gap Target 9A - Census : Living in a dwelling requiring three additional bedrooms (no.),0.0
Weston Creek,2011,Closing the Gap Target 9A - Census : Living in a dwelling requiring two additional bedrooms (%),33.6
Weston Creek,2011,Closing the Gap Target 9A - Census : Living in a dwelling requiring two additional bedrooms (no.),12.0
Weston Creek,2011,Closing the Gap Target 9A - Census : Living in a dwelling with no additional bedrooms required (appropriately sized) (%),711.1
Weston Creek,2011,Closing the Gap Target 9A - Census : Living in a dwelling with no additional bedrooms required (appropriately sized) (no.),215.0
Weston Creek,2011,Closing the Gap Target 9A - Census : Total people living in applicable dwellings (no.),243.0
Weston Creek,2011,"Engagement in employment, education or training - Census : Fully engaged (%)",576.6
Weston Creek,2011,"Engagement in employment, education or training - Census : Not engaged (%)",153.3
Weston Creek,2011,"Engagement in employment, education or training - Census : Partially or at least partially engaged (%)",106.5
Weston Creek,2011,Labour force status - Census : % of total Census responding population employed,513.9
Weston Creek,2011,Labour force status - Census : % of total labour force employed,743.4
Weston Creek,2011,Labour force status - Census : % of total labour force unemployed,18.8
Weston Creek,2011,Labour force status - Census : Employed (no.),107.0
Weston Creek,2011,Labour force status - Census : In the labour force (no.),117.0
Weston Creek,2011,Labour force status - Census : Labour force participation rate (%),560.6
Weston Creek,2011,Labour force status - Census : Not in the labour force (%),226.6
Weston Creek,2011,Labour force status - Census : Total responding population aged 15-64 years (no.),171.0
Weston Creek,2011,Labour force status - Census : Unemployed (no.),3.0
Weston Creek,2011,Language - Census : Aboriginal and Torres Strait Islander people who reported speaking an Aboriginal or Torres Strait Islander language (%),12.2
Weston Creek,2011,Language - Census : Speaks English at home (%),769.3
Weston Creek,2011,Tenure type - Census : Owner with or without a mortgage (or being purchased under a shared equity scheme) (%),396.8
Weston Creek,2011,Tenure type - Census : Owner with or without a mortgage (or being purchased under a shared equity scheme) (no.),126.0
Weston Creek,2011,Tenure type - Census : Renter (%),404.20000000000005
Weston Creek,2011,Tenure type - Census : Renter (no.),138.0
Weston Creek,2011,Unpaid assistance to a person with a disability - Census : Provided unpaid assistance (%),111.2
Weston Creek,2011,Unpaid assistance to a person with a disability - Census : Provided unpaid assistance (no.),26.0
Weston Creek,2011,Unpaid child care - Census : Cared for other child/children (%),64.6
Weston Creek,2011,Unpaid child care - Census : Cared for other child/children (no.),16.0
Weston Creek,2011,Unpaid child care - Census : Cared for own child/children (%),150.7
Weston Creek,2011,Unpaid child care - Census : Cared for own child/children (no.),33.0
Weston Creek,2011,Unpaid child care - Census : Did not provide unpaid child care (%),513.2
Weston Creek,2011,Unpaid child care - Census : Did not provide unpaid child care (no.),123.0
Weston Creek,2011,Unpaid child care - Census : Total provided unpaid child care (%),274.90000000000003
Weston Creek,2011,Unpaid child care - Census : Total provided unpaid child care (no.),59.0
Weston Creek,2011,Voluntary work for an organisation or group - Census : Volunteered for an organisation or group (%),165.1
Weston Creek,2011,Voluntary work for an organisation or group - Census : Volunteered for an organisation or group (no.),37.0
Weston Creek,2016,Closing the Gap Target 5 - People aged 20-24 years - Census : Attained Year 12 or equivalent or Certificate III or above (%),400.0
Weston Creek,2016,Closing the Gap Target 5 - People aged 20-24 years - Census : Attained Year 12 or equivalent or Certificate III or above (no.),12.0
Weston Creek,2016,Closing the Gap Target 5 - People aged 20-24 years - Census : Total applicable population aged 20-24 years (no.),15.0
Weston Creek,2016,Closing the Gap Target 6 - People aged 25-34 years - Census : Completed tertiary qualification of Certificate III or above (%),316.7
Weston Creek,2016,Closing the Gap Target 6 - People aged 25-34 years - Census : Completed tertiary qualification of Certificate III or above (no.),20.0
Weston Creek,2016,Closing the Gap Target 6 - People aged 25-34 years - Census : Total applicable population aged 25-34 years (no.),35.0
Weston Creek,2016,"Closing the Gap Target 7 - People aged 15-24 years - Census : Fully engaged in employment, education or training (%)",493.4
Weston Creek,2016,"Closing the Gap Target 7 - People aged 15-24 years - Census : Fully engaged in employment, education or training (no.)",37.0
Weston Creek,2016,Closing the Gap Target 7 - People aged 15-24 years - Census : Total applicable population aged 15-24 years (no.),55.0
Weston Creek,2016,Closing the Gap Target 8 - People aged 25-64 years - Census : Employed (%),581.4
Weston Creek,2016,Closing the Gap Target 8 - People aged 25-64 years - Census : Employed (no.),95.0
Weston Creek,2016,Closing the Gap Target 8 - People aged 25-64 years - Census : Total applicable population aged 25-64 years (no.),128.0
Weston Creek,2016,Closing the Gap Target 9A - Census : Living in a dwelling requiring four or more additional bedrooms (%),0.0
Weston Creek,2016,Closing the Gap Target 9A - Census : Living in a dwelling requiring four or more additional bedrooms (no.),0.0
Weston Creek,2016,Closing the Gap Target 9A - Census : Living in a dwelling requiring one additional bedroom (%),61.5
Weston Creek,2016,Closing the Gap Target 9A - Census : Living in a dwelling requiring one additional bedroom (no.),18.0
Weston Creek,2016,Closing the Gap Target 9A - Census : Living in a dwelling requiring three additional bedrooms (%),0.0
Weston Creek,2016,Closing the Gap Target 9A - Census : Living in a dwelling requiring three additional bedrooms (no.),0.0
Weston Creek,2016,Closing the Gap Target 9A - Census : Living in a dwelling requiring two additional bedrooms (%),0.0
Weston Creek,2016,Closing the Gap Target 9A - Census : Living in a dwelling requiring two additional bedrooms (no.),0.0
Weston Creek,2016,Closing the Gap Target 9A - Census : Living in a dwelling with no additional bedrooms required (appropriately sized) (%),734.1
Weston Creek,2016,Closing the Gap Target 9A - Census : Living in a dwelling with no additional bedrooms required (appropriately sized) (no.),246.0
Weston Creek,2016,Closing the Gap Target 9A - Census : Total people living in applicable dwellings (no.),266.0
Weston Creek,2016,"Engagement in employment, education or training - Census : Fully engaged (%)",495.5
Weston Creek,2016,"Engagement in employment, education or training - Census : Not engaged (%)",229.3
Weston Creek,2016,"Engagement in employment, education or training - Census : Partially or at least partially engaged (%)",131.9
Weston Creek,2016,Labour force status - Census : % of total Census responding population employed,571.4
Weston Creek,2016,Labour force status - Census : % of total labour force employed,699.9
Weston Creek,2016,Labour force status - Census : % of total labour force unemployed,94.6
Weston Creek,2016,Labour force status - Census : Employed (no.),127.0
Weston Creek,2016,Labour force status - Census : In the labour force (no.),144.0
Weston Creek,2016,Labour force status - Census : Labour force participation rate (%),649.7
Weston Creek,2016,Labour force status - Census : Not in the labour force (%),154.9
Weston Creek,2016,Labour force status - Census : Total responding population aged 15-64 years (no.),184.0
Weston Creek,2016,Labour force status - Census : Unemployed (no.),16.0
Weston Creek,2016,Language - Census : Aboriginal and Torres Strait Islander people who reported speaking an Aboriginal or Torres Strait Islander language (%),9.3
Weston Creek,2016,Language - Census : Speaks English at home (%),744.7
Weston Creek,2016,Tenure type - Census : Owner with or without a mortgage (or being purchased under a shared equity scheme) (%),389.3
Weston Creek,2016,Tenure type - Census : Owner with or without a mortgage (or being purchased under a shared equity scheme) (no.),143.0
Weston Creek,2016,Tenure type - Census : Renter (%),404.0
Weston Creek,2016,Tenure type - Census : Renter (no.),140.0
Weston Creek,2016,Unpaid assistance to a person with a disability - Census : Provided unpaid assistance (%),127.69999999999999
Weston Creek,2016,Unpaid assistance to a person with a disability - Census : Provided unpaid assistance (no.),34.0
Weston Creek,2016,Unpaid child care - Census : Cared for other child/children (%),39.1
Weston Creek,2016,Unpaid child care - Census : Cared for other child/children (no.),12.0
Weston Creek,2016,Unpaid child care - Census : Cared for own child/children (%),226.2
Weston Creek,2016,Unpaid child care - Census : Cared for own child/children (no.),56.0
Weston Creek,2016,Unpaid child care - Census : Did not provide unpaid child care (%),530.1
Weston Creek,2016,Unpaid child care - Census : Did not provide unpaid child care (no.),131.0
Weston Creek,2016,Unpaid child care - Census : Total provided unpaid child care (%),264.6
Weston Creek,2016,Unpaid child care - Census : Total provided unpaid child care (no.),70.0
Weston Creek,2016,Voluntary work for an organisation or group - Census : Volunteered for an organisation or group (%),171.1
Weston Creek,2016,Voluntary work for an organisation or group - Census : Volunteered for an organisation or group (no.),46.0
Weston Creek,2021,Closing the Gap Target 5 - People aged 20-24 years - Census : Attained Year 12 or equivalent or Certificate III or above (%),452.6
Weston Creek,2021,Closing the Gap Target 5 - People aged 20-24 years - Census : Attained Year 12 or equivalent or Certificate III or above (no.),37.0
Weston Creek,2021,Closing the Gap Target 5 - People aged 20-24 years - Census : Total applicable population aged 20-24 years (no.),49.0
Weston Creek,2021,Closing the Gap Target 6 - People aged 25-34 years - Census : Completed tertiary qualification of Certificate III or above (%),400.4
Weston Creek,2021,Closing the Gap Target 6 - People aged 25-34 years - Census : Completed tertiary qualification of Certificate III or above (no.),22.0
Weston Creek,2021,Closing the Gap Target 6 - People aged 25-34 years - Census : Total applicable population aged 25-34 years (no.),48.0
Weston Creek,2021,"Closing the Gap Target 7 - People aged 15-24 years - Census : Fully engaged in employment, education or training (%)",490.3
Weston Creek,2021,"Closing the Gap Target 7 - People aged 15-24 years - Census : Fully engaged in employment, education or training (no.)",61.0
Weston Creek,2021,Closing the Gap Target 7 - People aged 15-24 years - Census : Total applicable population aged 15-24 years (no.),89.0
Weston Creek,2021,Closing the Gap Target 8 - People aged 25-64 years - Census : Employed (%),557.1
Weston Creek,2021,Closing the Gap Target 8 - People aged 25-64 years - Census : Employed (no.),134.0
Weston Creek,2021,Closing the Gap Target 8 - People aged 25-64 years - Census : Total applicable population aged 25-64 years (no.),189.0
Weston Creek,2021,Closing the Gap Target 9A - Census : Living in a dwelling requiring four or more additional bedrooms (%),0.0
Weston Creek,2021,Closing the Gap Target 9A - Census : Living in a dwelling requiring four or more additional bedrooms (no.),0.0
Weston Creek,2021,Closing the Gap Target 9A - Census : Living in a dwelling requiring one additional bedroom (%),40.3
Weston Creek,2021,Closing the Gap Target 9A - Census : Living in a dwelling requiring one additional bedroom (no.),21.0
Weston Creek,2021,Closing the Gap Target 9A - Census : Living in a dwelling requiring three additional bedrooms (%),0.0
Weston Creek,2021,Closing the Gap Target 9A - Census : Living in a dwelling requiring three additional bedrooms (no.),0.0
Weston Creek,2021,Closing the Gap Target 9A - Census : Living in a dwelling requiring two additional bedrooms (%),4.3
Weston Creek,2021,Closing the Gap Target 9A - Census : Living in a dwelling requiring two additional bedrooms (no.),3.0
Weston Creek,2021,Closing the Gap Target 9A - Census : Living in a dwelling with no additional bedrooms required (appropriately sized) (%),755.4
Weston Creek,2021,Closing the Gap Target 9A - Census : Living in a dwelling with no additional bedrooms required (appropriately sized) (no.),349.0
Weston Creek,2021,Closing the Gap Target 9A - Census : Total people living in applicable dwellings (no.),370.0
Weston Creek,2021,"Engagement in employment, education or training - Census : Fully engaged (%)",499.0
Weston Creek,2021,"Engagement in employment, education or training - Census : Not engaged (%)",174.8
Weston Creek,2021,"Engagement in employment, education or training - Census : Partially or at least partially engaged (%)",129.5
Weston Creek,2021,Labour force status - Census : % of total Census responding population employed,512.7
Weston Creek,2021,Labour force status - Census : % of total labour force employed,717.0
Weston Creek,2021,Labour force status - Census : % of total labour force unemployed,55.9
Weston Creek,2021,Labour force status - Census : Employed (no.),177.0
Weston Creek,2021,Labour force status - Census : In the labour force (no.),199.0
Weston Creek,2021,Labour force status - Census : Labour force participation rate (%),580.5
Weston Creek,2021,Labour force status - Census : Not in the labour force (%),167.9
Weston Creek,2021,Labour force status - Census : Total responding population aged 15-64 years (no.),270.0
Weston Creek,2021,Labour force status - Census : Unemployed (no.),16.0
Weston Creek,2021,Language - Census : Aboriginal and Torres Strait Islander people who reported speaking an Aboriginal or Torres Strait Islander language (%),24.9
Weston Creek,2021,Language - Census : Speaks English at home (%),722.9
Weston Creek,2021,Tenure type - Census : Owner with or without a mortgage (or being purchased under a shared equity scheme) (%),386.0
Weston Creek,2021,Tenure type - Census : Owner with or without a mortgage (or being purchased under a shared equity scheme) (no.),194.0
Weston Creek,2021,Tenure type - Census : Renter (%),406.3
Weston Creek,2021,Tenure type - Census : Renter (no.),218.0
Weston Creek,2021,Unpaid assistance to a person with a disability - Census : Provided unpaid assistance (%),106.6
Weston Creek,2021,Unpaid assistance to a person with a disability - Census : Provided unpaid assistance (no.),40.0
Weston Creek,2021,Unpaid child care - Census : Cared for other child/children (%),62.0
Weston Creek,2021,Unpaid child care - Census : Cared for other child/children (no.),20.0
Weston Creek,2021,Unpaid child care - Census : Cared for own child/children (%),220.8
Weston Creek,2021,Unpaid child care - Census : Cared for own child/children (no.),73.0
Weston Creek,2021,Unpaid child care - Census : Did not provide unpaid child care (%),571.5
Weston Creek,2021,Unpaid child care - Census : Did not provide unpaid child care (no.),198.0
Weston Creek,2021,Unpaid child care - Census : Total provided unpaid child care (%),298.8
Weston Creek,2021,Unpaid child care - Census : Total provided unpaid child care (no.),111.0
Weston Creek,2021,Voluntary work for an organisation or group - Census : Volunteered for an organisation or group (%),162.2
Weston Creek,2021,Voluntary work for an organisation or group - Census : Volunteered for an organisation or group (no.),46.0
Woden,2011,Closing the Gap Target 5 - People aged 20-24 years - Census : Attained Year 12 or equivalent or Certificate III or above (%),439.4
Woden,2011,Closing the Gap Target 5 - People aged 20-24 years - Census : Attained Year 12 or equivalent or Certificate III or above (no.),22.0
Woden,2011,Closing the Gap Target 5 - People aged 20-24 years - Census : Total applicable population aged 20-24 years (no.),50.0
Woden,2011,Closing the Gap Target 6 - People aged 25-34 years - Census : Completed tertiary qualification of Certificate III or above (%),527.7
Woden,2011,Closing the Gap Target 6 - People aged 25-34 years - Census : Completed tertiary qualification of Certificate III or above (no.),40.0
Woden,2011,Closing the Gap Target 6 - People aged 25-34 years - Census : Total applicable population aged 25-34 years (no.),64.0
Woden,2011,"Closing the Gap Target 7 - People aged 15-24 years - Census : Fully engaged in employment, education or training (%)",698.7
Woden,2011,"Closing the Gap Target 7 - People aged 15-24 years - Census : Fully engaged in employment, education or training (no.)",63.0
Woden,2011,Closing the Gap Target 7 - People aged 15-24 years - Census : Total applicable population aged 15-24 years (no.),98.0
Woden,2011,Closing the Gap Target 8 - People aged 25-64 years - Census : Employed (%),745.8
Woden,2011,Closing the Gap Target 8 - People aged 25-64 years - Census : Employed (no.),104.0
Woden,2011,Closing the Gap Target 8 - People aged 25-64 years - Census : Total applicable population aged 25-64 years (no.),164.0
Woden,2011,Closing the Gap Target 9A - Census : Living in a dwelling requiring four or more additional bedrooms (%),34.5
Woden,2011,Closing the Gap Target 9A - Census : Living in a dwelling requiring four or more additional bedrooms (no.),20.0
Woden,2011,Closing the Gap Target 9A - Census : Living in a dwelling requiring one additional bedroom (%),87.8
Woden,2011,Closing the Gap Target 9A - Census : Living in a dwelling requiring one additional bedroom (no.),27.0
Woden,2011,Closing the Gap Target 9A - Census : Living in a dwelling requiring three additional bedrooms (%),12.0
Woden,2011,Closing the Gap Target 9A - Census : Living in a dwelling requiring three additional bedrooms (no.),3.0
Woden,2011,Closing the Gap Target 9A - Census : Living in a dwelling requiring two additional bedrooms (%),0.0
Woden,2011,Closing the Gap Target 9A - Census : Living in a dwelling requiring two additional bedrooms (no.),0.0
Woden,2011,Closing the Gap Target 9A - Census : Living in a dwelling with no additional bedrooms required (appropriately sized) (%),944.1999999999999
Woden,2011,Closing the Gap Target 9A - Census : Living in a dwelling with no additional bedrooms required (appropriately sized) (no.),256.0
Woden,2011,Closing the Gap Target 9A - Census : Total people living in applicable dwellings (no.),309.0
Woden,2011,"Engagement in employment, education or training - Census : Fully engaged (%)",718.8
Woden,2011,"Engagement in employment, education or training - Census : Not engaged (%)",236.5
Woden,2011,"Engagement in employment, education or training - Census : Partially or at least partially engaged (%)",127.4
Woden,2011,Labour force status - Census : % of total Census responding population employed,671.8
Woden,2011,Labour force status - Census : % of total labour force employed,923.9
Woden,2011,Labour force status - Census : % of total labour force unemployed,78.6
Woden,2011,Labour force status - Census : Employed (no.),154.0
Woden,2011,Labour force status - Census : In the labour force (no.),176.0
Woden,2011,Labour force status - Census : Labour force participation rate (%),738.6
Woden,2011,Labour force status - Census : Not in the labour force (%),343.7
Woden,2011,Labour force status - Census : Total responding population aged 15-64 years (no.),267.0
Woden,2011,Labour force status - Census : Unemployed (no.),8.0
Woden,2011,Language - Census : Aboriginal and Torres Strait Islander people who reported speaking an Aboriginal or Torres Strait Islander language (%),42.7
Woden,2011,Language - Census : Speaks English at home (%),1028.1
Woden,2011,Tenure type - Census : Owner with or without a mortgage (or being purchased under a shared equity scheme) (%),402.8
Woden,2011,Tenure type - Census : Owner with or without a mortgage (or being purchased under a shared equity scheme) (no.),110.0
Woden,2011,Tenure type - Census : Renter (%),647.2
Woden,2011,Tenure type - Census : Renter (no.),207.0
Woden,2011,Unpaid assistance to a person with a disability - Census : Provided unpaid assistance (%),156.6
Woden,2011,Unpaid assistance to a person with a disability - Census : Provided unpaid assistance (no.),33.0
Woden,2011,Unpaid child care - Census : Cared for other child/children (%),68.7
Woden,2011,Unpaid child care - Census : Cared for other child/children (no.),15.0
Woden,2011,Unpaid child care - Census : Cared for own child/children (%),151.6
Woden,2011,Unpaid child care - Census : Cared for own child/children (no.),38.0
Woden,2011,Unpaid child care - Census : Did not provide unpaid child care (%),719.9
Woden,2011,Unpaid child care - Census : Did not provide unpaid child care (no.),186.0
Woden,2011,Unpaid child care - Census : Total provided unpaid child care (%),251.8
Woden,2011,Unpaid child care - Census : Total provided unpaid child care (no.),65.0
Woden,2011,Voluntary work for an organisation or group - Census : Volunteered for an organisation or group (%),188.5
Woden,2011,Voluntary work for an organisation or group - Census : Volunteered for an organisation or group (no.),50.0
Woden,2016,Closing the Gap Target 5 - People aged 20-24 years - Census : Attained Year 12 or equivalent or Certificate III or above (%),555.3
Woden,2016,Closing the Gap Target 5 - People aged 20-24 years - Census : Attained Year 12 or equivalent or Certificate III or above (no.),31.0
Woden,2016,Closing the Gap Target 5 - People aged 20-24 years - Census : Total applicable population aged 20-24 years (no.),43.0
Woden,2016,Closing the Gap Target 6 - People aged 25-34 years - Census : Completed tertiary qualification of Certificate III or above (%),423.9
Woden,2016,Closing the Gap Target 6 - People aged 25-34 years - Census : Completed tertiary qualification of Certificate III or above (no.),20.0
Woden,2016,Closing the Gap Target 6 - People aged 25-34 years - Census : Total applicable population aged 25-34 years (no.),39.0
Woden,2016,"Closing the Gap Target 7 - People aged 15-24 years - Census : Fully engaged in employment, education or training (%)",799.2
Woden,2016,"Closing the Gap Target 7 - People aged 15-24 years - Census : Fully engaged in employment, education or training (no.)",66.0
Woden,2016,Closing the Gap Target 7 - People aged 15-24 years - Census : Total applicable population aged 15-24 years (no.),95.0
Woden,2016,Closing the Gap Target 8 - People aged 25-64 years - Census : Employed (%),706.5
Woden,2016,Closing the Gap Target 8 - People aged 25-64 years - Census : Employed (no.),115.0
Woden,2016,Closing the Gap Target 8 - People aged 25-64 years - Census : Total applicable population aged 25-64 years (no.),173.0
Woden,2016,Closing the Gap Target 9A - Census : Living in a dwelling requiring four or more additional bedrooms (%),0.0
Woden,2016,Closing the Gap Target 9A - Census : Living in a dwelling requiring four or more additional bedrooms (no.),0.0
Woden,2016,Closing the Gap Target 9A - Census : Living in a dwelling requiring one additional bedroom (%),50.5
Woden,2016,Closing the Gap Target 9A - Census : Living in a dwelling requiring one additional bedroom (no.),14.0
Woden,2016,Closing the Gap Target 9A - Census : Living in a dwelling requiring three additional bedrooms (%),0.0
Woden,2016,Closing the Gap Target 9A - Census : Living in a dwelling requiring three additional bedrooms (no.),0.0
Woden,2016,Closing the Gap Target 9A - Census : Living in a dwelling requiring two additional bedrooms (%),16.0
Woden,2016,Closing the Gap Target 9A - Census : Living in a dwelling requiring two additional bedrooms (no.),4.0
Woden,2016,Closing the Gap Target 9A - Census : Living in a dwelling with no additional bedrooms required (appropriately sized) (%),1020.1
Woden,2016,Closing the Gap Target 9A - Census : Living in a dwelling with no additional bedrooms required (appropriately sized) (no.),343.0
Woden,2016,Closing the Gap Target 9A - Census : Total people living in applicable dwellings (no.),365.0
Woden,2016,"Engagement in employment, education or training - Census : Fully engaged (%)",664.7
Woden,2016,"Engagement in employment, education or training - Census : Not engaged (%)",299.1
Woden,2016,"Engagement in employment, education or training - Census : Partially or at least partially engaged (%)",132.6
Woden,2016,Labour force status - Census : % of total Census responding population employed,781.5
Woden,2016,Labour force status - Census : % of total labour force employed,1102.6
Woden,2016,Labour force status - Census : % of total labour force unemployed,78.8
Woden,2016,Labour force status - Census : Employed (no.),179.0
Woden,2016,Labour force status - Census : In the labour force (no.),184.0
Woden,2016,Labour force status - Census : Labour force participation rate (%),785.3
Woden,2016,Labour force status - Census : Not in the labour force (%),320.7
Woden,2016,Labour force status - Census : Total responding population aged 15-64 years (no.),262.0
Woden,2016,Labour force status - Census : Unemployed (no.),14.0
Woden,2016,Language - Census : Aboriginal and Torres Strait Islander people who reported speaking an Aboriginal or Torres Strait Islander language (%),54.5
Woden,2016,Language - Census : Speaks English at home (%),1018.1
Woden,2016,Tenure type - Census : Owner with or without a mortgage (or being purchased under a shared equity scheme) (%),461.2
Woden,2016,Tenure type - Census : Owner with or without a mortgage (or being purchased under a shared equity scheme) (no.),150.0
Woden,2016,Tenure type - Census : Renter (%),600.6
Woden,2016,Tenure type - Census : Renter (no.),208.0
Woden,2016,Unpaid assistance to a person with a disability - Census : Provided unpaid assistance (%),148.7
Woden,2016,Unpaid assistance to a person with a disability - Census : Provided unpaid assistance (no.),38.0
Woden,2016,Unpaid child care - Census : Cared for other child/children (%),75.1
Woden,2016,Unpaid child care - Census : Cared for other child/children (no.),16.0
Woden,2016,Unpaid child care - Census : Cared for own child/children (%),196.9
Woden,2016,Unpaid child care - Census : Cared for own child/children (no.),50.0
Woden,2016,Unpaid child care - Census : Did not provide unpaid child care (%),737.4
Woden,2016,Unpaid child care - Census : Did not provide unpaid child care (no.),203.0
Woden,2016,Unpaid child care - Census : Total provided unpaid child care (%),247.9
Woden,2016,Unpaid child care - Census : Total provided unpaid child care (no.),66.0
Woden,2016,Voluntary work for an organisation or group - Census : Volunteered for an organisation or group (%),314.7
Woden,2016,Voluntary work for an organisation or group - Census : Volunteered for an organisation or group (no.),83.0
Woden,2021,Closing the Gap Target 5 - People aged 20-24 years - Census : Attained Year 12 or equivalent or Certificate III or above (%),734.8
Woden,2021,Closing the Gap Target 5 - People aged 20-24 years - Census : Attained Year 12 or equivalent or Certificate III or above (no.),62.0
Woden,2021,Closing the Gap Target 5 - People aged 20-24 years - Census : Total applicable population aged 20-24 years (no.),75.0
Woden,2021,Closing the Gap Target 6 - People aged 25-34 years - Census : Completed tertiary qualification of Certificate III or above (%),703.9
Woden,2021,Closing the Gap Target 6 - People aged 25-34 years - Census : Completed tertiary qualification of Certificate III or above (no.),63.0
Woden,2021,Closing the Gap Target 6 - People aged 25-34 years - Census : Total applicable population aged 25-34 years (no.),99.0
Woden,2021,"Closing the Gap Target 7 - People aged 15-24 years - Census : Fully engaged in employment, education or training (%)",722.9
Woden,2021,"Closing the Gap Target 7 - People aged 15-24 years - Census : Fully engaged in employment, education or training (no.)",78.0
Woden,2021,Closing the Gap Target 7 - People aged 15-24 years - Census : Total applicable population aged 15-24 years (no.),116.0
Woden,2021,Closing the Gap Target 8 - People aged 25-64 years - Census : Employed (%),771.2
Woden,2021,Closing the Gap Target 8 - People aged 25-64 years - Census : Employed (no.),190.0
Woden,2021,Closing the Gap Target 8 - People aged 25-64 years - Census : Total applicable population aged 25-64 years (no.),267.0
Woden,2021,Closing the Gap Target 9A - Census : Living in a dwelling requiring four or more additional bedrooms (%),0.0
Woden,2021,Closing the Gap Target 9A - Census : Living in a dwelling requiring four or more additional bedrooms (no.),0.0
Woden,2021,Closing the Gap Target 9A - Census : Living in a dwelling requiring one additional bedroom (%),79.1
Woden,2021,Closing the Gap Target 9A - Census : Living in a dwelling requiring one additional bedroom (no.),37.0
Woden,2021,Closing the Gap Target 9A - Census : Living in a dwelling requiring three additional bedrooms (%),0.0
Woden,2021,Closing the Gap Target 9A - Census : Living in a dwelling requiring three additional bedrooms (no.),0.0
Woden,2021,Closing the Gap Target 9A - Census : Living in a dwelling requiring two additional bedrooms (%),7.7
Woden,2021,Closing the Gap Target 9A - Census : Living in a dwelling requiring two additional bedrooms (no.),3.0
Woden,2021,Closing the Gap Target 9A - Census : Living in a dwelling with no additional bedrooms required (appropriately sized) (%),1013.2
Woden,2021,Closing the Gap Target 9A - Census : Living in a dwelling with no additional bedrooms required (appropriately sized) (no.),454.0
Woden,2021,Closing the Gap Target 9A - Census : Total people living in applicable dwellings (no.),495.0
Woden,2021,"Engagement in employment, education or training - Census : Fully engaged (%)",679.9
Woden,2021,"Engagement in employment, education or training - Census : Not engaged (%)",304.0
Woden,2021,"Engagement in employment, education or training - Census : Partially or at least partially engaged (%)",168.7
Woden,2021,Labour force status - Census : % of total Census responding population employed,716.2
Woden,2021,Labour force status - Census : % of total labour force employed,992.3
Woden,2021,Labour force status - Census : % of total labour force unemployed,96.5
Woden,2021,Labour force status - Census : Employed (no.),259.0
Woden,2021,Labour force status - Census : In the labour force (no.),280.0
Woden,2021,Labour force status - Census : Labour force participation rate (%),785.1
Woden,2021,Labour force status - Census : Not in the labour force (%),240.2
Woden,2021,Labour force status - Census : Total responding population aged 15-64 years (no.),385.0
Woden,2021,Labour force status - Census : Unemployed (no.),26.0
Woden,2021,Language - Census : Aboriginal and Torres Strait Islander people who reported speaking an Aboriginal or Torres Strait Islander language (%),27.5
Woden,2021,Language - Census : Speaks English at home (%),1017.4
Woden,2021,Tenure type - Census : Owner with or without a mortgage (or being purchased under a shared equity scheme) (%),401.0
Woden,2021,Tenure type - Census : Owner with or without a mortgage (or being purchased under a shared equity scheme) (no.),184.0
Woden,2021,Tenure type - Census : Renter (%),691.2
Woden,2021,Tenure type - Census : Renter (no.),318.0
Woden,2021,Unpaid assistance to a person with a disability - Census : Provided unpaid assistance (%),132.7
Woden,2021,Unpaid assistance to a person with a disability - Census : Provided unpaid assistance (no.),49.0
Woden,2021,Unpaid child care - Census : Cared for other child/children (%),63.9
Woden,2021,Unpaid child care - Census : Cared for other child/children (no.),22.0
Woden,2021,Unpaid child care - Census : Cared for own child/children (%),199.6
Woden,2021,Unpaid child care - Census : Cared for own child/children (no.),66.0
Woden,2021,Unpaid child care - Census : Did not provide unpaid child care (%),800.2
Woden,2021,Unpaid child care - Census : Did not provide unpaid child care (no.),307.0
Woden,2021,Unpaid child care - Census : Total provided unpaid child care (%),289.5
Woden,2021,Unpaid child care - Census : Total provided unpaid child care (no.),101.0
Woden,2021,Voluntary work for an organisation or group - Census : Volunteered for an organisation or group (%),220.0
Woden,2021,Voluntary work for an organisation or group - Census : Volunteered for an organisation or group (no.),86.0
